190605061007,START_EXPERIMENT,
190605061742,TAG_ARRIVED_A,01050400
190605061743,SOLO_SUCCESS,01050400
190605061752,TAG_DEPARTED_A,01050400
190605062216,TAG_ARRIVED_B,01050400
190605062216,SOLO_SUCCESS,01050400
190605062228,TAG_DEPARTED_B,01050400
190605062240,TAG_ARRIVED_A,01050400
190605062241,SOLO_SUCCESS,01050400
190605062243,TAG_DEPARTED_A,01050400
190605062259,TAG_ARRIVED_A,01753200
190605062259,SOLO_SUCCESS,01753200
190605062301,TAG_DEPARTED_A,01753200
190605062302,TAG_ARRIVED_A,01753200
190605062303,SOLO_SUCCESS,01753200
190605062305,TAG_DEPARTED_A,01753200
190605062311,TAG_ARRIVED_A,01753200
190605062312,SOLO_SUCCESS,01753200
190605062322,TAG_DEPARTED_A,01753200
190605062349,TAG_ARRIVED_A,01753200
190605062349,SOLO_SUCCESS,01753200
190605062357,TAG_DEPARTED_A,01753200
190605062358,TAG_ARRIVED_A,01753200
190605062359,SOLO_SUCCESS,01753200
190605062403,TAG_DEPARTED_A,01753200
190605063738,TAG_ARRIVED_A,0102ae00
190605063738,SOLO_SUCCESS,0102ae00
190605063742,TAG_DEPARTED_A,0102ae00
190605063745,TAG_ARRIVED_A,0102ae00
190605063746,SOLO_SUCCESS,0102ae00
190605063748,TAG_DEPARTED_A,0102ae00
190605063814,TAG_ARRIVED_A,01050400
190605063815,SOLO_SUCCESS,01050400
190605063826,TAG_DEPARTED_A,01050400
190605063856,TAG_ARRIVED_B,01c4ca00
190605063857,SOLO_SUCCESS,01c4ca00
190605063900,TAG_DEPARTED_B,01c4ca00
190605063903,TAG_ARRIVED_B,01c4ca00
190605063903,SOLO_SUCCESS,01c4ca00
190605063905,TAG_DEPARTED_B,01c4ca00
190605063906,TAG_ARRIVED_B,01c4ca00
190605063907,SOLO_SUCCESS,01c4ca00
190605063908,TAG_DEPARTED_B,01c4ca00
190605063910,TAG_ARRIVED_A,01c4ca00
190605063910,SOLO_SUCCESS,01c4ca00
190605063916,TAG_DEPARTED_A,01c4ca00
190605063918,TAG_ARRIVED_A,01c4ca00
190605063918,SOLO_SUCCESS,01c4ca00
190605063922,TAG_DEPARTED_A,01c4ca00
190605063924,TAG_ARRIVED_A,01c4ca00
190605063925,SOLO_SUCCESS,01c4ca00
190605063931,TAG_DEPARTED_A,01c4ca00
190605063933,TAG_ARRIVED_A,07991800
190605063934,SOLO_SUCCESS,07991800
190605063935,TAG_DEPARTED_A,07991800
190605063941,TAG_ARRIVED_A,07991800
190605063942,SOLO_SUCCESS,07991800
190605063949,TAG_DEPARTED_A,07991800
190605063952,TAG_ARRIVED_A,07991800
190605063952,SOLO_SUCCESS,07991800
190605064001,TAG_DEPARTED_A,07991800
190605064003,TAG_ARRIVED_A,01c4ca00
190605064004,SOLO_SUCCESS,01c4ca00
190605064004,TAG_ARRIVED_B,01050400
190605064004,STARTCOOP_FAIL,01c4ca00_01050400
190605064007,TAG_DEPARTED_A,01c4ca00
190605064007,ENDCOOP_FAIL,01050400_
190605064007,TAG_DEPARTED_B,01050400
190605064007,TAG_ARRIVED_B,01050400
190605064008,SOLO_FAIL,01050400
190605064012,ENDCOOP_FAIL,01050400_
190605064012,TAG_DEPARTED_B,01050400
190605064013,TAG_ARRIVED_B,01050400
190605064013,SOLO_FAIL,01050400
190605064015,ENDCOOP_FAIL,01050400_
190605064015,TAG_DEPARTED_B,01050400
190605064030,TAG_ARRIVED_A,01050400
190605064031,SOLO_FAIL,01050400
190605064034,TAG_DEPARTED_A,01050400
190605064036,TAG_ARRIVED_A,01050400
190605064037,SOLO_FAIL,01050400
190605064043,TAG_DEPARTED_A,01050400
190605064047,TAG_ARRIVED_B,01c4ca00
190605064048,SOLO_FAIL,01c4ca00
190605064051,ENDCOOP_FAIL,01c4ca00_
190605064051,TAG_DEPARTED_B,01c4ca00
190605064101,TAG_ARRIVED_A,07991800
190605064102,SOLO_FAIL,07991800
190605064105,TAG_DEPARTED_A,07991800
190605064157,TAG_ARRIVED_A,0102ae00
190605064158,SOLO_FAIL,0102ae00
190605064159,TAG_DEPARTED_A,0102ae00
190605064200,TAG_ARRIVED_A,0102ae00
190605064201,SOLO_FAIL,0102ae00
190605064203,TAG_DEPARTED_A,0102ae00
190605064204,TAG_ARRIVED_A,0102ae00
190605064205,SOLO_FAIL,0102ae00
190605064205,LOCKOUT_ENDED,
190605064206,TAG_DEPARTED_A,0102ae00
190605064209,TAG_ARRIVED_A,0102ae00
190605064210,SOLO_SUCCESS,0102ae00
190605064212,TAG_DEPARTED_A,0102ae00
190605064212,TAG_ARRIVED_A,0102ae00
190605064213,SOLO_SUCCESS,0102ae00
190605064225,TAG_DEPARTED_A,0102ae00
190605064226,TAG_ARRIVED_A,0102ae00
190605064227,SOLO_SUCCESS,0102ae00
190605064234,TAG_DEPARTED_A,0102ae00
190605064234,TAG_ARRIVED_A,0102ae00
190605064235,SOLO_SUCCESS,0102ae00
190605064258,TAG_DEPARTED_A,0102ae00
190605064300,TAG_ARRIVED_A,0102ae00
190605064301,SOLO_SUCCESS,0102ae00
190605064302,TAG_DEPARTED_A,0102ae00
190605064304,TAG_ARRIVED_A,0102ae00
190605064305,SOLO_SUCCESS,0102ae00
190605064308,TAG_DEPARTED_A,0102ae00
190605064338,TAG_ARRIVED_B,01c4ca00
190605064339,SOLO_SUCCESS,01c4ca00
190605064343,TAG_DEPARTED_B,01c4ca00
190605064418,TAG_ARRIVED_A,01016400
190605064418,SOLO_SUCCESS,01016400
190605064423,TAG_DEPARTED_A,01016400
190605064429,TAG_ARRIVED_B,01c4ca00
190605064430,SOLO_SUCCESS,01c4ca00
190605064453,TAG_ARRIVED_B,01021800
190605064453,SOLO_SUCCESS,01021800
190605064501,TAG_ARRIVED_A,01043c00
190605064502,STARTCOOP_FAIL,01021800_01043c00
190605064503,TAG_DEPARTED_A,01043c00
190605064505,ENDCOOP_FAIL,01021800_
190605064505,TAG_DEPARTED_B,01021800
190605064510,TAG_ARRIVED_B,01c4ca00
190605064511,SOLO_FAIL,01c4ca00
190605064512,TAG_ARRIVED_B,01021800
190605064512,SOLO_FAIL,01021800
190605064515,ENDCOOP_FAIL,01021800_
190605064515,TAG_DEPARTED_B,01021800
190605064531,TAG_ARRIVED_B,01c4ca00
190605064531,SOLO_FAIL,01c4ca00
190605064536,ENDCOOP_FAIL,01c4ca00_
190605064536,TAG_DEPARTED_B,01c4ca00
190605064547,TAG_ARRIVED_B,01c4ca00
190605064548,SOLO_FAIL,01c4ca00
190605064558,ENDCOOP_FAIL,01c4ca00_
190605064558,TAG_DEPARTED_B,01c4ca00
190605064609,TAG_ARRIVED_B,01c4ca00
190605064610,SOLO_FAIL,01c4ca00
190605064616,TAG_ARRIVED_A,01016400
190605064617,STARTCOOP_FAIL,01c4ca00_01016400
190605064619,ENDCOOP_FAIL,01c4ca00_01016400
190605064619,TAG_DEPARTED_B,01c4ca00
190605064620,TAG_DEPARTED_A,01016400
190605064621,TAG_ARRIVED_B,01c4ca00
190605064621,SOLO_FAIL,01c4ca00
190605064625,ENDCOOP_FAIL,01c4ca00_
190605064625,TAG_DEPARTED_B,01c4ca00
190605064628,TAG_ARRIVED_B,01c4ca00
190605064628,SOLO_FAIL,01c4ca00
190605064640,ENDCOOP_FAIL,01c4ca00_
190605064640,TAG_DEPARTED_B,01c4ca00
190605064701,TAG_ARRIVED_B,01c4ca00
190605064701,SOLO_FAIL,01c4ca00
190605064748,ENDCOOP_FAIL,01c4ca00_
190605064748,TAG_DEPARTED_B,01c4ca00
190605064804,TAG_ARRIVED_B,01c4ca00
190605064805,SOLO_FAIL,01c4ca00
190605064806,ENDCOOP_FAIL,01c4ca00_
190605064807,TAG_DEPARTED_B,01c4ca00
190605064817,LOCKOUT_ENDED,
190605064945,TAG_ARRIVED_B,01753200
190605064946,SOLO_SUCCESS,01753200
190605064951,TAG_DEPARTED_B,01753200
190605064954,TAG_ARRIVED_B,01c4ca00
190605064954,SOLO_SUCCESS,01c4ca00
190605064958,TAG_DEPARTED_B,01c4ca00
190605065024,TAG_ARRIVED_A,01050400
190605065025,SOLO_SUCCESS,01050400
190605065030,TAG_DEPARTED_A,01050400
190605065036,TAG_ARRIVED_A,01050400
190605065036,SOLO_SUCCESS,01050400
190605065039,TAG_DEPARTED_A,01050400
190605065102,TAG_ARRIVED_A,01c4ca00
190605065103,SOLO_SUCCESS,01c4ca00
190605065122,TAG_DEPARTED_A,01c4ca00
190605065123,TAG_ARRIVED_A,01c4ca00
190605065124,SOLO_SUCCESS,01c4ca00
190605065130,TAG_DEPARTED_A,01c4ca00
190605065131,TAG_ARRIVED_A,01c4ca00
190605065132,SOLO_SUCCESS,01c4ca00
190605065143,TAG_DEPARTED_A,01c4ca00
190605065148,TAG_ARRIVED_A,01c4ca00
190605065149,SOLO_SUCCESS,01c4ca00
190605065150,TAG_DEPARTED_A,01c4ca00
190605065155,TAG_ARRIVED_A,01c4ca00
190605065155,SOLO_SUCCESS,01c4ca00
190605065206,TAG_DEPARTED_A,01c4ca00
190605065411,TAG_ARRIVED_A,01653700
190605065412,SOLO_SUCCESS,01653700
190605065415,TAG_DEPARTED_A,01653700
190605065426,TAG_ARRIVED_A,01653700
190605065427,SOLO_SUCCESS,01653700
190605065428,TAG_DEPARTED_A,01653700
190605065449,TAG_ARRIVED_B,01c4ca00
190605065450,SOLO_SUCCESS,01c4ca00
190605065452,TAG_DEPARTED_B,01c4ca00
190605065602,TAG_ARRIVED_B,01c4ca00
190605065603,SOLO_SUCCESS,01c4ca00
190605065606,TAG_DEPARTED_B,01c4ca00
190605065607,TAG_ARRIVED_B,01c4ca00
190605065607,SOLO_SUCCESS,01c4ca00
190605065610,TAG_DEPARTED_B,01c4ca00
190605065619,TAG_ARRIVED_B,01c4ca00
190605065620,SOLO_SUCCESS,01c4ca00
190605065643,TAG_DEPARTED_B,01c4ca00
190605065651,TAG_ARRIVED_A,0101c200
190605065652,SOLO_SUCCESS,0101c200
190605065654,TAG_DEPARTED_A,0101c200
190605065730,TAG_ARRIVED_A,01021800
190605065730,SOLO_SUCCESS,01021800
190605065734,TAG_DEPARTED_A,01021800
190605065735,TAG_ARRIVED_A,01021800
190605065736,SOLO_SUCCESS,01021800
190605065816,TAG_ARRIVED_B,01c4ca00
190605065816,STARTCOOP_FAIL,01021800_01c4ca00
190605065817,TAG_DEPARTED_A,01021800
190605065820,ENDCOOP_FAIL,01c4ca00_
190605065820,TAG_DEPARTED_B,01c4ca00
190605065830,TAG_ARRIVED_B,01c4ca00
190605065831,SOLO_FAIL,01c4ca00
190605065832,ENDCOOP_FAIL,01c4ca00_
190605065833,TAG_DEPARTED_B,01c4ca00
190605070016,LOCKOUT_ENDED,
190605070835,TAG_ARRIVED_A,01753200
190605070836,SOLO_SUCCESS,01753200
190605070848,TAG_DEPARTED_A,01753200
190605070851,TAG_ARRIVED_A,01753200
190605070851,SOLO_SUCCESS,01753200
190605070857,TAG_DEPARTED_A,01753200
190605071004,TAG_ARRIVED_A,01753200
190605071005,SOLO_SUCCESS,01753200
190605071006,TAG_DEPARTED_A,01753200
190605071014,TAG_ARRIVED_A,0102ae00
190605071015,SOLO_SUCCESS,0102ae00
190605071025,TAG_DEPARTED_A,0102ae00
190605071026,TAG_ARRIVED_A,0102ae00
190605071027,SOLO_SUCCESS,0102ae00
190605071028,TAG_DEPARTED_A,0102ae00
190605071030,TAG_ARRIVED_A,0102ae00
190605071030,SOLO_SUCCESS,0102ae00
190605071033,TAG_DEPARTED_A,0102ae00
190605071049,TAG_ARRIVED_A,01753200
190605071049,SOLO_SUCCESS,01753200
190605071102,TAG_DEPARTED_A,01753200
190605071103,TAG_ARRIVED_A,01753200
190605071103,SOLO_SUCCESS,01753200
190605071113,TAG_DEPARTED_A,01753200
190605071117,TAG_ARRIVED_A,01753200
190605071117,SOLO_SUCCESS,01753200
190605071125,TAG_DEPARTED_A,01753200
190605071539,TAG_ARRIVED_A,0101c200
190605071539,SOLO_SUCCESS,0101c200
190605071543,TAG_DEPARTED_A,0101c200
190605071543,TAG_ARRIVED_A,0101c200
190605071544,SOLO_SUCCESS,0101c200
190605071548,TAG_DEPARTED_A,0101c200
190605071608,TAG_ARRIVED_A,0101c200
190605071609,SOLO_SUCCESS,0101c200
190605071619,TAG_DEPARTED_A,0101c200
190605071620,TAG_ARRIVED_A,0101c200
190605071621,SOLO_SUCCESS,0101c200
190605071633,TAG_DEPARTED_A,0101c200
190605071649,TAG_ARRIVED_A,0101c200
190605071650,SOLO_SUCCESS,0101c200
190605071651,TAG_DEPARTED_A,0101c200
190605071728,TAG_ARRIVED_A,07991800
190605071728,SOLO_SUCCESS,07991800
190605071730,TAG_DEPARTED_A,07991800
190605071731,TAG_ARRIVED_A,07991800
190605071731,SOLO_SUCCESS,07991800
190605071733,TAG_DEPARTED_A,07991800
190605071735,TAG_ARRIVED_A,07991800
190605071735,SOLO_SUCCESS,07991800
190605071737,TAG_DEPARTED_A,07991800
190605071737,TAG_ARRIVED_A,07991800
190605071738,SOLO_SUCCESS,07991800
190605071739,TAG_DEPARTED_A,07991800
190605071742,TAG_ARRIVED_A,07991800
190605071742,SOLO_SUCCESS,07991800
190605071754,TAG_DEPARTED_A,07991800
190605071808,TAG_ARRIVED_A,0101c200
190605071808,SOLO_SUCCESS,0101c200
190605071810,TAG_DEPARTED_A,0101c200
190605071841,TAG_ARRIVED_A,0102ae00
190605071842,SOLO_SUCCESS,0102ae00
190605071847,TAG_DEPARTED_A,0102ae00
190605071850,TAG_ARRIVED_A,0102ae00
190605071851,SOLO_SUCCESS,0102ae00
190605071852,TAG_DEPARTED_A,0102ae00
190605071853,TAG_ARRIVED_A,0102ae00
190605071853,SOLO_SUCCESS,0102ae00
190605071855,TAG_DEPARTED_A,0102ae00
190605071858,TAG_ARRIVED_A,0102ae00
190605071858,SOLO_SUCCESS,0102ae00
190605071903,TAG_DEPARTED_A,0102ae00
190605071905,TAG_ARRIVED_A,0102ae00
190605071905,SOLO_SUCCESS,0102ae00
190605071909,TAG_DEPARTED_A,0102ae00
190605071910,TAG_ARRIVED_A,0102ae00
190605071911,SOLO_SUCCESS,0102ae00
190605071922,TAG_DEPARTED_A,0102ae00
190605071958,TAG_ARRIVED_A,0102ae00
190605071958,SOLO_SUCCESS,0102ae00
190605072002,TAG_DEPARTED_A,0102ae00
190605072003,TAG_ARRIVED_A,0102ae00
190605072003,SOLO_SUCCESS,0102ae00
190605072013,TAG_DEPARTED_A,0102ae00
190605072205,TAG_ARRIVED_A,07991800
190605072205,SOLO_SUCCESS,07991800
190605072207,TAG_DEPARTED_A,07991800
190605072315,TAG_ARRIVED_A,07991800
190605072316,SOLO_SUCCESS,07991800
190605072319,TAG_DEPARTED_A,07991800
190605072506,TAG_ARRIVED_A,0102ae00
190605072506,SOLO_SUCCESS,0102ae00
190605072509,TAG_DEPARTED_A,0102ae00
190605072510,TAG_ARRIVED_A,0102ae00
190605072510,SOLO_SUCCESS,0102ae00
190605072515,TAG_DEPARTED_A,0102ae00
190605072517,TAG_ARRIVED_B,0102ae00
190605072517,SOLO_SUCCESS,0102ae00
190605072526,TAG_DEPARTED_B,0102ae00
190605072528,TAG_ARRIVED_B,0102ae00
190605072528,SOLO_SUCCESS,0102ae00
190605072538,TAG_DEPARTED_B,0102ae00
190605073033,TAG_ARRIVED_B,01c4ca00
190605073034,SOLO_SUCCESS,01c4ca00
190605073117,TAG_DEPARTED_B,01c4ca00
190605073120,TAG_ARRIVED_B,0102ae00
190605073121,SOLO_SUCCESS,0102ae00
190605073124,TAG_ARRIVED_A,01c4ca00
190605073125,STARTCOOP_FAIL,0102ae00_01c4ca00
190605073126,ENDCOOP_FAIL,0102ae00_01c4ca00
190605073126,TAG_DEPARTED_B,0102ae00
190605073127,TAG_ARRIVED_B,0102ae00
190605073128,STARTCOOP_FAIL,01c4ca00_0102ae00
190605073129,TAG_DEPARTED_A,01c4ca00
190605073130,ENDCOOP_FAIL,0102ae00_
190605073131,TAG_DEPARTED_B,0102ae00
190605073133,TAG_ARRIVED_A,0102ae00
190605073133,SOLO_FAIL,0102ae00
190605073136,TAG_DEPARTED_A,0102ae00
190605073138,TAG_ARRIVED_A,0102ae00
190605073139,SOLO_FAIL,0102ae00
190605073142,TAG_DEPARTED_A,0102ae00
190605073147,TAG_ARRIVED_A,01c4ca00
190605073147,SOLO_FAIL,01c4ca00
190605073151,TAG_DEPARTED_A,01c4ca00
190605073152,TAG_ARRIVED_B,01c4ca00
190605073153,SOLO_FAIL,01c4ca00
190605073203,TAG_ARRIVED_A,01043c00
190605073204,STARTCOOP_SUCCESS,01c4ca00_01043c00
190605073205,TAG_DEPARTED_A,01043c00
190605073205,TAG_ARRIVED_A,01fe7600
190605073206,STARTCOOP_FAIL,01c4ca00_01fe7600
190605073206,ENDCOOP_FAIL,01c4ca00_01fe7600
190605073206,TAG_DEPARTED_B,01c4ca00
190605073208,TAG_DEPARTED_A,01fe7600
190605073210,TAG_ARRIVED_A,01009100
190605073211,SOLO_FAIL,01009100
190605073212,TAG_ARRIVED_B,01fe7600
190605073212,STARTCOOP_FAIL,01009100_01fe7600
190605073213,TAG_ARRIVED_B,01c4ca00
190605073214,STARTCOOP_SUCCESS,01009100_01c4ca00
190605073214,TAG_DEPARTED_A,01009100
190605073217,ENDCOOP_SUCCESS,01c4ca00_
190605073217,TAG_DEPARTED_B,01c4ca00
190605073222,TAG_ARRIVED_A,01009100
190605073223,SOLO_FAIL,01009100
190605073224,TAG_DEPARTED_A,01009100
190605073230,TAG_ARRIVED_B,01c4ca00
190605073231,SOLO_FAIL,01c4ca00
190605073234,ENDCOOP_FAIL,01c4ca00_
190605073234,TAG_DEPARTED_B,01c4ca00
190605073252,TAG_ARRIVED_A,01c4ca00
190605073252,SOLO_FAIL,01c4ca00
190605073256,TAG_DEPARTED_A,01c4ca00
190605073304,TAG_ARRIVED_A,01fe7600
190605073305,SOLO_FAIL,01fe7600
190605073305,TAG_ARRIVED_B,01c4ca00
190605073306,STARTCOOP_FAIL,01fe7600_01c4ca00
190605073309,ENDCOOP_FAIL,01c4ca00_01fe7600
190605073309,TAG_DEPARTED_B,01c4ca00
190605073315,TAG_DEPARTED_A,01fe7600
190605073431,TAG_ARRIVED_A,01c4ca00
190605073432,SOLO_FAIL,01c4ca00
190605073433,TAG_DEPARTED_A,01c4ca00
190605073435,TAG_ARRIVED_A,01c4ca00
190605073435,SOLO_FAIL,01c4ca00
190605073437,TAG_DEPARTED_A,01c4ca00
190605073458,TAG_ARRIVED_A,01c4ca00
190605073459,SOLO_FAIL,01c4ca00
190605073504,TAG_DEPARTED_A,01c4ca00
190605073505,LOCKOUT_ENDED,
190605073516,TAG_ARRIVED_A,01c4ca00
190605073517,SOLO_SUCCESS,01c4ca00
190605073522,TAG_DEPARTED_A,01c4ca00
190605073523,TAG_ARRIVED_A,01c4ca00
190605073524,SOLO_SUCCESS,01c4ca00
190605073533,TAG_DEPARTED_A,01c4ca00
190605073534,TAG_ARRIVED_A,01c4ca00
190605073535,SOLO_SUCCESS,01c4ca00
190605073549,TAG_DEPARTED_A,01c4ca00
190605073559,TAG_ARRIVED_A,01c4ca00
190605073600,SOLO_SUCCESS,01c4ca00
190605073608,TAG_DEPARTED_A,01c4ca00
190605073616,TAG_ARRIVED_A,01c4ca00
190605073616,SOLO_SUCCESS,01c4ca00
190605073618,TAG_DEPARTED_A,01c4ca00
190605073621,TAG_ARRIVED_A,01021800
190605073621,SOLO_SUCCESS,01021800
190605073642,TAG_DEPARTED_A,01021800
190605073648,TAG_ARRIVED_A,01c4ca00
190605073649,SOLO_SUCCESS,01c4ca00
190605073650,TAG_DEPARTED_A,01c4ca00
190605073657,TAG_ARRIVED_A,01c4ca00
190605073657,SOLO_SUCCESS,01c4ca00
190605073701,TAG_DEPARTED_A,01c4ca00
190605073702,TAG_ARRIVED_A,01c4ca00
190605073703,SOLO_SUCCESS,01c4ca00
190605073739,TAG_DEPARTED_A,01c4ca00
190605073741,TAG_ARRIVED_A,01c4ca00
190605073741,SOLO_SUCCESS,01c4ca00
190605073744,TAG_DEPARTED_A,01c4ca00
190605073748,TAG_ARRIVED_A,01c4ca00
190605073748,SOLO_SUCCESS,01c4ca00
190605073751,TAG_DEPARTED_A,01c4ca00
190605073756,TAG_ARRIVED_A,01c4ca00
190605073756,SOLO_SUCCESS,01c4ca00
190605073800,TAG_DEPARTED_A,01c4ca00
190605073800,TAG_ARRIVED_A,01c4ca00
190605073801,SOLO_SUCCESS,01c4ca00
190605073804,TAG_DEPARTED_A,01c4ca00
190605073805,TAG_ARRIVED_A,01021800
190605073805,SOLO_SUCCESS,01021800
190605073905,TAG_DEPARTED_A,01021800
190605073911,TAG_ARRIVED_A,01653700
190605073911,SOLO_SUCCESS,01653700
190605073913,TAG_DEPARTED_A,01653700
190605074044,TAG_ARRIVED_A,01653700
190605074045,SOLO_SUCCESS,01653700
190605074049,TAG_DEPARTED_A,01653700
190605074059,TAG_ARRIVED_A,01653700
190605074100,SOLO_SUCCESS,01653700
190605074101,TAG_DEPARTED_A,01653700
190605074115,TAG_ARRIVED_A,01653700
190605074116,SOLO_SUCCESS,01653700
190605074118,TAG_DEPARTED_A,01653700
190605074120,TAG_ARRIVED_A,01653700
190605074120,SOLO_SUCCESS,01653700
190605074127,TAG_DEPARTED_A,01653700
190605074128,TAG_ARRIVED_A,01653700
190605074129,SOLO_SUCCESS,01653700
190605074133,TAG_DEPARTED_A,01653700
190605074153,TAG_ARRIVED_A,01653700
190605074154,SOLO_SUCCESS,01653700
190605074155,TAG_DEPARTED_A,01653700
190605074157,TAG_ARRIVED_A,0102ae00
190605074158,SOLO_SUCCESS,0102ae00
190605074203,TAG_DEPARTED_A,0102ae00
190605074204,TAG_ARRIVED_A,0102ae00
190605074205,SOLO_SUCCESS,0102ae00
190605074211,TAG_DEPARTED_A,0102ae00
190605074213,TAG_ARRIVED_A,0102ae00
190605074213,SOLO_SUCCESS,0102ae00
190605074228,TAG_DEPARTED_A,0102ae00
190605074231,TAG_ARRIVED_A,0102ae00
190605074231,SOLO_SUCCESS,0102ae00
190605074240,TAG_DEPARTED_A,0102ae00
190605074242,TAG_ARRIVED_A,0102ae00
190605074243,SOLO_SUCCESS,0102ae00
190605074246,TAG_DEPARTED_A,0102ae00
190605074258,TAG_ARRIVED_A,01c4ca00
190605074259,SOLO_SUCCESS,01c4ca00
190605074301,TAG_DEPARTED_A,01c4ca00
190605074305,TAG_ARRIVED_A,01c4ca00
190605074306,SOLO_SUCCESS,01c4ca00
190605074307,TAG_DEPARTED_A,01c4ca00
190605074415,TAG_ARRIVED_A,01021800
190605074415,SOLO_SUCCESS,01021800
190605074437,TAG_DEPARTED_A,01021800
190605081230,TAG_ARRIVED_B,01753200
190605081230,SOLO_SUCCESS,01753200
190605081239,TAG_DEPARTED_B,01753200
190605081244,TAG_ARRIVED_B,01753200
190605081245,SOLO_SUCCESS,01753200
190605081246,TAG_DEPARTED_B,01753200
190605081250,TAG_ARRIVED_B,01753200
190605081251,SOLO_SUCCESS,01753200
190605081255,TAG_DEPARTED_B,01753200
190605081302,TAG_ARRIVED_B,0102ae00
190605081302,SOLO_SUCCESS,0102ae00
190605081307,TAG_DEPARTED_B,0102ae00
190605081326,TAG_ARRIVED_B,01753200
190605081326,SOLO_SUCCESS,01753200
190605081353,TAG_DEPARTED_B,01753200
190605081355,TAG_ARRIVED_B,01753200
190605081356,SOLO_SUCCESS,01753200
190605081424,TAG_DEPARTED_B,01753200
190605081430,TAG_ARRIVED_B,01753200
190605081431,SOLO_SUCCESS,01753200
190605081437,TAG_DEPARTED_B,01753200
190605081500,TAG_ARRIVED_A,01050400
190605081500,SOLO_SUCCESS,01050400
190605081509,TAG_DEPARTED_A,01050400
190605081511,TAG_ARRIVED_A,01050400
190605081512,SOLO_SUCCESS,01050400
190605081519,TAG_DEPARTED_A,01050400
190605081832,TAG_ARRIVED_B,0102ae00
190605081832,SOLO_SUCCESS,0102ae00
190605081839,TAG_DEPARTED_B,0102ae00
190605082138,TAG_ARRIVED_A,01bbe500
190605082138,SOLO_SUCCESS,01bbe500
190605082140,TAG_DEPARTED_A,01bbe500
190605082143,TAG_ARRIVED_A,01bbe500
190605082144,SOLO_SUCCESS,01bbe500
190605082145,TAG_DEPARTED_A,01bbe500
190605082254,TAG_ARRIVED_A,0102ae00
190605082254,SOLO_SUCCESS,0102ae00
190605082256,TAG_DEPARTED_A,0102ae00
190605082257,TAG_ARRIVED_A,0102ae00
190605082257,SOLO_SUCCESS,0102ae00
190605082300,TAG_DEPARTED_A,0102ae00
190605082308,TAG_ARRIVED_B,0102ae00
190605082308,SOLO_SUCCESS,0102ae00
190605082314,TAG_DEPARTED_B,0102ae00
190605082438,TAG_ARRIVED_A,01bbe500
190605082438,SOLO_SUCCESS,01bbe500
190605082442,TAG_DEPARTED_A,01bbe500
190605082534,TAG_ARRIVED_B,01c4ca00
190605082535,SOLO_SUCCESS,01c4ca00
190605082551,TAG_ARRIVED_A,01050400
190605082552,STARTCOOP_FAIL,01c4ca00_01050400
190605082554,TAG_DEPARTED_A,01050400
190605082555,ENDCOOP_FAIL,01c4ca00_
190605082555,TAG_DEPARTED_B,01c4ca00
190605082556,TAG_ARRIVED_A,01050400
190605082556,SOLO_FAIL,01050400
190605082556,TAG_ARRIVED_B,01c4ca00
190605082557,STARTCOOP_FAIL,01050400_01c4ca00
190605082558,ENDCOOP_FAIL,01c4ca00_01050400
190605082558,TAG_DEPARTED_B,01c4ca00
190605082606,TAG_DEPARTED_A,01050400
190605082631,TAG_ARRIVED_A,01e14200
190605082631,SOLO_FAIL,01e14200
190605082633,TAG_DEPARTED_A,01e14200
190605082734,TAG_ARRIVED_A,01e14200
190605082734,SOLO_FAIL,01e14200
190605082736,TAG_DEPARTED_A,01e14200
190605082757,LOCKOUT_ENDED,
190605082801,TAG_ARRIVED_B,01c4ca00
190605082802,SOLO_SUCCESS,01c4ca00
190605082806,TAG_DEPARTED_B,01c4ca00
190605082834,TAG_ARRIVED_B,01c4ca00
190605082834,SOLO_SUCCESS,01c4ca00
190605082837,TAG_DEPARTED_B,01c4ca00
190605082839,TAG_ARRIVED_B,01c4ca00
190605082840,SOLO_SUCCESS,01c4ca00
190605082855,TAG_DEPARTED_B,01c4ca00
190605082857,TAG_ARRIVED_B,01c4ca00
190605082858,SOLO_SUCCESS,01c4ca00
190605082939,TAG_DEPARTED_B,01c4ca00
190605083113,TAG_ARRIVED_A,07991800
190605083113,SOLO_SUCCESS,07991800
190605083117,TAG_DEPARTED_A,07991800
190605083117,TAG_ARRIVED_A,0101c200
190605083118,SOLO_SUCCESS,0101c200
190605083123,TAG_DEPARTED_A,0101c200
190605083304,TAG_ARRIVED_B,01e14200
190605083305,SOLO_SUCCESS,01e14200
190605083307,TAG_DEPARTED_B,01e14200
190605083323,TAG_ARRIVED_B,01e14200
190605083324,SOLO_SUCCESS,01e14200
190605083325,TAG_DEPARTED_B,01e14200
190605083438,TAG_ARRIVED_B,01e14200
190605083439,SOLO_SUCCESS,01e14200
190605083534,TAG_DEPARTED_B,01e14200
190605083540,TAG_ARRIVED_B,01e14200
190605083541,SOLO_SUCCESS,01e14200
190605083557,TAG_DEPARTED_B,01e14200
190605083558,TAG_ARRIVED_B,01e14200
190605083559,SOLO_SUCCESS,01e14200
190605083612,TAG_DEPARTED_B,01e14200
190605083627,TAG_ARRIVED_B,01e14200
190605083628,SOLO_SUCCESS,01e14200
190605083629,TAG_DEPARTED_B,01e14200
190605083655,TAG_ARRIVED_B,01e14200
190605083656,SOLO_SUCCESS,01e14200
190605083700,TAG_DEPARTED_B,01e14200
190605083714,TAG_ARRIVED_B,01e14200
190605083715,SOLO_SUCCESS,01e14200
190605083730,TAG_DEPARTED_B,01e14200
190605083859,TAG_ARRIVED_B,01050400
190605083900,SOLO_SUCCESS,01050400
190605083901,TAG_DEPARTED_B,01050400
190605083923,TAG_ARRIVED_B,01050400
190605083923,SOLO_SUCCESS,01050400
190605083925,TAG_DEPARTED_B,01050400
190605084430,TAG_ARRIVED_A,01021800
190605084431,SOLO_SUCCESS,01021800
190605084433,TAG_ARRIVED_A,0102ae00
190605084433,SOLO_SUCCESS,0102ae00
190605084436,TAG_DEPARTED_A,0102ae00
190605084442,TAG_ARRIVED_B,01021800
190605084442,SOLO_SUCCESS,01021800
190605084444,TAG_ARRIVED_B,0102ae00
190605084444,SOLO_SUCCESS,0102ae00
190605084448,TAG_DEPARTED_B,0102ae00
190605084449,TAG_ARRIVED_A,01043c00
190605084450,SOLO_SUCCESS,01043c00
190605084504,TAG_DEPARTED_A,01043c00
190605084725,TAG_ARRIVED_A,018b0800
190605084726,SOLO_SUCCESS,018b0800
190605084727,TAG_DEPARTED_A,018b0800
190605085131,TAG_ARRIVED_A,01021800
190605085132,SOLO_SUCCESS,01021800
190605085135,TAG_DEPARTED_A,01021800
190605085136,TAG_ARRIVED_A,01021800
190605085136,SOLO_SUCCESS,01021800
190605085141,TAG_DEPARTED_A,01021800
190605085217,TAG_ARRIVED_A,07991800
190605085217,SOLO_SUCCESS,07991800
190605085219,TAG_DEPARTED_A,07991800
190605085219,TAG_ARRIVED_A,07991800
190605085219,SOLO_SUCCESS,07991800
190605085223,TAG_DEPARTED_A,07991800
190605085224,TAG_ARRIVED_A,07991800
190605085224,SOLO_SUCCESS,07991800
190605085228,TAG_DEPARTED_A,07991800
190605085233,TAG_ARRIVED_A,07991800
190605085233,SOLO_SUCCESS,07991800
190605085236,TAG_DEPARTED_A,07991800
190605085241,TAG_ARRIVED_A,01016400
190605085242,SOLO_SUCCESS,01016400
190605085243,TAG_DEPARTED_A,01016400
190605085638,TAG_ARRIVED_A,01050400
190605085638,SOLO_SUCCESS,01050400
190605085644,TAG_DEPARTED_A,01050400
190605085707,TAG_ARRIVED_A,01021800
190605085707,SOLO_SUCCESS,01021800
190605085741,TAG_DEPARTED_A,01021800
190605090804,TAG_ARRIVED_B,0102ae00
190605090805,SOLO_SUCCESS,0102ae00
190605090810,TAG_DEPARTED_B,0102ae00
190605090951,TAG_ARRIVED_B,01c4ca00
190605090951,SOLO_SUCCESS,01c4ca00
190605091058,TAG_DEPARTED_B,01c4ca00
190605091103,TAG_ARRIVED_B,01c4ca00
190605091103,SOLO_SUCCESS,01c4ca00
190605091127,TAG_DEPARTED_B,01c4ca00
190605091808,TAG_ARRIVED_A,01653700
190605091809,SOLO_SUCCESS,01653700
190605091841,TAG_DEPARTED_A,01653700
190605091844,TAG_ARRIVED_A,01653700
190605091845,SOLO_SUCCESS,01653700
190605091846,TAG_DEPARTED_A,01653700
190605091915,TAG_ARRIVED_A,01653700
190605091915,SOLO_SUCCESS,01653700
190605091918,TAG_DEPARTED_A,01653700
190605091936,TAG_ARRIVED_A,0101c200
190605091936,SOLO_SUCCESS,0101c200
190605091943,TAG_DEPARTED_A,0101c200
190605091959,TAG_ARRIVED_B,01653700
190605092000,SOLO_SUCCESS,01653700
190605092009,TAG_DEPARTED_B,01653700
190605092021,TAG_ARRIVED_B,01653700
190605092022,SOLO_SUCCESS,01653700
190605092027,TAG_DEPARTED_B,01653700
190605092816,TAG_ARRIVED_A,01753200
190605092816,SOLO_SUCCESS,01753200
190605092822,TAG_DEPARTED_A,01753200
190605092823,TAG_ARRIVED_A,01753200
190605092824,SOLO_SUCCESS,01753200
190605092826,TAG_DEPARTED_A,01753200
190605094817,TAG_ARRIVED_B,01e14200
190605094818,SOLO_SUCCESS,01e14200
190605095055,TAG_DEPARTED_B,01e14200
190605100115,TAG_ARRIVED_A,01050400
190605100116,SOLO_SUCCESS,01050400
190605100117,TAG_DEPARTED_A,01050400
190605100611,TAG_ARRIVED_A,01048700
190605100612,SOLO_SUCCESS,01048700
190605100621,TAG_DEPARTED_A,01048700
190605100622,TAG_ARRIVED_A,01048700
190605100623,SOLO_SUCCESS,01048700
190605100638,TAG_DEPARTED_A,01048700
190605100644,TAG_ARRIVED_A,01048700
190605100644,SOLO_SUCCESS,01048700
190605100646,TAG_DEPARTED_A,01048700
190605100648,TAG_ARRIVED_A,01048700
190605100649,SOLO_SUCCESS,01048700
190605100651,TAG_DEPARTED_A,01048700
190605100652,TAG_ARRIVED_A,01048700
190605100653,SOLO_SUCCESS,01048700
190605100654,TAG_DEPARTED_A,01048700
190605100654,TAG_ARRIVED_A,01048700
190605100655,SOLO_SUCCESS,01048700
190605100657,TAG_DEPARTED_A,01048700
190605100658,TAG_ARRIVED_A,01048700
190605100659,SOLO_SUCCESS,01048700
190605100700,TAG_DEPARTED_A,01048700
190605100701,TAG_ARRIVED_A,01048700
190605100702,SOLO_SUCCESS,01048700
190605100704,TAG_DEPARTED_A,01048700
190605100707,TAG_ARRIVED_A,01048700
190605100708,SOLO_SUCCESS,01048700
190605100715,TAG_DEPARTED_A,01048700
190605100718,TAG_ARRIVED_A,01048700
190605100719,SOLO_SUCCESS,01048700
190605100720,TAG_DEPARTED_A,01048700
190605100726,TAG_ARRIVED_A,01048700
190605100726,SOLO_SUCCESS,01048700
190605100737,TAG_DEPARTED_A,01048700
190605100847,TAG_ARRIVED_A,01048700
190605100848,SOLO_SUCCESS,01048700
190605100858,TAG_DEPARTED_A,01048700
190605104026,TAG_ARRIVED_A,0102ae00
190605104027,SOLO_SUCCESS,0102ae00
190605104028,TAG_DEPARTED_A,0102ae00
190605104033,TAG_ARRIVED_B,0102ae00
190605104033,SOLO_SUCCESS,0102ae00
190605104041,TAG_DEPARTED_B,0102ae00
190605104045,TAG_ARRIVED_B,0102ae00
190605104046,SOLO_SUCCESS,0102ae00
190605104047,TAG_DEPARTED_B,0102ae00
190605104048,TAG_ARRIVED_B,0102ae00
190605104048,SOLO_SUCCESS,0102ae00
190605104050,TAG_DEPARTED_B,0102ae00
190605104051,TAG_ARRIVED_B,0102ae00
190605104051,SOLO_SUCCESS,0102ae00
190605104054,TAG_DEPARTED_B,0102ae00
190605104055,TAG_ARRIVED_A,07991800
190605104056,SOLO_SUCCESS,07991800
190605104057,TAG_DEPARTED_A,07991800
190605104058,TAG_ARRIVED_A,07991800
190605104058,SOLO_SUCCESS,07991800
190605104059,TAG_DEPARTED_A,07991800
190605104100,TAG_ARRIVED_A,07991800
190605104100,SOLO_SUCCESS,07991800
190605104104,TAG_DEPARTED_A,07991800
190605104623,TAG_ARRIVED_B,0102ae00
190605104623,SOLO_SUCCESS,0102ae00
190605104629,TAG_ARRIVED_A,01043c00
190605104630,STARTCOOP_FAIL,0102ae00_01043c00
190605104631,TAG_DEPARTED_A,01043c00
190605104632,ENDCOOP_FAIL,0102ae00_
190605104632,TAG_DEPARTED_B,0102ae00

