190628060150,START_EXPERIMENT,
190628063310,TAG_ARRIVED_B,0102ee00
190628063311,SOLO_SUCCESS,0102ee00
190628063314,TAG_DEPARTED_B,0102ee00
190628063342,TAG_ARRIVED_B,0102ee00
190628063343,SOLO_SUCCESS,0102ee00
190628063344,TAG_DEPARTED_B,0102ee00
190628063719,TAG_ARRIVED_B,0102ee00
190628063720,SOLO_SUCCESS,0102ee00
190628063721,TAG_DEPARTED_B,0102ee00
190628063755,TAG_ARRIVED_A,0102ee00
190628063756,SOLO_SUCCESS,0102ee00
190628063758,TAG_DEPARTED_A,0102ee00
190628063802,TAG_ARRIVED_A,0102ee00
190628063803,SOLO_SUCCESS,0102ee00
190628063805,TAG_DEPARTED_A,0102ee00
190628063901,TAG_ARRIVED_A,07991800
190628063902,SOLO_SUCCESS,07991800
190628063903,TAG_DEPARTED_A,07991800
190628063906,TAG_ARRIVED_A,07991800
190628063906,SOLO_SUCCESS,07991800
190628063909,TAG_DEPARTED_A,07991800
190628063919,TAG_ARRIVED_A,07991800
190628063919,SOLO_SUCCESS,07991800
190628063922,TAG_DEPARTED_A,07991800
190628064358,TAG_ARRIVED_B,0102ee00
190628064359,SOLO_SUCCESS,0102ee00
190628064406,TAG_DEPARTED_B,0102ee00
190628064413,TAG_ARRIVED_A,01050400
190628064413,SOLO_SUCCESS,01050400
190628064415,TAG_DEPARTED_A,01050400
190628064418,TAG_ARRIVED_A,0102ee00
190628064419,SOLO_SUCCESS,0102ee00
190628064433,TAG_DEPARTED_A,0102ee00
190628064434,TAG_ARRIVED_A,01043c00
190628064435,SOLO_SUCCESS,01043c00
190628064437,TAG_DEPARTED_A,01043c00
190628064439,TAG_ARRIVED_A,01050400
190628064440,SOLO_SUCCESS,01050400
190628064441,TAG_DEPARTED_A,01050400
190628064615,TAG_ARRIVED_A,0102ee00
190628064616,SOLO_SUCCESS,0102ee00
190628064618,TAG_DEPARTED_A,0102ee00
190628064638,TAG_ARRIVED_A,0102ee00
190628064639,SOLO_SUCCESS,0102ee00
190628064641,TAG_DEPARTED_A,0102ee00
190628064701,TAG_ARRIVED_A,0102ee00
190628064702,SOLO_SUCCESS,0102ee00
190628064703,TAG_DEPARTED_A,0102ee00
190628064705,TAG_ARRIVED_A,0102ee00
190628064705,SOLO_SUCCESS,0102ee00
190628064707,TAG_DEPARTED_A,0102ee00
190628064754,TAG_ARRIVED_B,0102ee00
190628064755,SOLO_SUCCESS,0102ee00
190628064756,TAG_DEPARTED_B,0102ee00
190628064851,TAG_ARRIVED_B,0102ee00
190628064852,SOLO_SUCCESS,0102ee00
190628064915,TAG_DEPARTED_B,0102ee00
190628065251,TAG_ARRIVED_A,018b0800
190628065252,SOLO_SUCCESS,018b0800
190628065256,TAG_DEPARTED_A,018b0800
190628065257,TAG_ARRIVED_A,018b0800
190628065258,SOLO_SUCCESS,018b0800
190628065259,TAG_DEPARTED_A,018b0800
190628065314,TAG_ARRIVED_A,018b0800
190628065315,SOLO_SUCCESS,018b0800
190628065318,TAG_DEPARTED_A,018b0800
190628065332,TAG_ARRIVED_A,0101c200
190628065333,SOLO_SUCCESS,0101c200
190628065335,TAG_DEPARTED_A,0101c200
190628065342,TAG_ARRIVED_B,0101c200
190628065343,SOLO_SUCCESS,0101c200
190628065344,TAG_DEPARTED_B,0101c200
190628065346,TAG_ARRIVED_A,0101c200
190628065347,SOLO_SUCCESS,0101c200
190628065348,TAG_DEPARTED_A,0101c200
190628065349,TAG_ARRIVED_B,01050400
190628065349,SOLO_SUCCESS,01050400
190628065352,TAG_DEPARTED_B,01050400
190628065356,TAG_ARRIVED_A,0101c200
190628065357,SOLO_SUCCESS,0101c200
190628065358,TAG_DEPARTED_A,0101c200
190628065359,TAG_ARRIVED_B,01050400
190628065400,SOLO_SUCCESS,01050400
190628065402,TAG_DEPARTED_B,01050400
190628065407,TAG_ARRIVED_B,01050400
190628065407,SOLO_SUCCESS,01050400
190628065412,TAG_ARRIVED_A,0102ee00
190628065413,STARTCOOP_FAIL,01050400_0102ee00
190628065414,TAG_ARRIVED_B,0101c200
190628065415,STARTCOOP_SUCCESS,0102ee00_0101c200
190628065415,TAG_DEPARTED_A,0102ee00
190628065419,ENDCOOP_SUCCESS,0101c200_
190628065419,TAG_DEPARTED_B,0101c200
190628065421,TAG_ARRIVED_B,0101c200
190628065422,SOLO_FAIL,0101c200
190628065431,ENDCOOP_FAIL,0101c200_
190628065431,TAG_DEPARTED_B,0101c200
190628065433,TAG_ARRIVED_B,0101c200
190628065434,SOLO_FAIL,0101c200
190628065436,ENDCOOP_FAIL,0101c200_
190628065436,TAG_DEPARTED_B,0101c200
190628065613,LOCKOUT_ENDED,
190628070600,TAG_ARRIVED_A,0102ee00
190628070601,SOLO_SUCCESS,0102ee00
190628070605,TAG_DEPARTED_A,0102ee00
190628070606,TAG_ARRIVED_B,01c2e300
190628070607,SOLO_SUCCESS,01c2e300
190628070608,TAG_DEPARTED_B,01c2e300
190628070609,TAG_ARRIVED_B,0102ee00
190628070610,SOLO_SUCCESS,0102ee00
190628070612,TAG_DEPARTED_B,0102ee00
190628070614,TAG_ARRIVED_A,01c2e300
190628070614,SOLO_SUCCESS,01c2e300
190628070617,TAG_ARRIVED_B,0102ee00
190628070618,STARTCOOP_SUCCESS,01c2e300_0102ee00
190628070621,ENDCOOP_SUCCESS,0102ee00_01c2e300
190628070621,TAG_DEPARTED_B,0102ee00
190628070621,TAG_DEPARTED_A,01c2e300
190628070632,TAG_ARRIVED_B,01c2e300
190628070633,SOLO_SUCCESS,01c2e300
190628070633,TAG_ARRIVED_A,0102ee00
190628070634,STARTCOOP_SUCCESS,01c2e300_0102ee00
190628070635,ENDCOOP_SUCCESS,01c2e300_0102ee00
190628070635,TAG_DEPARTED_B,01c2e300
190628070637,TAG_DEPARTED_A,0102ee00
190628070646,TAG_ARRIVED_B,01021800
190628070646,SOLO_SUCCESS,01021800
190628070654,TAG_DEPARTED_B,01021800
190628070718,TAG_ARRIVED_B,01043c00
190628070719,SOLO_SUCCESS,01043c00
190628070720,TAG_DEPARTED_B,01043c00
190628070729,TAG_ARRIVED_B,01043c00
190628070730,SOLO_SUCCESS,01043c00
190628070731,TAG_DEPARTED_B,01043c00
190628070738,TAG_ARRIVED_B,01d41b00
190628070739,SOLO_SUCCESS,01d41b00
190628070740,TAG_DEPARTED_B,01d41b00
190628070750,TAG_ARRIVED_B,07991800
190628070751,SOLO_SUCCESS,07991800
190628070754,TAG_DEPARTED_B,07991800
190628070754,TAG_ARRIVED_B,07991800
190628070754,SOLO_SUCCESS,07991800
190628070757,TAG_DEPARTED_B,07991800
190628070759,TAG_ARRIVED_B,07991800
190628070759,SOLO_SUCCESS,07991800
190628070801,TAG_ARRIVED_B,01043c00
190628070802,SOLO_SUCCESS,01043c00
190628070804,TAG_DEPARTED_B,01043c00
190628070829,TAG_ARRIVED_B,01021800
190628070830,SOLO_SUCCESS,01021800
190628070831,TAG_DEPARTED_B,01021800
190628070833,TAG_ARRIVED_B,01043c00
190628070834,SOLO_SUCCESS,01043c00
190628070835,TAG_DEPARTED_B,01043c00
190628070838,TAG_ARRIVED_B,01d41b00
190628070839,SOLO_SUCCESS,01d41b00
190628070844,TAG_DEPARTED_B,01d41b00
190628070845,TAG_ARRIVED_B,01d41b00
190628070846,SOLO_SUCCESS,01d41b00
190628070847,TAG_DEPARTED_B,01d41b00
190628070950,TAG_ARRIVED_B,01c2e300
190628070951,SOLO_SUCCESS,01c2e300
190628070958,TAG_DEPARTED_B,01c2e300
190628071001,TAG_ARRIVED_A,01050400
190628071002,SOLO_SUCCESS,01050400
190628071005,TAG_DEPARTED_A,01050400
190628071010,TAG_ARRIVED_A,01050400
190628071010,SOLO_SUCCESS,01050400
190628071012,TAG_ARRIVED_A,0101c200
190628071013,SOLO_SUCCESS,0101c200
190628071014,TAG_ARRIVED_A,01050400
190628071014,SOLO_SUCCESS,01050400
190628071016,TAG_DEPARTED_A,01050400
190628071019,TAG_ARRIVED_A,01050400
190628071019,SOLO_SUCCESS,01050400
190628071021,TAG_DEPARTED_A,01050400
190628071031,TAG_ARRIVED_B,01653700
190628071032,SOLO_SUCCESS,01653700
190628071033,TAG_ARRIVED_B,0101c200
190628071034,SOLO_SUCCESS,0101c200
190628071036,TAG_ARRIVED_A,01050400
190628071037,STARTCOOP_FAIL,0101c200_01050400
190628071037,ENDCOOP_FAIL,0101c200_01050400
190628071037,TAG_DEPARTED_B,0101c200
190628071038,TAG_ARRIVED_B,0101c200
190628071039,STARTCOOP_FAIL,01050400_0101c200
190628071040,ENDCOOP_FAIL,0101c200_01050400
190628071040,TAG_DEPARTED_B,0101c200
190628071041,TAG_ARRIVED_B,0101c200
190628071042,STARTCOOP_FAIL,01050400_0101c200
190628071042,ENDCOOP_FAIL,0101c200_01050400
190628071043,TAG_DEPARTED_B,0101c200
190628071045,TAG_ARRIVED_B,018b0800
190628071045,STARTCOOP_SUCCESS,01050400_018b0800
190628071046,TAG_DEPARTED_A,01050400
190628071047,ENDCOOP_SUCCESS,018b0800_
190628071048,TAG_DEPARTED_B,018b0800
190628071052,TAG_ARRIVED_B,0101c200
190628071052,SOLO_FAIL,0101c200
190628071054,ENDCOOP_FAIL,0101c200_
190628071054,TAG_DEPARTED_B,0101c200
190628071055,TAG_ARRIVED_B,0101c200
190628071056,SOLO_FAIL,0101c200
190628071056,TAG_ARRIVED_A,01050400
190628071057,STARTCOOP_FAIL,0101c200_01050400
190628071057,ENDCOOP_FAIL,0101c200_01050400
190628071058,TAG_DEPARTED_B,0101c200
190628071058,TAG_ARRIVED_B,0101c200
190628071059,STARTCOOP_FAIL,01050400_0101c200
190628071059,ENDCOOP_FAIL,0101c200_01050400
190628071100,TAG_DEPARTED_B,0101c200
190628071102,TAG_ARRIVED_B,0101c200
190628071103,STARTCOOP_FAIL,01050400_0101c200
190628071104,TAG_DEPARTED_A,01050400
190628071106,TAG_ARRIVED_A,01050400
190628071106,STARTCOOP_FAIL,0101c200_01050400
190628071109,ENDCOOP_FAIL,0101c200_01050400
190628071110,TAG_DEPARTED_B,0101c200
190628071112,TAG_DEPARTED_A,01050400
190628071117,TAG_ARRIVED_A,01050400
190628071118,SOLO_FAIL,01050400
190628071122,TAG_DEPARTED_A,01050400
190628071130,TAG_ARRIVED_A,0101c200
190628071131,SOLO_FAIL,0101c200
190628071132,TAG_DEPARTED_A,0101c200
190628071133,TAG_ARRIVED_B,01021800
190628071134,SOLO_FAIL,01021800
190628071134,TAG_ARRIVED_A,0101c200
190628071135,STARTCOOP_FAIL,01021800_0101c200
190628071141,TAG_DEPARTED_A,0101c200
190628071142,ENDCOOP_FAIL,01021800_
190628071142,TAG_DEPARTED_B,01021800
190628071144,TAG_ARRIVED_A,0101c200
190628071145,SOLO_FAIL,0101c200
190628071145,TAG_ARRIVED_B,07991800
190628071146,STARTCOOP_FAIL,0101c200_07991800
190628071147,ENDCOOP_FAIL,07991800_0101c200
190628071147,TAG_DEPARTED_B,07991800
190628071148,TAG_ARRIVED_B,07991800
190628071149,STARTCOOP_FAIL,0101c200_07991800
190628071149,TAG_DEPARTED_A,0101c200
190628071150,ENDCOOP_FAIL,07991800_
190628071150,TAG_DEPARTED_B,07991800
190628071152,TAG_ARRIVED_B,07991800
190628071153,SOLO_FAIL,07991800
190628071154,TAG_ARRIVED_A,0101c200
190628071154,STARTCOOP_FAIL,07991800_0101c200
190628071155,ENDCOOP_FAIL,07991800_0101c200
190628071155,TAG_DEPARTED_B,07991800
190628071156,TAG_ARRIVED_B,07991800
190628071156,STARTCOOP_FAIL,0101c200_07991800
190628071158,TAG_DEPARTED_A,0101c200
190628071159,TAG_ARRIVED_A,0101c200
190628071200,STARTCOOP_FAIL,07991800_0101c200
190628071201,TAG_DEPARTED_A,0101c200
190628071202,TAG_ARRIVED_A,0101c200
190628071203,STARTCOOP_FAIL,07991800_0101c200
190628071204,ENDCOOP_FAIL,07991800_0101c200
190628071204,TAG_DEPARTED_B,07991800
190628071210,TAG_ARRIVED_B,07991800
190628071210,STARTCOOP_FAIL,0101c200_07991800
190628071212,ENDCOOP_FAIL,07991800_0101c200
190628071212,TAG_DEPARTED_B,07991800
190628071218,TAG_DEPARTED_A,0101c200
190628071227,TAG_ARRIVED_A,07991800
190628071227,SOLO_FAIL,07991800
190628071230,TAG_DEPARTED_A,07991800
190628071232,TAG_ARRIVED_A,07991800
190628071232,SOLO_FAIL,07991800
190628071235,TAG_DEPARTED_A,07991800
190628071247,TAG_ARRIVED_A,07991800
190628071248,SOLO_FAIL,07991800
190628071253,TAG_DEPARTED_A,07991800
190628071315,TAG_ARRIVED_A,01653700
190628071316,SOLO_FAIL,01653700
190628071326,TAG_DEPARTED_A,01653700
190628071404,TAG_ARRIVED_B,01021800
190628071404,SOLO_FAIL,01021800
190628071406,TAG_ARRIVED_A,0102ee00
190628071407,STARTCOOP_FAIL,01021800_0102ee00
190628071408,TAG_DEPARTED_A,0102ee00
190628071410,ENDCOOP_FAIL,01021800_
190628071410,TAG_DEPARTED_B,01021800
190628071411,TAG_ARRIVED_B,01021800
190628071411,SOLO_FAIL,01021800
190628071423,ENDCOOP_FAIL,01021800_
190628071423,TAG_DEPARTED_B,01021800
190628071433,TAG_ARRIVED_A,0102ee00
190628071434,SOLO_FAIL,0102ee00
190628071435,TAG_DEPARTED_A,0102ee00
190628071435,TAG_ARRIVED_A,0102ee00
190628071436,SOLO_FAIL,0102ee00
190628071438,TAG_DEPARTED_A,0102ee00
190628071438,TAG_ARRIVED_A,0102ee00
190628071439,SOLO_FAIL,0102ee00
190628071440,TAG_DEPARTED_A,0102ee00
190628071442,TAG_ARRIVED_A,0102ee00
190628071443,SOLO_FAIL,0102ee00
190628071445,TAG_DEPARTED_A,0102ee00
190628071505,TAG_ARRIVED_A,0102ee00
190628071506,SOLO_FAIL,0102ee00
190628071507,TAG_DEPARTED_A,0102ee00
190628071607,LOCKOUT_ENDED,
190628073050,TAG_ARRIVED_A,018b0800
190628073050,SOLO_SUCCESS,018b0800
190628073053,TAG_DEPARTED_A,018b0800
190628073056,TAG_ARRIVED_A,018b0800
190628073057,SOLO_SUCCESS,018b0800
190628073101,TAG_DEPARTED_A,018b0800
190628073103,TAG_ARRIVED_A,018b0800
190628073103,SOLO_SUCCESS,018b0800
190628073105,TAG_DEPARTED_A,018b0800
190628073108,TAG_ARRIVED_A,018b0800
190628073108,SOLO_SUCCESS,018b0800
190628073110,TAG_DEPARTED_A,018b0800
190628073118,TAG_ARRIVED_A,018b0800
190628073119,SOLO_SUCCESS,018b0800
190628073122,TAG_DEPARTED_A,018b0800
190628073126,TAG_ARRIVED_A,018b0800
190628073127,SOLO_SUCCESS,018b0800
190628073130,TAG_DEPARTED_A,018b0800
190628073136,TAG_ARRIVED_A,018b0800
190628073137,SOLO_SUCCESS,018b0800
190628073138,TAG_DEPARTED_A,018b0800
190628073152,TAG_ARRIVED_A,018b0800
190628073153,SOLO_SUCCESS,018b0800
190628073155,TAG_DEPARTED_A,018b0800
190628073203,TAG_ARRIVED_A,018b0800
190628073204,SOLO_SUCCESS,018b0800
190628073213,TAG_DEPARTED_A,018b0800
190628073223,TAG_ARRIVED_A,018b0800
190628073224,SOLO_SUCCESS,018b0800
190628073226,TAG_DEPARTED_A,018b0800
190628073227,TAG_ARRIVED_A,018b0800
190628073228,SOLO_SUCCESS,018b0800
190628073232,TAG_DEPARTED_A,018b0800
190628073239,TAG_ARRIVED_A,018b0800
190628073240,SOLO_SUCCESS,018b0800
190628073241,TAG_DEPARTED_A,018b0800
190628073902,TAG_ARRIVED_A,01c2e300
190628073903,SOLO_SUCCESS,01c2e300
190628073907,TAG_DEPARTED_A,01c2e300
190628073919,TAG_ARRIVED_A,01c2e300
190628073920,SOLO_SUCCESS,01c2e300
190628073923,TAG_DEPARTED_A,01c2e300
190628073931,TAG_ARRIVED_B,01b49c00
190628073933,SOLO_SUCCESS,01b49c00
190628073945,TAG_DEPARTED_B,01b49c00
190628074216,TAG_ARRIVED_A,07991800
190628074216,SOLO_SUCCESS,07991800
190628074223,TAG_DEPARTED_A,07991800
190628074231,TAG_ARRIVED_A,07991800
190628074231,SOLO_SUCCESS,07991800
190628074233,TAG_DEPARTED_A,07991800
190628074234,TAG_ARRIVED_A,07991800
190628074234,SOLO_SUCCESS,07991800
190628074236,TAG_DEPARTED_A,07991800
190628074240,TAG_ARRIVED_A,07991800
190628074241,SOLO_SUCCESS,07991800
190628074246,TAG_DEPARTED_A,07991800
190628074544,TAG_ARRIVED_A,01048700
190628074545,SOLO_SUCCESS,01048700
190628074546,TAG_DEPARTED_A,01048700
190628074547,TAG_ARRIVED_B,01048700
190628074548,SOLO_SUCCESS,01048700
190628074551,TAG_DEPARTED_B,01048700
190628074555,TAG_ARRIVED_A,01048700
190628074556,SOLO_SUCCESS,01048700
190628074602,TAG_DEPARTED_A,01048700
190628074625,TAG_ARRIVED_A,01021800
190628074625,SOLO_SUCCESS,01021800
190628074626,TAG_ARRIVED_B,01048700
190628074627,STARTCOOP_FAIL,01021800_01048700
190628074627,ENDCOOP_FAIL,01048700_01021800
190628074628,TAG_DEPARTED_B,01048700
190628074629,TAG_DEPARTED_A,01021800
190628074630,TAG_ARRIVED_A,01021800
190628074630,SOLO_FAIL,01021800
190628074632,TAG_DEPARTED_A,01021800
190628074653,TAG_ARRIVED_A,01021800
190628074653,SOLO_FAIL,01021800
190628074657,TAG_DEPARTED_A,01021800
190628074705,TAG_ARRIVED_B,01c2e300
190628074705,SOLO_FAIL,01c2e300
190628074707,ENDCOOP_FAIL,01c2e300_
190628074707,TAG_DEPARTED_B,01c2e300
190628074709,TAG_ARRIVED_A,01c2e300
190628074710,SOLO_FAIL,01c2e300
190628074711,TAG_DEPARTED_A,01c2e300
190628074827,LOCKOUT_ENDED,
190628074924,TAG_ARRIVED_A,01c2e300
190628074925,SOLO_SUCCESS,01c2e300
190628074928,TAG_DEPARTED_A,01c2e300
190628074929,TAG_ARRIVED_A,01c2e300
190628074930,SOLO_SUCCESS,01c2e300
190628074931,TAG_DEPARTED_A,01c2e300
190628075041,TAG_ARRIVED_A,0101c200
190628075042,SOLO_SUCCESS,0101c200
190628075048,TAG_DEPARTED_A,0101c200
190628075101,TAG_ARRIVED_B,01653700
190628075102,SOLO_SUCCESS,01653700
190628075102,TAG_ARRIVED_B,0101c200
190628075103,SOLO_SUCCESS,0101c200
190628075104,TAG_DEPARTED_B,0101c200
190628075108,TAG_ARRIVED_B,0101c200
190628075108,SOLO_SUCCESS,0101c200
190628075110,TAG_DEPARTED_B,0101c200
190628075111,TAG_ARRIVED_B,0101c200
190628075112,SOLO_SUCCESS,0101c200
190628075113,TAG_DEPARTED_B,0101c200
190628075114,TAG_ARRIVED_B,0101c200
190628075115,SOLO_SUCCESS,0101c200
190628075118,TAG_DEPARTED_B,0101c200
190628075121,TAG_ARRIVED_B,0101c200
190628075122,SOLO_SUCCESS,0101c200
190628075125,TAG_DEPARTED_B,0101c200
190628075128,TAG_ARRIVED_B,0101c200
190628075129,SOLO_SUCCESS,0101c200
190628075135,TAG_DEPARTED_B,0101c200
190628075135,TAG_ARRIVED_B,0101c200
190628075136,SOLO_SUCCESS,0101c200
190628075141,TAG_DEPARTED_B,0101c200
190628075153,TAG_ARRIVED_B,01d41b00
190628075154,SOLO_SUCCESS,01d41b00
190628075157,TAG_DEPARTED_B,01d41b00
190628075200,TAG_ARRIVED_B,01d41b00
190628075201,SOLO_SUCCESS,01d41b00
190628075205,TAG_DEPARTED_B,01d41b00
190628075216,TAG_ARRIVED_A,01d41b00
190628075217,SOLO_SUCCESS,01d41b00
190628075220,TAG_DEPARTED_A,01d41b00
190628075223,TAG_ARRIVED_B,01d41b00
190628075224,SOLO_SUCCESS,01d41b00
190628075226,TAG_DEPARTED_B,01d41b00
190628075231,TAG_ARRIVED_A,01d41b00
190628075232,SOLO_SUCCESS,01d41b00
190628075235,TAG_DEPARTED_A,01d41b00
190628075243,TAG_ARRIVED_A,01d41b00
190628075244,SOLO_SUCCESS,01d41b00
190628075245,TAG_DEPARTED_A,01d41b00
190628075247,TAG_ARRIVED_A,01d41b00
190628075248,SOLO_SUCCESS,01d41b00
190628075249,TAG_DEPARTED_A,01d41b00
190628075256,TAG_ARRIVED_A,01753200
190628075256,SOLO_SUCCESS,01753200
190628075258,TAG_DEPARTED_A,01753200
190628075258,TAG_ARRIVED_A,01753200
190628075259,SOLO_SUCCESS,01753200
190628075300,TAG_DEPARTED_A,01753200
190628075302,TAG_ARRIVED_B,01753200
190628075303,SOLO_SUCCESS,01753200
190628075307,TAG_DEPARTED_B,01753200
190628075308,TAG_ARRIVED_B,01753200
190628075309,SOLO_SUCCESS,01753200
190628075318,TAG_DEPARTED_B,01753200
190628075319,TAG_ARRIVED_B,01753200
190628075320,SOLO_SUCCESS,01753200
190628075321,TAG_DEPARTED_B,01753200
190628075324,TAG_ARRIVED_B,01753200
190628075325,SOLO_SUCCESS,01753200
190628075330,TAG_DEPARTED_B,01753200
190628075349,TAG_ARRIVED_B,01021800
190628075349,SOLO_SUCCESS,01021800
190628075356,TAG_DEPARTED_B,01021800
190628075357,TAG_ARRIVED_B,01021800
190628075358,SOLO_SUCCESS,01021800
190628075421,TAG_ARRIVED_A,0101c200
190628075422,STARTCOOP_FAIL,01021800_0101c200
190628075423,TAG_DEPARTED_A,0101c200
190628075424,TAG_ARRIVED_A,0101c200
190628075425,STARTCOOP_FAIL,01021800_0101c200
190628075426,TAG_DEPARTED_A,0101c200
190628075427,TAG_ARRIVED_A,0101c200
190628075428,STARTCOOP_FAIL,01021800_0101c200
190628075429,ENDCOOP_FAIL,01021800_0101c200
190628075429,TAG_DEPARTED_B,01021800
190628075430,TAG_DEPARTED_A,0101c200
190628075431,TAG_ARRIVED_A,0101c200
190628075432,SOLO_FAIL,0101c200
190628075437,TAG_DEPARTED_A,0101c200
190628075442,TAG_ARRIVED_A,0101c200
190628075442,SOLO_FAIL,0101c200
190628075444,TAG_DEPARTED_A,0101c200
190628075447,TAG_ARRIVED_B,01753200
190628075448,SOLO_FAIL,01753200
190628075501,ENDCOOP_FAIL,01753200_
190628075501,TAG_DEPARTED_B,01753200
190628075502,TAG_ARRIVED_B,01753200
190628075503,SOLO_FAIL,01753200
190628075507,TAG_ARRIVED_A,0101c200
190628075508,STARTCOOP_SUCCESS,01753200_0101c200
190628075511,TAG_DEPARTED_A,0101c200
190628075511,ENDCOOP_SUCCESS,01753200_
190628075512,TAG_DEPARTED_B,01753200
190628075538,TAG_ARRIVED_B,0101c200
190628075539,SOLO_FAIL,0101c200
190628075542,ENDCOOP_FAIL,0101c200_
190628075542,TAG_DEPARTED_B,0101c200
190628075556,TAG_ARRIVED_B,01021800
190628075557,SOLO_FAIL,01021800
190628075558,ENDCOOP_FAIL,01021800_
190628075559,TAG_DEPARTED_B,01021800
190628075559,TAG_ARRIVED_B,01021800
190628075600,SOLO_FAIL,01021800
190628075602,TAG_ARRIVED_B,0101c200
190628075603,SOLO_FAIL,0101c200
190628075605,ENDCOOP_FAIL,0101c200_
190628075605,TAG_DEPARTED_B,0101c200
190628075617,TAG_ARRIVED_A,0101c200
190628075618,SOLO_FAIL,0101c200
190628075621,TAG_DEPARTED_A,0101c200
190628075628,LOCKOUT_ENDED,
190628075645,TAG_ARRIVED_A,0101c200
190628075646,SOLO_SUCCESS,0101c200
190628075650,TAG_DEPARTED_A,0101c200
190628075702,TAG_ARRIVED_B,0101c200
190628075703,SOLO_SUCCESS,0101c200
190628075706,TAG_DEPARTED_B,0101c200
190628075721,TAG_ARRIVED_B,0101c200
190628075722,SOLO_SUCCESS,0101c200
190628075733,TAG_DEPARTED_B,0101c200
190628075734,TAG_ARRIVED_B,0101c200
190628075734,SOLO_SUCCESS,0101c200
190628075739,TAG_DEPARTED_B,0101c200
190628075741,TAG_ARRIVED_B,0101c200
190628075742,SOLO_SUCCESS,0101c200
190628075750,TAG_DEPARTED_B,0101c200
190628075752,TAG_ARRIVED_B,01c2e300
190628075753,SOLO_SUCCESS,01c2e300
190628075820,TAG_DEPARTED_B,01c2e300
190628075849,TAG_ARRIVED_A,0125d900
190628075850,SOLO_SUCCESS,0125d900
190628075853,TAG_DEPARTED_A,0125d900
190628075928,TAG_ARRIVED_A,0125d900
190628075928,SOLO_SUCCESS,0125d900
190628075931,TAG_DEPARTED_A,0125d900
190628075932,TAG_ARRIVED_A,0125d900
190628075933,SOLO_SUCCESS,0125d900
190628075939,TAG_DEPARTED_A,0125d900
190628075945,TAG_ARRIVED_A,0125d900
190628075945,SOLO_SUCCESS,0125d900
190628075950,TAG_DEPARTED_A,0125d900
190628080006,TAG_ARRIVED_A,0102ee00
190628080007,SOLO_SUCCESS,0102ee00
190628080007,TAG_ARRIVED_B,01021800
190628080008,STARTCOOP_FAIL,0102ee00_01021800
190628080008,TAG_DEPARTED_A,0102ee00
190628080020,ENDCOOP_FAIL,01021800_
190628080021,TAG_DEPARTED_B,01021800
190628080024,TAG_ARRIVED_B,01021800
190628080024,SOLO_FAIL,01021800
190628080028,ENDCOOP_FAIL,01021800_
190628080029,TAG_DEPARTED_B,01021800
190628080033,TAG_ARRIVED_B,01021800
190628080033,SOLO_FAIL,01021800
190628080036,ENDCOOP_FAIL,01021800_
190628080036,TAG_DEPARTED_B,01021800
190628080048,TAG_ARRIVED_B,01021800
190628080048,SOLO_FAIL,01021800
190628080054,ENDCOOP_FAIL,01021800_
190628080054,TAG_DEPARTED_B,01021800
190628080057,TAG_ARRIVED_B,01021800
190628080058,SOLO_FAIL,01021800
190628080102,ENDCOOP_FAIL,01021800_
190628080102,TAG_DEPARTED_B,01021800
190628080108,TAG_ARRIVED_B,01021800
190628080108,SOLO_FAIL,01021800
190628080110,ENDCOOP_FAIL,01021800_
190628080110,TAG_DEPARTED_B,01021800
190628080111,TAG_ARRIVED_B,01e14200
190628080112,SOLO_FAIL,01e14200
190628080113,TAG_ARRIVED_B,01021800
190628080113,SOLO_FAIL,01021800
190628080120,ENDCOOP_FAIL,01021800_
190628080120,TAG_DEPARTED_B,01021800
190628080121,TAG_ARRIVED_B,01021800
190628080121,SOLO_FAIL,01021800
190628080128,ENDCOOP_FAIL,01021800_
190628080128,TAG_DEPARTED_B,01021800
190628080133,TAG_ARRIVED_B,0102ee00
190628080134,SOLO_FAIL,0102ee00
190628080135,TAG_ARRIVED_A,01c2e300
190628080136,STARTCOOP_SUCCESS,0102ee00_01c2e300
190628080136,ENDCOOP_SUCCESS,0102ee00_01c2e300
190628080136,TAG_DEPARTED_B,0102ee00
190628080139,TAG_DEPARTED_A,01c2e300
190628080156,TAG_ARRIVED_A,0102ee00
190628080157,SOLO_FAIL,0102ee00
190628080159,TAG_DEPARTED_A,0102ee00
190628080202,TAG_ARRIVED_A,0102ee00
190628080203,SOLO_FAIL,0102ee00
190628080206,TAG_DEPARTED_A,0102ee00
190628080208,LOCKOUT_ENDED,
190628080315,TAG_ARRIVED_A,0102ee00
190628080316,SOLO_SUCCESS,0102ee00
190628080320,TAG_DEPARTED_A,0102ee00
190628080331,TAG_ARRIVED_A,01b57900
190628080331,SOLO_SUCCESS,01b57900
190628080334,TAG_DEPARTED_A,01b57900
190628080337,TAG_ARRIVED_A,01b57900
190628080337,SOLO_SUCCESS,01b57900
190628080339,TAG_DEPARTED_A,01b57900
190628080347,TAG_ARRIVED_A,01b57900
190628080347,SOLO_SUCCESS,01b57900
190628080350,TAG_DEPARTED_A,01b57900
190628080419,TAG_ARRIVED_B,01b57900
190628080419,SOLO_SUCCESS,01b57900
190628080424,TAG_DEPARTED_B,01b57900
190628080731,TAG_ARRIVED_B,0102ee00
190628080732,SOLO_SUCCESS,0102ee00
190628080733,TAG_ARRIVED_A,0102ee00
190628080734,SOLO_SUCCESS,0102ee00
190628080734,TAG_DEPARTED_B,0102ee00
190628080741,TAG_DEPARTED_A,0102ee00
190628080745,TAG_ARRIVED_A,0102ee00
190628080745,SOLO_SUCCESS,0102ee00
190628080747,TAG_DEPARTED_A,0102ee00
190628080755,TAG_ARRIVED_A,0102ee00
190628080756,SOLO_SUCCESS,0102ee00
190628080809,TAG_DEPARTED_A,0102ee00
190628080812,TAG_ARRIVED_B,01c2e300
190628080813,SOLO_SUCCESS,01c2e300
190628080818,TAG_DEPARTED_B,01c2e300
190628080820,TAG_ARRIVED_B,01c2e300
190628080820,SOLO_SUCCESS,01c2e300
190628080823,TAG_ARRIVED_A,0102ee00
190628080824,STARTCOOP_SUCCESS,01c2e300_0102ee00
190628080825,TAG_DEPARTED_A,0102ee00
190628080827,ENDCOOP_SUCCESS,01c2e300_
190628080828,TAG_DEPARTED_B,01c2e300
190628080830,TAG_ARRIVED_B,01c2e300
190628080831,SOLO_SUCCESS,01c2e300
190628080832,TAG_DEPARTED_B,01c2e300
190628080835,TAG_ARRIVED_B,01c2e300
190628080836,SOLO_SUCCESS,01c2e300
190628080840,TAG_DEPARTED_B,01c2e300
190628080843,TAG_ARRIVED_B,01c2e300
190628080844,SOLO_SUCCESS,01c2e300
190628080900,TAG_DEPARTED_B,01c2e300
190628080900,TAG_ARRIVED_A,0102ee00
190628080901,SOLO_SUCCESS,0102ee00
190628080903,TAG_DEPARTED_A,0102ee00
190628080905,TAG_ARRIVED_B,01c2e300
190628080905,SOLO_SUCCESS,01c2e300
190628080906,TAG_ARRIVED_B,01041100
190628080908,SOLO_SUCCESS,01041100
190628080917,TAG_DEPARTED_B,01041100
190628080948,TAG_ARRIVED_A,0102ee00
190628080949,SOLO_SUCCESS,0102ee00
190628080951,TAG_DEPARTED_A,0102ee00
190628081529,TAG_ARRIVED_A,01e14200
190628081530,SOLO_SUCCESS,01e14200
190628081531,TAG_ARRIVED_A,01021800
190628081532,SOLO_SUCCESS,01021800
190628081538,TAG_ARRIVED_A,01050400
190628081538,SOLO_SUCCESS,01050400
190628081542,TAG_ARRIVED_A,01021800
190628081542,SOLO_SUCCESS,01021800
190628081552,TAG_DEPARTED_A,01021800
190628081553,TAG_ARRIVED_A,01021800
190628081553,SOLO_SUCCESS,01021800
190628081616,TAG_ARRIVED_A,01050400
190628081616,SOLO_SUCCESS,01050400
190628081618,TAG_ARRIVED_A,01021800
190628081618,SOLO_SUCCESS,01021800
190628081634,TAG_ARRIVED_A,0102ae00
190628081635,SOLO_SUCCESS,0102ae00
190628081641,TAG_DEPARTED_A,0102ae00
190628081642,TAG_ARRIVED_A,0102ae00
190628081642,SOLO_SUCCESS,0102ae00
190628081647,TAG_DEPARTED_A,0102ae00
190628081648,TAG_ARRIVED_A,01050400
190628081648,SOLO_SUCCESS,01050400
190628081702,TAG_DEPARTED_A,01050400
190628081745,TAG_ARRIVED_A,0102ae00
190628081745,SOLO_SUCCESS,0102ae00
190628081747,TAG_DEPARTED_A,0102ae00
190628081749,TAG_ARRIVED_A,0102ae00
190628081750,SOLO_SUCCESS,0102ae00
190628081753,TAG_DEPARTED_A,0102ae00
190628081753,TAG_ARRIVED_A,0102ae00
190628081754,SOLO_SUCCESS,0102ae00
190628081807,TAG_DEPARTED_A,0102ae00
190628081825,TAG_ARRIVED_A,01021800
190628081826,SOLO_SUCCESS,01021800
190628081906,TAG_DEPARTED_A,01021800
190628081909,TAG_ARRIVED_A,01021800
190628081910,SOLO_SUCCESS,01021800
190628081913,TAG_DEPARTED_A,01021800
190628081914,TAG_ARRIVED_A,01021800
190628081914,SOLO_SUCCESS,01021800
190628081921,TAG_DEPARTED_A,01021800
190628084157,TAG_ARRIVED_A,0102ee00
190628084158,SOLO_SUCCESS,0102ee00
190628084159,TAG_DEPARTED_A,0102ee00
190628093826,TAG_ARRIVED_B,01021800
190628093827,SOLO_SUCCESS,01021800
190628093915,TAG_DEPARTED_B,01021800
190628093919,TAG_ARRIVED_B,01021800
190628093919,SOLO_SUCCESS,01021800
190628093921,TAG_DEPARTED_B,01021800
190628100145,TAG_ARRIVED_A,0102ee00
190628100146,SOLO_SUCCESS,0102ee00
190628100148,TAG_DEPARTED_A,0102ee00
190628100149,TAG_ARRIVED_A,0102ee00
190628100150,SOLO_SUCCESS,0102ee00
190628100153,TAG_DEPARTED_A,0102ee00
190628100207,TAG_ARRIVED_A,0102ee00
190628100208,SOLO_SUCCESS,0102ee00
190628100209,TAG_DEPARTED_A,0102ee00
190628100219,TAG_ARRIVED_B,07991800
190628100220,SOLO_SUCCESS,07991800
190628100221,TAG_DEPARTED_B,07991800
190628100603,TAG_ARRIVED_A,0102ee00
190628100604,SOLO_SUCCESS,0102ee00
190628100605,TAG_DEPARTED_A,0102ee00
190628100658,TAG_ARRIVED_A,0102ee00
190628100659,SOLO_SUCCESS,0102ee00
190628100702,TAG_DEPARTED_A,0102ee00
190628100703,TAG_ARRIVED_A,0102ee00
190628100703,SOLO_SUCCESS,0102ee00
190628100706,TAG_DEPARTED_A,0102ee00
190628100711,TAG_ARRIVED_A,0102ee00
190628100712,SOLO_SUCCESS,0102ee00
190628100713,TAG_DEPARTED_A,0102ee00
190628100750,TAG_ARRIVED_A,0102ee00
190628100751,SOLO_SUCCESS,0102ee00
190628100752,TAG_DEPARTED_A,0102ee00
190628100754,TAG_ARRIVED_A,0102ee00
190628100755,SOLO_SUCCESS,0102ee00
190628100756,TAG_DEPARTED_A,0102ee00
190628100801,TAG_ARRIVED_A,0102ee00
190628100802,SOLO_SUCCESS,0102ee00
190628100803,TAG_DEPARTED_A,0102ee00
190628100852,TAG_ARRIVED_B,0102ee00
190628100853,SOLO_SUCCESS,0102ee00
190628100854,TAG_DEPARTED_B,0102ee00
190628100913,TAG_ARRIVED_A,0102ee00
190628100914,SOLO_SUCCESS,0102ee00
190628100916,TAG_DEPARTED_A,0102ee00
190628100918,TAG_ARRIVED_A,0102ee00
190628100919,SOLO_SUCCESS,0102ee00
190628100922,TAG_DEPARTED_A,0102ee00
190628100926,TAG_ARRIVED_A,0102ee00
190628100927,SOLO_SUCCESS,0102ee00
190628100929,TAG_DEPARTED_A,0102ee00
190628100933,TAG_ARRIVED_A,0102ee00
190628100934,SOLO_SUCCESS,0102ee00
190628100935,TAG_DEPARTED_A,0102ee00
190628100936,TAG_ARRIVED_A,0102ee00
190628100937,SOLO_SUCCESS,0102ee00
190628100940,TAG_DEPARTED_A,0102ee00
190628101116,TAG_ARRIVED_B,0102ee00
190628101117,SOLO_SUCCESS,0102ee00
190628101124,TAG_DEPARTED_B,0102ee00
190628101126,TAG_ARRIVED_B,0102ee00
190628101127,SOLO_SUCCESS,0102ee00
190628101128,TAG_DEPARTED_B,0102ee00
190628101148,TAG_ARRIVED_A,01021800
190628101148,SOLO_SUCCESS,01021800
190628101226,TAG_ARRIVED_B,0102ee00
190628101227,STARTCOOP_FAIL,01021800_0102ee00
190628101228,ENDCOOP_FAIL,0102ee00_01021800
190628101228,TAG_DEPARTED_B,0102ee00
190628101229,TAG_ARRIVED_A,0102ee00
190628101230,SOLO_FAIL,0102ee00
190628101231,TAG_DEPARTED_A,0102ee00
190628101232,TAG_ARRIVED_A,0102ee00
190628101233,SOLO_FAIL,0102ee00
190628101234,TAG_DEPARTED_A,0102ee00
190628101348,TAG_ARRIVED_B,0102ee00
190628101349,SOLO_FAIL,0102ee00
190628101351,ENDCOOP_FAIL,0102ee00_
190628101352,TAG_DEPARTED_B,0102ee00
190628101353,TAG_ARRIVED_B,01021800
190628101354,SOLO_FAIL,01021800
190628101356,ENDCOOP_FAIL,01021800_
190628101356,TAG_DEPARTED_B,01021800
190628101427,LOCKOUT_ENDED,
