190617065300,START_EXPERIMENT,
190617065608,TAG_ARRIVED_A,1653700
190617065608,SOLO_SUCCESS,1653700
190617065616,TAG_DEPARTED_A,1653700
190617065617,TAG_ARRIVED_A,1653700
190617065618,SOLO_SUCCESS,1653700
190617065657,TAG_DEPARTED_A,1653700
190617065707,TAG_ARRIVED_A,1653700
190617065708,SOLO_SUCCESS,1653700
190617065710,TAG_DEPARTED_A,1653700
190617065914,TAG_ARRIVED_A,01043c00
190617065914,SOLO_SUCCESS,01043c00
190617065918,TAG_DEPARTED_A,01043c00
190617065924,TAG_ARRIVED_A,01043c00
190617065925,SOLO_SUCCESS,01043c00
190617065956,TAG_DEPARTED_A,01043c00
190617065957,TAG_ARRIVED_A,0102ae00
190617065957,SOLO_SUCCESS,0102ae00
190617070000,TAG_DEPARTED_A,0102ae00
190617070001,TAG_ARRIVED_A,0102ae00
190617070002,SOLO_SUCCESS,0102ae00
190617070006,TAG_DEPARTED_A,0102ae00
190617070008,TAG_ARRIVED_B,1021800
190617070008,SOLO_SUCCESS,1021800
190617070014,TAG_ARRIVED_A,01043c00
190617070015,STARTCOOP_FAIL,01021800_01043c00
190617070016,TAG_DEPARTED_A,01043c00
190617070017,TAG_ARRIVED_A,01043c00
190617070018,STARTCOOP_FAIL,01021800_01043c00
190617070024,TAG_DEPARTED_A,01043c00
190617070026,TAG_ARRIVED_A,01043c00
190617070027,STARTCOOP_FAIL,01021800_01043c00
190617070029,TAG_DEPARTED_A,01043c00
190617070044,TAG_ARRIVED_A,0102ae00
190617070044,STARTCOOP_SUCCESS,01021800_0102ae00
190617070046,TAG_DEPARTED_A,0102ae00
190617070047,ENDCOOP_SUCCESS,01021800_
190617070047,TAG_DEPARTED_B,1021800
190617070052,TAG_ARRIVED_B,1021800
190617070052,SOLO_FAIL,1021800
190617070055,ENDCOOP_FAIL,01021800_
190617070055,TAG_DEPARTED_B,1021800
190617070111,TAG_ARRIVED_A,01c4ca00
190617070112,SOLO_FAIL,01c4ca00
190617070125,TAG_DEPARTED_A,01c4ca00
190617070125,TAG_ARRIVED_A,01c4ca00
190617070126,SOLO_FAIL,01c4ca00
190617070127,TAG_DEPARTED_A,01c4ca00
190617070128,TAG_ARRIVED_A,01c4ca00
190617070128,SOLO_FAIL,01c4ca00
190617070130,TAG_DEPARTED_A,01c4ca00
190617070152,TAG_ARRIVED_B,01e14200
190617070153,SOLO_FAIL,01e14200
190617070156,TAG_ARRIVED_A,01e14200
190617070157,SOLO_FAIL,01e14200
190617070157,ENDCOOP_FAIL,01e14200_01e14200
190617070157,TAG_DEPARTED_B,01e14200
190617070159,TAG_DEPARTED_A,01e14200
190617070207,TAG_ARRIVED_B,1048700
190617070208,SOLO_FAIL,1048700
190617070209,TAG_ARRIVED_A,1021800
190617070210,STARTCOOP_FAIL,01048700_01021800
190617070211,TAG_DEPARTED_A,1021800
190617070211,ENDCOOP_FAIL,01048700_
190617070212,TAG_DEPARTED_B,1048700
190617070223,TAG_ARRIVED_A,1021800
190617070223,SOLO_FAIL,1021800
190617070225,TAG_DEPARTED_A,1021800
190617070226,TAG_ARRIVED_B,01e14200
190617070227,SOLO_FAIL,01e14200
190617070229,TAG_ARRIVED_A,1048700
190617070230,STARTCOOP_FAIL,01e14200_01048700
190617070232,TAG_ARRIVED_A,1753200
190617070233,STARTCOOP_FAIL,01e14200_01753200
190617070234,TAG_DEPARTED_A,1753200
190617070235,TAG_ARRIVED_B,1048700
190617070236,SOLO_FAIL,1048700
190617070238,ENDCOOP_FAIL,01048700_
190617070238,TAG_DEPARTED_B,1048700
190617070250,TAG_ARRIVED_B,01c4ca00
190617070251,SOLO_FAIL,01c4ca00
190617070256,ENDCOOP_FAIL,01c4ca00_
190617070256,TAG_DEPARTED_B,01c4ca00
190617070332,TAG_ARRIVED_A,1753200
190617070333,SOLO_FAIL,1753200
190617070334,TAG_DEPARTED_A,1753200
190617070337,TAG_ARRIVED_A,1753200
190617070338,SOLO_FAIL,1753200
190617070354,TAG_DEPARTED_A,1753200
190617070359,TAG_ARRIVED_B,1753200
190617070400,SOLO_FAIL,1753200
190617070401,ENDCOOP_FAIL,01753200_
190617070401,TAG_DEPARTED_B,1753200
190617070403,TAG_ARRIVED_B,1753200
190617070404,SOLO_FAIL,1753200
190617070410,ENDCOOP_FAIL,01753200_
190617070410,TAG_DEPARTED_B,1753200
190617070433,LOCKOUT_ENDED,
190617070451,TAG_ARRIVED_B,1753200
190617070452,SOLO_SUCCESS,1753200
190617070455,TAG_DEPARTED_B,1753200
190617070458,TAG_ARRIVED_B,1021800
190617070459,SOLO_SUCCESS,1021800
190617070501,TAG_DEPARTED_B,1021800
190617070502,TAG_ARRIVED_B,1021800
190617070502,SOLO_SUCCESS,1021800
190617070504,TAG_DEPARTED_B,1021800
190617070513,TAG_ARRIVED_B,1021800
190617070514,SOLO_SUCCESS,1021800
190617070515,TAG_DEPARTED_B,1021800
190617070518,TAG_ARRIVED_B,1021800
190617070519,SOLO_SUCCESS,1021800
190617070520,TAG_DEPARTED_B,1021800
190617070521,TAG_ARRIVED_B,1021800
190617070522,SOLO_SUCCESS,1021800
190617070523,TAG_DEPARTED_B,1021800
190617070534,TAG_ARRIVED_B,1021800
190617070535,SOLO_SUCCESS,1021800
190617070536,TAG_DEPARTED_B,1021800
190617070541,TAG_ARRIVED_B,1021800
190617070541,SOLO_SUCCESS,1021800
190617070542,TAG_DEPARTED_B,1021800
190617070546,TAG_ARRIVED_B,1021800
190617070546,SOLO_SUCCESS,1021800
190617070549,TAG_DEPARTED_B,1021800
190617070550,TAG_ARRIVED_B,1021800
190617070551,SOLO_SUCCESS,1021800
190617070559,TAG_DEPARTED_B,1021800
190617070559,TAG_ARRIVED_B,1021800
190617070600,SOLO_SUCCESS,1021800
190617070604,TAG_DEPARTED_B,1021800
190617070605,TAG_ARRIVED_B,1021800
190617070605,SOLO_SUCCESS,1021800
190617070608,TAG_DEPARTED_B,1021800
190617070719,TAG_ARRIVED_A,1753200
190617070720,SOLO_SUCCESS,1753200
190617070726,TAG_DEPARTED_A,1753200
190617070750,TAG_ARRIVED_A,1021800
190617070751,SOLO_SUCCESS,1021800
190617070753,TAG_DEPARTED_A,1021800
190617070759,TAG_ARRIVED_B,1021800
190617070759,SOLO_SUCCESS,1021800
190617070822,TAG_DEPARTED_B,1021800
190617070822,TAG_ARRIVED_B,1021800
190617070823,SOLO_SUCCESS,1021800
190617070910,TAG_ARRIVED_A,1021800
190617070910,SOLO_SUCCESS,1021800
190617070911,TAG_DEPARTED_B,1021800
190617070913,TAG_DEPARTED_A,1021800
190617071050,TAG_ARRIVED_B,1753200
190617071051,SOLO_SUCCESS,1753200
190617071059,TAG_DEPARTED_B,1753200
190617071103,TAG_ARRIVED_B,1753200
190617071103,SOLO_SUCCESS,1753200
190617071108,TAG_DEPARTED_B,1753200
190617071125,TAG_ARRIVED_A,1753200
190617071126,SOLO_SUCCESS,1753200
190617071147,TAG_DEPARTED_A,1753200
190617071147,TAG_ARRIVED_A,1753200
190617071148,SOLO_SUCCESS,1753200
190617071149,TAG_DEPARTED_A,1753200
190617071151,TAG_ARRIVED_A,01c4ca00
190617071152,SOLO_SUCCESS,01c4ca00
190617071154,TAG_DEPARTED_A,01c4ca00
190617071156,TAG_ARRIVED_A,01c4ca00
190617071157,SOLO_SUCCESS,01c4ca00
190617071158,TAG_DEPARTED_A,01c4ca00
190617071159,TAG_ARRIVED_A,01c4ca00
190617071159,SOLO_SUCCESS,01c4ca00
190617071203,TAG_DEPARTED_A,01c4ca00
190617071209,TAG_ARRIVED_A,01c4ca00
190617071210,SOLO_SUCCESS,01c4ca00
190617071213,TAG_DEPARTED_A,01c4ca00
190617071219,TAG_ARRIVED_A,01c4ca00
190617071220,SOLO_SUCCESS,01c4ca00
190617071221,TAG_DEPARTED_A,01c4ca00
190617071229,TAG_ARRIVED_A,01c4ca00
190617071230,SOLO_SUCCESS,01c4ca00
190617071238,TAG_DEPARTED_A,01c4ca00
190617071243,TAG_ARRIVED_A,01c4ca00
190617071244,SOLO_SUCCESS,01c4ca00
190617071245,TAG_DEPARTED_A,01c4ca00
190617071250,TAG_ARRIVED_A,01c4ca00
190617071251,SOLO_SUCCESS,01c4ca00
190617071254,TAG_DEPARTED_A,01c4ca00
190617071301,TAG_ARRIVED_A,01e14200
190617071302,SOLO_SUCCESS,01e14200
190617071304,TAG_ARRIVED_B,01c4ca00
190617071305,STARTCOOP_FAIL,01e14200_01c4ca00
190617071305,TAG_DEPARTED_A,01e14200
190617071334,ENDCOOP_FAIL,01c4ca00_
190617071334,TAG_DEPARTED_B,01c4ca00
190617071335,TAG_ARRIVED_A,01c4ca00
190617071335,SOLO_FAIL,01c4ca00
190617071337,TAG_DEPARTED_A,01c4ca00
190617071505,LOCKOUT_ENDED,
190617073024,TAG_ARRIVED_B,01043c00
190617073025,SOLO_SUCCESS,01043c00
190617073026,TAG_DEPARTED_B,01043c00
190617073029,TAG_ARRIVED_B,01043c00
190617073030,SOLO_SUCCESS,01043c00
190617073032,TAG_DEPARTED_B,01043c00
190617073053,TAG_ARRIVED_A,0102ae00
190617073054,SOLO_SUCCESS,0102ae00
190617073056,TAG_DEPARTED_A,0102ae00
190617073058,TAG_ARRIVED_B,01043c00
190617073058,SOLO_SUCCESS,01043c00
190617073104,TAG_DEPARTED_B,01043c00
190617073106,TAG_ARRIVED_A,0102ae00
190617073107,SOLO_SUCCESS,0102ae00
190617073108,TAG_DEPARTED_A,0102ae00
190617073114,TAG_ARRIVED_A,1653700
190617073115,SOLO_SUCCESS,1653700
190617073115,TAG_ARRIVED_B,01043c00
190617073117,STARTCOOP_SUCCESS,01653700_01043c00
190617073117,TAG_DEPARTED_A,1653700
190617073119,TAG_ARRIVED_A,1653700
190617073120,STARTCOOP_SUCCESS,01043c00_01653700
190617073121,TAG_DEPARTED_A,1653700
190617073123,TAG_ARRIVED_A,1653700
190617073124,STARTCOOP_SUCCESS,01043c00_01653700
190617073124,TAG_ARRIVED_B,1050400
190617073125,STARTCOOP_FAIL,01653700_01050400
190617073125,ENDCOOP_FAIL,01050400_01653700
190617073126,TAG_DEPARTED_B,1050400
190617073129,TAG_DEPARTED_A,1653700
190617073134,TAG_ARRIVED_A,0101c200
190617073135,SOLO_FAIL,0101c200
190617073137,TAG_DEPARTED_A,0101c200
190617073138,TAG_ARRIVED_A,0101c200
190617073139,SOLO_FAIL,0101c200
190617073140,TAG_DEPARTED_A,0101c200
190617073142,TAG_ARRIVED_A,0101c200
190617073143,SOLO_FAIL,0101c200
190617073147,TAG_DEPARTED_A,0101c200
190617073148,TAG_ARRIVED_A,0101c200
190617073149,SOLO_FAIL,0101c200
190617073150,TAG_DEPARTED_A,0101c200
190617073207,TAG_ARRIVED_A,0101c200
190617073208,SOLO_FAIL,0101c200
190617073208,TAG_ARRIVED_B,01e14200
190617073209,STARTCOOP_FAIL,0101c200_01e14200
190617073209,ENDCOOP_FAIL,01e14200_0101c200
190617073209,TAG_DEPARTED_B,01e14200
190617073211,TAG_ARRIVED_B,1048700
190617073212,STARTCOOP_SUCCESS,0101c200_01048700
190617073213,TAG_DEPARTED_A,0101c200
190617073214,ENDCOOP_SUCCESS,01048700_
190617073214,TAG_DEPARTED_B,1048700
190617073254,TAG_ARRIVED_A,01e14200
190617073255,SOLO_FAIL,01e14200
190617073310,TAG_ARRIVED_A,0101c200
190617073311,SOLO_FAIL,0101c200
190617073317,TAG_DEPARTED_A,0101c200
190617073319,TAG_ARRIVED_A,0101c200
190617073319,SOLO_FAIL,0101c200
190617073331,TAG_DEPARTED_A,0101c200
190617073409,LOCKOUT_ENDED,
190617073621,TAG_ARRIVED_A,1653700
190617073622,SOLO_SUCCESS,1653700
190617073631,TAG_ARRIVED_B,1021800
190617073631,STARTCOOP_FAIL,01653700_01021800
190617073632,TAG_DEPARTED_A,1653700
190617073638,ENDCOOP_FAIL,01021800_
190617073639,TAG_DEPARTED_B,1021800
190617073640,TAG_ARRIVED_B,1021800
190617073640,SOLO_FAIL,1021800
190617073644,ENDCOOP_FAIL,01021800_
190617073644,TAG_DEPARTED_B,1021800
190617073829,TAG_ARRIVED_A,1021800
190617073829,SOLO_FAIL,1021800
190617073832,LOCKOUT_ENDED,
190617073834,TAG_DEPARTED_A,1021800
190617073837,TAG_ARRIVED_B,1021800
190617073837,SOLO_SUCCESS,1021800
190617073839,TAG_ARRIVED_A,1653700
190617073840,STARTCOOP_FAIL,01021800_01653700
190617073840,ENDCOOP_FAIL,01021800_01653700
190617073840,TAG_DEPARTED_B,1021800
190617073840,TAG_ARRIVED_B,1021800
190617073841,STARTCOOP_FAIL,01653700_01021800
190617073842,TAG_DEPARTED_A,1653700
190617073843,ENDCOOP_FAIL,01021800_
190617073843,TAG_DEPARTED_B,1021800
190617074041,LOCKOUT_ENDED,
190617074132,TAG_ARRIVED_A,1653700
190617074133,SOLO_SUCCESS,1653700
190617074134,TAG_DEPARTED_A,1653700
190617074219,TAG_ARRIVED_A,1653700
190617074220,SOLO_SUCCESS,1653700
190617074230,TAG_DEPARTED_A,1653700
190617074234,TAG_ARRIVED_A,1653700
190617074235,SOLO_SUCCESS,1653700
190617074237,TAG_DEPARTED_A,1653700
190617074243,TAG_ARRIVED_A,1653700
190617074244,SOLO_SUCCESS,1653700
190617074251,TAG_DEPARTED_A,1653700
190617074254,TAG_ARRIVED_A,1653700
190617074254,SOLO_SUCCESS,1653700
190617074300,TAG_DEPARTED_A,1653700
190617074302,TAG_ARRIVED_A,1653700
190617074303,SOLO_SUCCESS,1653700
190617074307,TAG_DEPARTED_A,1653700
190617074313,TAG_ARRIVED_A,1653700
190617074314,SOLO_SUCCESS,1653700
190617074320,TAG_DEPARTED_A,1653700
190617074357,TAG_ARRIVED_A,1653700
190617074358,SOLO_SUCCESS,1653700
190617074402,TAG_DEPARTED_A,1653700
190617074410,TAG_ARRIVED_A,1653700
190617074411,SOLO_SUCCESS,1653700
190617074412,TAG_DEPARTED_A,1653700
190617074425,TAG_ARRIVED_A,1653700
190617074426,SOLO_SUCCESS,1653700
190617074429,TAG_DEPARTED_A,1653700
190617074430,TAG_ARRIVED_A,1653700
190617074431,SOLO_SUCCESS,1653700
190617074432,TAG_DEPARTED_A,1653700
190617074434,TAG_ARRIVED_A,1653700
190617074435,SOLO_SUCCESS,1653700
190617074439,TAG_DEPARTED_A,1653700
190617074441,TAG_ARRIVED_A,1653700
190617074442,SOLO_SUCCESS,1653700
190617074443,TAG_DEPARTED_A,1653700
190617074449,TAG_ARRIVED_A,1653700
190617074450,SOLO_SUCCESS,1653700
190617074451,TAG_DEPARTED_A,1653700
190617074453,TAG_ARRIVED_A,1653700
190617074454,SOLO_SUCCESS,1653700
190617074501,TAG_DEPARTED_A,1653700
190617074855,TAG_ARRIVED_B,01c4ca00
190617074856,SOLO_SUCCESS,01c4ca00
190617074859,TAG_DEPARTED_B,01c4ca00
190617074904,TAG_ARRIVED_B,01c4ca00
190617074905,SOLO_SUCCESS,01c4ca00
190617074906,TAG_DEPARTED_B,01c4ca00
190617074907,TAG_ARRIVED_B,01c4ca00
190617074908,SOLO_SUCCESS,01c4ca00
190617074911,TAG_DEPARTED_B,01c4ca00
190617075047,TAG_ARRIVED_A,01c2e300
190617075048,SOLO_SUCCESS,01c2e300
190617075052,TAG_DEPARTED_A,01c2e300
190617080844,TAG_ARRIVED_A,0101c200
190617080845,SOLO_SUCCESS,0101c200
190617080849,TAG_DEPARTED_A,0101c200
190617080851,TAG_ARRIVED_A,0101c200
190617080852,SOLO_SUCCESS,0101c200
190617080852,TAG_ARRIVED_B,01e14200
190617080853,STARTCOOP_FAIL,0101c200_01e14200
190617080853,TAG_DEPARTED_A,0101c200
190617080853,TAG_ARRIVED_B,0101c200
190617080854,SOLO_FAIL,0101c200
190617080855,TAG_ARRIVED_A,1050400
190617080855,STARTCOOP_FAIL,0101c200_01050400
190617080857,ENDCOOP_FAIL,0101c200_01050400
190617080857,TAG_DEPARTED_B,0101c200
190617080858,TAG_DEPARTED_A,1050400
190617080900,TAG_ARRIVED_A,1050400
190617080900,SOLO_FAIL,1050400
190617080904,TAG_ARRIVED_A,0101c200
190617080905,SOLO_FAIL,0101c200
190617080908,TAG_DEPARTED_A,0101c200
190617080909,TAG_ARRIVED_A,0101c200
190617080910,SOLO_FAIL,0101c200
190617080918,TAG_DEPARTED_A,0101c200
190617080940,TAG_ARRIVED_B,01c4ca00
190617080941,SOLO_FAIL,01c4ca00
190617080945,ENDCOOP_FAIL,01c4ca00_
190617080946,TAG_DEPARTED_B,01c4ca00
190617080955,TAG_ARRIVED_B,01e14200
190617080956,SOLO_FAIL,01e14200
190617081008,ENDCOOP_FAIL,01e14200_
190617081008,TAG_DEPARTED_B,01e14200
190617081010,TAG_ARRIVED_B,01e14200
190617081011,SOLO_FAIL,01e14200
190617081013,TAG_ARRIVED_B,01026c00
190617081014,SOLO_FAIL,01026c00
190617081017,ENDCOOP_FAIL,01026c00_
190617081017,TAG_DEPARTED_B,01026c00
190617081018,TAG_ARRIVED_A,01026c00
190617081019,SOLO_FAIL,01026c00
190617081020,TAG_DEPARTED_A,01026c00
190617081056,LOCKOUT_ENDED,
190617081108,TAG_ARRIVED_A,01026c00
190617081109,SOLO_SUCCESS,01026c00
190617081110,TAG_DEPARTED_A,01026c00
190617081133,TAG_ARRIVED_A,01026c00
190617081134,SOLO_SUCCESS,01026c00
190617081144,TAG_DEPARTED_A,01026c00
190617081145,TAG_ARRIVED_A,01026c00
190617081146,SOLO_SUCCESS,01026c00
190617081148,TAG_DEPARTED_A,01026c00
190617081148,TAG_ARRIVED_A,01026c00
190617081149,SOLO_SUCCESS,01026c00
190617081159,TAG_DEPARTED_A,01026c00
190617081202,TAG_ARRIVED_A,01026c00
190617081203,SOLO_SUCCESS,01026c00
190617081208,TAG_ARRIVED_A,01c4ca00
190617081209,SOLO_SUCCESS,01c4ca00
190617081211,TAG_DEPARTED_A,01c4ca00
190617081217,TAG_ARRIVED_A,01043c00
190617081218,SOLO_SUCCESS,01043c00
190617081223,TAG_DEPARTED_A,01043c00
190617081236,TAG_ARRIVED_A,01e14200
190617081237,SOLO_SUCCESS,01e14200
190617081238,TAG_DEPARTED_A,01e14200
190617081336,TAG_ARRIVED_A,01c4ca00
190617081337,SOLO_SUCCESS,01c4ca00
190617081349,TAG_DEPARTED_A,01c4ca00
190617081355,TAG_ARRIVED_A,01c4ca00
190617081356,SOLO_SUCCESS,01c4ca00
190617081414,TAG_DEPARTED_A,01c4ca00
190617081416,TAG_ARRIVED_B,01c4ca00
190617081417,SOLO_SUCCESS,01c4ca00
190617081437,TAG_DEPARTED_B,01c4ca00
190617081443,TAG_ARRIVED_A,01c4ca00
190617081444,SOLO_SUCCESS,01c4ca00
190617081456,TAG_DEPARTED_A,01c4ca00
190617081516,TAG_ARRIVED_A,01c4ca00
190617081517,SOLO_SUCCESS,01c4ca00
190617081536,TAG_DEPARTED_A,01c4ca00
190617081537,TAG_ARRIVED_A,01c4ca00
190617081538,SOLO_SUCCESS,01c4ca00
190617081613,TAG_DEPARTED_A,01c4ca00
190617081617,TAG_ARRIVED_A,01c4ca00
190617081618,SOLO_SUCCESS,01c4ca00
190617081619,TAG_DEPARTED_A,01c4ca00
190617081628,TAG_ARRIVED_B,01c4ca00
190617081629,SOLO_SUCCESS,01c4ca00
190617081641,TAG_DEPARTED_B,01c4ca00
190617081642,TAG_ARRIVED_B,01c4ca00
190617081643,SOLO_SUCCESS,01c4ca00
190617081650,TAG_DEPARTED_B,01c4ca00
190617081651,TAG_ARRIVED_B,01c4ca00
190617081652,SOLO_SUCCESS,01c4ca00
190617081653,TAG_DEPARTED_B,01c4ca00
190617082146,TAG_ARRIVED_A,1048700
190617082147,SOLO_SUCCESS,1048700
190617082150,TAG_DEPARTED_A,1048700
190617082155,TAG_ARRIVED_A,1048700
190617082156,SOLO_SUCCESS,1048700
190617082158,TAG_DEPARTED_A,1048700
190617082258,TAG_ARRIVED_A,0102ee00
190617082259,SOLO_SUCCESS,0102ee00
190617082313,TAG_DEPARTED_A,0102ee00
190617082338,TAG_ARRIVED_A,1050400
190617082338,SOLO_SUCCESS,1050400
190617082346,TAG_DEPARTED_A,1050400
190617082354,TAG_ARRIVED_A,1050400
190617082354,SOLO_SUCCESS,1050400
190617082406,TAG_DEPARTED_A,1050400
190617082410,TAG_ARRIVED_A,1653700
190617082411,SOLO_SUCCESS,1653700
190617082412,TAG_DEPARTED_A,1653700
190617082414,TAG_ARRIVED_A,1653700
190617082414,SOLO_SUCCESS,1653700
190617082416,TAG_DEPARTED_A,1653700
190617082418,TAG_ARRIVED_A,1653700
190617082419,SOLO_SUCCESS,1653700
190617082420,TAG_DEPARTED_A,1653700
190617082423,TAG_ARRIVED_A,1653700
190617082424,SOLO_SUCCESS,1653700
190617082425,TAG_DEPARTED_A,1653700
190617082438,TAG_ARRIVED_A,1653700
190617082439,SOLO_SUCCESS,1653700
190617082440,TAG_DEPARTED_A,1653700
190617082441,TAG_ARRIVED_A,1653700
190617082442,SOLO_SUCCESS,1653700
190617082443,TAG_DEPARTED_A,1653700
190617082445,TAG_ARRIVED_A,1653700
190617082445,SOLO_SUCCESS,1653700
190617082448,TAG_DEPARTED_A,1653700
190617082449,TAG_ARRIVED_A,1653700
190617082449,SOLO_SUCCESS,1653700
190617082451,TAG_DEPARTED_A,1653700
190617082455,TAG_ARRIVED_A,1653700
190617082456,SOLO_SUCCESS,1653700
190617082504,TAG_DEPARTED_A,1653700
190617082530,TAG_ARRIVED_B,1048700
190617082530,SOLO_SUCCESS,1048700
190617082533,TAG_DEPARTED_B,1048700
190617082559,TAG_ARRIVED_A,1050400
190617082600,SOLO_SUCCESS,1050400
190617082608,TAG_DEPARTED_A,1050400
190617082609,TAG_ARRIVED_B,01c2e300
190617082610,SOLO_SUCCESS,01c2e300
190617082613,TAG_DEPARTED_B,01c2e300
190617082618,TAG_ARRIVED_A,0102ee00
190617082619,SOLO_SUCCESS,0102ee00
190617082635,TAG_DEPARTED_A,0102ee00
190617082645,TAG_ARRIVED_A,0102ee00
190617082646,SOLO_SUCCESS,0102ee00
190617082647,TAG_ARRIVED_B,01c2e300
190617082648,STARTCOOP_SUCCESS,0102ee00_01c2e300
190617082649,TAG_DEPARTED_A,0102ee00
190617082651,ENDCOOP_SUCCESS,01c2e300_
190617082651,TAG_DEPARTED_B,01c2e300
190617082706,TAG_ARRIVED_B,0102ee00
190617082707,SOLO_SUCCESS,0102ee00
190617082708,TAG_DEPARTED_B,0102ee00
190617082709,TAG_ARRIVED_B,0102ee00
190617082710,SOLO_SUCCESS,0102ee00
190617082833,TAG_DEPARTED_B,0102ee00
190617082837,TAG_ARRIVED_B,01c2e300
190617082838,SOLO_SUCCESS,01c2e300
190617082840,TAG_DEPARTED_B,01c2e300
190617082926,TAG_ARRIVED_B,0102d900
190617082927,SOLO_SUCCESS,0102d900
190617082928,TAG_DEPARTED_B,0102d900
190617083027,TAG_ARRIVED_B,0101c200
190617083028,SOLO_SUCCESS,0101c200
190617083038,TAG_DEPARTED_B,0101c200
190617083040,TAG_ARRIVED_B,0101c200
190617083041,SOLO_SUCCESS,0101c200
190617083049,TAG_DEPARTED_B,0101c200
190617083049,TAG_ARRIVED_B,0101c200
190617083050,SOLO_SUCCESS,0101c200
190617083053,TAG_DEPARTED_B,0101c200
190617083059,TAG_ARRIVED_B,01c2e300
190617083100,SOLO_SUCCESS,01c2e300
190617083122,TAG_DEPARTED_B,01c2e300
190617083135,TAG_ARRIVED_B,1050400
190617083135,SOLO_SUCCESS,1050400
190617083138,TAG_DEPARTED_B,1050400
190617083149,TAG_ARRIVED_B,01c4ca00
190617083150,SOLO_SUCCESS,01c4ca00
190617083153,TAG_DEPARTED_B,01c4ca00
190617083253,TAG_ARRIVED_B,01c4ca00
190617083254,SOLO_SUCCESS,01c4ca00
190617083310,TAG_DEPARTED_B,01c4ca00
190617083354,TAG_ARRIVED_B,01c4ca00
190617083355,SOLO_SUCCESS,01c4ca00
190617083414,TAG_ARRIVED_B,0101c200
190617083415,SOLO_SUCCESS,0101c200
190617083417,TAG_DEPARTED_B,0101c200
190617083419,TAG_ARRIVED_B,0101c200
190617083420,SOLO_SUCCESS,0101c200
190617083438,TAG_DEPARTED_B,0101c200
190617083441,TAG_ARRIVED_B,0101c200
190617083442,SOLO_SUCCESS,0101c200
190617083452,TAG_DEPARTED_B,0101c200
190617083503,TAG_ARRIVED_B,1050400
190617083504,SOLO_SUCCESS,1050400
190617083505,TAG_DEPARTED_B,1050400
190617083506,TAG_ARRIVED_B,1050400
190617083507,SOLO_SUCCESS,1050400
190617083513,TAG_DEPARTED_B,1050400
190617083620,TAG_ARRIVED_B,01e14200
190617083621,SOLO_SUCCESS,01e14200
190617083626,TAG_DEPARTED_B,01e14200
190617083703,TAG_ARRIVED_A,1048700
190617083703,SOLO_SUCCESS,1048700
190617083708,TAG_DEPARTED_A,1048700
190617083712,TAG_ARRIVED_A,1048700
190617083713,SOLO_SUCCESS,1048700
190617083730,TAG_DEPARTED_A,1048700
190617083751,TAG_ARRIVED_B,01d41b00
190617083752,SOLO_SUCCESS,01d41b00
190617083753,TAG_DEPARTED_B,01d41b00
190617083754,TAG_ARRIVED_B,01d41b00
190617083755,SOLO_SUCCESS,01d41b00
190617083756,TAG_DEPARTED_B,01d41b00
190617083801,TAG_ARRIVED_A,1048700
190617083802,SOLO_SUCCESS,1048700
190617083804,TAG_DEPARTED_A,1048700
190617083810,TAG_ARRIVED_A,1048700
190617083811,SOLO_SUCCESS,1048700
190617083812,TAG_ARRIVED_B,01d41b00
190617083813,STARTCOOP_SUCCESS,01048700_01d41b00
190617083813,TAG_DEPARTED_A,1048700
190617083815,ENDCOOP_SUCCESS,01d41b00_
190617083816,TAG_DEPARTED_B,01d41b00
190617083817,TAG_ARRIVED_B,01d41b00
190617083818,SOLO_SUCCESS,01d41b00
190617083819,TAG_DEPARTED_B,01d41b00
190617083820,TAG_ARRIVED_B,01d41b00
190617083821,SOLO_SUCCESS,01d41b00
190617083822,TAG_ARRIVED_B,1048700
190617083823,SOLO_SUCCESS,1048700
190617083824,TAG_DEPARTED_B,1048700
190617083831,TAG_ARRIVED_A,018b0800
190617083832,SOLO_SUCCESS,018b0800
190617083834,TAG_DEPARTED_A,018b0800
190617083838,TAG_ARRIVED_A,018b0800
190617083839,SOLO_SUCCESS,018b0800
190617083840,TAG_ARRIVED_A,01c4ca00
190617083841,SOLO_SUCCESS,01c4ca00
190617083843,TAG_DEPARTED_A,01c4ca00
190617083844,TAG_ARRIVED_A,01c4ca00
190617083845,SOLO_SUCCESS,01c4ca00
190617083915,TAG_DEPARTED_A,01c4ca00
190617083937,TAG_ARRIVED_A,01c4ca00
190617083937,SOLO_SUCCESS,01c4ca00
190617083940,TAG_ARRIVED_A,01e01400
190617083941,SOLO_SUCCESS,01e01400
190617083942,TAG_DEPARTED_A,01e01400
190617084012,TAG_ARRIVED_A,01e01400
190617084013,SOLO_SUCCESS,01e01400
190617084023,TAG_DEPARTED_A,01e01400
190617084028,TAG_ARRIVED_A,01d41b00
190617084029,SOLO_SUCCESS,01d41b00
190617084030,TAG_DEPARTED_A,01d41b00
190617084038,TAG_ARRIVED_A,01d41b00
190617084039,SOLO_SUCCESS,01d41b00
190617084040,TAG_DEPARTED_A,01d41b00
190617084050,TAG_ARRIVED_A,01d41b00
190617084051,SOLO_SUCCESS,01d41b00
190617084053,TAG_DEPARTED_A,01d41b00
190617084314,TAG_ARRIVED_A,01043c00
190617084315,SOLO_SUCCESS,01043c00
190617084319,TAG_DEPARTED_A,01043c00
190617084319,TAG_ARRIVED_A,01043c00
190617084320,SOLO_SUCCESS,01043c00
190617084354,TAG_DEPARTED_A,01043c00
190617084405,TAG_ARRIVED_A,01043c00
190617084406,SOLO_SUCCESS,01043c00
190617084431,TAG_DEPARTED_A,01043c00
190617084441,TAG_ARRIVED_B,7991800
190617084442,SOLO_SUCCESS,7991800
190617084453,TAG_DEPARTED_B,7991800
190617084457,TAG_ARRIVED_B,7991800
190617084457,SOLO_SUCCESS,7991800
190617084459,TAG_DEPARTED_B,7991800
190617084605,TAG_ARRIVED_B,0101c200
190617084606,SOLO_SUCCESS,0101c200
190617084610,TAG_ARRIVED_A,1050400
190617084610,STARTCOOP_FAIL,0101c200_01050400
190617084620,ENDCOOP_FAIL,0101c200_01050400
190617084620,TAG_DEPARTED_B,0101c200
190617084622,TAG_DEPARTED_A,1050400
190617084628,TAG_ARRIVED_A,01df6400
190617084629,SOLO_FAIL,01df6400
190617084630,TAG_DEPARTED_A,01df6400
190617084635,TAG_ARRIVED_B,0101c200
190617084636,SOLO_FAIL,0101c200
190617084639,ENDCOOP_FAIL,0101c200_
190617084639,TAG_DEPARTED_B,0101c200
190617084650,TAG_ARRIVED_B,0101c200
190617084651,SOLO_FAIL,0101c200
190617084652,ENDCOOP_FAIL,0101c200_
190617084653,TAG_DEPARTED_B,0101c200
190617084656,TAG_ARRIVED_B,0101c200
190617084657,SOLO_FAIL,0101c200
190617084701,ENDCOOP_FAIL,0101c200_
190617084701,TAG_DEPARTED_B,0101c200
190617084703,TAG_ARRIVED_B,0101c200
190617084703,SOLO_FAIL,0101c200
190617084709,ENDCOOP_FAIL,0101c200_
190617084709,TAG_DEPARTED_B,0101c200
190617084720,TAG_ARRIVED_B,0101c200
190617084721,SOLO_FAIL,0101c200
190617084722,TAG_ARRIVED_A,1050400
190617084722,STARTCOOP_FAIL,0101c200_01050400
190617084724,ENDCOOP_FAIL,0101c200_01050400
190617084724,TAG_DEPARTED_B,0101c200
190617084724,TAG_ARRIVED_B,0101c200
190617084725,STARTCOOP_FAIL,01050400_0101c200
190617084725,TAG_DEPARTED_A,1050400
190617084731,ENDCOOP_FAIL,0101c200_
190617084731,TAG_DEPARTED_B,0101c200
190617084731,TAG_ARRIVED_A,0101c200
190617084732,SOLO_FAIL,0101c200
190617084736,TAG_ARRIVED_B,0101c200
190617084737,SOLO_FAIL,0101c200
190617084737,TAG_DEPARTED_A,0101c200
190617084738,ENDCOOP_FAIL,0101c200_
190617084738,TAG_DEPARTED_B,0101c200
190617084748,TAG_ARRIVED_B,0101c200
190617084748,SOLO_FAIL,0101c200
190617084754,ENDCOOP_FAIL,0101c200_
190617084754,TAG_DEPARTED_B,0101c200
190617084801,TAG_ARRIVED_B,0101c200
190617084802,SOLO_FAIL,0101c200
190617084805,ENDCOOP_FAIL,0101c200_
190617084805,TAG_DEPARTED_B,0101c200
190617084809,TAG_ARRIVED_B,0101c200
190617084810,SOLO_FAIL,0101c200
190617084813,ENDCOOP_FAIL,0101c200_
190617084813,TAG_DEPARTED_B,0101c200
190617084818,TAG_ARRIVED_B,0101c200
190617084819,SOLO_FAIL,0101c200
190617084829,ENDCOOP_FAIL,0101c200_
190617084830,TAG_DEPARTED_B,0101c200
190617084831,TAG_ARRIVED_B,0101c200
190617084832,SOLO_FAIL,0101c200
190617084834,ENDCOOP_FAIL,0101c200_
190617084835,TAG_DEPARTED_B,0101c200
190617084856,TAG_ARRIVED_A,0102ee00
190617084856,SOLO_FAIL,0102ee00
190617084900,TAG_DEPARTED_A,0102ee00
190617084901,TAG_ARRIVED_B,0102ee00
190617084901,SOLO_FAIL,0102ee00
190617084918,ENDCOOP_FAIL,0102ee00_
190617084918,TAG_DEPARTED_B,0102ee00
190617084919,TAG_ARRIVED_B,0102ee00
190617084920,SOLO_FAIL,0102ee00
190617084922,ENDCOOP_FAIL,0102ee00_
190617084922,TAG_DEPARTED_B,0102ee00
190617084925,LOCKOUT_ENDED,
190617084926,TAG_ARRIVED_A,0102ee00
190617084927,SOLO_SUCCESS,0102ee00
190617085000,TAG_DEPARTED_A,0102ee00
190617085033,TAG_ARRIVED_B,0102ee00
190617085034,SOLO_SUCCESS,0102ee00
190617085035,TAG_DEPARTED_B,0102ee00
190617085036,TAG_ARRIVED_A,0102ee00
190617085037,SOLO_SUCCESS,0102ee00
190617085038,TAG_DEPARTED_A,0102ee00
190617085054,TAG_ARRIVED_A,0102ee00
190617085055,SOLO_SUCCESS,0102ee00
190617085056,TAG_DEPARTED_A,0102ee00
190617085056,TAG_ARRIVED_B,0102ee00
190617085057,SOLO_SUCCESS,0102ee00
190617085142,TAG_ARRIVED_A,0102ee00
190617085143,SOLO_SUCCESS,0102ee00
190617085143,TAG_DEPARTED_B,0102ee00
190617085155,TAG_DEPARTED_A,0102ee00
190617085212,TAG_ARRIVED_A,01c4ca00
190617085213,SOLO_SUCCESS,01c4ca00
190617085214,TAG_DEPARTED_A,01c4ca00
190617085219,TAG_ARRIVED_A,01c4ca00
190617085220,SOLO_SUCCESS,01c4ca00
190617085221,TAG_DEPARTED_A,01c4ca00
190617085222,TAG_ARRIVED_A,01c4ca00
190617085223,SOLO_SUCCESS,01c4ca00
190617085224,TAG_DEPARTED_A,01c4ca00
190617085228,TAG_ARRIVED_A,01c4ca00
190617085228,SOLO_SUCCESS,01c4ca00
190617085246,TAG_ARRIVED_B,1753200
190617085247,STARTCOOP_SUCCESS,01c4ca00_01753200
190617085249,ENDCOOP_SUCCESS,01753200_01c4ca00
190617085250,TAG_DEPARTED_B,1753200
190617085252,TAG_DEPARTED_A,01c4ca00
190617085253,TAG_ARRIVED_A,01c4ca00
190617085254,SOLO_SUCCESS,01c4ca00
190617085255,TAG_DEPARTED_A,01c4ca00
190617085256,TAG_ARRIVED_B,1753200
190617085257,SOLO_SUCCESS,1753200
190617085301,TAG_DEPARTED_B,1753200
190617085310,TAG_ARRIVED_A,01c4ca00
190617085311,SOLO_SUCCESS,01c4ca00
190617085313,TAG_DEPARTED_A,01c4ca00
190617090310,TAG_ARRIVED_A,01e01400
190617090311,SOLO_SUCCESS,01e01400
190617090312,TAG_DEPARTED_A,01e01400
190617090326,TAG_ARRIVED_A,1050400
190617090326,SOLO_SUCCESS,1050400
190617090345,TAG_DEPARTED_A,1050400
190617090346,TAG_ARRIVED_A,01c4ca00
190617090347,SOLO_SUCCESS,01c4ca00
190617090350,TAG_DEPARTED_A,01c4ca00
190617090350,TAG_ARRIVED_A,0101c200
190617090351,SOLO_SUCCESS,0101c200
190617090421,TAG_DEPARTED_A,0101c200
190617090422,TAG_ARRIVED_A,0101c200
190617090422,SOLO_SUCCESS,0101c200
190617090426,TAG_DEPARTED_A,0101c200
190617090431,TAG_ARRIVED_A,0101c200
190617090432,SOLO_SUCCESS,0101c200
190617090433,TAG_DEPARTED_A,0101c200
190617090442,TAG_ARRIVED_A,0101c200
190617090443,SOLO_SUCCESS,0101c200
190617090455,TAG_DEPARTED_A,0101c200
190617090457,TAG_ARRIVED_A,01c4ca00
190617090457,SOLO_SUCCESS,01c4ca00
190617090516,TAG_DEPARTED_A,01c4ca00
190617090530,TAG_ARRIVED_A,1050400
190617090530,SOLO_SUCCESS,1050400
190617090534,TAG_DEPARTED_A,1050400
190617090535,TAG_ARRIVED_A,1050400
190617090535,SOLO_SUCCESS,1050400
190617090539,TAG_DEPARTED_A,1050400
190617090540,TAG_ARRIVED_A,1050400
190617090540,SOLO_SUCCESS,1050400
190617090543,TAG_DEPARTED_A,1050400
190617090545,TAG_ARRIVED_A,1050400
190617090545,SOLO_SUCCESS,1050400
190617090616,TAG_DEPARTED_A,1050400
190617090621,TAG_ARRIVED_A,1041100
190617090623,SOLO_SUCCESS,1041100
190617090625,TAG_DEPARTED_A,1041100
190617090627,TAG_ARRIVED_A,1041100
190617090628,SOLO_SUCCESS,1041100
190617090633,TAG_ARRIVED_B,1050400
190617090634,STARTCOOP_FAIL,01041100_01050400
190617090636,TAG_DEPARTED_A,1041100
190617090645,ENDCOOP_FAIL,01050400_
190617090645,TAG_DEPARTED_B,1050400
190617090834,LOCKOUT_ENDED,
190617090900,TAG_ARRIVED_B,01c4ca00
190617090901,SOLO_SUCCESS,01c4ca00
190617090903,TAG_DEPARTED_B,01c4ca00
190617090911,TAG_ARRIVED_B,01c4ca00
190617090911,SOLO_SUCCESS,01c4ca00
190617090916,TAG_DEPARTED_B,01c4ca00
190617090918,TAG_ARRIVED_B,01c4ca00
190617090919,SOLO_SUCCESS,01c4ca00
190617090930,TAG_DEPARTED_B,01c4ca00
190617090930,TAG_ARRIVED_B,01c4ca00
190617090931,SOLO_SUCCESS,01c4ca00
190617090932,TAG_DEPARTED_B,01c4ca00
190617090942,TAG_ARRIVED_B,01c4ca00
190617090943,SOLO_SUCCESS,01c4ca00
190617090944,TAG_DEPARTED_B,01c4ca00
190617090946,TAG_ARRIVED_B,01c4ca00
190617090947,SOLO_SUCCESS,01c4ca00
190617090949,TAG_DEPARTED_B,01c4ca00
190617090950,TAG_ARRIVED_B,01c4ca00
190617090951,SOLO_SUCCESS,01c4ca00
190617090952,TAG_DEPARTED_B,01c4ca00
190617091027,TAG_ARRIVED_B,01c4ca00
190617091028,SOLO_SUCCESS,01c4ca00
190617091057,TAG_DEPARTED_B,01c4ca00
190617091058,TAG_ARRIVED_B,1753200
190617091059,SOLO_SUCCESS,1753200
190617091101,TAG_DEPARTED_B,1753200
190617091611,TAG_ARRIVED_B,01026c00
190617091611,SOLO_SUCCESS,01026c00
190617091613,TAG_DEPARTED_B,01026c00
190617091621,TAG_ARRIVED_B,01026c00
190617091622,SOLO_SUCCESS,01026c00
190617091625,TAG_DEPARTED_B,01026c00
190617091629,TAG_ARRIVED_B,01026c00
190617091630,SOLO_SUCCESS,01026c00
190617091631,TAG_DEPARTED_B,01026c00
190617091631,TAG_ARRIVED_A,01c2e300
190617091632,SOLO_SUCCESS,01c2e300
190617091635,TAG_DEPARTED_A,01c2e300
190617091638,TAG_ARRIVED_A,01c2e300
190617091638,SOLO_SUCCESS,01c2e300
190617091648,TAG_DEPARTED_A,01c2e300
190617091658,TAG_ARRIVED_A,01c2e300
190617091658,SOLO_SUCCESS,01c2e300
190617091700,TAG_DEPARTED_A,01c2e300
190617091708,TAG_ARRIVED_A,01c2e300
190617091708,SOLO_SUCCESS,01c2e300
190617091718,TAG_DEPARTED_A,01c2e300
190617091725,TAG_ARRIVED_A,01c2e300
190617091726,SOLO_SUCCESS,01c2e300
190617091736,TAG_DEPARTED_A,01c2e300
190617091831,TAG_ARRIVED_A,1753200
190617091832,SOLO_SUCCESS,1753200
190617091837,TAG_DEPARTED_A,1753200
190617091842,TAG_ARRIVED_A,1753200
190617091843,SOLO_SUCCESS,1753200
190617091845,TAG_DEPARTED_A,1753200
190617091846,TAG_ARRIVED_A,1753200
190617091846,SOLO_SUCCESS,1753200
190617091848,TAG_DEPARTED_A,1753200
190617091849,TAG_ARRIVED_A,1753200
190617091850,SOLO_SUCCESS,1753200
190617091853,TAG_DEPARTED_A,1753200
190617091859,TAG_ARRIVED_A,1753200
190617091900,SOLO_SUCCESS,1753200
190617091902,TAG_DEPARTED_A,1753200
190617091902,TAG_ARRIVED_A,1753200
190617091903,SOLO_SUCCESS,1753200
190617091904,TAG_ARRIVED_A,0102ee00
190617091905,SOLO_SUCCESS,0102ee00
190617091910,TAG_DEPARTED_A,0102ee00
190617091913,TAG_ARRIVED_A,0102ee00
190617091914,SOLO_SUCCESS,0102ee00
190617091919,TAG_DEPARTED_A,0102ee00
190617091921,TAG_ARRIVED_B,0102ee00
190617091922,SOLO_SUCCESS,0102ee00
190617091923,TAG_DEPARTED_B,0102ee00
190617091926,TAG_ARRIVED_A,1753200
190617091927,SOLO_SUCCESS,1753200
190617091929,TAG_DEPARTED_A,1753200
190617091930,TAG_ARRIVED_A,0102ee00
190617091931,SOLO_SUCCESS,0102ee00
190617091934,TAG_DEPARTED_A,0102ee00
190617091942,TAG_ARRIVED_A,018b0800
190617091943,SOLO_SUCCESS,018b0800
190617091944,TAG_DEPARTED_A,018b0800
190617091944,TAG_ARRIVED_A,018b0800
190617091945,SOLO_SUCCESS,018b0800
190617091953,TAG_DEPARTED_A,018b0800
190617091955,TAG_ARRIVED_B,0102ee00
190617091956,SOLO_SUCCESS,0102ee00
190617092000,TAG_DEPARTED_B,0102ee00
190617092000,TAG_ARRIVED_A,01d41b00
190617092001,SOLO_SUCCESS,01d41b00
190617092001,TAG_ARRIVED_B,0102ee00
190617092002,STARTCOOP_SUCCESS,01d41b00_0102ee00
190617092003,ENDCOOP_SUCCESS,0102ee00_01d41b00
190617092003,TAG_DEPARTED_B,0102ee00
190617092003,TAG_ARRIVED_B,0102ee00
190617092004,STARTCOOP_SUCCESS,01d41b00_0102ee00
190617092004,TAG_DEPARTED_A,01d41b00
190617092010,TAG_ARRIVED_A,01d41b00
190617092011,STARTCOOP_SUCCESS,0102ee00_01d41b00
190617092011,TAG_ARRIVED_A,01026c00
190617092012,STARTCOOP_SUCCESS,0102ee00_01026c00
190617092013,TAG_DEPARTED_A,01026c00
190617092029,TAG_DEPARTED_B,0102ee00
190617092031,TAG_ARRIVED_B,0102ee00
190617092032,SOLO_SUCCESS,0102ee00
190617092036,TAG_ARRIVED_A,01026c00
190617092037,STARTCOOP_SUCCESS,0102ee00_01026c00
190617092037,ENDCOOP_SUCCESS,0102ee00_01026c00
190617092038,TAG_DEPARTED_B,0102ee00
190617092042,TAG_ARRIVED_B,0102ee00
190617092043,STARTCOOP_SUCCESS,01026c00_0102ee00
190617092044,TAG_DEPARTED_A,01026c00
190617092044,TAG_ARRIVED_A,01026c00
190617092045,STARTCOOP_SUCCESS,0102ee00_01026c00
190617092047,ENDCOOP_SUCCESS,0102ee00_01026c00
190617092047,TAG_DEPARTED_B,0102ee00
190617092051,TAG_DEPARTED_A,01026c00
190617092109,TAG_ARRIVED_B,0102ee00
190617092110,SOLO_SUCCESS,0102ee00
190617092111,TAG_DEPARTED_B,0102ee00
190617092115,TAG_ARRIVED_B,0102ee00
190617092115,SOLO_SUCCESS,0102ee00
190617092116,TAG_ARRIVED_A,01d41b00
190617092117,STARTCOOP_SUCCESS,0102ee00_01d41b00
190617092117,TAG_DEPARTED_A,01d41b00
190617092124,TAG_ARRIVED_A,1753200
190617092125,STARTCOOP_SUCCESS,0102ee00_01753200
190617092126,TAG_DEPARTED_A,1753200
190617092126,TAG_ARRIVED_A,01026c00
190617092127,STARTCOOP_SUCCESS,0102ee00_01026c00
190617092128,TAG_DEPARTED_A,01026c00
190617092129,TAG_ARRIVED_A,01026c00
190617092130,STARTCOOP_SUCCESS,0102ee00_01026c00
190617092130,TAG_DEPARTED_A,01026c00
190617092136,TAG_ARRIVED_A,01026c00
190617092137,STARTCOOP_SUCCESS,0102ee00_01026c00
190617092137,ENDCOOP_SUCCESS,0102ee00_01026c00
190617092138,TAG_DEPARTED_B,0102ee00
190617092138,TAG_ARRIVED_B,0102ee00
190617092139,STARTCOOP_SUCCESS,01026c00_0102ee00
190617092140,ENDCOOP_SUCCESS,0102ee00_01026c00
190617092140,TAG_DEPARTED_B,0102ee00
190617092140,TAG_DEPARTED_A,01026c00
190617092141,TAG_ARRIVED_B,0102ee00
190617092142,SOLO_SUCCESS,0102ee00
190617092142,TAG_ARRIVED_A,01026c00
190617092143,STARTCOOP_SUCCESS,0102ee00_01026c00
190617092148,TAG_DEPARTED_A,01026c00
190617092150,TAG_ARRIVED_A,01026c00
190617092151,STARTCOOP_SUCCESS,0102ee00_01026c00
190617092152,ENDCOOP_SUCCESS,0102ee00_01026c00
190617092152,TAG_DEPARTED_B,0102ee00
190617092159,TAG_ARRIVED_B,0102ee00
190617092200,STARTCOOP_SUCCESS,01026c00_0102ee00
190617092203,ENDCOOP_SUCCESS,0102ee00_01026c00
190617092203,TAG_DEPARTED_B,0102ee00
190617092203,TAG_ARRIVED_B,0102ee00
190617092204,STARTCOOP_SUCCESS,01026c00_0102ee00
190617092205,TAG_DEPARTED_A,01026c00
190617092205,TAG_ARRIVED_A,01026c00
190617092206,STARTCOOP_SUCCESS,0102ee00_01026c00
190617092207,TAG_DEPARTED_A,01026c00
190617092207,TAG_ARRIVED_A,01026c00
190617092208,STARTCOOP_SUCCESS,0102ee00_01026c00
190617092208,ENDCOOP_SUCCESS,0102ee00_01026c00
190617092208,TAG_DEPARTED_B,0102ee00
190617092214,TAG_DEPARTED_A,01026c00
190617092219,TAG_ARRIVED_B,0102ee00
190617092220,SOLO_SUCCESS,0102ee00
190617092223,TAG_DEPARTED_B,0102ee00
190617092224,TAG_ARRIVED_A,018b0800
190617092225,SOLO_SUCCESS,018b0800
190617092225,TAG_ARRIVED_B,0102ee00
190617092226,STARTCOOP_FAIL,018b0800_0102ee00
190617092227,TAG_DEPARTED_A,018b0800
190617092227,TAG_ARRIVED_A,018b0800
190617092228,STARTCOOP_FAIL,0102ee00_018b0800
190617092229,TAG_ARRIVED_A,13ee0200
190617092230,TAG_MISSING_A,13ee0200
190617092231,SOLO_FAIL,13ee0200
190617092231,ENDCOOP_FAIL,0102ee00_13ee0200
190617092231,TAG_DEPARTED_B,0102ee00
190617092232,TAG_ARRIVED_A,018b0800
190617092232,SOLO_FAIL,018b0800
190617092233,TAG_ARRIVED_B,0102ee00
190617092234,STARTCOOP_FAIL,018b0800_0102ee00
190617092234,ENDCOOP_FAIL,0102ee00_018b0800
190617092234,TAG_DEPARTED_B,0102ee00
190617092235,TAG_ARRIVED_B,0102ee00
190617092236,STARTCOOP_FAIL,018b0800_0102ee00
190617092236,ENDCOOP_FAIL,0102ee00_018b0800
190617092237,TAG_DEPARTED_B,0102ee00
190617092237,TAG_DEPARTED_A,018b0800
190617092237,TAG_ARRIVED_B,0102ee00
190617092238,SOLO_FAIL,0102ee00
190617092239,ENDCOOP_FAIL,0102ee00_
190617092239,TAG_DEPARTED_B,0102ee00
190617092240,TAG_ARRIVED_B,0102ee00
190617092241,SOLO_FAIL,0102ee00
190617092242,TAG_ARRIVED_A,018b0800
190617092243,STARTCOOP_FAIL,0102ee00_018b0800
190617092245,TAG_DEPARTED_A,018b0800
190617092250,ENDCOOP_FAIL,0102ee00_
190617092250,TAG_DEPARTED_B,0102ee00
190617092251,TAG_ARRIVED_B,0102ee00
190617092252,SOLO_FAIL,0102ee00
190617092255,TAG_ARRIVED_A,018b0800
190617092256,STARTCOOP_FAIL,0102ee00_018b0800
190617092258,ENDCOOP_FAIL,0102ee00_018b0800
190617092258,TAG_DEPARTED_B,0102ee00
190617092301,TAG_ARRIVED_B,0102ee00
190617092302,STARTCOOP_FAIL,018b0800_0102ee00
190617092303,ENDCOOP_FAIL,0102ee00_018b0800
190617092304,TAG_DEPARTED_B,0102ee00
190617092305,TAG_ARRIVED_B,0102ee00
190617092306,STARTCOOP_FAIL,018b0800_0102ee00
190617092307,TAG_DEPARTED_A,018b0800
190617092315,ENDCOOP_FAIL,0102ee00_
190617092315,TAG_DEPARTED_B,0102ee00
190617092316,TAG_ARRIVED_B,0102ee00
190617092316,SOLO_FAIL,0102ee00
190617092321,TAG_ARRIVED_A,1753200
190617092322,STARTCOOP_SUCCESS,0102ee00_01753200
190617092322,ENDCOOP_SUCCESS,0102ee00_01753200
190617092323,TAG_DEPARTED_B,0102ee00
190617092324,TAG_ARRIVED_B,0102ee00
190617092325,STARTCOOP_SUCCESS,01753200_0102ee00
190617092326,ENDCOOP_SUCCESS,0102ee00_01753200
190617092326,TAG_DEPARTED_B,0102ee00
190617092327,TAG_ARRIVED_B,0102ee00
190617092328,STARTCOOP_SUCCESS,01753200_0102ee00
190617092329,ENDCOOP_SUCCESS,0102ee00_01753200
190617092329,TAG_DEPARTED_B,0102ee00
190617092346,TAG_DEPARTED_A,1753200
190617092347,TAG_ARRIVED_B,0102ee00
190617092348,SOLO_FAIL,0102ee00
190617092350,ENDCOOP_FAIL,0102ee00_
190617092350,TAG_DEPARTED_B,0102ee00
190617092357,TAG_ARRIVED_B,0102ee00
190617092358,SOLO_FAIL,0102ee00
190617092400,ENDCOOP_FAIL,0102ee00_
190617092400,TAG_DEPARTED_B,0102ee00
190617092401,TAG_ARRIVED_A,1753200
190617092402,SOLO_FAIL,1753200
190617092402,TAG_ARRIVED_B,0102ee00
190617092403,STARTCOOP_SUCCESS,01753200_0102ee00
190617092404,ENDCOOP_SUCCESS,0102ee00_01753200
190617092405,TAG_DEPARTED_B,0102ee00
190617092405,TAG_ARRIVED_B,0102ee00
190617092406,STARTCOOP_SUCCESS,01753200_0102ee00
190617092406,TAG_DEPARTED_A,1753200
190617092407,TAG_ARRIVED_A,1753200
190617092408,STARTCOOP_SUCCESS,0102ee00_01753200
190617092409,ENDCOOP_SUCCESS,0102ee00_01753200
190617092410,TAG_DEPARTED_B,0102ee00
190617092423,TAG_ARRIVED_B,0102ee00
190617092424,STARTCOOP_SUCCESS,01753200_0102ee00
190617092425,ENDCOOP_SUCCESS,0102ee00_01753200
190617092425,TAG_DEPARTED_B,0102ee00
190617092425,TAG_DEPARTED_A,1753200
190617092436,TAG_ARRIVED_A,018b0800
190617092437,SOLO_FAIL,018b0800
190617092439,TAG_DEPARTED_A,018b0800
190617092443,TAG_ARRIVED_A,01c4ca00
190617092444,SOLO_FAIL,01c4ca00
190617092445,TAG_DEPARTED_A,01c4ca00
190617092455,TAG_ARRIVED_A,01c4ca00
190617092456,SOLO_FAIL,01c4ca00
190617092459,TAG_DEPARTED_A,01c4ca00
190617092500,TAG_ARRIVED_A,01c4ca00
190617092500,SOLO_FAIL,01c4ca00
190617092507,LOCKOUT_ENDED,
190617092507,TAG_DEPARTED_A,01c4ca00
190617092508,TAG_ARRIVED_A,01c4ca00
190617092509,SOLO_SUCCESS,01c4ca00
190617092514,TAG_DEPARTED_A,01c4ca00
190617092521,TAG_ARRIVED_A,01c4ca00
190617092522,SOLO_SUCCESS,01c4ca00
190617092531,TAG_DEPARTED_A,01c4ca00
190617092613,TAG_ARRIVED_A,0102ae00
190617092614,SOLO_SUCCESS,0102ae00
190617092616,TAG_DEPARTED_A,0102ae00
190617092616,TAG_ARRIVED_A,0102ae00
190617092617,SOLO_SUCCESS,0102ae00
190617092619,TAG_DEPARTED_A,0102ae00
190617092620,TAG_ARRIVED_A,0102ae00
190617092621,SOLO_SUCCESS,0102ae00
190617092622,TAG_DEPARTED_A,0102ae00
190617092642,TAG_ARRIVED_A,0102ae00
190617092643,SOLO_SUCCESS,0102ae00
190617092644,TAG_DEPARTED_A,0102ae00
190617092652,TAG_ARRIVED_A,0102ae00
190617092652,SOLO_SUCCESS,0102ae00
190617092654,TAG_DEPARTED_A,0102ae00
190617092707,TAG_ARRIVED_A,0102ae00
190617092707,SOLO_SUCCESS,0102ae00
190617092712,TAG_DEPARTED_A,0102ae00
190617092718,TAG_ARRIVED_A,0102ae00
190617092719,SOLO_SUCCESS,0102ae00
190617092720,TAG_DEPARTED_A,0102ae00
190617092724,TAG_ARRIVED_A,0102ae00
190617092724,SOLO_SUCCESS,0102ae00
190617092735,TAG_DEPARTED_A,0102ae00
190617092737,TAG_ARRIVED_B,01c4ca00
190617092738,SOLO_SUCCESS,01c4ca00
190617092749,TAG_DEPARTED_B,01c4ca00
190617092847,TAG_ARRIVED_A,1050400
190617092847,SOLO_SUCCESS,1050400
190617092906,TAG_DEPARTED_A,1050400
190617092907,TAG_ARRIVED_A,0102ee00
190617092908,SOLO_SUCCESS,0102ee00
190617092922,TAG_DEPARTED_A,0102ee00
190617092925,TAG_ARRIVED_B,0102ee00
190617092926,SOLO_SUCCESS,0102ee00
190617092936,TAG_ARRIVED_A,1050400
190617092937,STARTCOOP_FAIL,0102ee00_01050400
190617092938,TAG_DEPARTED_A,1050400
190617092941,TAG_ARRIVED_A,1050400
190617092941,STARTCOOP_FAIL,0102ee00_01050400
190617092948,TAG_DEPARTED_A,1050400
190617092950,TAG_ARRIVED_A,1050400
190617092951,STARTCOOP_FAIL,0102ee00_01050400
190617092959,TAG_DEPARTED_A,1050400
190617093009,ENDCOOP_FAIL,0102ee00_
190617093009,TAG_DEPARTED_B,0102ee00
190617093010,TAG_ARRIVED_B,0102ee00
190617093011,SOLO_FAIL,0102ee00
190617093047,ENDCOOP_FAIL,0102ee00_
190617093047,TAG_DEPARTED_B,0102ee00
190617093047,TAG_ARRIVED_B,0102ee00
190617093048,SOLO_FAIL,0102ee00
190617093109,ENDCOOP_FAIL,0102ee00_
190617093109,TAG_DEPARTED_B,0102ee00
190617093111,TAG_ARRIVED_B,0102ee00
190617093112,SOLO_FAIL,0102ee00
190617093113,ENDCOOP_FAIL,0102ee00_
190617093113,TAG_DEPARTED_B,0102ee00
190617093122,TAG_ARRIVED_B,0102ee00
190617093123,SOLO_FAIL,0102ee00
190617093138,ENDCOOP_FAIL,0102ee00_
190617093138,TAG_DEPARTED_B,0102ee00
190617093151,LOCKOUT_ENDED,
190617093422,TAG_ARRIVED_A,0101c200
190617093423,SOLO_SUCCESS,0101c200
190617093425,TAG_DEPARTED_A,0101c200
190617093429,TAG_ARRIVED_B,0101c200
190617093430,SOLO_SUCCESS,0101c200
190617093432,TAG_ARRIVED_A,01df6400
190617093433,STARTCOOP_SUCCESS,0101c200_01df6400
190617093436,TAG_DEPARTED_A,01df6400
190617093441,TAG_ARRIVED_A,01df6400
190617093442,STARTCOOP_SUCCESS,0101c200_01df6400
190617093443,TAG_DEPARTED_A,01df6400
190617093445,ENDCOOP_SUCCESS,0101c200_
190617093445,TAG_DEPARTED_B,0101c200
190617093448,TAG_ARRIVED_B,0101c200
190617093449,SOLO_SUCCESS,0101c200
190617093451,TAG_DEPARTED_B,0101c200
190617093453,TAG_ARRIVED_B,0101c200
190617093454,SOLO_SUCCESS,0101c200
190617093455,TAG_ARRIVED_A,0101c200
190617093456,SOLO_SUCCESS,0101c200
190617093456,TAG_DEPARTED_B,0101c200
190617093458,TAG_DEPARTED_A,0101c200
190617093505,TAG_ARRIVED_A,0101c200
190617093506,SOLO_SUCCESS,0101c200
190617093516,TAG_DEPARTED_A,0101c200
190617093517,TAG_ARRIVED_B,0101c200
190617093518,SOLO_SUCCESS,0101c200
190617093519,TAG_DEPARTED_B,0101c200
190617093524,TAG_ARRIVED_B,01df6400
190617093525,SOLO_SUCCESS,01df6400
190617093527,TAG_DEPARTED_B,01df6400
190617093545,TAG_ARRIVED_B,01c4ca00
190617093546,SOLO_SUCCESS,01c4ca00
190617093553,TAG_DEPARTED_B,01c4ca00
190617093558,TAG_ARRIVED_B,01c4ca00
190617093558,SOLO_SUCCESS,01c4ca00
190617093601,TAG_DEPARTED_B,01c4ca00
190617093622,TAG_ARRIVED_A,01c4ca00
190617093623,SOLO_SUCCESS,01c4ca00
190617093635,TAG_DEPARTED_A,01c4ca00
190617093638,TAG_ARRIVED_A,01c4ca00
190617093639,SOLO_SUCCESS,01c4ca00
190617093644,TAG_DEPARTED_A,01c4ca00
190617093645,TAG_ARRIVED_A,01c4ca00
190617093646,SOLO_SUCCESS,01c4ca00
190617093647,TAG_DEPARTED_A,01c4ca00
190617093647,TAG_ARRIVED_A,01c4ca00
190617093648,SOLO_SUCCESS,01c4ca00
190617093649,TAG_DEPARTED_A,01c4ca00
190617093651,TAG_ARRIVED_A,01c4ca00
190617093652,SOLO_SUCCESS,01c4ca00
190617093657,TAG_DEPARTED_A,01c4ca00
190617093659,TAG_ARRIVED_A,01c4ca00
190617093700,SOLO_SUCCESS,01c4ca00
190617093719,TAG_DEPARTED_A,01c4ca00
190617093723,TAG_ARRIVED_A,01c4ca00
190617093724,SOLO_SUCCESS,01c4ca00
190617093739,TAG_DEPARTED_A,01c4ca00
190617093741,TAG_ARRIVED_A,01c4ca00
190617093741,SOLO_SUCCESS,01c4ca00
190617093803,TAG_DEPARTED_A,01c4ca00
190617093805,TAG_ARRIVED_A,01c4ca00
190617093806,SOLO_SUCCESS,01c4ca00
190617093812,TAG_DEPARTED_A,01c4ca00
190617093814,TAG_ARRIVED_A,01c4ca00
190617093814,SOLO_SUCCESS,01c4ca00
190617093819,TAG_ARRIVED_B,01df6400
190617093820,STARTCOOP_SUCCESS,01c4ca00_01df6400
190617093825,TAG_DEPARTED_A,01c4ca00
190617093825,TAG_ARRIVED_A,01c4ca00
190617093826,STARTCOOP_SUCCESS,01df6400_01c4ca00
190617093826,ENDCOOP_SUCCESS,01df6400_01c4ca00
190617093827,TAG_DEPARTED_B,01df6400
190617093852,TAG_DEPARTED_A,01c4ca00
190617093853,TAG_ARRIVED_A,01c4ca00
190617093853,SOLO_SUCCESS,01c4ca00
190617093855,TAG_DEPARTED_A,01c4ca00
190617093903,TAG_ARRIVED_A,01c4ca00
190617093904,SOLO_SUCCESS,01c4ca00
190617093906,TAG_DEPARTED_A,01c4ca00
190617093914,TAG_ARRIVED_A,01c4ca00
190617093915,SOLO_SUCCESS,01c4ca00
190617093924,TAG_DEPARTED_A,01c4ca00
190617093925,TAG_ARRIVED_A,01c4ca00
190617093926,SOLO_SUCCESS,01c4ca00
190617093934,TAG_DEPARTED_A,01c4ca00
190617093943,TAG_ARRIVED_A,01c4ca00
190617093944,SOLO_SUCCESS,01c4ca00
190617093952,TAG_DEPARTED_A,01c4ca00
190617093956,TAG_ARRIVED_A,01df6400
190617093957,SOLO_SUCCESS,01df6400
190617093958,TAG_DEPARTED_A,01df6400
190617094019,TAG_ARRIVED_A,01df6400
190617094020,SOLO_SUCCESS,01df6400
190617094021,TAG_DEPARTED_A,01df6400
190617094023,TAG_ARRIVED_A,01df6400
190617094024,SOLO_SUCCESS,01df6400
190617094026,TAG_DEPARTED_A,01df6400
190617094102,TAG_ARRIVED_A,01e14200
190617094103,SOLO_SUCCESS,01e14200
190617094115,TAG_DEPARTED_A,01e14200
190617094116,TAG_ARRIVED_A,01e14200
190617094117,SOLO_SUCCESS,01e14200
190617094125,TAG_DEPARTED_A,01e14200
190617094125,TAG_ARRIVED_A,01e14200
190617094126,SOLO_SUCCESS,01e14200
190617094127,TAG_DEPARTED_A,01e14200
190617094130,TAG_ARRIVED_A,01e14200
190617094130,SOLO_SUCCESS,01e14200
190617094136,TAG_DEPARTED_A,01e14200
190617094138,TAG_ARRIVED_A,01e14200
190617094138,SOLO_SUCCESS,01e14200
190617094141,TAG_DEPARTED_A,01e14200
190617094143,TAG_ARRIVED_A,01e14200
190617094144,SOLO_SUCCESS,01e14200
190617094212,TAG_DEPARTED_A,01e14200
190617094212,TAG_ARRIVED_A,01e14200
190617094213,SOLO_SUCCESS,01e14200
190617094217,TAG_DEPARTED_A,01e14200
190617094229,TAG_ARRIVED_B,1016400
190617094230,SOLO_SUCCESS,1016400
190617094237,TAG_DEPARTED_B,1016400
190617094242,TAG_ARRIVED_B,1016400
190617094242,SOLO_SUCCESS,1016400
190617094247,TAG_DEPARTED_B,1016400
190617094248,TAG_ARRIVED_A,0140c700
190617094249,SOLO_SUCCESS,0140c700
190617094250,TAG_DEPARTED_A,0140c700
190617094302,TAG_ARRIVED_A,0140c700
190617094303,SOLO_SUCCESS,0140c700
190617094307,TAG_DEPARTED_A,0140c700
190617094322,TAG_ARRIVED_B,0140c700
190617094322,SOLO_SUCCESS,0140c700
190617094324,TAG_DEPARTED_B,0140c700
190617094400,TAG_ARRIVED_B,0140c700
190617094401,SOLO_SUCCESS,0140c700
190617094402,TAG_DEPARTED_B,0140c700
190617094415,TAG_ARRIVED_B,0140c700
190617094415,SOLO_SUCCESS,0140c700
190617094421,TAG_DEPARTED_B,0140c700
190617094426,TAG_ARRIVED_B,1021800
190617094426,SOLO_SUCCESS,1021800
190617094607,TAG_DEPARTED_B,1021800
190617094616,TAG_ARRIVED_A,1048700
190617094617,SOLO_SUCCESS,1048700
190617094620,TAG_DEPARTED_A,1048700
190617094621,TAG_ARRIVED_A,1048700
190617094622,SOLO_SUCCESS,1048700
190617094623,TAG_DEPARTED_A,1048700
190617094624,TAG_ARRIVED_A,1048700
190617094625,SOLO_SUCCESS,1048700
190617094627,TAG_DEPARTED_A,1048700
190617094632,TAG_ARRIVED_A,1653700
190617094633,SOLO_SUCCESS,1653700
190617094635,TAG_DEPARTED_A,1653700
190617094641,TAG_ARRIVED_A,1653700
190617094642,SOLO_SUCCESS,1653700
190617094649,TAG_DEPARTED_A,1653700
190617094651,TAG_ARRIVED_A,1653700
190617094652,SOLO_SUCCESS,1653700
190617094655,TAG_DEPARTED_A,1653700
190617094657,TAG_ARRIVED_A,1653700
190617094658,SOLO_SUCCESS,1653700
190617094719,TAG_DEPARTED_A,1653700
190617094724,TAG_ARRIVED_A,1653700
190617094725,SOLO_SUCCESS,1653700
190617094729,TAG_ARRIVED_B,7991800
190617094729,STARTCOOP_FAIL,01653700_07991800
190617094731,ENDCOOP_FAIL,07991800_01653700
190617094731,TAG_DEPARTED_B,7991800
190617094733,TAG_DEPARTED_A,1653700
190617094742,TAG_ARRIVED_A,01d41b00
190617094743,SOLO_FAIL,01d41b00
190617094746,TAG_DEPARTED_A,01d41b00
190617094817,TAG_ARRIVED_B,1653700
190617094818,SOLO_FAIL,1653700
190617094845,ENDCOOP_FAIL,01653700_
190617094845,TAG_DEPARTED_B,1653700
190617094852,TAG_ARRIVED_A,1048700
190617094853,SOLO_FAIL,1048700
190617094900,TAG_ARRIVED_B,1653700
190617094901,STARTCOOP_SUCCESS,01048700_01653700
190617094902,TAG_DEPARTED_A,1048700
190617094903,ENDCOOP_SUCCESS,01653700_
190617094903,TAG_DEPARTED_B,1653700
190617094906,TAG_ARRIVED_B,1653700
190617094907,SOLO_FAIL,1653700
190617094908,ENDCOOP_FAIL,01653700_
190617094908,TAG_DEPARTED_B,1653700
190617094929,LOCKOUT_ENDED,
190617094944,TAG_ARRIVED_A,1048700
190617094945,SOLO_SUCCESS,1048700
190617094948,TAG_DEPARTED_A,1048700
190617094950,TAG_ARRIVED_A,1048700
190617094951,SOLO_SUCCESS,1048700
190617094955,TAG_DEPARTED_A,1048700
190617095320,TAG_ARRIVED_A,1048700
190617095321,SOLO_SUCCESS,1048700
190617095346,TAG_ARRIVED_B,1048700
190617095347,SOLO_SUCCESS,1048700
190617095347,TAG_DEPARTED_A,1048700
190617095402,TAG_DEPARTED_B,1048700
190617095402,TAG_ARRIVED_B,1048700
190617095403,SOLO_SUCCESS,1048700
190617095409,TAG_DEPARTED_B,1048700
190617095419,TAG_ARRIVED_B,1048700
190617095420,SOLO_SUCCESS,1048700
190617095425,TAG_DEPARTED_B,1048700
190617095430,TAG_ARRIVED_B,1048700
190617095430,SOLO_SUCCESS,1048700
190617095440,TAG_DEPARTED_B,1048700
190617095442,TAG_ARRIVED_B,1048700
190617095443,SOLO_SUCCESS,1048700
190617095444,TAG_DEPARTED_B,1048700
190617095926,TAG_ARRIVED_A,0101c200
190617095927,SOLO_SUCCESS,0101c200
190617095947,TAG_DEPARTED_A,0101c200
190617100038,TAG_ARRIVED_A,1050400
190617100038,SOLO_SUCCESS,1050400
190617100051,TAG_DEPARTED_A,1050400
190617100058,TAG_ARRIVED_A,1050400
190617100058,SOLO_SUCCESS,1050400
190617100101,TAG_DEPARTED_A,1050400
190617100117,TAG_ARRIVED_A,1653700
190617100118,SOLO_SUCCESS,1653700
190617100122,TAG_DEPARTED_A,1653700
190617100136,TAG_ARRIVED_A,1653700
190617100137,SOLO_SUCCESS,1653700
190617100140,TAG_DEPARTED_A,1653700
190617100204,TAG_ARRIVED_A,1653700
190617100205,SOLO_SUCCESS,1653700
190617100211,TAG_DEPARTED_A,1653700
190617100213,TAG_ARRIVED_A,1653700
190617100214,SOLO_SUCCESS,1653700
190617100217,TAG_DEPARTED_A,1653700
190617100219,TAG_ARRIVED_A,1653700
190617100220,SOLO_SUCCESS,1653700
190617100223,TAG_DEPARTED_A,1653700
190617100227,TAG_ARRIVED_A,1653700
190617100228,SOLO_SUCCESS,1653700
190617100230,TAG_DEPARTED_A,1653700
190617100232,TAG_ARRIVED_A,1653700
190617100232,SOLO_SUCCESS,1653700
190617100238,TAG_DEPARTED_A,1653700
190617100254,TAG_ARRIVED_B,0140c700
190617100255,SOLO_SUCCESS,0140c700
190617100301,TAG_DEPARTED_B,0140c700
190617100305,TAG_ARRIVED_B,0140c700
190617100305,SOLO_SUCCESS,0140c700
190617100314,TAG_DEPARTED_B,0140c700
190617100336,TAG_ARRIVED_B,1050400
190617100337,SOLO_SUCCESS,1050400
190617100342,TAG_DEPARTED_B,1050400
190617100343,TAG_ARRIVED_B,1050400
190617100343,SOLO_SUCCESS,1050400
190617100401,TAG_DEPARTED_B,1050400
190617100420,TAG_ARRIVED_B,1050400
190617100420,SOLO_SUCCESS,1050400
190617100426,TAG_DEPARTED_B,1050400
190617100501,TAG_ARRIVED_A,0102f000
190617100502,SOLO_SUCCESS,0102f000
190617100504,TAG_DEPARTED_A,0102f000
190617100509,TAG_ARRIVED_A,0102f000
190617100510,SOLO_SUCCESS,0102f000
190617100520,TAG_DEPARTED_A,0102f000
190617100522,TAG_ARRIVED_A,0102f000
190617100523,SOLO_SUCCESS,0102f000
190617100527,TAG_DEPARTED_A,0102f000
190617100528,TAG_ARRIVED_A,0102f000
190617100529,SOLO_SUCCESS,0102f000
190617100531,TAG_DEPARTED_A,0102f000
190617100552,TAG_ARRIVED_A,0102f000
190617100553,SOLO_SUCCESS,0102f000
190617100602,TAG_DEPARTED_A,0102f000
190617100610,TAG_ARRIVED_A,0102f000
190617100610,SOLO_SUCCESS,0102f000
190617100612,TAG_DEPARTED_A,0102f000
190617100613,TAG_ARRIVED_A,0102f000
190617100614,SOLO_SUCCESS,0102f000
190617100615,TAG_DEPARTED_A,0102f000
190617100650,TAG_ARRIVED_B,0102f000
190617100651,SOLO_SUCCESS,0102f000
190617100655,TAG_DEPARTED_B,0102f000
190617100737,TAG_ARRIVED_A,0102f000
190617100738,SOLO_SUCCESS,0102f000
190617100742,TAG_ARRIVED_A,01c2e300
190617100743,SOLO_SUCCESS,01c2e300
190617100744,TAG_DEPARTED_A,01c2e300
190617100811,TAG_ARRIVED_A,0102f000
190617100812,SOLO_SUCCESS,0102f000
190617100813,TAG_DEPARTED_A,0102f000
190617100813,TAG_ARRIVED_A,0102f000
190617100814,SOLO_SUCCESS,0102f000
190617100816,TAG_DEPARTED_A,0102f000
190617100820,TAG_ARRIVED_A,0102f000
190617100821,SOLO_SUCCESS,0102f000
190617100826,TAG_DEPARTED_A,0102f000
190617100826,TAG_ARRIVED_A,01c2e300
190617100827,SOLO_SUCCESS,01c2e300
190617100906,TAG_DEPARTED_A,01c2e300
190617100912,TAG_ARRIVED_A,0102f000
190617100913,SOLO_SUCCESS,0102f000
190617100925,TAG_DEPARTED_A,0102f000
190617100927,TAG_ARRIVED_A,0102f000
190617100928,SOLO_SUCCESS,0102f000
190617100929,TAG_DEPARTED_A,0102f000
190617100933,TAG_ARRIVED_A,01c2e300
190617100934,SOLO_SUCCESS,01c2e300
190617100936,TAG_DEPARTED_A,01c2e300
190617100938,TAG_ARRIVED_A,0102f000
190617100939,SOLO_SUCCESS,0102f000
190617100942,TAG_DEPARTED_A,0102f000
190617100948,TAG_ARRIVED_A,0102ee00
190617100949,SOLO_SUCCESS,0102ee00
190617101044,TAG_DEPARTED_A,0102ee00
190617101050,TAG_ARRIVED_A,0102ee00
190617101051,SOLO_SUCCESS,0102ee00
190617101053,TAG_DEPARTED_A,0102ee00
190617101054,TAG_ARRIVED_A,0102ee00
190617101055,SOLO_SUCCESS,0102ee00
190617101056,TAG_DEPARTED_A,0102ee00
190617101057,TAG_ARRIVED_A,0102ee00
190617101058,SOLO_SUCCESS,0102ee00
190617101104,TAG_DEPARTED_A,0102ee00
190617101107,TAG_ARRIVED_A,0102ee00
190617101108,SOLO_SUCCESS,0102ee00
190617101113,TAG_DEPARTED_A,0102ee00
190617101114,TAG_ARRIVED_A,0102ee00
190617101115,SOLO_SUCCESS,0102ee00
190617101123,TAG_DEPARTED_A,0102ee00
190617101124,TAG_ARRIVED_A,0102ee00
190617101125,SOLO_SUCCESS,0102ee00
190617101126,TAG_DEPARTED_A,0102ee00
190617101131,TAG_ARRIVED_A,0102ee00
190617101132,SOLO_SUCCESS,0102ee00
190617101135,TAG_DEPARTED_A,0102ee00
190617101137,TAG_ARRIVED_A,0102ee00
190617101138,SOLO_SUCCESS,0102ee00
190617101139,TAG_DEPARTED_A,0102ee00
190617101156,TAG_ARRIVED_A,0102ee00
190617101157,SOLO_SUCCESS,0102ee00
190617101203,TAG_DEPARTED_A,0102ee00
190617101204,TAG_ARRIVED_A,0102ee00
190617101205,SOLO_SUCCESS,0102ee00
190617101206,TAG_DEPARTED_A,0102ee00
190617101209,TAG_ARRIVED_A,0102ee00
190617101210,SOLO_SUCCESS,0102ee00
190617101232,TAG_DEPARTED_A,0102ee00
190617101243,TAG_ARRIVED_A,01c4ca00
190617101244,SOLO_SUCCESS,01c4ca00
190617101248,TAG_DEPARTED_A,01c4ca00
190617101255,TAG_ARRIVED_A,01c4ca00
190617101256,SOLO_SUCCESS,01c4ca00
190617101258,TAG_ARRIVED_A,0102ae00
190617101259,SOLO_SUCCESS,0102ae00
190617101304,TAG_DEPARTED_A,0102ae00
190617101310,TAG_ARRIVED_A,0102ae00
190617101311,SOLO_SUCCESS,0102ae00
190617101313,TAG_DEPARTED_A,0102ae00
190617101317,TAG_ARRIVED_A,0102ae00
190617101318,SOLO_SUCCESS,0102ae00
190617101324,TAG_DEPARTED_A,0102ae00
190617101328,TAG_ARRIVED_A,0102ae00
190617101328,SOLO_SUCCESS,0102ae00
190617101330,TAG_DEPARTED_A,0102ae00
190617101331,TAG_ARRIVED_A,0102ae00
190617101332,SOLO_SUCCESS,0102ae00
190617101338,TAG_DEPARTED_A,0102ae00
190617101340,TAG_ARRIVED_A,0102ae00
190617101340,SOLO_SUCCESS,0102ae00
190617101342,TAG_DEPARTED_A,0102ae00
190617101343,TAG_ARRIVED_A,0102ae00
190617101343,SOLO_SUCCESS,0102ae00
190617101348,TAG_DEPARTED_A,0102ae00
190617101349,TAG_ARRIVED_A,0102ae00
190617101350,SOLO_SUCCESS,0102ae00
190617101351,TAG_DEPARTED_A,0102ae00
190617101352,TAG_ARRIVED_A,0102ae00
190617101352,SOLO_SUCCESS,0102ae00
190617101356,TAG_DEPARTED_A,0102ae00
190617101400,TAG_ARRIVED_A,0102ae00
190617101401,SOLO_SUCCESS,0102ae00
190617101402,TAG_DEPARTED_A,0102ae00
190617101404,TAG_ARRIVED_A,0102ae00
190617101404,SOLO_SUCCESS,0102ae00
190617101405,TAG_ARRIVED_B,01d41b00
190617101406,STARTCOOP_FAIL,0102ae00_01d41b00
190617101406,TAG_DEPARTED_A,0102ae00
190617101407,ENDCOOP_FAIL,01d41b00_
190617101407,TAG_DEPARTED_B,01d41b00
190617101414,TAG_ARRIVED_B,01d41b00
190617101415,SOLO_FAIL,01d41b00
190617101417,ENDCOOP_FAIL,01d41b00_
190617101418,TAG_DEPARTED_B,01d41b00
190617101418,TAG_ARRIVED_B,01d41b00
190617101419,SOLO_FAIL,01d41b00
190617101424,ENDCOOP_FAIL,01d41b00_
190617101424,TAG_DEPARTED_B,01d41b00
190617101428,TAG_ARRIVED_B,01d41b00
190617101429,SOLO_FAIL,01d41b00
190617101436,TAG_ARRIVED_A,0102ae00
190617101436,STARTCOOP_FAIL,01d41b00_0102ae00
190617101445,ENDCOOP_FAIL,01d41b00_0102ae00
190617101445,TAG_DEPARTED_B,01d41b00
190617101445,TAG_DEPARTED_A,0102ae00
190617101448,TAG_ARRIVED_A,01d41b00
190617101449,SOLO_FAIL,01d41b00
190617101451,TAG_DEPARTED_A,01d41b00
190617101451,TAG_ARRIVED_A,01d41b00
190617101452,SOLO_FAIL,01d41b00
190617101459,TAG_ARRIVED_B,01d41b00
190617101500,SOLO_FAIL,01d41b00
190617101500,TAG_DEPARTED_A,01d41b00
190617101503,ENDCOOP_FAIL,01d41b00_
190617101503,TAG_DEPARTED_B,01d41b00
190617101511,TAG_ARRIVED_B,01d41b00
190617101512,SOLO_FAIL,01d41b00
190617101513,ENDCOOP_FAIL,01d41b00_
190617101513,TAG_DEPARTED_B,01d41b00
190617101515,TAG_ARRIVED_A,01d41b00
190617101515,SOLO_FAIL,01d41b00
190617101517,TAG_DEPARTED_A,01d41b00
190617101621,TAG_ARRIVED_B,01c4ca00
190617101622,SOLO_FAIL,01c4ca00
190617101633,ENDCOOP_FAIL,01c4ca00_
190617101633,TAG_DEPARTED_B,01c4ca00
190617101636,LOCKOUT_ENDED,
190617101650,TAG_ARRIVED_B,01c4ca00
190617101651,SOLO_SUCCESS,01c4ca00
190617101652,TAG_DEPARTED_B,01c4ca00
190617101654,TAG_ARRIVED_B,01c4ca00
190617101655,SOLO_SUCCESS,01c4ca00
190617101656,TAG_DEPARTED_B,01c4ca00
190617101658,TAG_ARRIVED_B,01c4ca00
190617101659,SOLO_SUCCESS,01c4ca00
190617101702,TAG_DEPARTED_B,01c4ca00
190617101757,TAG_ARRIVED_B,01c4ca00
190617101758,SOLO_SUCCESS,01c4ca00
190617101759,TAG_DEPARTED_B,01c4ca00
190617101842,TAG_ARRIVED_A,01c4ca00
190617101843,SOLO_SUCCESS,01c4ca00
190617101844,TAG_DEPARTED_A,01c4ca00
190617101903,TAG_ARRIVED_A,01df6400
190617101904,SOLO_SUCCESS,01df6400
190617101907,TAG_DEPARTED_A,01df6400
190617101907,TAG_ARRIVED_A,01df6400
190617101908,SOLO_SUCCESS,01df6400
190617101910,TAG_DEPARTED_A,01df6400
190617101914,TAG_ARRIVED_A,01df6400
190617101914,SOLO_SUCCESS,01df6400
190617101915,TAG_DEPARTED_A,01df6400
190617101922,TAG_ARRIVED_A,01df6400
190617101922,SOLO_SUCCESS,01df6400
190617101927,TAG_DEPARTED_A,01df6400
190617101929,TAG_ARRIVED_A,01df6400
190617101930,SOLO_SUCCESS,01df6400
190617101931,TAG_DEPARTED_A,01df6400
190617101934,TAG_ARRIVED_A,01df6400
190617101935,SOLO_SUCCESS,01df6400
190617101936,TAG_DEPARTED_A,01df6400
190617101954,TAG_ARRIVED_A,01df6400
190617101955,SOLO_SUCCESS,01df6400
190617101956,TAG_DEPARTED_A,01df6400
190617102009,TAG_ARRIVED_A,01df6400
190617102010,SOLO_SUCCESS,01df6400
190617102014,TAG_ARRIVED_B,018b0800
190617102015,STARTCOOP_FAIL,01df6400_018b0800
190617102015,TAG_DEPARTED_A,01df6400
190617102016,ENDCOOP_FAIL,018b0800_
190617102016,TAG_DEPARTED_B,018b0800
190617102017,TAG_ARRIVED_B,018b0800
190617102017,SOLO_FAIL,018b0800
190617102034,ENDCOOP_FAIL,018b0800_
190617102034,TAG_DEPARTED_B,018b0800
190617102102,TAG_ARRIVED_A,018b0800
190617102102,SOLO_FAIL,018b0800
190617102105,TAG_DEPARTED_A,018b0800
190617102135,TAG_ARRIVED_B,018b0800
190617102136,SOLO_FAIL,018b0800
190617102143,ENDCOOP_FAIL,018b0800_
190617102143,TAG_DEPARTED_B,018b0800
190617102145,TAG_ARRIVED_A,018b0800
190617102146,SOLO_FAIL,018b0800
190617102147,TAG_DEPARTED_A,018b0800
190617102149,TAG_ARRIVED_A,018b0800
190617102150,SOLO_FAIL,018b0800
190617102151,TAG_DEPARTED_A,018b0800
190617102155,TAG_ARRIVED_B,018b0800
190617102156,SOLO_FAIL,018b0800
190617102157,ENDCOOP_FAIL,018b0800_
190617102157,TAG_DEPARTED_B,018b0800
190617102215,LOCKOUT_ENDED,
190617102609,TAG_ARRIVED_B,0140c700
190617102609,SOLO_SUCCESS,0140c700
190617102614,TAG_DEPARTED_B,0140c700
190617102621,TAG_ARRIVED_B,0140c700
190617102622,SOLO_SUCCESS,0140c700
190617102625,TAG_DEPARTED_B,0140c700
190617102649,TAG_ARRIVED_A,0140c700
190617102649,SOLO_SUCCESS,0140c700
190617102653,TAG_DEPARTED_A,0140c700
190617102736,TAG_ARRIVED_A,0140c700
190617102737,SOLO_SUCCESS,0140c700
190617102747,TAG_DEPARTED_A,0140c700
190617102812,TAG_ARRIVED_A,0140c700
190617102813,SOLO_SUCCESS,0140c700
190617102814,TAG_DEPARTED_A,0140c700
190617102905,TAG_ARRIVED_B,018b0800
190617102906,SOLO_SUCCESS,018b0800
190617102909,TAG_DEPARTED_B,018b0800
190617102910,TAG_ARRIVED_B,018b0800
190617102911,SOLO_SUCCESS,018b0800
190617102912,TAG_DEPARTED_B,018b0800
190617102912,TAG_ARRIVED_B,018b0800
190617102913,SOLO_SUCCESS,018b0800
190617102914,TAG_DEPARTED_B,018b0800
190617102920,TAG_ARRIVED_B,018b0800
190617102921,SOLO_SUCCESS,018b0800
190617102931,TAG_DEPARTED_B,018b0800
190617102932,TAG_ARRIVED_B,018b0800
190617102933,SOLO_SUCCESS,018b0800
190617102945,TAG_DEPARTED_B,018b0800
190617103019,TAG_ARRIVED_A,018b0800
190617103020,SOLO_SUCCESS,018b0800
190617103026,TAG_DEPARTED_A,018b0800
190617103040,TAG_ARRIVED_A,018b0800
190617103041,SOLO_SUCCESS,018b0800
190617103044,TAG_DEPARTED_A,018b0800
190617103044,TAG_ARRIVED_A,018b0800
190617103045,SOLO_SUCCESS,018b0800
190617103046,TAG_DEPARTED_A,018b0800
190617103324,TAG_ARRIVED_A,01bf9c00
190617103325,SOLO_SUCCESS,01bf9c00
190617103341,TAG_DEPARTED_A,01bf9c00
190617103341,TAG_ARRIVED_A,01bf9c00
190617103342,SOLO_SUCCESS,01bf9c00
190617103347,TAG_ARRIVED_B,0102ee00
190617103348,STARTCOOP_SUCCESS,01bf9c00_0102ee00
190617103352,ENDCOOP_SUCCESS,0102ee00_01bf9c00
190617103352,TAG_DEPARTED_B,0102ee00
190617103353,TAG_DEPARTED_A,01bf9c00
190617103353,TAG_ARRIVED_B,0102ee00
190617103354,SOLO_SUCCESS,0102ee00
190617103356,TAG_ARRIVED_A,01bf9c00
190617103357,STARTCOOP_SUCCESS,0102ee00_01bf9c00
190617103358,TAG_DEPARTED_A,01bf9c00
190617103358,TAG_ARRIVED_A,01bf9c00
190617103359,STARTCOOP_SUCCESS,0102ee00_01bf9c00
190617103400,TAG_DEPARTED_A,01bf9c00
190617103400,TAG_ARRIVED_A,1050400
190617103401,STARTCOOP_FAIL,0102ee00_01050400
190617103404,TAG_DEPARTED_A,1050400
190617103404,ENDCOOP_FAIL,0102ee00_
190617103404,TAG_DEPARTED_B,0102ee00
190617103405,TAG_ARRIVED_B,0102ee00
190617103406,SOLO_FAIL,0102ee00
190617103408,TAG_ARRIVED_A,1050400
190617103408,STARTCOOP_FAIL,0102ee00_01050400
190617103411,TAG_DEPARTED_A,1050400
190617103413,TAG_ARRIVED_A,1050400
190617103413,STARTCOOP_FAIL,0102ee00_01050400
190617103423,ENDCOOP_FAIL,0102ee00_01050400
190617103423,TAG_DEPARTED_B,0102ee00
190617103431,TAG_DEPARTED_A,1050400
190617103503,TAG_ARRIVED_B,0102ee00
190617103504,SOLO_FAIL,0102ee00
190617103506,TAG_ARRIVED_A,1050400
190617103507,STARTCOOP_FAIL,0102ee00_01050400
190617103508,TAG_DEPARTED_A,1050400
190617103536,ENDCOOP_FAIL,0102ee00_
190617103536,TAG_DEPARTED_B,0102ee00
190617103538,TAG_ARRIVED_B,0102ee00
190617103539,SOLO_FAIL,0102ee00
190617103545,ENDCOOP_FAIL,0102ee00_
190617103546,TAG_DEPARTED_B,0102ee00
190617103551,TAG_ARRIVED_B,0102ee00
190617103552,SOLO_FAIL,0102ee00
190617103602,ENDCOOP_FAIL,0102ee00_
190617103603,TAG_DEPARTED_B,0102ee00
190617103603,TAG_ARRIVED_B,0102ee00
190617103604,SOLO_FAIL,0102ee00
190617103607,ENDCOOP_FAIL,0102ee00_
190617103607,TAG_DEPARTED_B,0102ee00
