190704055939,START_EXPERIMENT,
190704060017,TAG_ARRIVED_A,01783900
190704060017,SOLO_FAIL,01783900
190704060020,TAG_ARRIVED_B,0139d100
190704060021,STARTCOOP_SUCCESS,01783900_0139d100
190704060024,TAG_DEPARTED_A,01783900
190704060024,ENDCOOP_SUCCESS,0139d100_
190704060024,TAG_DEPARTED_B,0139d100
190704060137,LOCKOUT_ENDED,
190704061725,TAG_ARRIVED_A,0101c200
190704061726,SOLO_SUCCESS,0101c200
190704061729,TAG_ARRIVED_A,0102ee00
190704061730,SOLO_SUCCESS,0102ee00
190704061731,TAG_DEPARTED_A,0102ee00
190704061732,TAG_ARRIVED_B,01653700
190704061733,SOLO_SUCCESS,01653700
190704061734,TAG_DEPARTED_B,01653700
190704061736,TAG_ARRIVED_B,0101c200
190704061737,SOLO_SUCCESS,0101c200
190704061739,TAG_DEPARTED_B,0101c200
190704061740,TAG_ARRIVED_B,0101c200
190704061741,SOLO_SUCCESS,0101c200
190704061742,TAG_DEPARTED_B,0101c200
190704061744,TAG_ARRIVED_B,0101c200
190704061745,SOLO_SUCCESS,0101c200
190704061746,TAG_DEPARTED_B,0101c200
190704061749,TAG_ARRIVED_A,0102ee00
190704061750,SOLO_SUCCESS,0102ee00
190704061752,TAG_DEPARTED_A,0102ee00
190704061753,TAG_ARRIVED_B,0101c200
190704061754,SOLO_SUCCESS,0101c200
190704061754,TAG_DEPARTED_B,0101c200
190704061756,TAG_ARRIVED_B,0101c200
190704061757,SOLO_SUCCESS,0101c200
190704061800,TAG_DEPARTED_B,0101c200
190704061801,TAG_ARRIVED_A,0102ee00
190704061802,SOLO_SUCCESS,0102ee00
190704061803,TAG_ARRIVED_B,0101c200
190704061804,STARTCOOP_SUCCESS,0102ee00_0101c200
190704061804,TAG_DEPARTED_A,0102ee00
190704061805,ENDCOOP_SUCCESS,0101c200_
190704061805,TAG_DEPARTED_B,0101c200
190704061809,TAG_ARRIVED_B,0101c200
190704061810,SOLO_SUCCESS,0101c200
190704061811,TAG_DEPARTED_B,0101c200
190704061817,TAG_ARRIVED_B,0101c200
190704061818,SOLO_SUCCESS,0101c200
190704061821,TAG_DEPARTED_B,0101c200
190704061822,TAG_ARRIVED_B,0101c200
190704061822,SOLO_SUCCESS,0101c200
190704061824,TAG_DEPARTED_B,0101c200
190704061827,TAG_ARRIVED_A,0102ee00
190704061828,SOLO_SUCCESS,0102ee00
190704061831,TAG_DEPARTED_A,0102ee00
190704061834,TAG_ARRIVED_B,0101c200
190704061835,SOLO_SUCCESS,0101c200
190704061836,TAG_DEPARTED_B,0101c200
190704061848,TAG_ARRIVED_B,0101c200
190704061848,SOLO_SUCCESS,0101c200
190704061849,TAG_ARRIVED_B,01df6400
190704061850,SOLO_SUCCESS,01df6400
190704061851,TAG_DEPARTED_B,01df6400
190704061854,TAG_ARRIVED_B,01df6400
190704061855,SOLO_SUCCESS,01df6400
190704061856,TAG_DEPARTED_B,01df6400
190704061918,TAG_ARRIVED_B,01df6400
190704061919,SOLO_SUCCESS,01df6400
190704061920,TAG_DEPARTED_B,01df6400
190704061927,TAG_ARRIVED_B,01df6400
190704061928,SOLO_SUCCESS,01df6400
190704061929,TAG_DEPARTED_B,01df6400
190704061930,TAG_ARRIVED_A,01040300
190704061931,SOLO_SUCCESS,01040300
190704061933,TAG_DEPARTED_A,01040300
190704061935,TAG_ARRIVED_A,0102ee00
190704061936,SOLO_SUCCESS,0102ee00
190704061941,TAG_ARRIVED_B,01043c00
190704061942,STARTCOOP_SUCCESS,0102ee00_01043c00
190704061943,TAG_DEPARTED_A,0102ee00
190704061949,ENDCOOP_SUCCESS,01043c00_
190704061949,TAG_DEPARTED_B,01043c00
190704062005,TAG_ARRIVED_B,0102ae00
190704062005,SOLO_SUCCESS,0102ae00
190704062007,TAG_DEPARTED_B,0102ae00
190704062008,TAG_ARRIVED_B,0102ae00
190704062008,SOLO_SUCCESS,0102ae00
190704062012,TAG_DEPARTED_B,0102ae00
190704062014,TAG_ARRIVED_B,0102ae00
190704062014,SOLO_SUCCESS,0102ae00
190704062016,TAG_DEPARTED_B,0102ae00
190704062025,TAG_ARRIVED_B,0102ae00
190704062025,SOLO_SUCCESS,0102ae00
190704062026,TAG_ARRIVED_B,01653700
190704062027,SOLO_SUCCESS,01653700
190704062029,TAG_DEPARTED_B,01653700
190704062029,TAG_ARRIVED_A,0102ee00
190704062030,SOLO_SUCCESS,0102ee00
190704062031,TAG_DEPARTED_A,0102ee00
190704062033,TAG_ARRIVED_A,0103bf00
190704062034,SOLO_SUCCESS,0103bf00
190704062035,TAG_DEPARTED_A,0103bf00
190704062038,TAG_ARRIVED_A,0102ee00
190704062039,SOLO_SUCCESS,0102ee00
190704062041,TAG_DEPARTED_A,0102ee00
190704062114,TAG_ARRIVED_B,01df6400
190704062115,SOLO_SUCCESS,01df6400
190704062117,TAG_DEPARTED_B,01df6400
190704062119,TAG_ARRIVED_A,01df6400
190704062120,SOLO_SUCCESS,01df6400
190704062123,TAG_ARRIVED_B,01040300
190704062123,STARTCOOP_FAIL,01df6400_01040300
190704062125,ENDCOOP_FAIL,01040300_01df6400
190704062125,TAG_DEPARTED_B,01040300
190704062125,TAG_DEPARTED_A,01df6400
190704062135,TAG_ARRIVED_A,0102ee00
190704062136,SOLO_FAIL,0102ee00
190704062137,TAG_DEPARTED_A,0102ee00
190704062141,TAG_ARRIVED_B,01040300
190704062142,SOLO_FAIL,01040300
190704062144,ENDCOOP_FAIL,01040300_
190704062144,TAG_DEPARTED_B,01040300
190704062226,TAG_ARRIVED_A,0102ee00
190704062227,SOLO_FAIL,0102ee00
190704062231,TAG_DEPARTED_A,0102ee00
190704062233,TAG_ARRIVED_B,01653700
190704062234,SOLO_FAIL,01653700
190704062237,TAG_ARRIVED_B,01df6400
190704062238,SOLO_FAIL,01df6400
190704062240,ENDCOOP_FAIL,01df6400_
190704062240,TAG_DEPARTED_B,01df6400
190704062304,TAG_ARRIVED_A,01df6400
190704062305,SOLO_FAIL,01df6400
190704062307,TAG_DEPARTED_A,01df6400
190704062323,LOCKOUT_ENDED,
190704062326,TAG_ARRIVED_A,01df6400
190704062327,SOLO_SUCCESS,01df6400
190704062333,TAG_DEPARTED_A,01df6400
190704062343,TAG_ARRIVED_A,01df6400
190704062344,SOLO_SUCCESS,01df6400
190704062345,TAG_DEPARTED_A,01df6400
190704062412,TAG_ARRIVED_A,01df6400
190704062413,SOLO_SUCCESS,01df6400
190704062414,TAG_DEPARTED_A,01df6400
190704062446,TAG_ARRIVED_A,01043c00
190704062447,SOLO_SUCCESS,01043c00
190704062449,TAG_DEPARTED_A,01043c00
190704062451,TAG_ARRIVED_A,01043c00
190704062451,SOLO_SUCCESS,01043c00
190704062506,TAG_ARRIVED_B,0102ee00
190704062507,STARTCOOP_SUCCESS,01043c00_0102ee00
190704062508,ENDCOOP_SUCCESS,0102ee00_01043c00
190704062508,TAG_DEPARTED_B,0102ee00
190704062508,TAG_DEPARTED_A,01043c00
190704062509,TAG_ARRIVED_B,0102ee00
190704062510,SOLO_SUCCESS,0102ee00
190704062510,TAG_ARRIVED_A,01043c00
190704062512,STARTCOOP_SUCCESS,0102ee00_01043c00
190704062512,ENDCOOP_SUCCESS,0102ee00_01043c00
190704062512,TAG_DEPARTED_B,0102ee00
190704062514,TAG_ARRIVED_A,0102ee00
190704062515,SOLO_SUCCESS,0102ee00
190704062518,TAG_DEPARTED_A,0102ee00
190704062537,TAG_ARRIVED_A,0102ee00
190704062538,SOLO_SUCCESS,0102ee00
190704062539,TAG_DEPARTED_A,0102ee00
190704062635,TAG_ARRIVED_A,0102ee00
190704062636,SOLO_SUCCESS,0102ee00
190704062639,TAG_DEPARTED_A,0102ee00
190704062648,TAG_ARRIVED_A,01df6400
190704062649,SOLO_SUCCESS,01df6400
190704062653,TAG_DEPARTED_A,01df6400
190704062714,TAG_ARRIVED_A,0101c200
190704062715,SOLO_SUCCESS,0101c200
190704062716,TAG_DEPARTED_A,0101c200
190704062755,TAG_ARRIVED_A,0102ee00
190704062756,SOLO_SUCCESS,0102ee00
190704062800,TAG_DEPARTED_A,0102ee00
190704062803,TAG_ARRIVED_B,0101c200
190704062804,SOLO_SUCCESS,0101c200
190704062805,TAG_ARRIVED_B,0102ee00
190704062805,SOLO_SUCCESS,0102ee00
190704062806,TAG_ARRIVED_A,0101c200
190704062807,STARTCOOP_SUCCESS,0102ee00_0101c200
190704062807,ENDCOOP_SUCCESS,0102ee00_0101c200
190704062808,TAG_DEPARTED_B,0102ee00
190704062808,TAG_DEPARTED_A,0101c200
190704062809,TAG_ARRIVED_A,0101c200
190704062810,SOLO_SUCCESS,0101c200
190704062811,TAG_DEPARTED_A,0101c200
190704062813,TAG_ARRIVED_A,0101c200
190704062814,SOLO_SUCCESS,0101c200
190704062815,TAG_DEPARTED_A,0101c200
190704062822,TAG_ARRIVED_A,0101c200
190704062823,SOLO_SUCCESS,0101c200
190704062824,TAG_DEPARTED_A,0101c200
190704062828,TAG_ARRIVED_B,0101c200
190704062829,SOLO_SUCCESS,0101c200
190704062830,TAG_DEPARTED_B,0101c200
190704062832,TAG_ARRIVED_B,0101c200
190704062833,SOLO_SUCCESS,0101c200
190704062834,TAG_DEPARTED_B,0101c200
190704062835,TAG_ARRIVED_B,0101c200
190704062836,SOLO_SUCCESS,0101c200
190704062839,TAG_DEPARTED_B,0101c200
190704062843,TAG_ARRIVED_B,01050400
190704062843,SOLO_SUCCESS,01050400
190704062845,TAG_DEPARTED_B,01050400
190704062850,TAG_ARRIVED_B,01050400
190704062851,SOLO_SUCCESS,01050400
190704062852,TAG_DEPARTED_B,01050400
190704062911,TAG_ARRIVED_B,0101c200
190704062912,SOLO_SUCCESS,0101c200
190704062915,TAG_DEPARTED_B,0101c200
190704062916,TAG_ARRIVED_B,0101c200
190704062917,SOLO_SUCCESS,0101c200
190704062918,TAG_DEPARTED_B,0101c200
190704062919,TAG_ARRIVED_B,01050400
190704062919,SOLO_SUCCESS,01050400
190704062924,TAG_DEPARTED_B,01050400
190704062926,TAG_ARRIVED_B,01050400
190704062926,SOLO_SUCCESS,01050400
190704062934,TAG_DEPARTED_B,01050400
190704062940,TAG_ARRIVED_B,01050400
190704062940,SOLO_SUCCESS,01050400
190704062942,TAG_DEPARTED_B,01050400
190704062942,TAG_ARRIVED_B,01050400
190704062943,SOLO_SUCCESS,01050400
190704062944,TAG_DEPARTED_B,01050400
190704062946,TAG_ARRIVED_B,01050400
190704062947,SOLO_SUCCESS,01050400
190704062948,TAG_DEPARTED_B,01050400
190704062949,TAG_ARRIVED_B,0101c200
190704062950,SOLO_SUCCESS,0101c200
190704062954,TAG_DEPARTED_B,0101c200
190704062955,TAG_ARRIVED_B,0101c200
190704062956,SOLO_SUCCESS,0101c200
190704062957,TAG_DEPARTED_B,0101c200
190704062958,TAG_ARRIVED_B,01050400
190704062959,SOLO_SUCCESS,01050400
190704063013,TAG_DEPARTED_B,01050400
190704063015,TAG_ARRIVED_B,01050400
190704063015,SOLO_SUCCESS,01050400
190704063021,TAG_DEPARTED_B,01050400
190704063023,TAG_ARRIVED_B,0101c200
190704063023,SOLO_SUCCESS,0101c200
190704063026,TAG_DEPARTED_B,0101c200
190704063026,TAG_ARRIVED_B,01050400
190704063027,SOLO_SUCCESS,01050400
190704063028,TAG_ARRIVED_A,0101c200
190704063029,STARTCOOP_FAIL,01050400_0101c200
190704063030,TAG_DEPARTED_A,0101c200
190704063032,TAG_ARRIVED_A,0101c200
190704063033,STARTCOOP_FAIL,01050400_0101c200
190704063034,TAG_DEPARTED_A,0101c200
190704063034,ENDCOOP_FAIL,01050400_
190704063034,TAG_DEPARTED_B,01050400
190704063038,TAG_ARRIVED_A,0101c200
190704063039,SOLO_FAIL,0101c200
190704063043,TAG_DEPARTED_A,0101c200
190704063046,TAG_ARRIVED_A,0101c200
190704063047,SOLO_FAIL,0101c200
190704063053,TAG_DEPARTED_A,0101c200
190704063104,TAG_ARRIVED_A,01050400
190704063105,SOLO_FAIL,01050400
190704063146,TAG_DEPARTED_A,01050400
190704063152,TAG_ARRIVED_A,0101c200
190704063153,SOLO_FAIL,0101c200
190704063157,TAG_DEPARTED_A,0101c200
190704063202,TAG_ARRIVED_A,0101c200
190704063203,SOLO_FAIL,0101c200
190704063204,TAG_DEPARTED_A,0101c200
190704063215,TAG_ARRIVED_A,0101c200
190704063216,SOLO_FAIL,0101c200
190704063217,TAG_DEPARTED_A,0101c200
190704063219,TAG_ARRIVED_A,0101c200
190704063220,SOLO_FAIL,0101c200
190704063225,TAG_DEPARTED_A,0101c200
190704063226,TAG_ARRIVED_A,0101c200
190704063227,SOLO_FAIL,0101c200
190704063232,LOCKOUT_ENDED,
190704063245,TAG_DEPARTED_A,0101c200
190704063247,TAG_ARRIVED_A,0101c200
190704063247,SOLO_SUCCESS,0101c200
190704063250,TAG_DEPARTED_A,0101c200
190704063251,TAG_ARRIVED_A,0101c200
190704063252,SOLO_SUCCESS,0101c200
190704063254,TAG_DEPARTED_A,0101c200
190704063713,TAG_ARRIVED_A,0101c200
190704063714,SOLO_SUCCESS,0101c200
190704063715,TAG_DEPARTED_A,0101c200
190704063718,TAG_ARRIVED_A,0101c200
190704063719,SOLO_SUCCESS,0101c200
190704063722,TAG_DEPARTED_A,0101c200
190704063724,TAG_ARRIVED_A,0101c200
190704063725,SOLO_SUCCESS,0101c200
190704063727,TAG_DEPARTED_A,0101c200
190704063734,TAG_ARRIVED_A,0101c200
190704063735,SOLO_SUCCESS,0101c200
190704063736,TAG_DEPARTED_A,0101c200
190704063737,TAG_ARRIVED_A,0101c200
190704063738,SOLO_SUCCESS,0101c200
190704063744,TAG_DEPARTED_A,0101c200
190704063748,TAG_ARRIVED_A,0101c200
190704063749,SOLO_SUCCESS,0101c200
190704063756,TAG_DEPARTED_A,0101c200
190704063759,TAG_ARRIVED_A,0101c200
190704063800,SOLO_SUCCESS,0101c200
190704063801,TAG_DEPARTED_A,0101c200
190704063830,TAG_ARRIVED_A,0101c200
190704063831,SOLO_SUCCESS,0101c200
190704063839,TAG_DEPARTED_A,0101c200
190704063927,TAG_ARRIVED_A,0102ee00
190704063928,SOLO_SUCCESS,0102ee00
190704063931,TAG_DEPARTED_A,0102ee00
190704063932,TAG_ARRIVED_B,0102ee00
190704063933,SOLO_SUCCESS,0102ee00
190704063934,TAG_DEPARTED_B,0102ee00
190704063954,TAG_ARRIVED_B,0102ee00
190704063955,SOLO_SUCCESS,0102ee00
190704063956,TAG_DEPARTED_B,0102ee00
190704063959,TAG_ARRIVED_A,0102ee00
190704064000,SOLO_SUCCESS,0102ee00
190704064003,TAG_DEPARTED_A,0102ee00
190704064111,TAG_ARRIVED_B,0102ee00
190704064112,SOLO_SUCCESS,0102ee00
190704064119,TAG_DEPARTED_B,0102ee00
190704064121,TAG_ARRIVED_A,0102ee00
190704064122,SOLO_SUCCESS,0102ee00
190704064123,TAG_ARRIVED_B,01040300
190704064123,STARTCOOP_FAIL,0102ee00_01040300
190704064125,ENDCOOP_FAIL,01040300_0102ee00
190704064126,TAG_DEPARTED_B,01040300
190704064129,TAG_DEPARTED_A,0102ee00
190704064140,TAG_ARRIVED_A,0102ee00
190704064140,SOLO_FAIL,0102ee00
190704064142,TAG_DEPARTED_A,0102ee00
190704064144,TAG_ARRIVED_B,01c2e300
190704064145,SOLO_FAIL,01c2e300
190704064148,ENDCOOP_FAIL,01c2e300_
190704064148,TAG_DEPARTED_B,01c2e300
190704064203,TAG_ARRIVED_B,01c2e300
190704064204,SOLO_FAIL,01c2e300
190704064208,ENDCOOP_FAIL,01c2e300_
190704064208,TAG_DEPARTED_B,01c2e300
190704064209,TAG_ARRIVED_B,01c2e300
190704064210,SOLO_FAIL,01c2e300
190704064221,ENDCOOP_FAIL,01c2e300_
190704064221,TAG_DEPARTED_B,01c2e300
190704064226,TAG_ARRIVED_B,01c2e300
190704064227,SOLO_FAIL,01c2e300
190704064232,TAG_ARRIVED_A,0102ee00
190704064233,STARTCOOP_SUCCESS,01c2e300_0102ee00
190704064234,TAG_DEPARTED_A,0102ee00
190704064235,ENDCOOP_SUCCESS,01c2e300_
190704064235,TAG_DEPARTED_B,01c2e300
190704064259,TAG_ARRIVED_A,01c2e300
190704064300,SOLO_FAIL,01c2e300
190704064305,TAG_DEPARTED_A,01c2e300
190704064316,TAG_ARRIVED_B,0102ee00
190704064317,SOLO_FAIL,0102ee00
190704064318,ENDCOOP_FAIL,0102ee00_
190704064318,TAG_DEPARTED_B,0102ee00
190704064322,TAG_ARRIVED_B,0102ee00
190704064323,SOLO_SUCCESS,0102ee00
190704064348,TAG_DEPARTED_B,0102ee00
190704064400,TAG_ARRIVED_B,01040300
190704064400,SOLO_SUCCESS,01040300
190704064405,TAG_DEPARTED_B,01040300
190704064420,TAG_ARRIVED_A,01c2e300
190704064421,SOLO_SUCCESS,01c2e300
190704064431,TAG_DEPARTED_A,01c2e300
190704064452,TAG_ARRIVED_A,01c2e300
190704064453,SOLO_SUCCESS,01c2e300
190704064500,TAG_DEPARTED_A,01c2e300
190704064506,TAG_ARRIVED_B,01653700
190704064507,SOLO_SUCCESS,01653700
190704064508,TAG_DEPARTED_B,01653700
190704064516,TAG_ARRIVED_A,01c2e300
190704064517,SOLO_SUCCESS,01c2e300
190704064520,TAG_DEPARTED_A,01c2e300
190704064524,TAG_ARRIVED_B,01653700
190704064525,SOLO_SUCCESS,01653700
190704064526,TAG_ARRIVED_A,01d41b00
190704064527,STARTCOOP_SUCCESS,01653700_01d41b00
190704064527,ENDCOOP_SUCCESS,01653700_01d41b00
190704064527,TAG_DEPARTED_B,01653700
190704064528,TAG_ARRIVED_B,01653700
190704064529,STARTCOOP_SUCCESS,01d41b00_01653700
190704064531,TAG_DEPARTED_A,01d41b00
190704064534,ENDCOOP_SUCCESS,01653700_
190704064534,TAG_DEPARTED_B,01653700
190704064535,TAG_ARRIVED_A,01d41b00
190704064536,SOLO_SUCCESS,01d41b00
190704064536,TAG_ARRIVED_B,0102ae00
190704064536,STARTCOOP_FAIL,01d41b00_0102ae00
190704064537,TAG_DEPARTED_A,01d41b00
190704064537,TAG_ARRIVED_A,01d41b00
190704064538,STARTCOOP_FAIL,0102ae00_01d41b00
190704064539,TAG_DEPARTED_A,01d41b00
190704064543,TAG_ARRIVED_A,01d41b00
190704064544,STARTCOOP_FAIL,0102ae00_01d41b00
190704064545,TAG_DEPARTED_A,01d41b00
190704064546,ENDCOOP_FAIL,0102ae00_
190704064546,TAG_DEPARTED_B,0102ae00
190704064548,TAG_ARRIVED_B,0102ae00
190704064549,SOLO_FAIL,0102ae00
190704064556,TAG_ARRIVED_A,01d41b00
190704064557,STARTCOOP_FAIL,0102ae00_01d41b00
190704064603,ENDCOOP_FAIL,0102ae00_01d41b00
190704064603,TAG_DEPARTED_B,0102ae00
190704064604,TAG_ARRIVED_B,0102ae00
190704064604,STARTCOOP_FAIL,01d41b00_0102ae00
190704064605,ENDCOOP_FAIL,0102ae00_01d41b00
190704064606,TAG_DEPARTED_B,0102ae00
190704064606,TAG_ARRIVED_B,0102ae00
190704064607,STARTCOOP_FAIL,01d41b00_0102ae00
190704064607,TAG_DEPARTED_A,01d41b00
190704064609,TAG_ARRIVED_A,01d41b00
190704064610,STARTCOOP_FAIL,0102ae00_01d41b00
190704064611,ENDCOOP_FAIL,0102ae00_01d41b00
190704064611,TAG_DEPARTED_B,0102ae00
190704064617,TAG_ARRIVED_B,0102ae00
190704064617,STARTCOOP_FAIL,01d41b00_0102ae00
190704064619,ENDCOOP_FAIL,0102ae00_01d41b00
190704064619,TAG_DEPARTED_B,0102ae00
190704064620,TAG_DEPARTED_A,01d41b00
190704064622,TAG_ARRIVED_B,0102ae00
190704064622,SOLO_FAIL,0102ae00
190704064623,TAG_ARRIVED_A,01d41b00
190704064624,STARTCOOP_FAIL,0102ae00_01d41b00
190704064625,TAG_DEPARTED_A,01d41b00
190704064632,ENDCOOP_FAIL,0102ae00_
190704064633,TAG_DEPARTED_B,0102ae00
190704064635,TAG_ARRIVED_B,0102ae00
190704064636,SOLO_FAIL,0102ae00
190704064650,TAG_ARRIVED_A,01d41b00
190704064651,STARTCOOP_FAIL,0102ae00_01d41b00
190704064659,TAG_DEPARTED_A,01d41b00
190704064704,TAG_ARRIVED_A,01d41b00
190704064705,STARTCOOP_FAIL,0102ae00_01d41b00
190704064706,TAG_DEPARTED_A,01d41b00
190704064713,TAG_ARRIVED_A,01d41b00
190704064714,STARTCOOP_FAIL,0102ae00_01d41b00
190704064719,TAG_ARRIVED_A,01c2e300
190704064720,STARTCOOP_FAIL,0102ae00_01c2e300
190704064720,ENDCOOP_FAIL,0102ae00_01c2e300
190704064721,TAG_DEPARTED_B,0102ae00
190704064721,TAG_ARRIVED_B,01653700
190704064722,STARTCOOP_SUCCESS,01c2e300_01653700
190704064723,ENDCOOP_SUCCESS,01653700_01c2e300
190704064723,TAG_DEPARTED_B,01653700
190704064729,TAG_ARRIVED_B,0102ae00
190704064730,STARTCOOP_FAIL,01c2e300_0102ae00
190704064730,TAG_DEPARTED_A,01c2e300
190704064730,TAG_ARRIVED_A,01c2e300
190704064731,STARTCOOP_FAIL,0102ae00_01c2e300
190704064733,ENDCOOP_FAIL,0102ae00_01c2e300
190704064733,TAG_DEPARTED_B,0102ae00
190704064735,TAG_ARRIVED_B,0102ae00
190704064736,STARTCOOP_FAIL,01c2e300_0102ae00
190704064736,TAG_DEPARTED_A,01c2e300
190704064736,TAG_ARRIVED_A,01c2e300
190704064737,STARTCOOP_FAIL,0102ae00_01c2e300
190704064738,ENDCOOP_FAIL,0102ae00_01c2e300
190704064738,TAG_DEPARTED_B,0102ae00
190704064802,TAG_DEPARTED_A,01c2e300
190704064805,TAG_ARRIVED_A,01c2e300
190704064805,SOLO_FAIL,01c2e300
190704064807,TAG_ARRIVED_B,0102ae00
190704064807,STARTCOOP_FAIL,01c2e300_0102ae00
190704064825,TAG_DEPARTED_A,01c2e300
190704064826,ENDCOOP_FAIL,0102ae00_
190704064826,TAG_DEPARTED_B,0102ae00
190704064828,TAG_ARRIVED_B,01653700
190704064829,SOLO_FAIL,01653700
190704064831,TAG_ARRIVED_A,0102ae00
190704064832,STARTCOOP_FAIL,01653700_0102ae00
190704064838,TAG_DEPARTED_A,0102ae00
190704064840,TAG_ARRIVED_A,0102ae00
190704064840,STARTCOOP_FAIL,01653700_0102ae00
190704064842,TAG_DEPARTED_A,0102ae00
190704064842,TAG_ARRIVED_A,0102ae00
190704064843,STARTCOOP_FAIL,01653700_0102ae00
190704064844,ENDCOOP_FAIL,01653700_0102ae00
190704064844,TAG_DEPARTED_B,01653700
190704064904,TAG_DEPARTED_A,0102ae00
190704064906,TAG_ARRIVED_A,01c2e300
190704064906,SOLO_FAIL,01c2e300
190704064907,TAG_ARRIVED_B,01050400
190704064908,STARTCOOP_FAIL,01c2e300_01050400
190704064908,TAG_DEPARTED_A,01c2e300
190704064910,TAG_ARRIVED_A,01c2e300
190704064911,STARTCOOP_FAIL,01050400_01c2e300
190704064919,ENDCOOP_FAIL,01050400_01c2e300
190704064919,TAG_DEPARTED_B,01050400
190704064920,TAG_ARRIVED_B,01050400
190704064920,STARTCOOP_FAIL,01c2e300_01050400
190704064939,ENDCOOP_FAIL,01050400_01c2e300
190704064939,TAG_DEPARTED_B,01050400
190704064940,TAG_DEPARTED_A,01c2e300
190704064941,TAG_ARRIVED_A,01050400
190704064941,SOLO_FAIL,01050400
190704064945,TAG_ARRIVED_B,0101c200
190704064946,STARTCOOP_FAIL,01050400_0101c200
190704064946,TAG_DEPARTED_A,01050400
190704064949,ENDCOOP_FAIL,0101c200_
190704064950,TAG_DEPARTED_B,0101c200
190704064950,TAG_ARRIVED_B,0101c200
190704064951,SOLO_FAIL,0101c200
190704064951,TAG_ARRIVED_A,01050400
190704064952,STARTCOOP_FAIL,0101c200_01050400
190704064952,ENDCOOP_FAIL,0101c200_01050400
190704064952,TAG_DEPARTED_B,0101c200
190704064953,TAG_ARRIVED_B,0101c200
190704064954,STARTCOOP_FAIL,01050400_0101c200
190704064954,TAG_DEPARTED_A,01050400
190704064955,ENDCOOP_FAIL,0101c200_
190704064955,TAG_DEPARTED_B,0101c200
190704064957,TAG_ARRIVED_B,0101c200
190704064958,SOLO_FAIL,0101c200
190704064958,TAG_ARRIVED_A,01050400
190704064959,STARTCOOP_FAIL,0101c200_01050400
190704064959,ENDCOOP_FAIL,0101c200_01050400
190704064959,TAG_DEPARTED_B,0101c200
190704065001,TAG_ARRIVED_B,0101c200
190704065002,STARTCOOP_FAIL,01050400_0101c200
190704065004,ENDCOOP_FAIL,0101c200_01050400
190704065004,TAG_DEPARTED_B,0101c200
190704065005,TAG_ARRIVED_B,0101c200
190704065006,STARTCOOP_FAIL,01050400_0101c200
190704065006,TAG_DEPARTED_A,01050400
190704065006,ENDCOOP_FAIL,0101c200_
190704065007,TAG_DEPARTED_B,0101c200
190704065014,TAG_ARRIVED_A,01050400
190704065015,SOLO_FAIL,01050400
190704065027,TAG_DEPARTED_A,01050400
190704065027,TAG_ARRIVED_B,0101c200
190704065028,SOLO_FAIL,0101c200
190704065030,ENDCOOP_FAIL,0101c200_
190704065030,TAG_DEPARTED_B,0101c200
190704065034,TAG_ARRIVED_A,01050400
190704065034,SOLO_FAIL,01050400
190704065036,TAG_ARRIVED_B,0101c200
190704065037,STARTCOOP_FAIL,01050400_0101c200
190704065037,TAG_DEPARTED_A,01050400
190704065038,ENDCOOP_FAIL,0101c200_
190704065039,TAG_DEPARTED_B,0101c200
190704065048,TAG_ARRIVED_B,0101c200
190704065049,SOLO_FAIL,0101c200
190704065053,ENDCOOP_FAIL,0101c200_
190704065053,TAG_DEPARTED_B,0101c200
190704065059,TAG_ARRIVED_A,01050400
190704065059,SOLO_FAIL,01050400
190704065101,TAG_ARRIVED_B,0101c200
190704065102,STARTCOOP_FAIL,01050400_0101c200
190704065103,TAG_DEPARTED_A,01050400
190704065105,ENDCOOP_FAIL,0101c200_
190704065105,TAG_DEPARTED_B,0101c200
190704065105,TAG_ARRIVED_A,0101c200
190704065106,SOLO_FAIL,0101c200
190704065107,TAG_DEPARTED_A,0101c200
190704065139,TAG_ARRIVED_B,0101c200
190704065140,SOLO_FAIL,0101c200
190704065142,TAG_ARRIVED_A,0101c200
190704065143,SOLO_FAIL,0101c200
190704065143,ENDCOOP_FAIL,0101c200_0101c200
190704065144,TAG_DEPARTED_B,0101c200
190704065145,TAG_ARRIVED_B,0101ce00
190704065145,STARTCOOP_FAIL,0101c200_0101ce00
190704065150,ENDCOOP_FAIL,0101ce00_0101c200
190704065150,TAG_DEPARTED_B,0101ce00
190704065151,TAG_ARRIVED_B,0101ce00
190704065151,STARTCOOP_FAIL,0101c200_0101ce00
190704065154,TAG_DEPARTED_A,0101c200
190704065159,TAG_ARRIVED_A,0101c200
190704065200,STARTCOOP_FAIL,0101ce00_0101c200
190704065202,TAG_DEPARTED_A,0101c200
190704065208,ENDCOOP_FAIL,0101ce00_
190704065208,TAG_DEPARTED_B,0101ce00
190704065303,TAG_ARRIVED_B,0102ae00
190704065303,SOLO_FAIL,0102ae00
190704065307,ENDCOOP_FAIL,0102ae00_
190704065307,TAG_DEPARTED_B,0102ae00
190704065307,TAG_ARRIVED_A,0102ae00
190704065308,SOLO_FAIL,0102ae00
190704065316,TAG_DEPARTED_A,0102ae00
190704065321,TAG_ARRIVED_A,0102ae00
190704065321,SOLO_FAIL,0102ae00
190704065337,TAG_DEPARTED_A,0102ae00
190704065341,TAG_ARRIVED_A,0102ae00
190704065342,SOLO_FAIL,0102ae00
190704065351,TAG_DEPARTED_A,0102ae00
190704065352,TAG_ARRIVED_A,0102ae00
190704065353,SOLO_FAIL,0102ae00
190704065354,TAG_DEPARTED_A,0102ae00
190704065400,LOCKOUT_ENDED,
190704065401,TAG_ARRIVED_A,0102ae00
190704065402,SOLO_SUCCESS,0102ae00
190704065406,TAG_DEPARTED_A,0102ae00
190704065417,TAG_ARRIVED_A,0102ae00
190704065418,SOLO_SUCCESS,0102ae00
190704065423,TAG_DEPARTED_A,0102ae00
190704065442,TAG_ARRIVED_A,0102ae00
190704065442,SOLO_SUCCESS,0102ae00
190704065444,TAG_DEPARTED_A,0102ae00
190704065455,TAG_ARRIVED_A,0102ae00
190704065456,SOLO_SUCCESS,0102ae00
190704065456,TAG_ARRIVED_B,01043c00
190704065457,STARTCOOP_FAIL,0102ae00_01043c00
190704065458,ENDCOOP_FAIL,01043c00_0102ae00
190704065458,TAG_DEPARTED_B,01043c00
190704065506,TAG_DEPARTED_A,0102ae00
190704065507,TAG_ARRIVED_A,0102ae00
190704065507,SOLO_FAIL,0102ae00
190704065528,TAG_DEPARTED_A,0102ae00
190704065536,TAG_ARRIVED_A,0102ae00
190704065536,SOLO_FAIL,0102ae00
190704065611,TAG_DEPARTED_A,0102ae00
190704065620,TAG_ARRIVED_A,0102ae00
190704065620,SOLO_FAIL,0102ae00
190704065649,TAG_ARRIVED_B,0102ae00
190704065649,SOLO_FAIL,0102ae00
190704065650,TAG_DEPARTED_A,0102ae00
190704065652,TAG_ARRIVED_A,01043c00
190704065653,STARTCOOP_FAIL,0102ae00_01043c00
190704065656,ENDCOOP_FAIL,0102ae00_01043c00
190704065656,TAG_DEPARTED_B,0102ae00
190704065656,TAG_ARRIVED_B,0102ae00
190704065657,STARTCOOP_FAIL,01043c00_0102ae00
190704065714,TAG_DEPARTED_A,01043c00
190704065724,TAG_ARRIVED_A,01043c00
190704065725,STARTCOOP_FAIL,0102ae00_01043c00
190704065742,TAG_DEPARTED_A,01043c00
190704065742,ENDCOOP_FAIL,0102ae00_
190704065742,TAG_DEPARTED_B,0102ae00
190704065745,TAG_ARRIVED_A,01043c00
190704065746,SOLO_FAIL,01043c00
190704065750,TAG_ARRIVED_A,0102ae00
190704065751,SOLO_FAIL,0102ae00
190704065757,TAG_DEPARTED_A,0102ae00
190704065804,TAG_ARRIVED_A,0102ae00
190704065804,SOLO_FAIL,0102ae00
190704065843,TAG_DEPARTED_A,0102ae00
190704065844,TAG_ARRIVED_A,0102ee00
190704065845,SOLO_FAIL,0102ee00
190704065846,TAG_DEPARTED_A,0102ee00
190704065900,TAG_ARRIVED_B,01d41b00
190704065901,SOLO_FAIL,01d41b00
190704065903,TAG_ARRIVED_B,0102ee00
190704065904,SOLO_FAIL,0102ee00
190704065908,ENDCOOP_FAIL,0102ee00_
190704065909,TAG_DEPARTED_B,0102ee00
190704065925,LOCKOUT_ENDED,
190704065926,TAG_ARRIVED_A,01d41b00
190704065927,SOLO_SUCCESS,01d41b00
190704065928,TAG_ARRIVED_B,0102ee00
190704065929,STARTCOOP_SUCCESS,01d41b00_0102ee00
190704065929,TAG_DEPARTED_A,01d41b00
190704065930,TAG_ARRIVED_A,01d41b00
190704065931,STARTCOOP_SUCCESS,0102ee00_01d41b00
190704065937,TAG_DEPARTED_A,01d41b00
190704065942,TAG_ARRIVED_A,01d41b00
190704065943,STARTCOOP_SUCCESS,0102ee00_01d41b00
190704065947,TAG_DEPARTED_A,01d41b00
190704065950,TAG_ARRIVED_A,01d41b00
190704065951,STARTCOOP_SUCCESS,0102ee00_01d41b00
190704065951,ENDCOOP_SUCCESS,0102ee00_01d41b00
190704065952,TAG_DEPARTED_B,0102ee00
190704065952,TAG_ARRIVED_B,0102ee00
190704065953,STARTCOOP_SUCCESS,01d41b00_0102ee00
190704065958,ENDCOOP_SUCCESS,0102ee00_01d41b00
190704065958,TAG_DEPARTED_B,0102ee00
190704065958,TAG_DEPARTED_A,01d41b00
190704065958,TAG_ARRIVED_B,01d41b00
190704065959,SOLO_SUCCESS,01d41b00
190704070011,TAG_DEPARTED_B,01d41b00
190704070119,TAG_ARRIVED_B,01d41b00
190704070120,SOLO_SUCCESS,01d41b00
190704070127,TAG_DEPARTED_B,01d41b00
190704070133,TAG_ARRIVED_B,01d41b00
190704070134,SOLO_SUCCESS,01d41b00
190704070141,TAG_DEPARTED_B,01d41b00
190704070146,TAG_ARRIVED_B,01d41b00
190704070147,SOLO_SUCCESS,01d41b00
190704070156,TAG_DEPARTED_B,01d41b00
190704070207,TAG_ARRIVED_B,0101c200
190704070208,SOLO_SUCCESS,0101c200
190704070224,TAG_DEPARTED_B,0101c200
190704070226,TAG_ARRIVED_B,0101c200
190704070227,SOLO_SUCCESS,0101c200
190704070229,TAG_DEPARTED_B,0101c200
190704070230,TAG_ARRIVED_B,0101c200
190704070231,SOLO_SUCCESS,0101c200
190704070256,TAG_DEPARTED_B,0101c200
190704070303,TAG_ARRIVED_B,0101c200
190704070304,SOLO_SUCCESS,0101c200
190704070309,TAG_DEPARTED_B,0101c200
190704070313,TAG_ARRIVED_B,0101c200
190704070314,SOLO_SUCCESS,0101c200
190704070326,TAG_DEPARTED_B,0101c200
190704070329,TAG_ARRIVED_B,0102ae00
190704070329,SOLO_SUCCESS,0102ae00
190704070332,TAG_DEPARTED_B,0102ae00
190704070336,TAG_ARRIVED_B,07991800
190704070336,SOLO_SUCCESS,07991800
190704070343,TAG_DEPARTED_B,07991800
190704070345,TAG_ARRIVED_B,07991800
190704070346,SOLO_SUCCESS,07991800
190704070354,TAG_DEPARTED_B,07991800
190704070354,TAG_ARRIVED_B,07991800
190704070355,SOLO_SUCCESS,07991800
190704070358,TAG_DEPARTED_B,07991800
190704070407,TAG_ARRIVED_B,07991800
190704070408,SOLO_SUCCESS,07991800
190704070409,TAG_DEPARTED_B,07991800
190704070420,TAG_ARRIVED_B,07991800
190704070421,SOLO_SUCCESS,07991800
190704070427,TAG_DEPARTED_B,07991800
190704070438,TAG_ARRIVED_B,07991800
190704070438,SOLO_SUCCESS,07991800
190704070440,TAG_DEPARTED_B,07991800
190704070710,TAG_ARRIVED_A,01753200
190704070711,SOLO_SUCCESS,01753200
190704070712,TAG_DEPARTED_A,01753200
190704070729,TAG_ARRIVED_A,01753200
190704070730,SOLO_SUCCESS,01753200
190704070731,TAG_DEPARTED_A,01753200
190704070736,TAG_ARRIVED_A,01753200
190704070736,SOLO_SUCCESS,01753200
190704070739,TAG_DEPARTED_A,01753200
190704070749,TAG_ARRIVED_A,01753200
190704070750,SOLO_SUCCESS,01753200
190704070755,TAG_DEPARTED_A,01753200
190704070758,TAG_ARRIVED_A,0101ce00
190704070759,SOLO_SUCCESS,0101ce00
190704070802,TAG_DEPARTED_A,0101ce00
190704070812,TAG_ARRIVED_A,01753200
190704070812,SOLO_SUCCESS,01753200
190704070814,TAG_DEPARTED_A,01753200
190704070822,TAG_ARRIVED_A,01753200
190704070822,SOLO_SUCCESS,01753200
190704070824,TAG_DEPARTED_A,01753200
190704071111,TAG_ARRIVED_B,01021800
190704071111,SOLO_SUCCESS,01021800
190704071113,TAG_DEPARTED_B,01021800
190704071118,TAG_ARRIVED_B,0103bf00
190704071119,SOLO_SUCCESS,0103bf00
190704071119,TAG_ARRIVED_B,01021800
190704071120,SOLO_SUCCESS,01021800
190704071210,TAG_DEPARTED_B,01021800
190704071213,TAG_ARRIVED_B,0103bf00
190704071213,SOLO_SUCCESS,0103bf00
190704071217,TAG_ARRIVED_B,01ae2b00
190704071217,SOLO_SUCCESS,01ae2b00
190704071220,TAG_DEPARTED_B,01ae2b00
190704071220,TAG_ARRIVED_B,01021800
190704071221,SOLO_SUCCESS,01021800
190704071224,TAG_DEPARTED_B,01021800
190704071258,TAG_ARRIVED_B,07a0b700
190704071258,SOLO_SUCCESS,07a0b700
190704071310,TAG_DEPARTED_B,07a0b700
190704071310,TAG_ARRIVED_B,07a0b700
190704071310,SOLO_SUCCESS,07a0b700
190704071333,TAG_DEPARTED_B,07a0b700
190704071333,TAG_ARRIVED_B,07a0b700
190704071334,SOLO_SUCCESS,07a0b700
190704071342,TAG_DEPARTED_B,07a0b700
190704071348,TAG_ARRIVED_B,01653700
190704071349,SOLO_SUCCESS,01653700
190704071354,TAG_DEPARTED_B,01653700
190704071356,TAG_ARRIVED_B,01653700
190704071357,SOLO_SUCCESS,01653700
190704071358,TAG_DEPARTED_B,01653700
190704071400,TAG_ARRIVED_B,01653700
190704071400,SOLO_SUCCESS,01653700
190704071408,TAG_DEPARTED_B,01653700
190704071409,TAG_ARRIVED_B,01653700
190704071410,SOLO_SUCCESS,01653700
190704071411,TAG_DEPARTED_B,01653700
190704071418,TAG_ARRIVED_A,01043c00
190704071418,SOLO_SUCCESS,01043c00
190704071419,TAG_ARRIVED_B,01653700
190704071420,STARTCOOP_SUCCESS,01043c00_01653700
190704071420,ENDCOOP_SUCCESS,01653700_01043c00
190704071420,TAG_DEPARTED_B,01653700
190704071421,TAG_ARRIVED_B,01653700
190704071422,STARTCOOP_SUCCESS,01043c00_01653700
190704071432,ENDCOOP_SUCCESS,01653700_01043c00
190704071432,TAG_DEPARTED_B,01653700
190704071432,TAG_ARRIVED_B,01653700
190704071433,STARTCOOP_SUCCESS,01043c00_01653700
190704071434,ENDCOOP_SUCCESS,01653700_01043c00
190704071434,TAG_DEPARTED_B,01653700
190704071449,TAG_ARRIVED_B,01653700
190704071450,STARTCOOP_SUCCESS,01043c00_01653700
190704071451,ENDCOOP_SUCCESS,01653700_01043c00
190704071452,TAG_DEPARTED_B,01653700
190704071452,TAG_ARRIVED_B,01653700
190704071453,STARTCOOP_SUCCESS,01043c00_01653700
190704071454,TAG_DEPARTED_A,01043c00
190704071458,TAG_ARRIVED_A,01043c00
190704071459,STARTCOOP_SUCCESS,01653700_01043c00
190704071500,TAG_DEPARTED_A,01043c00
190704071506,ENDCOOP_SUCCESS,01653700_
190704071506,TAG_DEPARTED_B,01653700
190704071506,TAG_ARRIVED_A,01043c00
190704071507,SOLO_SUCCESS,01043c00
190704071508,TAG_ARRIVED_B,0102ee00
190704071509,STARTCOOP_SUCCESS,01043c00_0102ee00
190704071509,ENDCOOP_SUCCESS,0102ee00_01043c00
190704071509,TAG_DEPARTED_B,0102ee00
190704071509,TAG_ARRIVED_A,0102ee00
190704071510,SOLO_SUCCESS,0102ee00
190704071511,TAG_ARRIVED_B,01653700
190704071512,STARTCOOP_SUCCESS,0102ee00_01653700
190704071513,ENDCOOP_SUCCESS,01653700_0102ee00
190704071513,TAG_DEPARTED_B,01653700
190704071525,TAG_DEPARTED_A,0102ee00
190704071531,TAG_ARRIVED_B,0102ee00
190704071532,SOLO_SUCCESS,0102ee00
190704071535,TAG_DEPARTED_B,0102ee00
190704071618,TAG_ARRIVED_B,0102ee00
190704071619,SOLO_SUCCESS,0102ee00
190704071626,TAG_DEPARTED_B,0102ee00
190704071626,TAG_ARRIVED_A,0102ee00
190704071627,SOLO_SUCCESS,0102ee00
190704071637,TAG_DEPARTED_A,0102ee00
190704071638,TAG_ARRIVED_B,01653700
190704071639,SOLO_SUCCESS,01653700
190704071640,TAG_DEPARTED_B,01653700
190704071644,TAG_ARRIVED_A,0102ee00
190704071645,SOLO_SUCCESS,0102ee00
190704071656,TAG_DEPARTED_A,0102ee00
190704071656,TAG_ARRIVED_B,01653700
190704071657,SOLO_SUCCESS,01653700
190704071657,TAG_ARRIVED_B,0102ee00
190704071658,SOLO_SUCCESS,0102ee00
190704071705,TAG_DEPARTED_B,0102ee00
190704071706,TAG_ARRIVED_A,01653700
190704071707,SOLO_SUCCESS,01653700
190704071708,TAG_DEPARTED_A,01653700
190704071713,TAG_ARRIVED_A,01653700
190704071714,SOLO_SUCCESS,01653700
190704071715,TAG_DEPARTED_A,01653700
190704071717,TAG_ARRIVED_B,01653700
190704071718,SOLO_SUCCESS,01653700
190704071719,TAG_DEPARTED_B,01653700
190704071719,TAG_ARRIVED_A,01653700
190704071720,SOLO_SUCCESS,01653700
190704071721,TAG_DEPARTED_A,01653700
190704071723,TAG_ARRIVED_A,01653700
190704071724,SOLO_SUCCESS,01653700
190704071726,TAG_DEPARTED_A,01653700
190704071737,TAG_ARRIVED_A,01653700
190704071738,SOLO_SUCCESS,01653700
190704071743,TAG_DEPARTED_A,01653700
190704071753,TAG_ARRIVED_A,01c2e300
190704071753,SOLO_SUCCESS,01c2e300
190704071814,TAG_DEPARTED_A,01c2e300
190704071824,TAG_ARRIVED_A,01c2e300
190704071824,SOLO_SUCCESS,01c2e300
190704071852,TAG_DEPARTED_A,01c2e300
190704071854,TAG_ARRIVED_A,01c2e300
190704071855,SOLO_SUCCESS,01c2e300
190704071859,TAG_DEPARTED_A,01c2e300
190704072233,TAG_ARRIVED_B,01ae2b00
190704072233,SOLO_SUCCESS,01ae2b00
190704072249,TAG_DEPARTED_B,01ae2b00
190704072305,TAG_ARRIVED_A,01ae2b00
190704072305,SOLO_SUCCESS,01ae2b00
190704072308,TAG_DEPARTED_A,01ae2b00
190704072341,TAG_ARRIVED_A,07991800
190704072341,SOLO_SUCCESS,07991800
190704072343,TAG_DEPARTED_A,07991800
190704072346,TAG_ARRIVED_A,07991800
190704072347,SOLO_SUCCESS,07991800
190704072353,TAG_DEPARTED_A,07991800
190704072354,TAG_ARRIVED_A,07991800
190704072354,SOLO_SUCCESS,07991800
190704072357,TAG_DEPARTED_A,07991800
190704072402,TAG_ARRIVED_A,07991800
190704072402,SOLO_SUCCESS,07991800
190704072404,TAG_DEPARTED_A,07991800
190704072408,TAG_ARRIVED_A,07991800
190704072408,SOLO_SUCCESS,07991800
190704072410,TAG_DEPARTED_A,07991800
190704072416,TAG_ARRIVED_A,07991800
190704072417,SOLO_SUCCESS,07991800
190704072419,TAG_DEPARTED_A,07991800
190704072420,TAG_ARRIVED_A,07991800
190704072421,SOLO_SUCCESS,07991800
190704072431,TAG_ARRIVED_A,01021800
190704072431,SOLO_SUCCESS,01021800
190704072505,TAG_DEPARTED_A,01021800
190704072506,TAG_ARRIVED_A,01021800
190704072507,SOLO_SUCCESS,01021800
190704072509,TAG_DEPARTED_A,01021800
190704072511,TAG_ARRIVED_A,01021800
190704072511,SOLO_SUCCESS,01021800
190704072626,TAG_DEPARTED_A,01021800
190704073625,TAG_ARRIVED_A,01d41b00
190704073626,SOLO_SUCCESS,01d41b00
190704073633,TAG_DEPARTED_A,01d41b00
190704073654,TAG_ARRIVED_B,01d41b00
190704073655,SOLO_SUCCESS,01d41b00
190704073659,TAG_ARRIVED_A,01016400
190704073700,STARTCOOP_FAIL,01d41b00_01016400
190704073700,ENDCOOP_FAIL,01d41b00_01016400
190704073700,TAG_DEPARTED_B,01d41b00
190704073702,TAG_ARRIVED_A,01d41b00
190704073703,SOLO_FAIL,01d41b00
190704073704,TAG_DEPARTED_A,01d41b00
190704073745,TAG_ARRIVED_B,01d41b00
190704073746,SOLO_FAIL,01d41b00
190704073752,ENDCOOP_FAIL,01d41b00_
190704073752,TAG_DEPARTED_B,01d41b00
190704073754,TAG_ARRIVED_A,01016400
190704073755,SOLO_FAIL,01016400
190704073756,TAG_ARRIVED_B,01d41b00
190704073757,STARTCOOP_FAIL,01016400_01d41b00
190704073757,TAG_DEPARTED_A,01016400
190704073800,ENDCOOP_FAIL,01d41b00_
190704073800,TAG_DEPARTED_B,01d41b00
190704073818,TAG_ARRIVED_A,01d41b00
190704073819,SOLO_FAIL,01d41b00
190704073826,TAG_DEPARTED_A,01d41b00
190704073847,TAG_ARRIVED_B,0102ee00
190704073848,SOLO_FAIL,0102ee00
190704073850,ENDCOOP_FAIL,0102ee00_
190704073850,TAG_DEPARTED_B,0102ee00
190704073851,TAG_ARRIVED_B,0102ee00
190704073852,SOLO_FAIL,0102ee00
190704073852,ENDCOOP_FAIL,0102ee00_
190704073852,TAG_DEPARTED_B,0102ee00
190704073853,TAG_ARRIVED_B,0102ee00
190704073854,SOLO_FAIL,0102ee00
190704073858,ENDCOOP_FAIL,0102ee00_
190704073858,TAG_DEPARTED_B,0102ee00
190704073902,TAG_ARRIVED_A,0104a800
190704073903,SOLO_FAIL,0104a800
190704073907,TAG_DEPARTED_A,0104a800
190704073956,LOCKOUT_ENDED,
190704074058,TAG_ARRIVED_A,01040300
190704074058,SOLO_SUCCESS,01040300
190704074100,TAG_DEPARTED_A,01040300
190704074106,TAG_ARRIVED_B,01cf0600
190704074107,SOLO_SUCCESS,01cf0600
190704074116,TAG_DEPARTED_B,01cf0600
190704074345,TAG_ARRIVED_B,0101c200
190704074346,SOLO_SUCCESS,0101c200
190704074351,TAG_DEPARTED_B,0101c200
190704074716,TAG_ARRIVED_B,01ae2b00
190704074717,SOLO_SUCCESS,01ae2b00
190704074719,TAG_DEPARTED_B,01ae2b00
190704074949,TAG_ARRIVED_B,0102ee00
190704074950,SOLO_SUCCESS,0102ee00
190704075007,TAG_DEPARTED_B,0102ee00
190704075024,TAG_ARRIVED_B,0102ee00
190704075025,SOLO_SUCCESS,0102ee00
190704075037,TAG_DEPARTED_B,0102ee00
190704075051,TAG_ARRIVED_B,0102ee00
190704075052,SOLO_SUCCESS,0102ee00
190704075108,TAG_DEPARTED_B,0102ee00
190704075110,TAG_ARRIVED_A,01c2e300
190704075111,SOLO_SUCCESS,01c2e300
190704075112,TAG_DEPARTED_A,01c2e300
190704075112,TAG_ARRIVED_A,01c2e300
190704075113,SOLO_SUCCESS,01c2e300
190704075114,TAG_DEPARTED_A,01c2e300
190704075123,TAG_ARRIVED_A,0101c200
190704075124,SOLO_SUCCESS,0101c200
190704075126,TAG_DEPARTED_A,0101c200
190704075127,TAG_ARRIVED_A,01c2e300
190704075128,SOLO_SUCCESS,01c2e300
190704075131,TAG_DEPARTED_A,01c2e300
190704075139,TAG_ARRIVED_A,0102ee00
190704075140,SOLO_SUCCESS,0102ee00
190704075158,TAG_DEPARTED_A,0102ee00
190704075158,TAG_ARRIVED_A,0102ee00
190704075159,SOLO_SUCCESS,0102ee00
190704075304,TAG_DEPARTED_A,0102ee00
190704075306,TAG_ARRIVED_B,0102ee00
190704075307,SOLO_SUCCESS,0102ee00
190704075308,TAG_DEPARTED_B,0102ee00
190704075310,TAG_ARRIVED_A,01c2e300
190704075311,SOLO_SUCCESS,01c2e300
190704075312,TAG_ARRIVED_B,0102ee00
190704075313,STARTCOOP_SUCCESS,01c2e300_0102ee00
190704075313,TAG_DEPARTED_A,01c2e300
190704075315,TAG_ARRIVED_A,01c2e300
190704075316,STARTCOOP_SUCCESS,0102ee00_01c2e300
190704075317,TAG_DEPARTED_A,01c2e300
190704075317,ENDCOOP_SUCCESS,0102ee00_
190704075317,TAG_DEPARTED_B,0102ee00
190704075319,TAG_ARRIVED_B,0102ee00
190704075320,SOLO_SUCCESS,0102ee00
190704075323,TAG_ARRIVED_A,01050400
190704075324,STARTCOOP_FAIL,0102ee00_01050400
190704075331,TAG_DEPARTED_A,01050400
190704075347,TAG_ARRIVED_A,0103bf00
190704075348,STARTCOOP_FAIL,0102ee00_0103bf00
190704075349,TAG_DEPARTED_A,0103bf00
190704075350,TAG_ARRIVED_A,0103bf00
190704075350,STARTCOOP_FAIL,0102ee00_0103bf00
190704075351,TAG_DEPARTED_A,0103bf00
190704075352,ENDCOOP_FAIL,0102ee00_
190704075352,TAG_DEPARTED_B,0102ee00
190704075352,TAG_ARRIVED_B,0102ee00
190704075353,SOLO_FAIL,0102ee00
190704075354,TAG_ARRIVED_A,01c2e300
190704075355,STARTCOOP_SUCCESS,0102ee00_01c2e300
190704075356,TAG_DEPARTED_A,01c2e300
190704075404,TAG_ARRIVED_A,01c2e300
190704075405,STARTCOOP_SUCCESS,0102ee00_01c2e300
190704075408,ENDCOOP_SUCCESS,0102ee00_01c2e300
190704075408,TAG_DEPARTED_B,0102ee00
190704075408,TAG_DEPARTED_A,01c2e300
190704075412,TAG_ARRIVED_A,0103bf00
190704075413,SOLO_FAIL,0103bf00
190704075413,TAG_ARRIVED_B,01ae2b00
190704075413,STARTCOOP_SUCCESS,0103bf00_01ae2b00
190704075414,TAG_DEPARTED_A,0103bf00
190704075414,TAG_ARRIVED_A,0103bf00
190704075415,STARTCOOP_SUCCESS,01ae2b00_0103bf00
190704075416,TAG_DEPARTED_A,0103bf00
190704075417,TAG_ARRIVED_A,0103bf00
190704075418,STARTCOOP_SUCCESS,01ae2b00_0103bf00
190704075419,TAG_ARRIVED_A,01050400
190704075419,STARTCOOP_SUCCESS,01ae2b00_01050400
190704075421,TAG_ARRIVED_A,01c2e300
190704075422,STARTCOOP_FAIL,01ae2b00_01c2e300
190704075423,ENDCOOP_FAIL,01ae2b00_01c2e300
190704075423,TAG_DEPARTED_B,01ae2b00
190704075424,TAG_ARRIVED_B,01ae2b00
190704075424,STARTCOOP_FAIL,01c2e300_01ae2b00
190704075424,TAG_DEPARTED_A,01c2e300
190704075425,TAG_ARRIVED_B,01050400
190704075426,SOLO_FAIL,01050400
190704075446,ENDCOOP_FAIL,01050400_
190704075446,TAG_DEPARTED_B,01050400
190704075449,TAG_ARRIVED_A,01c2e300
190704075450,SOLO_FAIL,01c2e300
190704075457,TAG_ARRIVED_B,01ae2b00
190704075458,STARTCOOP_FAIL,01c2e300_01ae2b00
190704075500,TAG_DEPARTED_A,01c2e300
190704075504,TAG_ARRIVED_A,01c2e300
190704075505,STARTCOOP_FAIL,01ae2b00_01c2e300
190704075506,TAG_DEPARTED_A,01c2e300
190704075508,TAG_ARRIVED_A,01050400
190704075509,STARTCOOP_SUCCESS,01ae2b00_01050400
190704075514,ENDCOOP_SUCCESS,01ae2b00_01050400
190704075514,TAG_DEPARTED_B,01ae2b00
190704075530,TAG_DEPARTED_A,01050400
190704075534,TAG_ARRIVED_A,01c2e300
190704075535,SOLO_FAIL,01c2e300
190704075537,TAG_DEPARTED_A,01c2e300
190704075537,TAG_ARRIVED_A,01c2e300
190704075538,SOLO_FAIL,01c2e300
190704075542,TAG_ARRIVED_A,07991800
190704075543,SOLO_FAIL,07991800
190704075544,TAG_ARRIVED_A,01050400
190704075544,SOLO_FAIL,01050400
190704075546,TAG_DEPARTED_A,01050400
190704075546,TAG_ARRIVED_A,01050400
190704075547,SOLO_FAIL,01050400
190704075552,TAG_DEPARTED_A,01050400
190704075552,TAG_ARRIVED_A,01050400
190704075553,SOLO_FAIL,01050400
190704075556,TAG_DEPARTED_A,01050400
190704075557,TAG_ARRIVED_B,07991800
190704075557,SOLO_FAIL,07991800
190704075605,ENDCOOP_FAIL,07991800_
190704075606,TAG_DEPARTED_B,07991800
190704075611,TAG_ARRIVED_A,01050400
190704075611,SOLO_FAIL,01050400
190704075618,TAG_DEPARTED_A,01050400
190704075618,TAG_ARRIVED_A,01026d00
190704075619,SOLO_FAIL,01026d00
190704075621,TAG_DEPARTED_A,01026d00
190704075624,TAG_ARRIVED_A,01050400
190704075624,SOLO_FAIL,01050400
190704075628,TAG_DEPARTED_A,01050400
190704075640,TAG_ARRIVED_A,01045300
190704075641,SOLO_FAIL,01045300
190704075643,TAG_ARRIVED_A,01ae2b00
190704075643,SOLO_FAIL,01ae2b00
190704075650,TAG_ARRIVED_A,01050400
190704075651,SOLO_FAIL,01050400
190704075654,TAG_ARRIVED_B,01ae2b00
190704075654,STARTCOOP_SUCCESS,01050400_01ae2b00
190704075655,TAG_DEPARTED_A,01050400
190704075656,ENDCOOP_SUCCESS,01ae2b00_
190704075656,TAG_DEPARTED_B,01ae2b00
190704075709,TAG_ARRIVED_B,01050400
190704075710,SOLO_SUCCESS,01050400
190704075713,TAG_DEPARTED_B,01050400
190704075729,TAG_ARRIVED_B,01026d00
190704075729,SOLO_SUCCESS,01026d00
190704075731,TAG_DEPARTED_B,01026d00
190704075736,TAG_ARRIVED_B,01050400
190704075736,SOLO_SUCCESS,01050400
190704075738,TAG_DEPARTED_B,01050400
190704075810,TAG_ARRIVED_B,01050400
190704075811,SOLO_SUCCESS,01050400
190704075814,TAG_DEPARTED_B,01050400
190704075825,TAG_ARRIVED_B,01050400
190704075826,SOLO_SUCCESS,01050400
190704075827,TAG_DEPARTED_B,01050400
190704080529,TAG_ARRIVED_A,01040300
190704080529,SOLO_SUCCESS,01040300
190704080532,TAG_ARRIVED_A,01d41b00
190704080533,SOLO_SUCCESS,01d41b00
190704080538,TAG_DEPARTED_A,01d41b00
190704080543,TAG_ARRIVED_A,01d41b00
190704080544,SOLO_SUCCESS,01d41b00
190704080545,TAG_DEPARTED_A,01d41b00
190704080546,TAG_ARRIVED_A,01d41b00
190704080547,SOLO_SUCCESS,01d41b00
190704080549,TAG_DEPARTED_A,01d41b00
190704080550,TAG_ARRIVED_A,01d41b00
190704080551,SOLO_SUCCESS,01d41b00
190704080552,TAG_DEPARTED_A,01d41b00
190704081108,TAG_ARRIVED_A,0101ce00
190704081108,SOLO_SUCCESS,0101ce00
190704081111,TAG_DEPARTED_A,0101ce00
190704082225,TAG_ARRIVED_B,0102ee00
190704082226,SOLO_SUCCESS,0102ee00
190704082236,TAG_DEPARTED_B,0102ee00
190704082237,TAG_ARRIVED_B,0102ee00
190704082237,SOLO_SUCCESS,0102ee00
190704082245,TAG_DEPARTED_B,0102ee00
190704082309,TAG_ARRIVED_B,01653700
190704082310,SOLO_SUCCESS,01653700
190704082312,TAG_DEPARTED_B,01653700
190704082354,TAG_ARRIVED_A,01050400
190704082354,SOLO_SUCCESS,01050400
190704082402,TAG_DEPARTED_A,01050400
190704082404,TAG_ARRIVED_A,01050400
190704082404,SOLO_SUCCESS,01050400
190704082409,TAG_DEPARTED_A,01050400
190704082417,TAG_ARRIVED_A,01050400
190704082418,SOLO_SUCCESS,01050400
190704082428,TAG_DEPARTED_A,01050400
190704082812,TAG_ARRIVED_A,0102ee00
190704082813,SOLO_SUCCESS,0102ee00
190704082820,TAG_DEPARTED_A,0102ee00
190704082902,TAG_ARRIVED_B,0102ee00
190704082903,SOLO_SUCCESS,0102ee00
190704082906,TAG_DEPARTED_B,0102ee00
190704082915,TAG_ARRIVED_B,0102ee00
190704082916,SOLO_SUCCESS,0102ee00
190704082917,TAG_DEPARTED_B,0102ee00
190704082918,TAG_ARRIVED_B,01653700
190704082919,SOLO_SUCCESS,01653700
190704082920,TAG_DEPARTED_B,01653700
190704082931,TAG_ARRIVED_A,0102ee00
190704082932,SOLO_SUCCESS,0102ee00
190704082935,TAG_DEPARTED_A,0102ee00
190704082939,TAG_ARRIVED_A,0102ee00
190704082940,SOLO_SUCCESS,0102ee00
190704082942,TAG_DEPARTED_A,0102ee00
190704083034,TAG_ARRIVED_A,0102ee00
190704083035,SOLO_SUCCESS,0102ee00
190704083036,TAG_DEPARTED_A,0102ee00
190704083130,TAG_ARRIVED_B,01043c00
190704083131,SOLO_SUCCESS,01043c00
190704083132,TAG_DEPARTED_B,01043c00
190704083133,TAG_ARRIVED_B,01043c00
190704083134,SOLO_SUCCESS,01043c00
190704083143,TAG_DEPARTED_B,01043c00
190704083147,TAG_ARRIVED_B,01043c00
190704083148,SOLO_SUCCESS,01043c00
190704083150,TAG_ARRIVED_A,0102ee00
190704083151,STARTCOOP_SUCCESS,01043c00_0102ee00
190704083152,TAG_DEPARTED_A,0102ee00
190704083153,ENDCOOP_SUCCESS,01043c00_
190704083153,TAG_DEPARTED_B,01043c00
190704083200,TAG_ARRIVED_A,0102ee00
190704083201,SOLO_SUCCESS,0102ee00
190704083204,TAG_DEPARTED_A,0102ee00
190704083232,TAG_ARRIVED_A,07991800
190704083233,SOLO_SUCCESS,07991800
190704083235,TAG_ARRIVED_B,0102ee00
190704083236,STARTCOOP_FAIL,07991800_0102ee00
190704083236,TAG_DEPARTED_A,07991800
190704083237,ENDCOOP_FAIL,0102ee00_
190704083237,TAG_DEPARTED_B,0102ee00
190704083237,TAG_ARRIVED_A,07991800
190704083238,SOLO_FAIL,07991800
190704083238,TAG_ARRIVED_B,0102ee00
190704083239,STARTCOOP_FAIL,07991800_0102ee00
190704083240,ENDCOOP_FAIL,0102ee00_07991800
190704083240,TAG_DEPARTED_B,0102ee00
190704083241,TAG_ARRIVED_B,0102ee00
190704083242,STARTCOOP_FAIL,07991800_0102ee00
190704083242,TAG_DEPARTED_A,07991800
190704083243,TAG_ARRIVED_A,07991800
190704083243,STARTCOOP_FAIL,0102ee00_07991800
190704083244,ENDCOOP_FAIL,0102ee00_07991800
190704083245,TAG_DEPARTED_B,0102ee00
190704083245,TAG_DEPARTED_A,07991800
190704083246,TAG_ARRIVED_A,07991800
190704083246,SOLO_FAIL,07991800
190704083247,TAG_DEPARTED_A,07991800
190704083248,TAG_ARRIVED_A,07991800
190704083249,SOLO_FAIL,07991800
190704083250,TAG_DEPARTED_A,07991800
190704083251,TAG_ARRIVED_A,07991800
190704083252,SOLO_FAIL,07991800
190704083254,TAG_ARRIVED_B,0102ee00
190704083255,STARTCOOP_FAIL,07991800_0102ee00
190704083255,TAG_DEPARTED_A,07991800
190704083304,ENDCOOP_FAIL,0102ee00_
190704083305,TAG_DEPARTED_B,0102ee00
190704083313,TAG_ARRIVED_A,07991800
190704083313,SOLO_FAIL,07991800
190704083320,TAG_DEPARTED_A,07991800
190704083357,TAG_ARRIVED_B,07991800
190704083358,SOLO_FAIL,07991800
190704083400,ENDCOOP_FAIL,07991800_
190704083400,TAG_DEPARTED_B,07991800
190704083404,TAG_ARRIVED_A,0102ee00
190704083405,SOLO_FAIL,0102ee00
190704083407,TAG_DEPARTED_A,0102ee00
190704083409,TAG_ARRIVED_B,07991800
190704083410,SOLO_FAIL,07991800
190704083426,ENDCOOP_FAIL,07991800_
190704083427,TAG_DEPARTED_B,07991800
190704083427,TAG_ARRIVED_B,07991800
190704083427,SOLO_FAIL,07991800
190704083430,ENDCOOP_FAIL,07991800_
190704083431,TAG_DEPARTED_B,07991800
190704083435,TAG_ARRIVED_B,07991800
190704083436,SOLO_FAIL,07991800
190704083436,TAG_ARRIVED_A,0102ee00
190704083438,STARTCOOP_FAIL,07991800_0102ee00
190704083456,ENDCOOP_FAIL,07991800_0102ee00
190704083457,TAG_DEPARTED_B,07991800
190704083457,TAG_DEPARTED_A,0102ee00
190704083457,TAG_ARRIVED_B,0102ee00
190704083458,SOLO_FAIL,0102ee00
190704083505,ENDCOOP_FAIL,0102ee00_
190704083505,TAG_DEPARTED_B,0102ee00
190704083535,TAG_ARRIVED_B,0102ee00
190704083536,SOLO_FAIL,0102ee00
190704083553,ENDCOOP_FAIL,0102ee00_
190704083554,TAG_DEPARTED_B,0102ee00
190704083638,LOCKOUT_ENDED,
190704083713,TAG_ARRIVED_B,0102ee00
190704083714,SOLO_SUCCESS,0102ee00
190704083715,TAG_DEPARTED_B,0102ee00
190704083720,TAG_ARRIVED_B,0102ee00
190704083721,SOLO_SUCCESS,0102ee00
190704083728,TAG_DEPARTED_B,0102ee00
190704083729,TAG_ARRIVED_A,01753200
190704083730,SOLO_SUCCESS,01753200
190704083731,TAG_DEPARTED_A,01753200
190704083734,TAG_ARRIVED_A,0102ee00
190704083735,SOLO_SUCCESS,0102ee00
190704083736,TAG_ARRIVED_B,01753200
190704083737,STARTCOOP_SUCCESS,0102ee00_01753200
190704083737,TAG_DEPARTED_A,0102ee00
190704083748,ENDCOOP_SUCCESS,01753200_
190704083748,TAG_DEPARTED_B,01753200
190704083808,TAG_ARRIVED_B,01753200
190704083809,SOLO_SUCCESS,01753200
190704083810,TAG_DEPARTED_B,01753200
190704083816,TAG_ARRIVED_B,01753200
190704083817,SOLO_SUCCESS,01753200
190704083818,TAG_DEPARTED_B,01753200
190704083820,TAG_ARRIVED_B,01753200
190704083821,SOLO_SUCCESS,01753200
190704083824,TAG_ARRIVED_B,0102ee00
190704083825,SOLO_SUCCESS,0102ee00
190704083828,TAG_DEPARTED_B,0102ee00
190704083830,TAG_ARRIVED_A,01753200
190704083831,SOLO_SUCCESS,01753200
190704083836,TAG_ARRIVED_B,0102ee00
190704083837,STARTCOOP_SUCCESS,01753200_0102ee00
190704083839,TAG_DEPARTED_A,01753200
190704083841,ENDCOOP_SUCCESS,0102ee00_
190704083841,TAG_DEPARTED_B,0102ee00
190704083919,TAG_ARRIVED_A,0101c200
190704083920,SOLO_SUCCESS,0101c200
190704083922,TAG_DEPARTED_A,0101c200
190704083923,TAG_ARRIVED_A,0101c200
190704083924,SOLO_SUCCESS,0101c200
190704083925,TAG_DEPARTED_A,0101c200
190704083926,TAG_ARRIVED_A,0101c200
190704083927,SOLO_SUCCESS,0101c200
190704083928,TAG_DEPARTED_A,0101c200
190704083929,TAG_ARRIVED_A,0102ee00
190704083930,SOLO_SUCCESS,0102ee00
190704083935,TAG_DEPARTED_A,0102ee00
190704083936,TAG_ARRIVED_B,0101c200
190704083937,SOLO_SUCCESS,0101c200
190704083938,TAG_DEPARTED_B,0101c200
190704083941,TAG_ARRIVED_B,0101c200
190704083942,SOLO_SUCCESS,0101c200
190704083943,TAG_DEPARTED_B,0101c200
190704083947,TAG_ARRIVED_B,0101c200
190704083948,SOLO_SUCCESS,0101c200
190704083952,TAG_DEPARTED_B,0101c200
190704083953,TAG_ARRIVED_B,0101c200
190704083954,SOLO_SUCCESS,0101c200
190704083954,TAG_ARRIVED_B,0102ee00
190704083955,SOLO_SUCCESS,0102ee00
190704083957,TAG_ARRIVED_A,0101c200
190704083958,STARTCOOP_SUCCESS,0102ee00_0101c200
190704083959,ENDCOOP_SUCCESS,0102ee00_0101c200
190704083959,TAG_DEPARTED_B,0102ee00
190704084000,TAG_DEPARTED_A,0101c200
190704084034,TAG_ARRIVED_A,0101c200
190704084034,SOLO_SUCCESS,0101c200
190704084038,TAG_DEPARTED_A,0101c200
190704084050,TAG_ARRIVED_A,0101c200
190704084051,SOLO_SUCCESS,0101c200
190704084052,TAG_DEPARTED_A,0101c200
190704084105,TAG_ARRIVED_A,0101c200
190704084106,SOLO_SUCCESS,0101c200
190704084111,TAG_DEPARTED_A,0101c200
190704084111,TAG_ARRIVED_A,0101c200
190704084112,SOLO_SUCCESS,0101c200
190704084121,TAG_DEPARTED_A,0101c200
190704084124,TAG_ARRIVED_A,0101c200
190704084125,SOLO_SUCCESS,0101c200
190704084127,TAG_ARRIVED_B,01d41b00
190704084128,STARTCOOP_SUCCESS,0101c200_01d41b00
190704084128,TAG_DEPARTED_A,0101c200
190704084137,TAG_ARRIVED_A,0101c200
190704084138,STARTCOOP_SUCCESS,01d41b00_0101c200
190704084144,ENDCOOP_SUCCESS,01d41b00_0101c200
190704084145,TAG_DEPARTED_B,01d41b00
190704084147,TAG_ARRIVED_A,01d41b00
190704084148,SOLO_SUCCESS,01d41b00
190704084151,TAG_ARRIVED_B,01016400
190704084151,STARTCOOP_FAIL,01d41b00_01016400
190704084153,ENDCOOP_FAIL,01016400_01d41b00
190704084153,TAG_DEPARTED_B,01016400
190704084154,TAG_DEPARTED_A,01d41b00
190704084157,TAG_ARRIVED_A,01d41b00
190704084158,SOLO_FAIL,01d41b00
190704084158,TAG_ARRIVED_B,0101c200
190704084200,STARTCOOP_SUCCESS,01d41b00_0101c200
190704084200,ENDCOOP_SUCCESS,0101c200_01d41b00
190704084200,TAG_DEPARTED_B,0101c200
190704084201,TAG_DEPARTED_A,01d41b00
190704084201,TAG_ARRIVED_B,01d41b00
190704084202,SOLO_FAIL,01d41b00
190704084204,ENDCOOP_FAIL,01d41b00_
190704084204,TAG_DEPARTED_B,01d41b00
190704084204,TAG_ARRIVED_A,0101c200
190704084205,SOLO_FAIL,0101c200
190704084205,TAG_ARRIVED_B,01d41b00
190704084207,STARTCOOP_SUCCESS,0101c200_01d41b00
190704084207,TAG_DEPARTED_A,0101c200
190704084207,ENDCOOP_SUCCESS,01d41b00_
190704084207,TAG_DEPARTED_B,01d41b00
190704084209,TAG_ARRIVED_A,01d41b00
190704084210,SOLO_FAIL,01d41b00
190704084212,TAG_DEPARTED_A,01d41b00
190704084319,TAG_ARRIVED_B,0101c200
190704084320,SOLO_FAIL,0101c200
190704084322,ENDCOOP_FAIL,0101c200_
190704084322,TAG_DEPARTED_B,0101c200
190704084322,TAG_ARRIVED_B,0101c200
190704084323,SOLO_FAIL,0101c200
190704084324,TAG_ARRIVED_A,01050400
190704084325,STARTCOOP_FAIL,0101c200_01050400
190704084325,ENDCOOP_FAIL,0101c200_01050400
190704084325,TAG_DEPARTED_B,0101c200
190704084326,TAG_ARRIVED_B,0101c200
190704084327,STARTCOOP_FAIL,01050400_0101c200
190704084327,TAG_DEPARTED_A,01050400
190704084327,TAG_ARRIVED_A,01050400
190704084328,STARTCOOP_FAIL,0101c200_01050400
190704084328,ENDCOOP_FAIL,0101c200_01050400
190704084328,TAG_DEPARTED_B,0101c200
190704084334,TAG_ARRIVED_B,0101c200
190704084335,STARTCOOP_FAIL,01050400_0101c200
190704084336,ENDCOOP_FAIL,0101c200_01050400
190704084336,TAG_DEPARTED_B,0101c200
190704084336,TAG_DEPARTED_A,01050400
190704084337,TAG_ARRIVED_A,01050400
190704084338,SOLO_FAIL,01050400
190704084344,TAG_DEPARTED_A,01050400
190704084345,TAG_ARRIVED_A,01050400
190704084345,SOLO_FAIL,01050400
190704084347,TAG_DEPARTED_A,01050400
190704084351,TAG_ARRIVED_B,0101c200
190704084352,SOLO_FAIL,0101c200
190704084353,ENDCOOP_FAIL,0101c200_
190704084354,TAG_DEPARTED_B,0101c200
190704084403,TAG_ARRIVED_B,0101c200
190704084404,SOLO_FAIL,0101c200
190704084405,ENDCOOP_FAIL,0101c200_
190704084405,TAG_DEPARTED_B,0101c200
190704084414,TAG_ARRIVED_B,0101c200
190704084415,SOLO_FAIL,0101c200
190704084418,ENDCOOP_FAIL,0101c200_
190704084418,TAG_DEPARTED_B,0101c200
190704084421,TAG_ARRIVED_A,01753200
190704084422,SOLO_FAIL,01753200
190704084423,TAG_ARRIVED_A,0101c200
190704084424,SOLO_FAIL,0101c200
190704084426,TAG_DEPARTED_A,0101c200
190704084427,TAG_ARRIVED_A,0101c200
190704084428,SOLO_FAIL,0101c200
190704084430,TAG_DEPARTED_A,0101c200
190704084432,TAG_ARRIVED_A,01050400
190704084432,SOLO_FAIL,01050400
190704084435,TAG_DEPARTED_A,01050400
190704084436,TAG_ARRIVED_B,0101c200
190704084437,SOLO_FAIL,0101c200
190704084438,ENDCOOP_FAIL,0101c200_
190704084438,TAG_DEPARTED_B,0101c200
190704084444,TAG_ARRIVED_A,0101c200
190704084445,SOLO_FAIL,0101c200
190704084446,TAG_DEPARTED_A,0101c200
190704084452,TAG_ARRIVED_A,01050400
190704084452,SOLO_FAIL,01050400
190704084502,TAG_DEPARTED_A,01050400
190704084504,TAG_ARRIVED_B,0101c200
190704084505,SOLO_FAIL,0101c200
190704084506,ENDCOOP_FAIL,0101c200_
190704084506,TAG_DEPARTED_B,0101c200
190704084508,TAG_ARRIVED_A,0101c200
190704084509,SOLO_FAIL,0101c200
190704084513,TAG_DEPARTED_A,0101c200
190704084523,TAG_ARRIVED_B,0101c200
190704084524,SOLO_FAIL,0101c200
190704084525,ENDCOOP_FAIL,0101c200_
190704084525,TAG_DEPARTED_B,0101c200
190704084530,TAG_ARRIVED_B,0101c200
190704084531,SOLO_FAIL,0101c200
190704084532,ENDCOOP_FAIL,0101c200_
190704084532,TAG_DEPARTED_B,0101c200
190704084532,TAG_ARRIVED_B,0101c200
190704084533,SOLO_FAIL,0101c200
190704084535,LOCKOUT_ENDED,
190704084535,TAG_DEPARTED_B,0101c200
190704084539,TAG_ARRIVED_B,0101c200
190704084540,SOLO_SUCCESS,0101c200
190704084541,TAG_DEPARTED_B,0101c200
190704084542,TAG_ARRIVED_A,01753200
190704084543,SOLO_SUCCESS,01753200
190704084544,TAG_ARRIVED_B,0101c200
190704084545,STARTCOOP_SUCCESS,01753200_0101c200
190704084546,TAG_DEPARTED_A,01753200
190704084547,TAG_ARRIVED_A,01753200
190704084548,STARTCOOP_SUCCESS,0101c200_01753200
190704084549,TAG_DEPARTED_A,01753200
190704084550,ENDCOOP_SUCCESS,0101c200_
190704084550,TAG_DEPARTED_B,0101c200
190704084551,TAG_ARRIVED_A,01753200
190704084551,SOLO_SUCCESS,01753200
190704084552,TAG_DEPARTED_A,01753200
190704084554,TAG_ARRIVED_A,01753200
190704084555,SOLO_SUCCESS,01753200
190704084555,TAG_ARRIVED_A,01653700
190704084556,SOLO_SUCCESS,01653700
190704084556,TAG_ARRIVED_B,0101c200
190704084557,STARTCOOP_SUCCESS,01653700_0101c200
190704084558,TAG_DEPARTED_A,01653700
190704084558,ENDCOOP_SUCCESS,0101c200_
190704084558,TAG_DEPARTED_B,0101c200
190704084559,TAG_ARRIVED_B,0101c200
190704084600,SOLO_SUCCESS,0101c200
190704084601,TAG_ARRIVED_A,01653700
190704084602,STARTCOOP_SUCCESS,0101c200_01653700
190704084602,TAG_DEPARTED_A,01653700
190704084604,ENDCOOP_SUCCESS,0101c200_
190704084604,TAG_DEPARTED_B,0101c200
190704084605,TAG_ARRIVED_B,0101c200
190704084606,SOLO_SUCCESS,0101c200
190704084613,TAG_DEPARTED_B,0101c200
190704084616,TAG_ARRIVED_B,0101c200
190704084617,SOLO_SUCCESS,0101c200
190704084619,TAG_DEPARTED_B,0101c200
190704084629,TAG_ARRIVED_A,0101c200
190704084630,SOLO_SUCCESS,0101c200
190704084631,TAG_ARRIVED_B,0103bf00
190704084632,STARTCOOP_FAIL,0101c200_0103bf00
190704084632,TAG_DEPARTED_A,0101c200
190704084633,ENDCOOP_FAIL,0103bf00_
190704084633,TAG_DEPARTED_B,0103bf00
190704084634,TAG_ARRIVED_B,0101c200
190704084635,SOLO_FAIL,0101c200
190704084638,ENDCOOP_FAIL,0101c200_
190704084638,TAG_DEPARTED_B,0101c200
190704084643,TAG_ARRIVED_B,0101c200
190704084644,SOLO_FAIL,0101c200
190704084645,ENDCOOP_FAIL,0101c200_
190704084645,TAG_DEPARTED_B,0101c200
190704084650,TAG_ARRIVED_B,0101c200
190704084651,SOLO_FAIL,0101c200
190704084652,ENDCOOP_FAIL,0101c200_
190704084652,TAG_DEPARTED_B,0101c200
190704084654,TAG_ARRIVED_B,0101c200
190704084655,SOLO_FAIL,0101c200
190704084659,ENDCOOP_FAIL,0101c200_
190704084659,TAG_DEPARTED_B,0101c200
190704084701,TAG_ARRIVED_B,07991800
190704084701,SOLO_FAIL,07991800
190704084703,TAG_ARRIVED_A,01753200
190704084704,STARTCOOP_FAIL,07991800_01753200
190704084705,TAG_DEPARTED_A,01753200
190704084711,TAG_ARRIVED_B,0101c200
190704084712,SOLO_FAIL,0101c200
190704084713,ENDCOOP_FAIL,0101c200_
190704084713,TAG_DEPARTED_B,0101c200
190704084714,TAG_ARRIVED_B,0101c200
190704084715,SOLO_FAIL,0101c200
190704084716,ENDCOOP_FAIL,0101c200_
190704084716,TAG_DEPARTED_B,0101c200
190704084721,TAG_ARRIVED_A,0101c200
190704084722,SOLO_FAIL,0101c200
190704084722,TAG_ARRIVED_B,01050400
190704084723,STARTCOOP_FAIL,0101c200_01050400
190704084723,TAG_DEPARTED_A,0101c200
190704084727,TAG_ARRIVED_A,0101c200
190704084728,STARTCOOP_FAIL,01050400_0101c200
190704084729,TAG_DEPARTED_A,0101c200
190704084730,ENDCOOP_FAIL,01050400_
190704084731,TAG_DEPARTED_B,01050400
190704084733,TAG_ARRIVED_A,01050400
190704084734,SOLO_FAIL,01050400
190704084737,TAG_DEPARTED_A,01050400
190704084744,TAG_ARRIVED_A,01050400
190704084744,SOLO_FAIL,01050400
190704084747,TAG_DEPARTED_A,01050400
190704084756,TAG_ARRIVED_A,0101c200
190704084757,SOLO_FAIL,0101c200
190704084759,TAG_DEPARTED_A,0101c200
190704084805,TAG_ARRIVED_A,01050400
190704084806,SOLO_FAIL,01050400
190704084807,TAG_ARRIVED_B,0101c200
190704084808,STARTCOOP_FAIL,01050400_0101c200
190704084808,TAG_DEPARTED_A,01050400
190704084809,ENDCOOP_FAIL,0101c200_
190704084809,TAG_DEPARTED_B,0101c200
190704084924,TAG_ARRIVED_A,0101c200
190704084925,SOLO_FAIL,0101c200
190704084926,TAG_DEPARTED_A,0101c200
190704084929,TAG_ARRIVED_B,01753200
190704084930,SOLO_FAIL,01753200
190704084933,TAG_ARRIVED_A,0101c200
190704084934,STARTCOOP_SUCCESS,01753200_0101c200
190704084936,ENDCOOP_SUCCESS,01753200_0101c200
190704084936,TAG_DEPARTED_B,01753200
190704084939,TAG_ARRIVED_B,01753200
190704084940,STARTCOOP_SUCCESS,0101c200_01753200
190704084943,TAG_DEPARTED_A,0101c200
190704084946,TAG_ARRIVED_A,0101c200
190704084947,STARTCOOP_SUCCESS,01753200_0101c200
190704084948,TAG_DEPARTED_A,0101c200
190704084958,TAG_ARRIVED_A,0101c200
190704084959,STARTCOOP_SUCCESS,01753200_0101c200
190704084959,ENDCOOP_SUCCESS,01753200_0101c200
190704085000,TAG_DEPARTED_B,01753200
190704085000,TAG_ARRIVED_B,01753200
190704085001,STARTCOOP_SUCCESS,0101c200_01753200
190704085002,TAG_DEPARTED_A,0101c200
190704085005,ENDCOOP_SUCCESS,01753200_
190704085005,TAG_DEPARTED_B,01753200
190704085011,TAG_ARRIVED_A,0101c200
190704085012,SOLO_SUCCESS,0101c200
190704085014,TAG_DEPARTED_A,0101c200
190704085018,TAG_ARRIVED_A,0101c200
190704085019,SOLO_SUCCESS,0101c200
190704085020,TAG_DEPARTED_A,0101c200
190704085021,TAG_ARRIVED_A,0101c200
190704085022,SOLO_SUCCESS,0101c200
190704085023,TAG_DEPARTED_A,0101c200
190704085024,TAG_ARRIVED_A,0101c200
190704085025,SOLO_SUCCESS,0101c200
190704085026,TAG_DEPARTED_A,0101c200
190704085037,TAG_ARRIVED_A,0101c200
190704085038,SOLO_SUCCESS,0101c200
190704085042,TAG_DEPARTED_A,0101c200
190704085042,TAG_ARRIVED_B,01753200
190704085043,SOLO_SUCCESS,01753200
190704085044,TAG_DEPARTED_B,01753200
190704085051,TAG_ARRIVED_B,01753200
190704085052,SOLO_SUCCESS,01753200
190704085054,TAG_DEPARTED_B,01753200
190704085058,TAG_ARRIVED_B,0101c200
190704085059,SOLO_SUCCESS,0101c200
190704085100,TAG_DEPARTED_B,0101c200
190704085101,TAG_ARRIVED_A,0101c200
190704085102,SOLO_SUCCESS,0101c200
190704085107,TAG_DEPARTED_A,0101c200
190704085110,TAG_ARRIVED_A,0101c200
190704085111,SOLO_SUCCESS,0101c200
190704085115,TAG_DEPARTED_A,0101c200
190704085116,TAG_ARRIVED_A,0101c200
190704085117,SOLO_SUCCESS,0101c200
190704085122,TAG_DEPARTED_A,0101c200
190704085122,TAG_ARRIVED_A,0101c200
190704085123,SOLO_SUCCESS,0101c200
190704085124,TAG_DEPARTED_A,0101c200
190704085125,TAG_ARRIVED_A,0101c200
190704085126,SOLO_SUCCESS,0101c200
190704085127,TAG_DEPARTED_A,0101c200
190704085129,TAG_ARRIVED_B,0103bf00
190704085130,SOLO_SUCCESS,0103bf00
190704085132,TAG_DEPARTED_B,0103bf00
190704085136,TAG_ARRIVED_B,0104a800
190704085137,SOLO_SUCCESS,0104a800
190704085138,TAG_DEPARTED_B,0104a800
190704085142,TAG_ARRIVED_B,01753200
190704085143,SOLO_SUCCESS,01753200
190704085145,TAG_DEPARTED_B,01753200
190704085155,TAG_ARRIVED_A,01cf0600
190704085156,SOLO_SUCCESS,01cf0600
190704085157,TAG_DEPARTED_A,01cf0600
190704085200,TAG_ARRIVED_B,0104a800
190704085201,SOLO_SUCCESS,0104a800
190704085202,TAG_DEPARTED_B,0104a800
190704085203,TAG_ARRIVED_A,01cf0600
190704085204,SOLO_SUCCESS,01cf0600
190704085204,TAG_ARRIVED_B,0104a800
190704085205,STARTCOOP_SUCCESS,01cf0600_0104a800
190704085205,ENDCOOP_SUCCESS,0104a800_01cf0600
190704085205,TAG_DEPARTED_B,0104a800
190704085206,TAG_ARRIVED_B,0104a800
190704085207,STARTCOOP_SUCCESS,01cf0600_0104a800
190704085208,ENDCOOP_SUCCESS,0104a800_01cf0600
190704085209,TAG_DEPARTED_B,0104a800
190704085209,TAG_ARRIVED_B,0104a800
190704085210,STARTCOOP_SUCCESS,01cf0600_0104a800
190704085210,TAG_DEPARTED_A,01cf0600
190704085214,ENDCOOP_SUCCESS,0104a800_
190704085214,TAG_DEPARTED_B,0104a800
190704085215,TAG_ARRIVED_B,0104a800
190704085216,SOLO_SUCCESS,0104a800
190704085219,TAG_DEPARTED_B,0104a800
190704085221,TAG_ARRIVED_B,0104a800
190704085222,SOLO_SUCCESS,0104a800
190704085223,TAG_DEPARTED_B,0104a800
190704085225,TAG_ARRIVED_B,0104a800
190704085226,SOLO_SUCCESS,0104a800
190704085227,TAG_ARRIVED_A,0103bf00
190704085228,STARTCOOP_FAIL,0104a800_0103bf00
190704085228,ENDCOOP_FAIL,0104a800_0103bf00
190704085228,TAG_DEPARTED_B,0104a800
190704085229,TAG_DEPARTED_A,0103bf00
190704085231,TAG_ARRIVED_A,01cf0600
190704085232,SOLO_FAIL,01cf0600
190704085238,TAG_ARRIVED_B,0102ee00
190704085240,STARTCOOP_SUCCESS,01cf0600_0102ee00
190704085240,TAG_DEPARTED_A,01cf0600
190704085240,TAG_ARRIVED_A,01cf0600
190704085241,STARTCOOP_SUCCESS,0102ee00_01cf0600
190704085244,ENDCOOP_SUCCESS,0102ee00_01cf0600
190704085244,TAG_DEPARTED_B,0102ee00
190704085245,TAG_ARRIVED_B,0102ee00
190704085246,STARTCOOP_SUCCESS,01cf0600_0102ee00
190704085246,TAG_DEPARTED_A,01cf0600
190704085246,TAG_ARRIVED_A,01cf0600
190704085247,STARTCOOP_SUCCESS,0102ee00_01cf0600
190704085253,ENDCOOP_SUCCESS,0102ee00_01cf0600
190704085253,TAG_DEPARTED_B,0102ee00
190704085254,TAG_ARRIVED_A,0102ee00
190704085255,SOLO_FAIL,0102ee00
190704085255,TAG_ARRIVED_B,0104a800
190704085256,STARTCOOP_SUCCESS,0102ee00_0104a800
190704085256,TAG_DEPARTED_A,0102ee00
190704085256,TAG_DEPARTED_B,0104a800
190704085301,TAG_ARRIVED_A,0102ee00
190704085302,SOLO_FAIL,0102ee00
190704085303,TAG_DEPARTED_A,0102ee00
190704085304,TAG_ARRIVED_B,01050400
190704085304,SOLO_FAIL,01050400
190704085336,ENDCOOP_FAIL,01050400_
190704085336,TAG_DEPARTED_B,01050400
190704085344,TAG_ARRIVED_A,0102ee00
190704085345,SOLO_FAIL,0102ee00
190704085346,TAG_DEPARTED_A,0102ee00
190704085351,TAG_ARRIVED_B,01cf0600
190704085352,SOLO_FAIL,01cf0600
190704085358,ENDCOOP_FAIL,01cf0600_
190704085358,TAG_DEPARTED_B,01cf0600
190704085358,TAG_ARRIVED_B,07991800
190704085359,SOLO_FAIL,07991800
190704085401,ENDCOOP_FAIL,07991800_
190704085401,TAG_DEPARTED_B,07991800
190704085403,TAG_ARRIVED_A,01cf0600
190704085404,SOLO_FAIL,01cf0600
190704085405,TAG_DEPARTED_A,01cf0600
190704085410,TAG_ARRIVED_A,0101c200
190704085411,SOLO_FAIL,0101c200
190704085412,TAG_DEPARTED_A,0101c200
190704085413,TAG_ARRIVED_A,0101c200
190704085414,SOLO_FAIL,0101c200
190704085414,TAG_ARRIVED_B,01cf0600
190704085415,STARTCOOP_SUCCESS,0101c200_01cf0600
190704085415,TAG_DEPARTED_A,0101c200
190704085416,TAG_ARRIVED_A,0101c200
190704085417,STARTCOOP_SUCCESS,01cf0600_0101c200
190704085419,TAG_DEPARTED_A,0101c200
190704085429,ENDCOOP_SUCCESS,01cf0600_
190704085429,TAG_DEPARTED_B,01cf0600
190704085431,TAG_ARRIVED_B,01cf0600
190704085432,SOLO_SUCCESS,01cf0600
190704085445,TAG_ARRIVED_A,0101c200
190704085446,STARTCOOP_SUCCESS,01cf0600_0101c200
190704085447,TAG_DEPARTED_A,0101c200
190704085447,TAG_ARRIVED_A,0101c200
190704085448,STARTCOOP_SUCCESS,01cf0600_0101c200
190704085449,TAG_DEPARTED_A,0101c200
190704085451,ENDCOOP_SUCCESS,01cf0600_
190704085451,TAG_DEPARTED_B,01cf0600
190704085452,TAG_ARRIVED_B,01cf0600
190704085453,SOLO_SUCCESS,01cf0600
190704085453,TAG_ARRIVED_A,0101c200
190704085454,STARTCOOP_SUCCESS,01cf0600_0101c200
190704085455,TAG_DEPARTED_A,0101c200
190704085456,ENDCOOP_SUCCESS,01cf0600_
190704085456,TAG_DEPARTED_B,01cf0600
190704085456,TAG_ARRIVED_B,01cf0600
190704085457,SOLO_SUCCESS,01cf0600
190704085501,TAG_ARRIVED_A,0101c200
190704085502,STARTCOOP_SUCCESS,01cf0600_0101c200
190704085502,ENDCOOP_SUCCESS,01cf0600_0101c200
190704085502,TAG_DEPARTED_B,01cf0600
190704085503,TAG_DEPARTED_A,0101c200
190704085505,TAG_ARRIVED_B,01cf0600
190704085506,SOLO_SUCCESS,01cf0600
190704085506,TAG_ARRIVED_A,0101c200
190704085507,STARTCOOP_SUCCESS,01cf0600_0101c200
190704085507,ENDCOOP_SUCCESS,01cf0600_0101c200
190704085507,TAG_DEPARTED_B,01cf0600
190704085508,TAG_ARRIVED_B,01cf0600
190704085509,STARTCOOP_SUCCESS,0101c200_01cf0600
190704085509,TAG_DEPARTED_A,0101c200
190704085517,TAG_ARRIVED_A,0101c200
190704085518,STARTCOOP_SUCCESS,01cf0600_0101c200
190704085519,TAG_DEPARTED_A,0101c200
190704085520,TAG_ARRIVED_A,0101c200
190704085521,STARTCOOP_SUCCESS,01cf0600_0101c200
190704085522,TAG_DEPARTED_A,0101c200
190704085526,TAG_ARRIVED_A,0101c200
190704085527,STARTCOOP_SUCCESS,01cf0600_0101c200
190704085528,TAG_DEPARTED_A,0101c200
190704085529,ENDCOOP_SUCCESS,01cf0600_
190704085529,TAG_DEPARTED_B,01cf0600
190704100219,TAG_ARRIVED_B,01029a00
190704100219,SOLO_SUCCESS,01029a00
190704100229,TAG_DEPARTED_B,01029a00
190704100230,TAG_ARRIVED_B,01029a00
190704100231,SOLO_SUCCESS,01029a00
190704100239,TAG_DEPARTED_B,01029a00
190704100241,TAG_ARRIVED_B,01029a00
190704100242,SOLO_SUCCESS,01029a00
190704100246,TAG_DEPARTED_B,01029a00
190704100304,TAG_ARRIVED_B,01029a00
190704100305,SOLO_SUCCESS,01029a00
190704100310,TAG_DEPARTED_B,01029a00
190704100310,TAG_ARRIVED_B,01029a00
190704100311,SOLO_SUCCESS,01029a00
190704100312,TAG_DEPARTED_B,01029a00
190704100316,TAG_ARRIVED_B,01029a00
190704100317,SOLO_SUCCESS,01029a00
190704100325,TAG_DEPARTED_B,01029a00
190704100330,TAG_ARRIVED_B,01029a00
190704100331,SOLO_SUCCESS,01029a00
190704100336,TAG_DEPARTED_B,01029a00
