190508060631,START_EXPERIMENT,
190508064017,TAG_ARRIVED_A,01d40600
190508064018,SOLO_SUCCESS,01d40600
190508064019,TAG_DEPARTED_A,01d40600
190508065454,TAG_ARRIVED_A,01c98500
190508065455,SOLO_SUCCESS,01c98500
190508065458,TAG_DEPARTED_A,01c98500
190508065508,TAG_ARRIVED_A,07991800
190508065509,SOLO_SUCCESS,07991800
190508065510,TAG_DEPARTED_A,07991800
190508070222,TAG_ARRIVED_A,01753200
190508070223,TAG_MISSING_A,01753200
190508070224,SOLO_SUCCESS,01753200
190508070241,TAG_DEPARTED_A,01753200
190508072329,TAG_ARRIVED_A,018feb00
190508072330,SOLO_SUCCESS,018feb00
190508072331,TAG_DEPARTED_A,018feb00
190508072601,TAG_ARRIVED_A,018feb00
190508072602,SOLO_SUCCESS,018feb00
190508072603,TAG_DEPARTED_A,018feb00
190508072908,TAG_ARRIVED_A,01c98500
190508072909,SOLO_SUCCESS,01c98500
190508072912,TAG_DEPARTED_A,01c98500
190508072946,TAG_ARRIVED_A,01c98500
190508072947,SOLO_SUCCESS,01c98500
190508072948,TAG_DEPARTED_A,01c98500
190508072950,TAG_ARRIVED_A,01c98500
190508072951,SOLO_SUCCESS,01c98500
190508072957,TAG_DEPARTED_A,01c98500
190508081712,TAG_ARRIVED_A,01c98500
190508081713,SOLO_SUCCESS,01c98500
190508081716,TAG_DEPARTED_A,01c98500
190508081727,TAG_ARRIVED_A,01c98500
190508081727,SOLO_SUCCESS,01c98500
190508081730,TAG_DEPARTED_A,01c98500
190508084006,TAG_ARRIVED_A,01c98500
190508084007,SOLO_SUCCESS,01c98500
190508084008,TAG_DEPARTED_A,01c98500
190508084020,TAG_ARRIVED_A,01c98500
190508084021,SOLO_SUCCESS,01c98500
190508084027,TAG_DEPARTED_A,01c98500
190508085255,TAG_ARRIVED_B,01c98500
190508085255,SOLO_SUCCESS,01c98500
190508085257,TAG_DEPARTED_B,01c98500
190508085259,TAG_ARRIVED_B,01c98500
190508085300,SOLO_SUCCESS,01c98500
190508085306,TAG_DEPARTED_B,01c98500
190508090321,TAG_ARRIVED_B,01df6400
190508090321,SOLO_SUCCESS,01df6400
190508090323,TAG_DEPARTED_B,01df6400
190508090324,TAG_ARRIVED_B,01fe7600
190508090325,SOLO_SUCCESS,01fe7600
190508090331,TAG_DEPARTED_B,01fe7600
190508090337,TAG_ARRIVED_B,01fe7600
190508090337,SOLO_SUCCESS,01fe7600
190508090340,TAG_DEPARTED_B,01fe7600
190508090407,TAG_ARRIVED_B,01fe7600
190508090407,SOLO_SUCCESS,01fe7600
190508090417,TAG_DEPARTED_B,01fe7600
190508090532,TAG_ARRIVED_A,01fe7600
190508090532,SOLO_SUCCESS,01fe7600
190508090536,TAG_DEPARTED_A,01fe7600
190508100731,TAG_ARRIVED_B,07991800
190508100731,SOLO_SUCCESS,07991800
190508100736,TAG_DEPARTED_B,07991800
190508100736,TAG_ARRIVED_B,07991800
190508100737,SOLO_SUCCESS,07991800
190508100747,TAG_DEPARTED_B,07991800
190508100758,TAG_ARRIVED_B,07991800
190508100758,SOLO_SUCCESS,07991800
190508100820,TAG_DEPARTED_B,07991800
190508100822,TAG_ARRIVED_B,07991800
190508100822,SOLO_SUCCESS,07991800
190508100825,TAG_DEPARTED_B,07991800
190508100827,TAG_ARRIVED_B,07991800
190508100827,SOLO_SUCCESS,07991800
190508100835,TAG_DEPARTED_B,07991800
190508100837,TAG_ARRIVED_B,07991800
190508100837,SOLO_SUCCESS,07991800
190508100839,TAG_DEPARTED_B,07991800
190508100903,TAG_ARRIVED_A,01b47d00
190508100904,SOLO_SUCCESS,01b47d00
190508100905,TAG_DEPARTED_A,01b47d00
190508100909,TAG_ARRIVED_A,01b47d00
190508100909,SOLO_SUCCESS,01b47d00
190508100915,TAG_DEPARTED_A,01b47d00
190508100924,TAG_ARRIVED_A,01b47d00
190508100925,SOLO_SUCCESS,01b47d00
190508100930,TAG_DEPARTED_A,01b47d00
