190531060356,START_EXPERIMENT,
190531062126,TAG_ARRIVED_A,01016400
190531062126,SOLO_SUCCESS,01016400
190531062140,TAG_DEPARTED_A,01016400
190531062141,TAG_ARRIVED_A,01016400
190531062141,SOLO_SUCCESS,01016400
190531062143,TAG_DEPARTED_A,01016400
190531062143,TAG_ARRIVED_A,01016400
190531062144,SOLO_SUCCESS,01016400
190531062203,TAG_DEPARTED_A,01016400
190531062311,TAG_ARRIVED_B,01016400
190531062311,SOLO_SUCCESS,01016400
190531062314,TAG_DEPARTED_B,01016400
190531062315,TAG_ARRIVED_B,01016400
190531062315,SOLO_SUCCESS,01016400
190531062402,TAG_DEPARTED_B,01016400
190531062625,TAG_ARRIVED_A,01016400
190531062625,SOLO_SUCCESS,01016400
190531062641,TAG_DEPARTED_A,01016400
190531062641,TAG_ARRIVED_A,01016400
190531062641,SOLO_SUCCESS,01016400
190531062643,TAG_DEPARTED_A,01016400
190531062644,TAG_ARRIVED_A,01016400
190531062644,SOLO_SUCCESS,01016400
190531062650,TAG_DEPARTED_A,01016400
190531062657,TAG_ARRIVED_A,01653700
190531062658,SOLO_SUCCESS,01653700
190531062710,TAG_DEPARTED_A,01653700
190531062710,TAG_ARRIVED_A,01653700
190531062711,SOLO_SUCCESS,01653700
190531062713,TAG_DEPARTED_A,01653700
190531062732,TAG_ARRIVED_A,01653700
190531062733,SOLO_SUCCESS,01653700
190531062734,TAG_DEPARTED_A,01653700
190531062741,TAG_ARRIVED_A,0102ae00
190531062741,SOLO_SUCCESS,0102ae00
190531062743,TAG_DEPARTED_A,0102ae00
190531062759,TAG_ARRIVED_A,0102ae00
190531062759,SOLO_SUCCESS,0102ae00
190531062803,TAG_DEPARTED_A,0102ae00
190531063649,TAG_ARRIVED_A,01016400
190531063650,SOLO_SUCCESS,01016400
190531063655,TAG_DEPARTED_A,01016400
190531063657,TAG_ARRIVED_A,01016400
190531063657,SOLO_SUCCESS,01016400
190531063659,TAG_DEPARTED_A,01016400
190531063716,TAG_ARRIVED_B,01016400
190531063716,SOLO_SUCCESS,01016400
190531063719,TAG_DEPARTED_B,01016400
190531063954,TAG_ARRIVED_A,0102ae00
190531063954,SOLO_SUCCESS,0102ae00
190531064002,TAG_DEPARTED_A,0102ae00
190531064006,TAG_ARRIVED_A,01bbe500
190531064007,SOLO_SUCCESS,01bbe500
190531064007,TAG_ARRIVED_B,0102ae00
190531064008,STARTCOOP_SUCCESS,01bbe500_0102ae00
190531064009,TAG_DEPARTED_A,01bbe500
190531064010,ENDCOOP_SUCCESS,0102ae00_
190531064010,TAG_DEPARTED_B,0102ae00
190531064052,TAG_ARRIVED_B,0102ae00
190531064052,SOLO_SUCCESS,0102ae00
190531064055,TAG_DEPARTED_B,0102ae00
190531064108,TAG_ARRIVED_B,0102ae00
190531064108,SOLO_SUCCESS,0102ae00
190531064110,TAG_DEPARTED_B,0102ae00
190531064113,TAG_ARRIVED_B,0102ae00
190531064113,SOLO_SUCCESS,0102ae00
190531064116,TAG_DEPARTED_B,0102ae00
190531064130,TAG_ARRIVED_B,0102ae00
190531064130,SOLO_SUCCESS,0102ae00
190531064136,TAG_DEPARTED_B,0102ae00
190531064140,TAG_ARRIVED_B,0102ae00
190531064141,SOLO_SUCCESS,0102ae00
190531064145,TAG_DEPARTED_B,0102ae00
190531064149,TAG_ARRIVED_B,0102ae00
190531064149,SOLO_SUCCESS,0102ae00
190531064154,TAG_DEPARTED_B,0102ae00
190531064156,TAG_ARRIVED_B,0102ae00
190531064157,SOLO_SUCCESS,0102ae00
190531064207,TAG_DEPARTED_B,0102ae00
190531064213,TAG_ARRIVED_A,01043c00
190531064214,SOLO_SUCCESS,01043c00
190531064218,TAG_ARRIVED_A,01506d00
190531064219,SOLO_SUCCESS,01506d00
190531064220,TAG_DEPARTED_A,01506d00
190531064250,TAG_ARRIVED_A,0102ae00
190531064251,SOLO_SUCCESS,0102ae00
190531064257,TAG_DEPARTED_A,0102ae00
190531064312,TAG_ARRIVED_A,01506d00
190531064312,SOLO_SUCCESS,01506d00
190531064314,TAG_DEPARTED_A,01506d00
190531064329,TAG_ARRIVED_B,01bbe500
190531064329,SOLO_SUCCESS,01bbe500
190531064330,TAG_ARRIVED_A,01506d00
190531064330,STARTCOOP_SUCCESS,01bbe500_01506d00
190531064331,ENDCOOP_SUCCESS,01bbe500_01506d00
190531064331,TAG_DEPARTED_B,01bbe500
190531064339,TAG_DEPARTED_A,01506d00
190531064427,TAG_ARRIVED_B,0102ae00
190531064427,SOLO_SUCCESS,0102ae00
190531064428,TAG_ARRIVED_A,01043c00
190531064429,STARTCOOP_FAIL,0102ae00_01043c00
190531064430,TAG_DEPARTED_A,01043c00
190531064431,ENDCOOP_FAIL,0102ae00_
190531064432,TAG_DEPARTED_B,0102ae00
190531064432,TAG_ARRIVED_B,0102ae00
190531064432,SOLO_FAIL,0102ae00
190531064437,ENDCOOP_FAIL,0102ae00_
190531064437,TAG_DEPARTED_B,0102ae00
190531064445,TAG_ARRIVED_B,0102ae00
190531064446,SOLO_FAIL,0102ae00
190531064449,TAG_ARRIVED_A,01043c00
190531064449,STARTCOOP_FAIL,0102ae00_01043c00
190531064451,TAG_DEPARTED_A,01043c00
190531064454,ENDCOOP_FAIL,0102ae00_
190531064454,TAG_DEPARTED_B,0102ae00
190531064454,TAG_ARRIVED_B,0102ae00
190531064455,SOLO_FAIL,0102ae00
190531064456,ENDCOOP_FAIL,0102ae00_
190531064457,TAG_DEPARTED_B,0102ae00
190531064510,TAG_ARRIVED_B,01c98500
190531064511,SOLO_FAIL,01c98500
190531064514,ENDCOOP_FAIL,01c98500_
190531064514,TAG_DEPARTED_B,01c98500
190531064517,TAG_ARRIVED_B,01c98500
190531064517,SOLO_FAIL,01c98500
190531064521,ENDCOOP_FAIL,01c98500_
190531064521,TAG_DEPARTED_B,01c98500
190531064523,TAG_ARRIVED_A,01653700
190531064524,SOLO_FAIL,01653700
190531064525,TAG_ARRIVED_B,01c98500
190531064526,STARTCOOP_SUCCESS,01653700_01c98500
190531064526,TAG_DEPARTED_A,01653700
190531064527,TAG_ARRIVED_A,01016400
190531064527,STARTCOOP_FAIL,01c98500_01016400
190531064528,TAG_DEPARTED_A,01016400
190531064529,ENDCOOP_FAIL,01c98500_
190531064529,TAG_DEPARTED_B,01c98500
190531064538,TAG_ARRIVED_B,01016400
190531064539,SOLO_FAIL,01016400
190531064545,ENDCOOP_FAIL,01016400_
190531064545,TAG_DEPARTED_B,01016400
190531064549,TAG_ARRIVED_B,01016400
190531064550,SOLO_FAIL,01016400
190531064554,ENDCOOP_FAIL,01016400_
190531064554,TAG_DEPARTED_B,01016400
190531064557,TAG_ARRIVED_B,07991800
190531064558,TAG_MISSING_B,07991800
190531064559,SOLO_FAIL,07991800
190531064611,TAG_ARRIVED_A,01653700
190531064612,STARTCOOP_FAIL,07991800_01653700
190531064612,ENDCOOP_FAIL,07991800_01653700
190531064612,TAG_DEPARTED_B,07991800
190531064614,TAG_DEPARTED_A,01653700
190531064642,TAG_ARRIVED_B,01bbe500
190531064643,SOLO_FAIL,01bbe500
190531064648,ENDCOOP_FAIL,01bbe500_
190531064648,TAG_DEPARTED_B,01bbe500
190531064649,TAG_ARRIVED_A,01c4ca00
190531064650,SOLO_FAIL,01c4ca00
190531064652,TAG_DEPARTED_A,01c4ca00
190531064658,TAG_ARRIVED_B,01c4ca00
190531064659,SOLO_FAIL,01c4ca00
190531064700,ENDCOOP_FAIL,01c4ca00_
190531064701,TAG_DEPARTED_B,01c4ca00
190531064702,TAG_ARRIVED_B,01c4ca00
190531064703,SOLO_FAIL,01c4ca00
190531064705,ENDCOOP_FAIL,01c4ca00_
190531064706,TAG_DEPARTED_B,01c4ca00
190531064718,TAG_ARRIVED_B,01c4ca00
190531064719,SOLO_FAIL,01c4ca00
190531064723,ENDCOOP_FAIL,01c4ca00_
190531064723,TAG_DEPARTED_B,01c4ca00
190531064812,LOCKOUT_ENDED,
190531064814,TAG_ARRIVED_B,01c4ca00
190531064815,SOLO_SUCCESS,01c4ca00
190531064820,TAG_DEPARTED_B,01c4ca00
190531064823,TAG_ARRIVED_B,01c4ca00
190531064824,SOLO_SUCCESS,01c4ca00
190531064825,TAG_DEPARTED_B,01c4ca00
190531064825,TAG_ARRIVED_B,01c4ca00
190531064826,SOLO_SUCCESS,01c4ca00
190531064827,TAG_DEPARTED_B,01c4ca00
190531064828,TAG_ARRIVED_B,01c4ca00
190531064829,SOLO_SUCCESS,01c4ca00
190531064831,TAG_DEPARTED_B,01c4ca00
190531064832,TAG_ARRIVED_B,01c4ca00
190531064833,SOLO_SUCCESS,01c4ca00
190531064837,TAG_ARRIVED_A,01753200
190531064838,STARTCOOP_SUCCESS,01c4ca00_01753200
190531064840,ENDCOOP_SUCCESS,01c4ca00_01753200
190531064840,TAG_DEPARTED_B,01c4ca00
190531064844,TAG_DEPARTED_A,01753200
190531064902,TAG_ARRIVED_A,01753200
190531064902,SOLO_SUCCESS,01753200
190531064905,TAG_DEPARTED_A,01753200
190531064935,TAG_ARRIVED_A,01c4ca00
190531064936,SOLO_SUCCESS,01c4ca00
190531064948,TAG_DEPARTED_A,01c4ca00
190531064959,TAG_ARRIVED_A,01c4ca00
190531065000,SOLO_SUCCESS,01c4ca00
190531065004,TAG_DEPARTED_A,01c4ca00
190531065006,TAG_ARRIVED_A,01c4ca00
190531065007,SOLO_SUCCESS,01c4ca00
190531065014,TAG_DEPARTED_A,01c4ca00
190531065018,TAG_ARRIVED_A,01c4ca00
190531065018,SOLO_SUCCESS,01c4ca00
190531065020,TAG_DEPARTED_A,01c4ca00
190531065021,TAG_ARRIVED_A,01c4ca00
190531065022,SOLO_SUCCESS,01c4ca00
190531065101,TAG_DEPARTED_A,01c4ca00
190531065102,TAG_ARRIVED_A,01c4ca00
190531065103,SOLO_SUCCESS,01c4ca00
190531065115,TAG_DEPARTED_A,01c4ca00
190531065116,TAG_ARRIVED_B,01c98500
190531065116,SOLO_SUCCESS,01c98500
190531065123,TAG_ARRIVED_A,01c4ca00
190531065124,STARTCOOP_SUCCESS,01c98500_01c4ca00
190531065125,TAG_DEPARTED_A,01c4ca00
190531065136,ENDCOOP_SUCCESS,01c98500_
190531065136,TAG_DEPARTED_B,01c98500
190531065138,TAG_ARRIVED_B,01e14200
190531065139,SOLO_SUCCESS,01e14200
190531065147,TAG_ARRIVED_B,01c4ca00
190531065148,SOLO_SUCCESS,01c4ca00
190531065156,TAG_ARRIVED_A,01e14200
190531065157,STARTCOOP_FAIL,01c4ca00_01e14200
190531065157,ENDCOOP_FAIL,01c4ca00_01e14200
190531065157,TAG_DEPARTED_B,01c4ca00
190531065158,TAG_ARRIVED_B,01c4ca00
190531065159,STARTCOOP_FAIL,01e14200_01c4ca00
190531065200,ENDCOOP_FAIL,01c4ca00_01e14200
190531065200,TAG_DEPARTED_B,01c4ca00
190531065201,TAG_ARRIVED_B,01c4ca00
190531065202,STARTCOOP_FAIL,01e14200_01c4ca00
190531065203,ENDCOOP_FAIL,01c4ca00_01e14200
190531065204,TAG_DEPARTED_B,01c4ca00
190531065208,TAG_ARRIVED_B,01c4ca00
190531065208,STARTCOOP_FAIL,01e14200_01c4ca00
190531065210,ENDCOOP_FAIL,01c4ca00_01e14200
190531065210,TAG_DEPARTED_B,01c4ca00
190531065212,TAG_ARRIVED_B,01c4ca00
190531065213,STARTCOOP_FAIL,01e14200_01c4ca00
190531065214,ENDCOOP_FAIL,01c4ca00_01e14200
190531065215,TAG_DEPARTED_B,01c4ca00
190531065217,TAG_ARRIVED_B,0102ae00
190531065217,STARTCOOP_SUCCESS,01e14200_0102ae00
190531065219,ENDCOOP_SUCCESS,0102ae00_01e14200
190531065220,TAG_DEPARTED_B,0102ae00
190531065224,TAG_DEPARTED_A,01e14200
190531065224,TAG_ARRIVED_A,01e14200
190531065225,SOLO_FAIL,01e14200
190531065228,TAG_DEPARTED_A,01e14200
190531065244,TAG_ARRIVED_B,0102ae00
190531065244,SOLO_FAIL,0102ae00
190531065247,ENDCOOP_FAIL,0102ae00_
190531065247,TAG_DEPARTED_B,0102ae00
190531065249,TAG_ARRIVED_B,0102ae00
190531065249,SOLO_FAIL,0102ae00
190531065252,ENDCOOP_FAIL,0102ae00_
190531065252,TAG_DEPARTED_B,0102ae00
190531065254,TAG_ARRIVED_B,0102ae00
190531065254,SOLO_FAIL,0102ae00
190531065300,ENDCOOP_FAIL,0102ae00_
190531065301,TAG_DEPARTED_B,0102ae00
190531065303,TAG_ARRIVED_B,0102ae00
190531065303,SOLO_FAIL,0102ae00
190531065307,TAG_ARRIVED_A,01e14200
190531065307,STARTCOOP_SUCCESS,0102ae00_01e14200
190531065308,ENDCOOP_SUCCESS,0102ae00_01e14200
190531065308,TAG_DEPARTED_B,0102ae00
190531065320,TAG_ARRIVED_A,01c4ca00
190531065321,SOLO_FAIL,01c4ca00
190531065322,TAG_DEPARTED_A,01c4ca00
190531065332,TAG_ARRIVED_A,01c4ca00
190531065333,SOLO_FAIL,01c4ca00
190531065335,TAG_DEPARTED_A,01c4ca00
190531065337,TAG_ARRIVED_B,0102ae00
190531065337,SOLO_FAIL,0102ae00
190531065338,TAG_ARRIVED_A,01c4ca00
190531065339,STARTCOOP_FAIL,0102ae00_01c4ca00
190531065339,ENDCOOP_FAIL,0102ae00_01c4ca00
190531065339,TAG_DEPARTED_B,0102ae00
190531065346,TAG_ARRIVED_B,0102ae00
190531065346,STARTCOOP_FAIL,01c4ca00_0102ae00
190531065348,ENDCOOP_FAIL,0102ae00_01c4ca00
190531065348,TAG_DEPARTED_B,0102ae00
190531065352,TAG_ARRIVED_B,0102ae00
190531065352,STARTCOOP_FAIL,01c4ca00_0102ae00
190531065353,TAG_DEPARTED_A,01c4ca00
190531065353,TAG_ARRIVED_A,01c4ca00
190531065354,STARTCOOP_FAIL,0102ae00_01c4ca00
190531065359,TAG_DEPARTED_A,01c4ca00
190531065401,TAG_ARRIVED_A,01c4ca00
190531065402,STARTCOOP_FAIL,0102ae00_01c4ca00
190531065402,ENDCOOP_FAIL,0102ae00_01c4ca00
190531065402,TAG_DEPARTED_B,0102ae00
190531065402,TAG_ARRIVED_B,0102ae00
190531065403,STARTCOOP_FAIL,01c4ca00_0102ae00
190531065409,ENDCOOP_FAIL,0102ae00_01c4ca00
190531065409,TAG_DEPARTED_B,0102ae00
190531065413,TAG_ARRIVED_B,0102ae00
190531065413,STARTCOOP_FAIL,01c4ca00_0102ae00
190531065416,TAG_ARRIVED_A,0102ae00
190531065417,SOLO_FAIL,0102ae00
190531065417,ENDCOOP_FAIL,0102ae00_0102ae00
190531065417,TAG_DEPARTED_B,0102ae00
190531065419,TAG_DEPARTED_A,0102ae00
190531065431,TAG_ARRIVED_B,0102ae00
190531065431,SOLO_FAIL,0102ae00
190531065433,ENDCOOP_FAIL,0102ae00_
190531065433,TAG_DEPARTED_B,0102ae00
190531065438,TAG_ARRIVED_B,01c4ca00
190531065439,SOLO_FAIL,01c4ca00
190531065439,TAG_ARRIVED_A,01e14200
190531065440,STARTCOOP_FAIL,01c4ca00_01e14200
190531065443,TAG_DEPARTED_A,01e14200
190531065446,ENDCOOP_FAIL,01c4ca00_
190531065446,TAG_DEPARTED_B,01c4ca00
190531065450,TAG_ARRIVED_B,01c4ca00
190531065451,SOLO_FAIL,01c4ca00
190531065453,TAG_ARRIVED_A,01e14200
190531065454,STARTCOOP_FAIL,01c4ca00_01e14200
190531065458,ENDCOOP_FAIL,01c4ca00_01e14200
190531065458,TAG_DEPARTED_B,01c4ca00
190531065458,TAG_DEPARTED_A,01e14200
190531065535,TAG_ARRIVED_B,01c4ca00
190531065536,SOLO_FAIL,01c4ca00
190531065544,TAG_ARRIVED_A,01653700
190531065545,STARTCOOP_SUCCESS,01c4ca00_01653700
190531065546,TAG_DEPARTED_A,01653700
190531065547,ENDCOOP_SUCCESS,01c4ca00_
190531065547,TAG_DEPARTED_B,01c4ca00
190531065613,TAG_ARRIVED_A,01653700
190531065613,SOLO_FAIL,01653700
190531065615,TAG_DEPARTED_A,01653700
190531065616,TAG_ARRIVED_B,0102ae00
190531065616,SOLO_FAIL,0102ae00
190531065617,TAG_ARRIVED_A,01653700
190531065618,STARTCOOP_FAIL,0102ae00_01653700
190531065618,TAG_DEPARTED_A,01653700
190531065619,ENDCOOP_FAIL,0102ae00_
190531065619,TAG_DEPARTED_B,0102ae00
190531065619,TAG_ARRIVED_B,0102ae00
190531065620,SOLO_FAIL,0102ae00
190531065623,TAG_ARRIVED_A,01653700
190531065624,STARTCOOP_FAIL,0102ae00_01653700
190531065625,TAG_DEPARTED_A,01653700
190531065627,ENDCOOP_FAIL,0102ae00_
190531065627,TAG_DEPARTED_B,0102ae00
190531065634,TAG_ARRIVED_A,01653700
190531065634,SOLO_FAIL,01653700
190531065636,TAG_DEPARTED_A,01653700
190531065707,TAG_ARRIVED_A,01653700
190531065708,SOLO_FAIL,01653700
190531065710,TAG_DEPARTED_A,01653700
190531065725,TAG_ARRIVED_B,01653700
190531065726,SOLO_FAIL,01653700
190531065733,ENDCOOP_FAIL,01653700_
190531065733,TAG_DEPARTED_B,01653700
190531065755,TAG_ARRIVED_B,01653700
190531065756,SOLO_FAIL,01653700
190531065758,ENDCOOP_FAIL,01653700_
190531065759,TAG_DEPARTED_B,01653700
190531065812,TAG_ARRIVED_B,01653700
190531065813,SOLO_FAIL,01653700
190531065816,ENDCOOP_FAIL,01653700_
190531065816,TAG_DEPARTED_B,01653700
190531065824,LOCKOUT_ENDED,
190531065826,TAG_ARRIVED_B,0102ae00
190531065826,SOLO_SUCCESS,0102ae00
190531065840,TAG_DEPARTED_B,0102ae00
190531065841,TAG_ARRIVED_B,0102ae00
190531065841,SOLO_SUCCESS,0102ae00
190531065845,TAG_ARRIVED_A,01e14200
190531065845,STARTCOOP_SUCCESS,0102ae00_01e14200
190531065848,ENDCOOP_SUCCESS,0102ae00_01e14200
190531065848,TAG_DEPARTED_B,0102ae00
190531065848,TAG_DEPARTED_A,01e14200
190531065906,TAG_ARRIVED_B,0102ae00
190531065907,SOLO_SUCCESS,0102ae00
190531065908,TAG_DEPARTED_B,0102ae00
190531065910,TAG_ARRIVED_B,0102ae00
190531065910,SOLO_SUCCESS,0102ae00
190531065921,TAG_DEPARTED_B,0102ae00
190531065931,TAG_ARRIVED_B,0102ae00
190531065931,SOLO_SUCCESS,0102ae00
190531065934,TAG_DEPARTED_B,0102ae00
190531065955,TAG_ARRIVED_B,0102ae00
190531065955,SOLO_SUCCESS,0102ae00
190531065958,TAG_DEPARTED_B,0102ae00
190531065959,TAG_ARRIVED_B,0102ae00
190531070000,SOLO_SUCCESS,0102ae00
190531070005,TAG_DEPARTED_B,0102ae00
190531070010,TAG_ARRIVED_B,0102ae00
190531070010,SOLO_SUCCESS,0102ae00
190531070012,TAG_DEPARTED_B,0102ae00
190531070034,TAG_ARRIVED_A,01016400
190531070034,SOLO_SUCCESS,01016400
190531070038,TAG_DEPARTED_A,01016400
190531070045,TAG_ARRIVED_B,01016400
190531070045,SOLO_SUCCESS,01016400
190531070047,TAG_DEPARTED_B,01016400
190531070050,TAG_ARRIVED_B,0102ae00
190531070051,SOLO_SUCCESS,0102ae00
190531070058,TAG_DEPARTED_B,0102ae00
190531070059,TAG_ARRIVED_B,0102ae00
190531070059,SOLO_SUCCESS,0102ae00
190531070136,TAG_DEPARTED_B,0102ae00
190531070308,TAG_ARRIVED_B,01c98500
190531070309,SOLO_SUCCESS,01c98500
190531070319,TAG_DEPARTED_B,01c98500
190531070321,TAG_ARRIVED_B,0102ae00
190531070321,SOLO_SUCCESS,0102ae00
190531070324,TAG_DEPARTED_B,0102ae00
190531070325,TAG_ARRIVED_B,0102ae00
190531070326,SOLO_SUCCESS,0102ae00
190531070328,TAG_DEPARTED_B,0102ae00
190531070659,TAG_ARRIVED_B,07991800
190531070700,TAG_MISSING_B,07991800
190531070701,SOLO_SUCCESS,07991800
190531070701,TAG_DEPARTED_B,07991800
190531070848,TAG_ARRIVED_A,01043c00
190531070849,SOLO_SUCCESS,01043c00
190531070850,TAG_DEPARTED_A,01043c00
190531073234,TAG_ARRIVED_A,01016400
190531073234,SOLO_SUCCESS,01016400
190531073239,TAG_DEPARTED_A,01016400
190531073405,TAG_ARRIVED_A,01016400
190531073405,SOLO_SUCCESS,01016400
190531073419,TAG_DEPARTED_A,01016400
190531073427,TAG_ARRIVED_A,0102ae00
190531073427,SOLO_SUCCESS,0102ae00
190531073429,TAG_DEPARTED_A,0102ae00
190531073431,TAG_ARRIVED_A,0102ae00
190531073432,SOLO_SUCCESS,0102ae00
190531073438,TAG_DEPARTED_A,0102ae00
190531073709,TAG_ARRIVED_A,01653700
190531073710,SOLO_SUCCESS,01653700
190531073714,TAG_DEPARTED_A,01653700
190531073715,TAG_ARRIVED_A,01653700
190531073715,SOLO_SUCCESS,01653700
190531073731,TAG_DEPARTED_A,01653700
190531073812,TAG_ARRIVED_A,01c4ca00
190531073813,SOLO_SUCCESS,01c4ca00
190531073821,TAG_DEPARTED_A,01c4ca00
190531073822,TAG_ARRIVED_A,01c4ca00
190531073823,SOLO_SUCCESS,01c4ca00
190531073825,TAG_DEPARTED_A,01c4ca00
190531073828,TAG_ARRIVED_A,01050400
190531073829,SOLO_SUCCESS,01050400
190531073830,TAG_DEPARTED_A,01050400
190531074008,TAG_ARRIVED_A,01c4ca00
190531074009,SOLO_SUCCESS,01c4ca00
190531074010,TAG_ARRIVED_A,01c98500
190531074011,SOLO_SUCCESS,01c98500
190531074012,TAG_DEPARTED_A,01c98500
190531074014,TAG_ARRIVED_A,01c98500
190531074014,SOLO_SUCCESS,01c98500
190531074016,TAG_DEPARTED_A,01c98500
190531074049,TAG_ARRIVED_A,01c4ca00
190531074050,SOLO_SUCCESS,01c4ca00
190531074106,TAG_DEPARTED_A,01c4ca00
190531074109,TAG_ARRIVED_A,07991800
190531074111,TAG_MISSING_A,07991800
190531074111,SOLO_SUCCESS,07991800
190531074112,TAG_DEPARTED_A,07991800
190531074115,TAG_ARRIVED_A,07991800
190531074116,TAG_MISSING_A,07991800
190531074116,SOLO_SUCCESS,07991800
190531074117,TAG_DEPARTED_A,07991800
190531074118,TAG_ARRIVED_A,07991800
190531074119,TAG_MISSING_A,07991800
190531074119,SOLO_SUCCESS,07991800
190531074120,TAG_DEPARTED_A,07991800
190531074123,TAG_ARRIVED_A,07991800
190531074124,TAG_MISSING_A,07991800
190531074124,SOLO_SUCCESS,07991800
190531074130,TAG_DEPARTED_A,07991800
190531074130,TAG_ARRIVED_A,07991800
190531074131,TAG_MISSING_A,07991800
190531074131,SOLO_SUCCESS,07991800
190531074135,TAG_DEPARTED_A,07991800
190531074142,TAG_ARRIVED_A,01c4ca00
190531074143,SOLO_SUCCESS,01c4ca00
190531074150,TAG_DEPARTED_A,01c4ca00
190531074151,TAG_ARRIVED_A,01c4ca00
190531074152,SOLO_SUCCESS,01c4ca00
190531074156,TAG_DEPARTED_A,01c4ca00
190531074218,TAG_ARRIVED_A,01c4ca00
190531074219,SOLO_SUCCESS,01c4ca00
190531074240,TAG_DEPARTED_A,01c4ca00
190531074253,TAG_ARRIVED_A,01c4ca00
190531074254,SOLO_SUCCESS,01c4ca00
190531074256,TAG_DEPARTED_A,01c4ca00
190531074313,TAG_ARRIVED_A,01c4ca00
190531074314,SOLO_SUCCESS,01c4ca00
190531074317,TAG_DEPARTED_A,01c4ca00
190531074320,TAG_ARRIVED_A,01c4ca00
190531074321,SOLO_SUCCESS,01c4ca00
190531074325,TAG_DEPARTED_A,01c4ca00
190531074338,TAG_ARRIVED_A,01016400
190531074338,SOLO_SUCCESS,01016400
190531074346,TAG_DEPARTED_A,01016400
190531074356,TAG_ARRIVED_A,01c4ca00
190531074357,SOLO_SUCCESS,01c4ca00
190531074358,TAG_DEPARTED_A,01c4ca00
190531074403,TAG_ARRIVED_A,01c4ca00
190531074404,SOLO_SUCCESS,01c4ca00
190531074416,TAG_DEPARTED_A,01c4ca00
190531074418,TAG_ARRIVED_A,01c4ca00
190531074419,SOLO_SUCCESS,01c4ca00
190531074454,TAG_DEPARTED_A,01c4ca00
190531074515,TAG_ARRIVED_A,01c4ca00
190531074516,SOLO_SUCCESS,01c4ca00
190531074519,TAG_DEPARTED_A,01c4ca00
190531074531,TAG_ARRIVED_A,0102ae00
190531074531,SOLO_SUCCESS,0102ae00
190531074537,TAG_DEPARTED_A,0102ae00
190531075201,TAG_ARRIVED_A,01009100
190531075202,SOLO_SUCCESS,01009100
190531075203,TAG_DEPARTED_A,01009100
190531075221,TAG_ARRIVED_A,01016400
190531075222,SOLO_SUCCESS,01016400
190531075226,TAG_DEPARTED_A,01016400
190531075749,TAG_ARRIVED_A,01c98500
190531075750,SOLO_SUCCESS,01c98500
190531075752,TAG_DEPARTED_A,01c98500
190531075754,TAG_ARRIVED_A,07991800
190531075755,TAG_MISSING_A,07991800
190531075755,SOLO_SUCCESS,07991800
190531075756,TAG_DEPARTED_A,07991800
190531075759,TAG_ARRIVED_A,07991800
190531075801,TAG_MISSING_A,07991800
190531075801,SOLO_SUCCESS,07991800
190531075801,TAG_DEPARTED_A,07991800
190531075803,TAG_ARRIVED_A,07991800
190531075804,TAG_MISSING_A,07991800
190531075805,SOLO_SUCCESS,07991800
190531075806,TAG_DEPARTED_A,07991800
190531075809,TAG_ARRIVED_A,07991800
190531075811,TAG_MISSING_A,07991800
190531075811,SOLO_SUCCESS,07991800
190531075812,TAG_DEPARTED_A,07991800
190531075813,TAG_ARRIVED_A,07991800
190531075814,TAG_MISSING_A,07991800
190531075814,SOLO_SUCCESS,07991800
190531075819,TAG_DEPARTED_A,07991800
190531075921,TAG_ARRIVED_A,0102ae00
190531075921,SOLO_SUCCESS,0102ae00
190531075929,TAG_DEPARTED_A,0102ae00
190531075930,TAG_ARRIVED_A,0102ae00
190531075930,SOLO_SUCCESS,0102ae00
190531075936,TAG_DEPARTED_A,0102ae00
190531081000,TAG_ARRIVED_B,01c98500
190531081001,SOLO_SUCCESS,01c98500
190531081003,TAG_DEPARTED_B,01c98500
190531081008,TAG_ARRIVED_B,0102ae00
190531081009,SOLO_SUCCESS,0102ae00
190531081011,TAG_DEPARTED_B,0102ae00
190531081011,TAG_ARRIVED_B,0102ae00
190531081012,SOLO_SUCCESS,0102ae00
190531081026,TAG_DEPARTED_B,0102ae00
190531082343,TAG_ARRIVED_B,01016400
190531082343,SOLO_SUCCESS,01016400
190531082348,TAG_DEPARTED_B,01016400
190531082813,TAG_ARRIVED_B,07991800
190531082814,TAG_MISSING_B,07991800
190531082814,SOLO_SUCCESS,07991800
190531082816,TAG_DEPARTED_B,07991800
190531082817,TAG_ARRIVED_B,07991800
190531082818,TAG_MISSING_B,07991800
190531082818,SOLO_SUCCESS,07991800
190531082824,TAG_DEPARTED_B,07991800
190531082827,TAG_ARRIVED_B,07991800
190531082828,TAG_MISSING_B,07991800
190531082829,SOLO_SUCCESS,07991800
190531082830,TAG_DEPARTED_B,07991800
190531082831,TAG_ARRIVED_B,07991800
190531082833,TAG_MISSING_B,07991800
190531082833,SOLO_SUCCESS,07991800
190531082842,TAG_DEPARTED_B,07991800
190531082857,TAG_ARRIVED_B,07991800
190531082858,TAG_MISSING_B,07991800
190531082859,SOLO_SUCCESS,07991800
190531082902,TAG_DEPARTED_B,07991800
190531082911,TAG_ARRIVED_B,01753200
190531082912,SOLO_SUCCESS,01753200
190531082915,TAG_DEPARTED_B,01753200
190531082919,TAG_ARRIVED_B,01753200
190531082920,SOLO_SUCCESS,01753200
190531082933,TAG_DEPARTED_B,01753200
190531083614,TAG_ARRIVED_B,0126f300
190531083614,SOLO_SUCCESS,0126f300
190531083617,TAG_DEPARTED_B,0126f300
190531084135,TAG_ARRIVED_B,01c98500
190531084136,SOLO_SUCCESS,01c98500
190531084144,TAG_DEPARTED_B,01c98500
190531084148,TAG_ARRIVED_B,01c98500
190531084148,SOLO_SUCCESS,01c98500
190531084150,TAG_DEPARTED_B,01c98500
190531084958,TAG_ARRIVED_B,01050400
190531084959,SOLO_SUCCESS,01050400
190531085006,TAG_DEPARTED_B,01050400
190531085821,TAG_ARRIVED_B,01c98500
190531085822,SOLO_SUCCESS,01c98500
190531085823,TAG_DEPARTED_B,01c98500
190531085828,TAG_ARRIVED_A,01c98500
190531085829,SOLO_SUCCESS,01c98500
190531085840,TAG_DEPARTED_A,01c98500
190531090114,TAG_ARRIVED_A,01009100
190531090115,SOLO_SUCCESS,01009100
190531090117,TAG_DEPARTED_A,01009100
190531090120,TAG_ARRIVED_A,01009100
190531090121,SOLO_SUCCESS,01009100
190531090122,TAG_DEPARTED_A,01009100
190531090127,TAG_ARRIVED_A,01009100
190531090128,SOLO_SUCCESS,01009100
190531090133,TAG_ARRIVED_A,01050400
190531090134,SOLO_SUCCESS,01050400
190531090135,TAG_DEPARTED_A,01050400
190531090645,TAG_ARRIVED_A,0139d100
190531090646,SOLO_SUCCESS,0139d100
190531090646,TAG_ARRIVED_B,01783900
190531090647,STARTCOOP_SUCCESS,0139d100_01783900
190531090649,ENDCOOP_SUCCESS,01783900_0139d100
190531090649,TAG_DEPARTED_B,01783900
190531090650,TAG_DEPARTED_A,0139d100
190531091528,TAG_ARRIVED_A,01c98500
190531091529,SOLO_SUCCESS,01c98500
190531091534,TAG_ARRIVED_B,01c98500
190531091534,SOLO_SUCCESS,01c98500
190531091534,TAG_DEPARTED_A,01c98500
190531091539,TAG_DEPARTED_B,01c98500
190531091713,TAG_ARRIVED_B,01c4ca00
190531091714,SOLO_SUCCESS,01c4ca00
190531091804,TAG_DEPARTED_B,01c4ca00
190531091816,TAG_ARRIVED_B,01c4ca00
190531091817,SOLO_SUCCESS,01c4ca00
190531091845,TAG_DEPARTED_B,01c4ca00
190531091925,TAG_ARRIVED_B,01c4ca00
190531091926,SOLO_SUCCESS,01c4ca00
190531091933,TAG_DEPARTED_B,01c4ca00
190531092029,TAG_ARRIVED_B,01048700
190531092030,SOLO_SUCCESS,01048700
190531092033,TAG_DEPARTED_B,01048700
190531092042,TAG_ARRIVED_B,01048700
190531092043,SOLO_SUCCESS,01048700
190531092047,TAG_DEPARTED_B,01048700
190531092141,TAG_ARRIVED_A,01048700
190531092142,SOLO_SUCCESS,01048700
190531092145,TAG_DEPARTED_A,01048700
190531092146,TAG_ARRIVED_A,01048700
190531092146,SOLO_SUCCESS,01048700
190531092148,TAG_DEPARTED_A,01048700
190531092148,TAG_ARRIVED_A,01048700
190531092149,SOLO_SUCCESS,01048700
190531092156,TAG_DEPARTED_A,01048700
190531092237,TAG_ARRIVED_A,01048700
190531092238,SOLO_SUCCESS,01048700
190531092303,TAG_DEPARTED_A,01048700
190531092704,TAG_ARRIVED_A,01c98500
190531092705,SOLO_SUCCESS,01c98500
190531092709,TAG_DEPARTED_A,01c98500
190531092721,TAG_ARRIVED_A,0102ae00
190531092721,SOLO_SUCCESS,0102ae00
190531092726,TAG_DEPARTED_A,0102ae00
190531093220,TAG_ARRIVED_A,01e14200
190531093220,SOLO_SUCCESS,01e14200
190531093223,TAG_DEPARTED_A,01e14200
190531093223,TAG_ARRIVED_A,01e14200
190531093224,SOLO_SUCCESS,01e14200
190531093227,TAG_DEPARTED_A,01e14200
190531093319,TAG_ARRIVED_A,01e14200
190531093320,SOLO_SUCCESS,01e14200
190531093321,TAG_DEPARTED_A,01e14200
190531095106,TAG_ARRIVED_A,017e1f00
190531095107,SOLO_SUCCESS,017e1f00
190531095108,TAG_DEPARTED_A,017e1f00
190531095553,TAG_ARRIVED_A,01050400
190531095553,SOLO_SUCCESS,01050400
190531095558,TAG_DEPARTED_A,01050400
190531100028,TAG_ARRIVED_A,01506d00
190531100029,SOLO_SUCCESS,01506d00
190531100034,TAG_DEPARTED_A,01506d00
190531100220,TAG_ARRIVED_A,01016400
190531100220,SOLO_SUCCESS,01016400
190531100222,TAG_DEPARTED_A,01016400
190531101252,TAG_ARRIVED_B,0103f300
190531101253,SOLO_SUCCESS,0103f300
190531101314,TAG_DEPARTED_B,0103f300
190531101339,TAG_ARRIVED_B,01c4ca00
190531101340,SOLO_SUCCESS,01c4ca00
190531101345,TAG_ARRIVED_A,01043c00
190531101346,STARTCOOP_SUCCESS,01c4ca00_01043c00
190531101347,TAG_DEPARTED_A,01043c00
190531101349,ENDCOOP_SUCCESS,01c4ca00_
190531101349,TAG_DEPARTED_B,01c4ca00
190531101414,TAG_ARRIVED_A,0103f300
190531101415,SOLO_SUCCESS,0103f300
190531101421,TAG_ARRIVED_B,01c4ca00
190531101422,STARTCOOP_FAIL,0103f300_01c4ca00
190531101423,TAG_DEPARTED_A,0103f300
190531101429,ENDCOOP_FAIL,01c4ca00_
190531101429,TAG_DEPARTED_B,01c4ca00
190531101430,TAG_ARRIVED_A,0103f300
190531101430,SOLO_FAIL,0103f300
190531101432,TAG_DEPARTED_A,0103f300
190531101433,TAG_ARRIVED_A,0103f300
190531101434,SOLO_FAIL,0103f300
190531101442,TAG_ARRIVED_B,01c4ca00
190531101443,STARTCOOP_FAIL,0103f300_01c4ca00
190531101447,ENDCOOP_FAIL,01c4ca00_0103f300
190531101447,TAG_DEPARTED_B,01c4ca00
190531101449,TAG_DEPARTED_A,0103f300
190531101450,TAG_ARRIVED_A,01c4ca00
190531101450,SOLO_FAIL,01c4ca00
190531101455,TAG_ARRIVED_B,0103f300
190531101455,STARTCOOP_FAIL,01c4ca00_0103f300
190531101457,TAG_DEPARTED_A,01c4ca00
190531101501,ENDCOOP_FAIL,0103f300_
190531101501,TAG_DEPARTED_B,0103f300
190531101502,TAG_ARRIVED_B,0103f300
190531101502,SOLO_FAIL,0103f300
190531101510,ENDCOOP_FAIL,0103f300_
190531101510,TAG_DEPARTED_B,0103f300
190531101511,TAG_ARRIVED_B,0103f300
190531101512,SOLO_FAIL,0103f300
190531101513,ENDCOOP_FAIL,0103f300_
190531101514,TAG_DEPARTED_B,0103f300
190531101655,LOCKOUT_ENDED,
