190722060659,START_EXPERIMENT,
190722060940,TAG_ARRIVED_B,0139d100
190722060941,SOLO_SUCCESS,0139d100
190722060941,TAG_ARRIVED_A,01783900
190722060942,STARTCOOP_SUCCESS,0139d100_01783900
190722060943,TAG_DEPARTED_A,01783900
190722060948,ENDCOOP_SUCCESS,0139d100_
190722060948,TAG_DEPARTED_B,0139d100
190722061008,TAG_ARRIVED_A,01783900
190722061009,SOLO_SUCCESS,01783900
190722061012,TAG_ARRIVED_B,0139d100
190722061013,STARTCOOP_SUCCESS,01783900_0139d100
190722061015,TAG_DEPARTED_A,01783900
190722061016,ENDCOOP_SUCCESS,0139d100_
190722061016,TAG_DEPARTED_B,0139d100
190722062759,TAG_ARRIVED_B,010b4d00
190722062800,TAG_MISSING_B,010b4d00
190722062800,SOLO_SUCCESS,010b4d00
190722062914,TAG_DEPARTED_B,010b4d00
190722062926,TAG_ARRIVED_B,010b4d00
190722062928,TAG_MISSING_B,010b4d00
190722062928,SOLO_SUCCESS,010b4d00
190722063157,TAG_DEPARTED_B,010b4d00
190722063253,TAG_ARRIVED_B,010b4d00
190722063255,TAG_MISSING_B,010b4d00
190722063255,SOLO_SUCCESS,010b4d00
190722063546,TAG_DEPARTED_B,010b4d00
190722064145,TAG_ARRIVED_B,010b4d00
190722064146,TAG_MISSING_B,010b4d00
190722064146,SOLO_SUCCESS,010b4d00
190722064504,TAG_DEPARTED_B,010b4d00
190722065928,TAG_ARRIVED_A,0102ee00
190722065929,SOLO_SUCCESS,0102ee00
190722065932,TAG_DEPARTED_A,0102ee00
190722070032,TAG_ARRIVED_A,0102ee00
190722070033,SOLO_SUCCESS,0102ee00
190722070035,TAG_DEPARTED_A,0102ee00
190722070039,TAG_ARRIVED_A,0102ee00
190722070040,SOLO_SUCCESS,0102ee00
190722070044,TAG_DEPARTED_A,0102ee00
190722070049,TAG_ARRIVED_B,01045300
190722070049,SOLO_SUCCESS,01045300
190722070051,TAG_DEPARTED_B,01045300
190722070053,TAG_ARRIVED_B,01045300
190722070053,SOLO_SUCCESS,01045300
190722070055,TAG_DEPARTED_B,01045300
190722070102,TAG_ARRIVED_B,01045300
190722070102,SOLO_SUCCESS,01045300
190722070109,TAG_DEPARTED_B,01045300
190722070120,TAG_ARRIVED_B,01045300
190722070121,SOLO_SUCCESS,01045300
190722070132,TAG_DEPARTED_B,01045300
190722070135,TAG_ARRIVED_B,01045300
190722070136,SOLO_SUCCESS,01045300
190722070138,TAG_ARRIVED_A,0102ee00
190722070139,STARTCOOP_FAIL,01045300_0102ee00
190722070139,ENDCOOP_FAIL,01045300_0102ee00
190722070140,TAG_DEPARTED_B,01045300
190722070140,TAG_DEPARTED_A,0102ee00
190722070208,TAG_ARRIVED_A,01045300
190722070209,SOLO_FAIL,01045300
190722070214,TAG_ARRIVED_A,0102ae00
190722070215,SOLO_FAIL,0102ae00
190722070217,TAG_DEPARTED_A,0102ae00
190722070219,TAG_ARRIVED_A,0102ae00
190722070219,SOLO_FAIL,0102ae00
190722070221,TAG_DEPARTED_A,0102ae00
190722070223,TAG_ARRIVED_A,0102ae00
190722070224,SOLO_FAIL,0102ae00
190722070226,TAG_ARRIVED_B,0102ee00
190722070227,STARTCOOP_FAIL,0102ae00_0102ee00
190722070228,ENDCOOP_FAIL,0102ee00_0102ae00
190722070228,TAG_DEPARTED_B,0102ee00
190722070229,TAG_DEPARTED_A,0102ae00
190722070230,TAG_ARRIVED_A,0102ee00
190722070231,SOLO_FAIL,0102ee00
190722070242,TAG_DEPARTED_A,0102ee00
190722070252,TAG_ARRIVED_B,0102ae00
190722070252,SOLO_FAIL,0102ae00
190722070254,ENDCOOP_FAIL,0102ae00_
190722070254,TAG_DEPARTED_B,0102ae00
190722070258,TAG_ARRIVED_A,01021800
190722070258,SOLO_FAIL,01021800
190722070303,TAG_DEPARTED_A,01021800
190722070304,TAG_ARRIVED_B,0102ee00
190722070305,SOLO_FAIL,0102ee00
190722070305,TAG_ARRIVED_A,01021800
190722070306,STARTCOOP_FAIL,0102ee00_01021800
190722070324,TAG_DEPARTED_A,01021800
190722070328,TAG_ARRIVED_A,01021800
190722070328,STARTCOOP_FAIL,0102ee00_01021800
190722070330,TAG_DEPARTED_A,01021800
190722070528,LOCKOUT_ENDED,
190722070536,TAG_ARRIVED_A,0102ee00
190722070537,SOLO_SUCCESS,0102ee00
190722070538,TAG_DEPARTED_B,0102ee00
190722070539,TAG_DEPARTED_A,0102ee00
190722070540,TAG_ARRIVED_A,0102ee00
190722070541,SOLO_SUCCESS,0102ee00
190722070541,TAG_ARRIVED_B,01045300
190722070542,STARTCOOP_FAIL,0102ee00_01045300
190722070542,TAG_DEPARTED_A,0102ee00
190722070542,TAG_ARRIVED_A,0102ee00
190722070543,STARTCOOP_FAIL,01045300_0102ee00
190722070544,TAG_DEPARTED_A,0102ee00
190722070545,TAG_ARRIVED_A,0102ee00
190722070546,STARTCOOP_FAIL,01045300_0102ee00
190722070547,ENDCOOP_FAIL,01045300_0102ee00
190722070547,TAG_DEPARTED_B,01045300
190722070550,TAG_ARRIVED_B,01045300
190722070551,STARTCOOP_FAIL,0102ee00_01045300
190722070552,TAG_DEPARTED_A,0102ee00
190722070557,TAG_ARRIVED_A,0102ee00
190722070558,STARTCOOP_FAIL,01045300_0102ee00
190722070601,ENDCOOP_FAIL,01045300_0102ee00
190722070601,TAG_DEPARTED_B,01045300
190722070603,TAG_DEPARTED_A,0102ee00
190722070650,TAG_ARRIVED_A,0102ee00
190722070651,SOLO_FAIL,0102ee00
190722070705,TAG_DEPARTED_A,0102ee00
190722070729,TAG_ARRIVED_B,0102ae00
190722070730,SOLO_FAIL,0102ae00
190722070731,ENDCOOP_FAIL,0102ae00_
190722070731,TAG_DEPARTED_B,0102ae00
190722070732,TAG_ARRIVED_B,0102ee00
190722070733,SOLO_FAIL,0102ee00
190722070734,ENDCOOP_FAIL,0102ee00_
190722070735,TAG_DEPARTED_B,0102ee00
190722070755,TAG_ARRIVED_B,0102ee00
190722070756,SOLO_FAIL,0102ee00
190722070758,LOCKOUT_ENDED,
190722071316,TAG_DEPARTED_B,0102ee00
190722071430,TAG_ARRIVED_B,0102ee00
190722071431,SOLO_SUCCESS,0102ee00
190722071449,TAG_DEPARTED_B,0102ee00
190722074131,TAG_ARRIVED_B,0102ee00
190722074132,SOLO_SUCCESS,0102ee00
190722074138,TAG_DEPARTED_B,0102ee00
190722074140,TAG_ARRIVED_A,0102ee00
190722074141,SOLO_SUCCESS,0102ee00
190722074142,TAG_DEPARTED_A,0102ee00
190722074159,TAG_ARRIVED_A,0102ee00
190722074200,SOLO_SUCCESS,0102ee00
190722074205,TAG_DEPARTED_A,0102ee00
190722074240,TAG_ARRIVED_A,0102ee00
190722074240,SOLO_SUCCESS,0102ee00
190722074241,TAG_DEPARTED_A,0102ee00
190722074314,TAG_ARRIVED_A,0102ee00
190722074315,SOLO_SUCCESS,0102ee00
190722074316,TAG_DEPARTED_A,0102ee00
190722074319,TAG_ARRIVED_A,0102ee00
190722074320,SOLO_SUCCESS,0102ee00
190722074336,TAG_DEPARTED_A,0102ee00
190722074446,TAG_ARRIVED_A,0102ee00
190722074447,SOLO_SUCCESS,0102ee00
190722074511,TAG_DEPARTED_A,0102ee00
190722074512,TAG_ARRIVED_A,0102ee00
190722074512,SOLO_SUCCESS,0102ee00
190722074518,TAG_DEPARTED_A,0102ee00
190722074547,TAG_ARRIVED_A,0102ee00
190722074548,SOLO_SUCCESS,0102ee00
190722074555,TAG_DEPARTED_A,0102ee00
190722074622,TAG_ARRIVED_A,0102ee00
190722074623,SOLO_SUCCESS,0102ee00
190722074820,TAG_DEPARTED_A,0102ee00
190722074825,TAG_ARRIVED_A,01653700
190722074826,SOLO_SUCCESS,01653700
190722074827,TAG_DEPARTED_A,01653700
190722074930,TAG_ARRIVED_A,01653700
190722074931,SOLO_SUCCESS,01653700
190722074956,TAG_DEPARTED_A,01653700
190722075001,TAG_ARRIVED_A,01653700
190722075002,SOLO_SUCCESS,01653700
190722075006,TAG_DEPARTED_A,01653700
190722075009,TAG_ARRIVED_A,01026800
190722075009,SOLO_SUCCESS,01026800
190722075013,TAG_DEPARTED_A,01026800
190722075014,TAG_ARRIVED_A,01026800
190722075014,SOLO_SUCCESS,01026800
190722075018,TAG_DEPARTED_A,01026800
190722075020,TAG_ARRIVED_A,01026800
190722075020,SOLO_SUCCESS,01026800
190722075035,TAG_DEPARTED_A,01026800
190722075036,TAG_ARRIVED_A,01026800
190722075036,SOLO_SUCCESS,01026800
190722075038,TAG_DEPARTED_A,01026800
190722075054,TAG_ARRIVED_A,01026800
190722075055,SOLO_SUCCESS,01026800
190722075109,TAG_DEPARTED_A,01026800
190722075126,TAG_ARRIVED_A,01026800
190722075126,SOLO_SUCCESS,01026800
190722075128,TAG_DEPARTED_A,01026800
190722075159,TAG_ARRIVED_A,01026800
190722075159,SOLO_SUCCESS,01026800
190722075201,TAG_DEPARTED_A,01026800
190722075211,TAG_ARRIVED_A,01026800
190722075212,SOLO_SUCCESS,01026800
190722075222,TAG_DEPARTED_A,01026800
190722075228,TAG_ARRIVED_A,01026800
190722075229,SOLO_SUCCESS,01026800
190722075236,TAG_DEPARTED_A,01026800
190722075237,TAG_ARRIVED_A,01026800
190722075237,SOLO_SUCCESS,01026800
190722075238,TAG_DEPARTED_A,01026800
190722075239,TAG_ARRIVED_A,0104a600
190722075240,SOLO_SUCCESS,0104a600
190722075242,TAG_DEPARTED_A,0104a600
190722075249,TAG_ARRIVED_A,0104a600
190722075250,SOLO_SUCCESS,0104a600
190722075259,TAG_DEPARTED_A,0104a600
190722075318,TAG_ARRIVED_A,0104c400
190722075319,SOLO_SUCCESS,0104c400
190722075321,TAG_DEPARTED_A,0104c400
190722075325,TAG_ARRIVED_A,0103c400
190722075325,SOLO_SUCCESS,0103c400
190722075332,TAG_DEPARTED_A,0103c400
190722075332,TAG_ARRIVED_A,0103c400
190722075333,SOLO_SUCCESS,0103c400
190722075336,TAG_DEPARTED_A,0103c400
190722075341,TAG_ARRIVED_A,0103c400
190722075342,SOLO_SUCCESS,0103c400
190722075413,TAG_DEPARTED_A,0103c400
190722075413,TAG_ARRIVED_A,01d41b00
190722075414,SOLO_SUCCESS,01d41b00
190722075421,TAG_DEPARTED_A,01d41b00
190722075424,TAG_ARRIVED_A,0104c400
190722075424,SOLO_SUCCESS,0104c400
190722075427,TAG_DEPARTED_A,0104c400
190722075429,TAG_ARRIVED_A,01bb2200
190722075430,SOLO_SUCCESS,01bb2200
190722075433,TAG_DEPARTED_A,01bb2200
190722075438,TAG_ARRIVED_A,01bb2200
190722075438,SOLO_SUCCESS,01bb2200
190722075440,TAG_DEPARTED_A,01bb2200
190722075444,TAG_ARRIVED_A,01028400
190722075445,SOLO_SUCCESS,01028400
190722075448,TAG_DEPARTED_A,01028400
190722075452,TAG_ARRIVED_A,01028400
190722075453,SOLO_SUCCESS,01028400
190722075512,TAG_DEPARTED_A,01028400
190722075512,TAG_ARRIVED_A,01028400
190722075513,SOLO_SUCCESS,01028400
190722075519,TAG_DEPARTED_A,01028400
190722075528,TAG_ARRIVED_A,01028400
190722075529,SOLO_SUCCESS,01028400
190722075532,TAG_DEPARTED_A,01028400
190722075553,TAG_ARRIVED_A,01028400
190722075554,SOLO_SUCCESS,01028400
190722075555,TAG_DEPARTED_A,01028400
190722075559,TAG_ARRIVED_A,01028400
190722075600,SOLO_SUCCESS,01028400
190722075612,TAG_DEPARTED_A,01028400
190722075618,TAG_ARRIVED_A,01028400
190722075619,SOLO_SUCCESS,01028400
190722075634,TAG_DEPARTED_A,01028400
190722075635,TAG_ARRIVED_A,01028400
190722075636,SOLO_SUCCESS,01028400
190722075638,TAG_DEPARTED_A,01028400
190722075641,TAG_ARRIVED_A,01028400
190722075642,SOLO_SUCCESS,01028400
190722075650,TAG_DEPARTED_A,01028400
190722075753,TAG_ARRIVED_A,01028400
190722075754,SOLO_SUCCESS,01028400
190722075755,TAG_DEPARTED_A,01028400
190722075756,TAG_ARRIVED_A,01038800
190722075757,SOLO_SUCCESS,01038800
190722075759,TAG_DEPARTED_A,01038800
190722075759,TAG_ARRIVED_A,01d41b00
190722075800,SOLO_SUCCESS,01d41b00
190722075808,TAG_DEPARTED_A,01d41b00
190722075838,TAG_ARRIVED_A,01bb2200
190722075839,SOLO_SUCCESS,01bb2200
190722075841,TAG_ARRIVED_A,01028400
190722075842,SOLO_SUCCESS,01028400
190722075906,TAG_DEPARTED_A,01028400
190722075908,TAG_ARRIVED_A,01028400
190722075909,SOLO_SUCCESS,01028400
190722075931,TAG_DEPARTED_A,01028400
190722075948,TAG_ARRIVED_A,01028400
190722075948,SOLO_SUCCESS,01028400
190722080058,TAG_DEPARTED_A,01028400
190722080059,TAG_ARRIVED_A,0104a600
190722080100,SOLO_SUCCESS,0104a600
190722080103,TAG_DEPARTED_A,0104a600
190722080106,TAG_ARRIVED_A,0104a600
190722080107,SOLO_SUCCESS,0104a600
190722080108,TAG_DEPARTED_A,0104a600
190722080119,TAG_ARRIVED_A,0104a600
190722080120,SOLO_SUCCESS,0104a600
190722080123,TAG_DEPARTED_A,0104a600
190722080125,TAG_ARRIVED_A,0104a600
190722080126,SOLO_SUCCESS,0104a600
190722080127,TAG_DEPARTED_A,0104a600
190722080153,TAG_ARRIVED_A,01036100
190722080154,SOLO_SUCCESS,01036100
190722080154,TAG_ARRIVED_A,0104a600
190722080155,SOLO_SUCCESS,0104a600
190722080217,TAG_DEPARTED_A,0104a600
190722080220,TAG_ARRIVED_A,0104a600
190722080221,SOLO_SUCCESS,0104a600
190722080226,TAG_DEPARTED_A,0104a600
190722080409,TAG_ARRIVED_A,0104a600
190722080410,SOLO_SUCCESS,0104a600
190722080411,TAG_DEPARTED_A,0104a600
190722080416,TAG_ARRIVED_A,0104a600
190722080417,SOLO_SUCCESS,0104a600
190722080423,TAG_DEPARTED_A,0104a600
190722080453,TAG_ARRIVED_A,0104a600
190722080454,SOLO_SUCCESS,0104a600
190722080456,TAG_DEPARTED_A,0104a600
190722080511,TAG_ARRIVED_A,0104a600
190722080512,SOLO_SUCCESS,0104a600
190722080526,TAG_DEPARTED_A,0104a600
190722080530,TAG_ARRIVED_A,01028400
190722080531,SOLO_SUCCESS,01028400
190722080535,TAG_DEPARTED_A,01028400
190722080546,TAG_ARRIVED_A,01028400
190722080547,SOLO_SUCCESS,01028400
190722080602,TAG_DEPARTED_A,01028400
190722080609,TAG_ARRIVED_A,01028400
190722080610,SOLO_SUCCESS,01028400
190722080612,TAG_DEPARTED_A,01028400
190722080652,TAG_ARRIVED_A,01028400
190722080653,SOLO_SUCCESS,01028400
190722080720,TAG_DEPARTED_A,01028400
190722080722,TAG_ARRIVED_A,0102ae00
190722080723,SOLO_SUCCESS,0102ae00
190722080724,TAG_DEPARTED_A,0102ae00
190722080725,TAG_ARRIVED_B,01043c00
190722080726,SOLO_SUCCESS,01043c00
190722080727,TAG_DEPARTED_B,01043c00
190722080733,TAG_ARRIVED_A,01050400
190722080734,SOLO_SUCCESS,01050400
190722080735,TAG_ARRIVED_A,0102ae00
190722080736,SOLO_SUCCESS,0102ae00
190722080737,TAG_DEPARTED_A,0102ae00
190722080738,TAG_ARRIVED_A,01bb2200
190722080739,SOLO_SUCCESS,01bb2200
190722080740,TAG_DEPARTED_A,01bb2200
190722080757,TAG_ARRIVED_A,01bb2200
190722080758,SOLO_SUCCESS,01bb2200
190722080804,TAG_DEPARTED_A,01bb2200
190722080821,TAG_ARRIVED_A,01bb2200
190722080822,SOLO_SUCCESS,01bb2200
190722080826,TAG_DEPARTED_A,01bb2200
190722080830,TAG_ARRIVED_A,01bb2200
190722080831,SOLO_SUCCESS,01bb2200
190722080844,TAG_DEPARTED_A,01bb2200
190722080845,TAG_ARRIVED_A,01bb2200
190722080846,SOLO_SUCCESS,01bb2200
190722080848,TAG_DEPARTED_A,01bb2200
190722080859,TAG_ARRIVED_A,01bb2200
190722080900,SOLO_SUCCESS,01bb2200
190722080902,TAG_DEPARTED_A,01bb2200
190722080931,TAG_ARRIVED_A,07991800
190722080932,SOLO_SUCCESS,07991800
190722080940,TAG_DEPARTED_A,07991800
190722080946,TAG_ARRIVED_B,01043c00
190722080947,SOLO_SUCCESS,01043c00
190722080950,TAG_DEPARTED_B,01043c00
190722080951,TAG_ARRIVED_B,01050400
190722080951,SOLO_SUCCESS,01050400
190722080954,TAG_DEPARTED_B,01050400
190722081022,TAG_ARRIVED_B,01bb2200
190722081023,SOLO_SUCCESS,01bb2200
190722081028,TAG_DEPARTED_B,01bb2200
190722081031,TAG_ARRIVED_B,01ae2b00
190722081032,SOLO_SUCCESS,01ae2b00
190722081033,TAG_DEPARTED_B,01ae2b00
190722081041,TAG_ARRIVED_B,07991800
190722081041,SOLO_SUCCESS,07991800
190722081042,TAG_ARRIVED_B,01043c00
190722081043,SOLO_SUCCESS,01043c00
190722081045,TAG_DEPARTED_B,01043c00
190722081052,TAG_ARRIVED_B,0101c200
190722081053,SOLO_SUCCESS,0101c200
190722081054,TAG_DEPARTED_B,0101c200
190722081137,TAG_ARRIVED_B,01050400
190722081137,SOLO_SUCCESS,01050400
190722081146,TAG_DEPARTED_B,01050400
190722081146,TAG_ARRIVED_B,01050400
190722081147,SOLO_SUCCESS,01050400
190722081238,TAG_DEPARTED_B,01050400
190722081241,TAG_ARRIVED_B,01050400
190722081241,SOLO_SUCCESS,01050400
190722081257,TAG_DEPARTED_B,01050400
190722081300,TAG_ARRIVED_B,01050400
190722081300,SOLO_SUCCESS,01050400
190722081304,TAG_DEPARTED_B,01050400
190722081307,TAG_ARRIVED_B,01050400
190722081307,SOLO_SUCCESS,01050400
190722081320,TAG_DEPARTED_B,01050400
190722081326,TAG_ARRIVED_B,01050400
190722081326,SOLO_SUCCESS,01050400
190722081400,TAG_DEPARTED_B,01050400
190722081409,TAG_ARRIVED_B,01050400
190722081409,SOLO_SUCCESS,01050400
190722081429,TAG_DEPARTED_B,01050400
190722081447,TAG_ARRIVED_B,01050400
190722081447,SOLO_SUCCESS,01050400
190722081558,TAG_DEPARTED_B,01050400
190722081603,TAG_ARRIVED_B,01050400
190722081603,SOLO_SUCCESS,01050400
190722081721,TAG_DEPARTED_B,01050400
190722081742,TAG_ARRIVED_B,0101c200
190722081743,SOLO_SUCCESS,0101c200
190722081744,TAG_DEPARTED_B,0101c200
190722081748,TAG_ARRIVED_B,0101c200
190722081749,SOLO_SUCCESS,0101c200
190722081750,TAG_DEPARTED_B,0101c200
190722081753,TAG_ARRIVED_B,0101c200
190722081753,SOLO_SUCCESS,0101c200
190722081755,TAG_DEPARTED_B,0101c200
190722081756,TAG_ARRIVED_B,0101c200
190722081757,SOLO_SUCCESS,0101c200
190722081758,TAG_DEPARTED_B,0101c200
190722081915,TAG_ARRIVED_B,0101c200
190722081916,SOLO_SUCCESS,0101c200
190722081917,TAG_DEPARTED_B,0101c200
190722082013,TAG_ARRIVED_B,0101c200
190722082014,SOLO_SUCCESS,0101c200
190722082016,TAG_DEPARTED_B,0101c200
190722082039,TAG_ARRIVED_B,0101c200
190722082040,SOLO_SUCCESS,0101c200
190722082052,TAG_DEPARTED_B,0101c200
190722082107,TAG_ARRIVED_B,0101c200
190722082108,SOLO_SUCCESS,0101c200
190722082111,TAG_DEPARTED_B,0101c200
190722082138,TAG_ARRIVED_B,0101c200
190722082139,SOLO_SUCCESS,0101c200
190722082142,TAG_DEPARTED_B,0101c200
190722082144,TAG_ARRIVED_B,0101c200
190722082145,SOLO_SUCCESS,0101c200
190722082150,TAG_DEPARTED_B,0101c200
190722082155,TAG_ARRIVED_B,0101c200
190722082156,SOLO_SUCCESS,0101c200
190722082201,TAG_DEPARTED_B,0101c200
190722082212,TAG_ARRIVED_B,0101c200
190722082213,SOLO_SUCCESS,0101c200
190722082216,TAG_DEPARTED_B,0101c200
190722082220,TAG_ARRIVED_B,0101c200
190722082220,SOLO_SUCCESS,0101c200
190722082230,TAG_DEPARTED_B,0101c200
190722082232,TAG_ARRIVED_B,0101c200
190722082232,SOLO_SUCCESS,0101c200
190722082240,TAG_DEPARTED_B,0101c200
190722082244,TAG_ARRIVED_B,0101c200
190722082245,SOLO_SUCCESS,0101c200
190722082252,TAG_DEPARTED_B,0101c200
190722082321,TAG_ARRIVED_B,0101c200
190722082322,SOLO_SUCCESS,0101c200
190722082323,TAG_DEPARTED_B,0101c200
190722082323,TAG_ARRIVED_B,0102ee00
190722082325,SOLO_SUCCESS,0102ee00
190722082328,TAG_DEPARTED_B,0102ee00
190722082354,TAG_ARRIVED_B,0102ee00
190722082355,SOLO_SUCCESS,0102ee00
190722082418,TAG_DEPARTED_B,0102ee00
190722082459,TAG_ARRIVED_B,01043c00
190722082459,SOLO_SUCCESS,01043c00
190722082507,TAG_ARRIVED_B,0102ae00
190722082507,SOLO_SUCCESS,0102ae00
190722082509,TAG_DEPARTED_B,0102ae00
190722082510,TAG_ARRIVED_A,01050400
190722082510,SOLO_SUCCESS,01050400
190722082512,TAG_DEPARTED_A,01050400
190722082513,TAG_ARRIVED_A,0102ae00
190722082514,SOLO_SUCCESS,0102ae00
190722082514,TAG_ARRIVED_B,01043c00
190722082515,STARTCOOP_FAIL,0102ae00_01043c00
190722082516,ENDCOOP_FAIL,01043c00_0102ae00
190722082516,TAG_DEPARTED_B,01043c00
190722082516,TAG_DEPARTED_A,0102ae00
190722082516,TAG_ARRIVED_B,01043c00
190722082517,SOLO_FAIL,01043c00
190722082520,ENDCOOP_FAIL,01043c00_
190722082520,TAG_DEPARTED_B,01043c00
190722082525,TAG_ARRIVED_A,0102ae00
190722082526,SOLO_FAIL,0102ae00
190722082527,TAG_ARRIVED_B,01043c00
190722082528,STARTCOOP_FAIL,0102ae00_01043c00
190722082529,ENDCOOP_FAIL,01043c00_0102ae00
190722082529,TAG_DEPARTED_B,01043c00
190722082529,TAG_DEPARTED_A,0102ae00
190722082533,TAG_ARRIVED_A,0102ae00
190722082533,SOLO_FAIL,0102ae00
190722082535,TAG_DEPARTED_A,0102ae00
190722082537,TAG_ARRIVED_A,0102ae00
190722082537,SOLO_FAIL,0102ae00
190722082539,TAG_ARRIVED_B,01043c00
190722082540,STARTCOOP_FAIL,0102ae00_01043c00
190722082545,TAG_DEPARTED_A,0102ae00
190722082547,ENDCOOP_FAIL,01043c00_
190722082547,TAG_DEPARTED_B,01043c00
190722082550,TAG_ARRIVED_A,0102ae00
190722082551,SOLO_FAIL,0102ae00
190722082552,TAG_ARRIVED_B,01043c00
190722082553,STARTCOOP_FAIL,0102ae00_01043c00
190722082555,TAG_DEPARTED_A,0102ae00
190722082558,ENDCOOP_FAIL,01043c00_
190722082559,TAG_DEPARTED_B,01043c00
190722082603,TAG_ARRIVED_B,01043c00
190722082604,SOLO_FAIL,01043c00
190722082605,ENDCOOP_FAIL,01043c00_
190722082605,TAG_DEPARTED_B,01043c00
190722082609,TAG_ARRIVED_B,01045400
190722082610,SOLO_FAIL,01045400
190722082612,ENDCOOP_FAIL,01045400_
190722082612,TAG_DEPARTED_B,01045400
190722082615,TAG_ARRIVED_A,0102ee00
190722082616,SOLO_FAIL,0102ee00
190722082627,TAG_DEPARTED_A,0102ee00
190722082629,TAG_ARRIVED_B,01043c00
190722082630,SOLO_FAIL,01043c00
190722082633,TAG_ARRIVED_B,0102ae00
190722082633,SOLO_FAIL,0102ae00
190722082704,ENDCOOP_FAIL,0102ae00_
190722082704,TAG_DEPARTED_B,0102ae00
190722082711,TAG_ARRIVED_A,07991800
190722082712,SOLO_FAIL,07991800
190722082713,TAG_DEPARTED_A,07991800
190722082719,TAG_ARRIVED_A,07991800
190722082720,SOLO_FAIL,07991800
190722082722,TAG_DEPARTED_A,07991800
190722082753,LOCKOUT_ENDED,
190722082757,TAG_ARRIVED_A,07991800
190722082758,SOLO_SUCCESS,07991800
190722082801,TAG_DEPARTED_A,07991800
190722082807,TAG_ARRIVED_A,07991800
190722082807,SOLO_SUCCESS,07991800
190722082811,TAG_DEPARTED_A,07991800
190722082823,TAG_ARRIVED_A,07991800
190722082824,SOLO_SUCCESS,07991800
190722082825,TAG_DEPARTED_A,07991800
190722082836,TAG_ARRIVED_A,07991800
190722082837,SOLO_SUCCESS,07991800
190722082840,TAG_DEPARTED_A,07991800
190722082842,TAG_ARRIVED_A,07991800
190722082843,SOLO_SUCCESS,07991800
190722082854,TAG_DEPARTED_A,07991800
190722082901,TAG_ARRIVED_A,07991800
190722082901,SOLO_SUCCESS,07991800
190722082908,TAG_DEPARTED_A,07991800
190722082910,TAG_ARRIVED_A,07991800
190722082910,SOLO_SUCCESS,07991800
190722082914,TAG_DEPARTED_A,07991800
190722082923,TAG_ARRIVED_A,07991800
190722082923,SOLO_SUCCESS,07991800
190722082929,TAG_DEPARTED_A,07991800
190722082939,TAG_ARRIVED_A,07991800
190722082940,SOLO_SUCCESS,07991800
190722082942,TAG_DEPARTED_A,07991800
190722082944,TAG_ARRIVED_A,07991800
190722082944,SOLO_SUCCESS,07991800
190722082946,TAG_DEPARTED_A,07991800
190722082948,TAG_ARRIVED_A,07991800
190722082948,SOLO_SUCCESS,07991800
190722082950,TAG_DEPARTED_A,07991800
190722082951,TAG_ARRIVED_A,07991800
190722082951,SOLO_SUCCESS,07991800
190722083006,TAG_DEPARTED_A,07991800
190722083007,TAG_ARRIVED_A,07991800
190722083007,SOLO_SUCCESS,07991800
190722083009,TAG_DEPARTED_A,07991800
190722083028,TAG_ARRIVED_A,07991800
190722083029,SOLO_SUCCESS,07991800
190722083039,TAG_DEPARTED_A,07991800
190722083051,TAG_ARRIVED_A,07991800
190722083052,SOLO_SUCCESS,07991800
190722083057,TAG_DEPARTED_A,07991800
190722083116,TAG_ARRIVED_A,07991800
190722083116,SOLO_SUCCESS,07991800
190722083120,TAG_DEPARTED_A,07991800
190722083136,TAG_ARRIVED_A,07991800
190722083137,SOLO_SUCCESS,07991800
190722083150,TAG_DEPARTED_A,07991800
190722083213,TAG_ARRIVED_A,07991800
190722083213,SOLO_SUCCESS,07991800
190722083224,TAG_DEPARTED_A,07991800
190722083245,TAG_ARRIVED_A,07991800
190722083246,SOLO_SUCCESS,07991800
190722083248,TAG_ARRIVED_B,01e14200
190722083249,STARTCOOP_SUCCESS,07991800_01e14200
190722083250,TAG_ARRIVED_B,07991800
190722083250,SOLO_SUCCESS,07991800
190722083250,TAG_DEPARTED_A,07991800
190722083251,TAG_ARRIVED_A,01050400
190722083251,STARTCOOP_SUCCESS,07991800_01050400
190722083252,ENDCOOP_SUCCESS,07991800_01050400
190722083252,TAG_DEPARTED_B,07991800
190722083253,TAG_ARRIVED_A,01bb2200
190722083254,SOLO_SUCCESS,01bb2200
190722083255,TAG_DEPARTED_A,01bb2200
190722083258,TAG_ARRIVED_A,01bb2200
190722083259,SOLO_SUCCESS,01bb2200
190722083300,TAG_DEPARTED_A,01bb2200
190722083302,TAG_ARRIVED_A,01bb2200
190722083303,SOLO_SUCCESS,01bb2200
190722083304,TAG_DEPARTED_A,01bb2200
190722083337,TAG_ARRIVED_A,01bb2200
190722083338,SOLO_SUCCESS,01bb2200
190722083352,TAG_DEPARTED_A,01bb2200
190722083353,TAG_ARRIVED_A,01bb2200
190722083354,SOLO_SUCCESS,01bb2200
190722083435,TAG_DEPARTED_A,01bb2200
190722083437,TAG_ARRIVED_B,01bb2200
190722083438,SOLO_SUCCESS,01bb2200
190722083440,TAG_ARRIVED_A,07991800
190722083440,STARTCOOP_FAIL,01bb2200_07991800
190722083443,ENDCOOP_FAIL,01bb2200_07991800
190722083443,TAG_DEPARTED_B,01bb2200
190722083444,TAG_ARRIVED_B,01bb2200
190722083445,STARTCOOP_FAIL,07991800_01bb2200
190722083451,TAG_DEPARTED_A,07991800
190722083508,TAG_ARRIVED_A,07991800
190722083508,STARTCOOP_FAIL,01bb2200_07991800
190722083512,TAG_DEPARTED_A,07991800
190722083524,ENDCOOP_FAIL,01bb2200_
190722083524,TAG_DEPARTED_B,01bb2200
190722083525,TAG_ARRIVED_B,01bb2200
190722083526,SOLO_FAIL,01bb2200
190722083531,ENDCOOP_FAIL,01bb2200_
190722083532,TAG_DEPARTED_B,01bb2200
190722083538,TAG_ARRIVED_B,01bb2200
190722083539,SOLO_FAIL,01bb2200
190722083559,ENDCOOP_FAIL,01bb2200_
190722083559,TAG_DEPARTED_B,01bb2200
190722083609,TAG_ARRIVED_B,01bb2200
190722083610,SOLO_FAIL,01bb2200
190722083709,LOCKOUT_ENDED,
190722083711,TAG_ARRIVED_A,07991800
190722083711,STARTCOOP_FAIL,01bb2200_07991800
190722083713,TAG_DEPARTED_A,07991800
190722083717,TAG_ARRIVED_A,07991800
190722083717,STARTCOOP_FAIL,01bb2200_07991800
190722083740,TAG_DEPARTED_A,07991800
190722083914,ENDCOOP_FAIL,01bb2200_
190722083914,TAG_DEPARTED_B,01bb2200
190722083917,LOCKOUT_ENDED,
190722083936,TAG_ARRIVED_B,01bb2200
190722083937,SOLO_SUCCESS,01bb2200
190722084039,TAG_DEPARTED_B,01bb2200
190722084454,TAG_ARRIVED_A,0102ee00
190722084455,SOLO_SUCCESS,0102ee00
190722084459,TAG_DEPARTED_A,0102ee00
190722084523,TAG_ARRIVED_A,0102ee00
190722084523,SOLO_SUCCESS,0102ee00
190722084525,TAG_DEPARTED_A,0102ee00
190722084541,TAG_ARRIVED_B,01653700
190722084542,SOLO_SUCCESS,01653700
190722084543,TAG_DEPARTED_B,01653700
190722084606,TAG_ARRIVED_A,01021800
190722084607,SOLO_SUCCESS,01021800
190722084607,TAG_ARRIVED_A,07991800
190722084607,SOLO_SUCCESS,07991800
190722084738,TAG_DEPARTED_A,07991800
190722084743,TAG_ARRIVED_A,07991800
190722084743,SOLO_SUCCESS,07991800
190722084803,TAG_DEPARTED_A,07991800
190722084814,TAG_ARRIVED_A,07991800
190722084815,SOLO_SUCCESS,07991800
190722084822,TAG_DEPARTED_A,07991800
190722084822,TAG_ARRIVED_A,0102ee00
190722084823,SOLO_SUCCESS,0102ee00
190722084827,TAG_DEPARTED_A,0102ee00
190722084907,TAG_ARRIVED_A,0102ee00
190722084908,SOLO_SUCCESS,0102ee00
190722084919,TAG_DEPARTED_A,0102ee00
190722085132,TAG_ARRIVED_A,0102ee00
190722085133,SOLO_SUCCESS,0102ee00
190722085210,TAG_DEPARTED_A,0102ee00
190722085226,TAG_ARRIVED_A,0102ee00
190722085227,SOLO_SUCCESS,0102ee00
190722085308,TAG_DEPARTED_A,0102ee00
190722085415,TAG_ARRIVED_A,0102ee00
190722085415,SOLO_SUCCESS,0102ee00
190722085417,TAG_DEPARTED_A,0102ee00
190722085536,TAG_ARRIVED_A,01050400
190722085536,SOLO_SUCCESS,01050400
190722085538,TAG_ARRIVED_A,0102ae00
190722085538,SOLO_SUCCESS,0102ae00
190722085540,TAG_DEPARTED_A,0102ae00
190722085541,TAG_ARRIVED_A,0102ae00
190722085541,SOLO_SUCCESS,0102ae00
190722085549,TAG_DEPARTED_A,0102ae00
190722085551,TAG_ARRIVED_A,0102ae00
190722085552,SOLO_SUCCESS,0102ae00
190722085555,TAG_DEPARTED_A,0102ae00
190722085556,TAG_ARRIVED_A,0102ae00
190722085556,SOLO_SUCCESS,0102ae00
190722085558,TAG_DEPARTED_A,0102ae00
190722085559,TAG_ARRIVED_A,0102ae00
190722085600,SOLO_SUCCESS,0102ae00
190722085605,TAG_DEPARTED_A,0102ae00
190722090210,TAG_ARRIVED_A,0102ae00
190722090211,SOLO_SUCCESS,0102ae00
190722090214,TAG_DEPARTED_A,0102ae00
190722090215,TAG_ARRIVED_A,0102ae00
190722090216,SOLO_SUCCESS,0102ae00
190722090219,TAG_ARRIVED_A,0102ee00
190722090220,SOLO_SUCCESS,0102ee00
190722090356,TAG_ARRIVED_B,01043c00
190722090357,STARTCOOP_SUCCESS,0102ee00_01043c00
190722090357,TAG_DEPARTED_A,0102ee00
190722090400,ENDCOOP_SUCCESS,01043c00_
190722090400,TAG_DEPARTED_B,01043c00
190722091005,TAG_ARRIVED_B,0102ee00
190722091006,SOLO_SUCCESS,0102ee00
190722091010,TAG_DEPARTED_B,0102ee00
190722091131,TAG_ARRIVED_B,0102ee00
190722091132,SOLO_SUCCESS,0102ee00
190722091200,TAG_DEPARTED_B,0102ee00
190722091450,TAG_ARRIVED_B,0102ee00
190722091451,SOLO_SUCCESS,0102ee00
190722091536,TAG_DEPARTED_B,0102ee00
190722091600,TAG_ARRIVED_B,01043c00
190722091601,SOLO_SUCCESS,01043c00
190722091602,TAG_DEPARTED_B,01043c00
190722091607,TAG_ARRIVED_B,01021800
190722091608,SOLO_SUCCESS,01021800
190722091738,TAG_ARRIVED_B,01044c00
190722091739,SOLO_SUCCESS,01044c00
190722091741,TAG_DEPARTED_B,01044c00
190722091743,TAG_ARRIVED_B,0102ee00
190722091744,SOLO_SUCCESS,0102ee00
190722091808,TAG_DEPARTED_B,0102ee00
190722091825,TAG_ARRIVED_B,0102ee00
190722091826,SOLO_SUCCESS,0102ee00
190722091827,TAG_DEPARTED_B,0102ee00
190722091842,TAG_ARRIVED_B,0102ee00
190722091843,SOLO_SUCCESS,0102ee00
190722091847,TAG_DEPARTED_B,0102ee00
190722091936,TAG_ARRIVED_B,0102ee00
190722091937,SOLO_SUCCESS,0102ee00
190722092019,TAG_DEPARTED_B,0102ee00
190722092020,TAG_ARRIVED_B,01044c00
190722092021,SOLO_SUCCESS,01044c00
190722092022,TAG_ARRIVED_B,01021800
190722092022,SOLO_SUCCESS,01021800
190722092052,TAG_DEPARTED_B,01021800
190722092055,TAG_ARRIVED_B,01021800
190722092056,SOLO_SUCCESS,01021800
190722092236,TAG_DEPARTED_B,01021800
190722092237,TAG_ARRIVED_B,0102ee00
190722092238,SOLO_SUCCESS,0102ee00
190722092333,TAG_DEPARTED_B,0102ee00
190722092334,TAG_ARRIVED_B,0102ee00
190722092335,SOLO_SUCCESS,0102ee00
190722092336,TAG_DEPARTED_B,0102ee00
190722092343,TAG_ARRIVED_B,0102ee00
190722092344,SOLO_SUCCESS,0102ee00
190722092359,TAG_DEPARTED_B,0102ee00
190722092504,TAG_ARRIVED_B,0102ee00
190722092505,SOLO_SUCCESS,0102ee00
190722092522,TAG_DEPARTED_B,0102ee00
190722092522,TAG_ARRIVED_B,01043c00
190722092523,SOLO_SUCCESS,01043c00
190722092525,TAG_DEPARTED_B,01043c00
190722092527,TAG_ARRIVED_B,01043c00
190722092528,SOLO_SUCCESS,01043c00
190722092529,TAG_DEPARTED_B,01043c00
190722092531,TAG_ARRIVED_B,0102ae00
190722092532,SOLO_SUCCESS,0102ae00
190722092533,TAG_DEPARTED_B,0102ae00
190722092534,TAG_ARRIVED_B,0102ae00
190722092534,SOLO_SUCCESS,0102ae00
190722092536,TAG_DEPARTED_B,0102ae00
190722092536,TAG_ARRIVED_B,0102ae00
190722092537,SOLO_SUCCESS,0102ae00
190722092547,TAG_DEPARTED_B,0102ae00
190722092552,TAG_ARRIVED_B,0102ae00
190722092552,SOLO_SUCCESS,0102ae00
190722092558,TAG_DEPARTED_B,0102ae00
190722092601,TAG_ARRIVED_B,0102ae00
190722092601,SOLO_SUCCESS,0102ae00
190722092605,TAG_DEPARTED_B,0102ae00
190722092607,TAG_ARRIVED_B,0102ae00
190722092607,SOLO_SUCCESS,0102ae00
190722092613,TAG_DEPARTED_B,0102ae00
190722092617,TAG_ARRIVED_B,0102ae00
190722092617,SOLO_SUCCESS,0102ae00
190722092619,TAG_DEPARTED_B,0102ae00
190722092624,TAG_ARRIVED_B,0102ae00
190722092624,SOLO_SUCCESS,0102ae00
190722092638,TAG_DEPARTED_B,0102ae00
190722092640,TAG_ARRIVED_B,0102ae00
190722092641,SOLO_SUCCESS,0102ae00
190722092653,TAG_DEPARTED_B,0102ae00
190722092653,TAG_ARRIVED_B,0102ae00
190722092654,SOLO_SUCCESS,0102ae00
190722092655,TAG_DEPARTED_B,0102ae00
190722092656,TAG_ARRIVED_B,0102ae00
190722092657,SOLO_SUCCESS,0102ae00
190722092716,TAG_DEPARTED_B,0102ae00
190722092718,TAG_ARRIVED_B,0102ae00
190722092718,SOLO_SUCCESS,0102ae00
190722092722,TAG_DEPARTED_B,0102ae00
190722092732,TAG_ARRIVED_B,0102ae00
190722092733,SOLO_SUCCESS,0102ae00
190722092738,TAG_DEPARTED_B,0102ae00
190722092753,TAG_ARRIVED_B,0102ae00
190722092753,SOLO_SUCCESS,0102ae00
190722092808,TAG_DEPARTED_B,0102ae00
190722092813,TAG_ARRIVED_B,0102ae00
190722092814,SOLO_SUCCESS,0102ae00
190722092818,TAG_DEPARTED_B,0102ae00
190722092839,TAG_ARRIVED_B,0102ae00
190722092839,SOLO_SUCCESS,0102ae00
190722092850,TAG_DEPARTED_B,0102ae00
190722092854,TAG_ARRIVED_B,01043c00
190722092855,SOLO_SUCCESS,01043c00
190722092900,TAG_DEPARTED_B,01043c00
190722092917,TAG_ARRIVED_B,01043c00
190722092918,SOLO_SUCCESS,01043c00
190722092934,TAG_DEPARTED_B,01043c00
190722092940,TAG_ARRIVED_B,01043c00
190722092941,SOLO_SUCCESS,01043c00
190722092945,TAG_DEPARTED_B,01043c00
190722092950,TAG_ARRIVED_B,01043c00
190722092950,SOLO_SUCCESS,01043c00
190722092952,TAG_DEPARTED_B,01043c00
190722092954,TAG_ARRIVED_B,01043c00
190722092955,SOLO_SUCCESS,01043c00
190722092956,TAG_DEPARTED_B,01043c00
190722093014,TAG_ARRIVED_B,01043c00
190722093015,SOLO_SUCCESS,01043c00
190722093021,TAG_DEPARTED_B,01043c00
190722093022,TAG_ARRIVED_B,01043c00
190722093023,SOLO_SUCCESS,01043c00
190722093029,TAG_DEPARTED_B,01043c00
190722093041,TAG_ARRIVED_B,01043c00
190722093042,SOLO_SUCCESS,01043c00
190722093056,TAG_DEPARTED_B,01043c00
190722093111,TAG_ARRIVED_B,01bb2200
190722093112,SOLO_SUCCESS,01bb2200
190722093124,TAG_DEPARTED_B,01bb2200
190722093127,TAG_ARRIVED_B,01bb2200
190722093128,SOLO_SUCCESS,01bb2200
190722093223,TAG_DEPARTED_B,01bb2200
190722093314,TAG_ARRIVED_A,01bb2200
190722093315,SOLO_SUCCESS,01bb2200
190722093317,TAG_DEPARTED_A,01bb2200
190722093331,TAG_ARRIVED_A,01bb2200
190722093332,SOLO_SUCCESS,01bb2200
190722093337,TAG_DEPARTED_A,01bb2200
190722093339,TAG_ARRIVED_A,01bb2200
190722093340,SOLO_SUCCESS,01bb2200
190722093342,TAG_DEPARTED_A,01bb2200
190722093347,TAG_ARRIVED_A,01bb2200
190722093348,SOLO_SUCCESS,01bb2200
190722093423,TAG_DEPARTED_A,01bb2200
190722093434,TAG_ARRIVED_A,01bb2200
190722093435,SOLO_SUCCESS,01bb2200
190722093444,TAG_DEPARTED_A,01bb2200
190722093456,TAG_ARRIVED_A,01bb2200
190722093457,SOLO_SUCCESS,01bb2200
190722093459,TAG_DEPARTED_A,01bb2200
190722093503,TAG_ARRIVED_A,01bb2200
190722093504,SOLO_SUCCESS,01bb2200
190722093506,TAG_DEPARTED_A,01bb2200
190722093506,TAG_ARRIVED_A,0104a600
190722093507,SOLO_SUCCESS,0104a600
190722093509,TAG_DEPARTED_A,0104a600
190722093527,TAG_ARRIVED_B,01bb2200
190722093528,SOLO_SUCCESS,01bb2200
190722093530,TAG_DEPARTED_B,01bb2200
190722093531,TAG_ARRIVED_A,01bb2200
190722093532,SOLO_SUCCESS,01bb2200
190722093533,TAG_ARRIVED_B,01044c00
190722093534,STARTCOOP_SUCCESS,01bb2200_01044c00
190722093534,ENDCOOP_SUCCESS,01044c00_01bb2200
190722093534,TAG_DEPARTED_B,01044c00
190722093535,TAG_ARRIVED_B,0104a600
190722093536,STARTCOOP_SUCCESS,01bb2200_0104a600
190722093537,TAG_DEPARTED_A,01bb2200
190722093538,ENDCOOP_SUCCESS,0104a600_
190722093538,TAG_DEPARTED_B,0104a600
190722093541,TAG_ARRIVED_A,01bb2200
190722093542,SOLO_SUCCESS,01bb2200
190722093543,TAG_DEPARTED_A,01bb2200
190722093544,TAG_ARRIVED_B,0104a600
190722093545,SOLO_SUCCESS,0104a600
190722093552,TAG_ARRIVED_A,01bb2200
190722093553,STARTCOOP_SUCCESS,0104a600_01bb2200
190722093553,ENDCOOP_SUCCESS,0104a600_01bb2200
190722093553,TAG_DEPARTED_B,0104a600
190722093554,TAG_ARRIVED_B,0104a600
190722093555,STARTCOOP_SUCCESS,01bb2200_0104a600
190722093556,ENDCOOP_SUCCESS,0104a600_01bb2200
190722093556,TAG_DEPARTED_B,0104a600
190722093601,TAG_ARRIVED_B,07991800
190722093601,STARTCOOP_FAIL,01bb2200_07991800
190722093603,ENDCOOP_FAIL,07991800_01bb2200
190722093603,TAG_DEPARTED_B,07991800
190722093603,TAG_DEPARTED_A,01bb2200
190722093603,TAG_ARRIVED_B,01043c00
190722093604,SOLO_FAIL,01043c00
190722093604,TAG_ARRIVED_B,0102ae00
190722093605,SOLO_FAIL,0102ae00
190722093608,TAG_ARRIVED_A,0102ae00
190722093609,SOLO_FAIL,0102ae00
190722093609,ENDCOOP_FAIL,0102ae00_0102ae00
190722093609,TAG_DEPARTED_B,0102ae00
190722093610,TAG_ARRIVED_B,0104a600
190722093611,STARTCOOP_FAIL,0102ae00_0104a600
190722093611,TAG_DEPARTED_A,0102ae00
190722093616,TAG_ARRIVED_A,0102ae00
190722093617,STARTCOOP_FAIL,0104a600_0102ae00
190722093620,TAG_DEPARTED_A,0102ae00
190722093623,ENDCOOP_FAIL,0104a600_
190722093623,TAG_DEPARTED_B,0104a600
190722093624,TAG_ARRIVED_A,0102ae00
190722093625,SOLO_FAIL,0102ae00
190722093626,TAG_DEPARTED_A,0102ae00
190722093633,TAG_ARRIVED_B,01043c00
190722093634,SOLO_FAIL,01043c00
190722093635,ENDCOOP_FAIL,01043c00_
190722093635,TAG_DEPARTED_B,01043c00
190722093636,TAG_ARRIVED_B,01043c00
190722093637,SOLO_FAIL,01043c00
190722093639,TAG_ARRIVED_A,0102ae00
190722093639,STARTCOOP_FAIL,01043c00_0102ae00
190722093641,ENDCOOP_FAIL,01043c00_0102ae00
190722093641,TAG_DEPARTED_B,01043c00
190722093643,TAG_DEPARTED_A,0102ae00
190722093645,TAG_ARRIVED_A,0102ae00
190722093645,SOLO_FAIL,0102ae00
190722093647,TAG_DEPARTED_A,0102ae00
190722093650,TAG_ARRIVED_A,0102ae00
190722093650,SOLO_FAIL,0102ae00
190722093651,TAG_ARRIVED_B,0101c200
190722093652,STARTCOOP_FAIL,0102ae00_0101c200
190722093653,ENDCOOP_FAIL,0101c200_0102ae00
190722093653,TAG_DEPARTED_B,0101c200
190722093700,TAG_ARRIVED_B,0101c200
190722093701,STARTCOOP_FAIL,0102ae00_0101c200
190722093702,ENDCOOP_FAIL,0101c200_0102ae00
190722093702,TAG_DEPARTED_B,0101c200
190722093704,TAG_ARRIVED_B,01050400
190722093704,STARTCOOP_SUCCESS,0102ae00_01050400
190722093706,ENDCOOP_SUCCESS,01050400_0102ae00
190722093706,TAG_DEPARTED_B,01050400
190722093708,TAG_DEPARTED_A,0102ae00
190722093709,TAG_ARRIVED_B,07991800
190722093709,SOLO_FAIL,07991800
190722093712,TAG_ARRIVED_A,0102ae00
190722093712,STARTCOOP_SUCCESS,07991800_0102ae00
190722093721,ENDCOOP_SUCCESS,07991800_0102ae00
190722093721,TAG_DEPARTED_B,07991800
190722093721,TAG_ARRIVED_B,07991800
190722093722,STARTCOOP_SUCCESS,0102ae00_07991800
190722093722,TAG_DEPARTED_A,0102ae00
190722093723,TAG_ARRIVED_A,0102ae00
190722093723,STARTCOOP_SUCCESS,07991800_0102ae00
190722093732,TAG_DEPARTED_A,0102ae00
190722093733,TAG_ARRIVED_A,0102ae00
190722093733,STARTCOOP_SUCCESS,07991800_0102ae00
190722093737,ENDCOOP_SUCCESS,07991800_0102ae00
190722093737,TAG_DEPARTED_B,07991800
190722093741,TAG_ARRIVED_B,07991800
190722093742,STARTCOOP_SUCCESS,0102ae00_07991800
190722093745,TAG_DEPARTED_A,0102ae00
190722093746,ENDCOOP_SUCCESS,07991800_
190722093746,TAG_DEPARTED_B,07991800
190722093746,TAG_ARRIVED_B,07991800
190722093747,SOLO_FAIL,07991800
190722093748,TAG_ARRIVED_A,0102ae00
190722093748,STARTCOOP_SUCCESS,07991800_0102ae00
190722093751,ENDCOOP_SUCCESS,07991800_0102ae00
190722093751,TAG_DEPARTED_B,07991800
190722093801,TAG_DEPARTED_A,0102ae00
190722093807,TAG_ARRIVED_A,0101c200
190722093808,SOLO_FAIL,0101c200
190722093809,TAG_DEPARTED_A,0101c200
190722093810,TAG_ARRIVED_A,0101c200
190722093811,SOLO_FAIL,0101c200
190722093812,TAG_ARRIVED_A,0102ae00
190722093813,SOLO_FAIL,0102ae00
190722093816,TAG_ARRIVED_B,0101c200
190722093817,STARTCOOP_FAIL,0102ae00_0101c200
190722093820,ENDCOOP_FAIL,0101c200_0102ae00
190722093820,TAG_DEPARTED_B,0101c200
190722093822,TAG_DEPARTED_A,0102ae00
190722093823,TAG_ARRIVED_A,0102ae00
190722093824,SOLO_FAIL,0102ae00
190722093826,TAG_DEPARTED_A,0102ae00
190722093828,TAG_ARRIVED_A,0102ae00
190722093829,SOLO_FAIL,0102ae00
190722093830,TAG_DEPARTED_A,0102ae00
190722093839,TAG_ARRIVED_A,0102ae00
190722093840,SOLO_FAIL,0102ae00
190722093841,TAG_DEPARTED_A,0102ae00
190722093850,TAG_ARRIVED_B,0102ee00
190722093851,SOLO_FAIL,0102ee00
190722093852,ENDCOOP_FAIL,0102ee00_
190722093853,TAG_DEPARTED_B,0102ee00
190722093855,TAG_ARRIVED_B,0104a600
190722093856,SOLO_FAIL,0104a600
190722093856,TAG_ARRIVED_A,0102ae00
190722093857,STARTCOOP_FAIL,0104a600_0102ae00
190722093857,ENDCOOP_FAIL,0104a600_0102ae00
190722093857,TAG_DEPARTED_B,0104a600
190722093859,TAG_ARRIVED_B,0102ee00
190722093900,STARTCOOP_FAIL,0102ae00_0102ee00
190722093901,ENDCOOP_FAIL,0102ee00_0102ae00
190722093901,TAG_DEPARTED_B,0102ee00
190722093901,TAG_ARRIVED_B,0102ee00
190722093902,STARTCOOP_FAIL,0102ae00_0102ee00
190722093903,ENDCOOP_FAIL,0102ee00_0102ae00
190722093903,TAG_DEPARTED_B,0102ee00
190722093904,TAG_ARRIVED_B,0102ee00
190722093905,STARTCOOP_FAIL,0102ae00_0102ee00
190722093920,ENDCOOP_FAIL,0102ee00_0102ae00
190722093921,TAG_DEPARTED_B,0102ee00
190722093926,TAG_DEPARTED_A,0102ae00
190722094105,LOCKOUT_ENDED,
190722094346,TAG_ARRIVED_A,01a94200
190722094347,SOLO_SUCCESS,01a94200
190722094539,TAG_DEPARTED_A,01a94200
190722094546,TAG_ARRIVED_B,01cf0600
190722094547,SOLO_SUCCESS,01cf0600
190722094552,TAG_DEPARTED_B,01cf0600
190722094552,TAG_ARRIVED_A,01cf0600
190722094553,SOLO_SUCCESS,01cf0600
190722094556,TAG_DEPARTED_A,01cf0600
190722094640,TAG_ARRIVED_B,01a94200
190722094641,SOLO_SUCCESS,01a94200
190722094700,TAG_ARRIVED_A,01cf0600
190722094701,STARTCOOP_SUCCESS,01a94200_01cf0600
190722094859,TAG_DEPARTED_A,01cf0600
190722094900,TAG_ARRIVED_A,01cf0600
190722094901,STARTCOOP_SUCCESS,01a94200_01cf0600
190722094905,TAG_DEPARTED_A,01cf0600
190722094907,TAG_ARRIVED_A,01cf0600
190722094908,STARTCOOP_SUCCESS,01a94200_01cf0600
190722094909,TAG_DEPARTED_A,01cf0600
190722094910,TAG_ARRIVED_A,01cf0600
190722094911,STARTCOOP_SUCCESS,01a94200_01cf0600
190722094912,TAG_DEPARTED_A,01cf0600
190722094912,TAG_ARRIVED_A,01cf0600
190722094913,STARTCOOP_SUCCESS,01a94200_01cf0600
190722094913,ENDCOOP_SUCCESS,01a94200_01cf0600
190722094914,TAG_DEPARTED_B,01a94200
190722094920,TAG_DEPARTED_A,01cf0600
190722094921,TAG_ARRIVED_A,01cf0600
190722094922,SOLO_SUCCESS,01cf0600
190722094923,TAG_DEPARTED_A,01cf0600
190722094926,TAG_ARRIVED_A,01cf0600
190722094927,SOLO_SUCCESS,01cf0600
190722094930,TAG_DEPARTED_A,01cf0600
190722094943,TAG_ARRIVED_A,01cf0600
190722094944,SOLO_SUCCESS,01cf0600
190722094948,TAG_DEPARTED_A,01cf0600
190722095001,TAG_ARRIVED_A,01cf0600
190722095002,SOLO_SUCCESS,01cf0600
190722095003,TAG_DEPARTED_A,01cf0600
190722095009,TAG_ARRIVED_A,01cf0600
190722095010,SOLO_SUCCESS,01cf0600
190722095012,TAG_DEPARTED_A,01cf0600
190722095015,TAG_ARRIVED_A,01cf0600
190722095016,SOLO_SUCCESS,01cf0600
190722095053,TAG_DEPARTED_A,01cf0600
190722095104,TAG_ARRIVED_A,01cf0600
190722095105,SOLO_SUCCESS,01cf0600
190722095111,TAG_DEPARTED_A,01cf0600
190722095114,TAG_ARRIVED_A,01cf0600
190722095114,SOLO_SUCCESS,01cf0600
190722095119,TAG_ARRIVED_B,01177c00
190722095120,TAG_MISSING_B,01177c00
190722095120,SOLO_SUCCESS,01177c00
190722095121,TAG_DEPARTED_A,01cf0600
190722095122,TAG_ARRIVED_B,01cf0600
190722095123,SOLO_SUCCESS,01cf0600
190722095133,TAG_ARRIVED_A,01043c00
190722095134,STARTCOOP_SUCCESS,01cf0600_01043c00
190722095139,ENDCOOP_SUCCESS,01cf0600_01043c00
190722095139,TAG_DEPARTED_B,01cf0600
190722095143,TAG_DEPARTED_A,01043c00
190722095150,TAG_ARRIVED_A,01043c00
190722095151,SOLO_SUCCESS,01043c00
190722095156,TAG_DEPARTED_A,01043c00
190722095156,TAG_ARRIVED_A,01043c00
190722095157,SOLO_SUCCESS,01043c00
190722095205,TAG_DEPARTED_A,01043c00
190722095206,TAG_ARRIVED_A,0102ae00
190722095206,SOLO_SUCCESS,0102ae00
190722095237,TAG_DEPARTED_A,0102ae00
190722095240,TAG_ARRIVED_B,07991800
190722095240,SOLO_SUCCESS,07991800
190722095242,TAG_DEPARTED_B,07991800
190722095243,TAG_ARRIVED_A,0102ee00
190722095244,SOLO_SUCCESS,0102ee00
190722095247,TAG_DEPARTED_A,0102ee00
190722095312,TAG_ARRIVED_A,0102ee00
190722095313,SOLO_SUCCESS,0102ee00
190722095314,TAG_DEPARTED_A,0102ee00
190722095319,TAG_ARRIVED_A,0101c200
190722095320,SOLO_SUCCESS,0101c200
190722095321,TAG_DEPARTED_A,0101c200
190722095323,TAG_ARRIVED_B,0101c200
190722095324,SOLO_SUCCESS,0101c200
190722095325,TAG_DEPARTED_B,0101c200
190722095326,TAG_ARRIVED_B,0101c200
190722095327,SOLO_SUCCESS,0101c200
190722095330,TAG_DEPARTED_B,0101c200
190722095344,TAG_ARRIVED_B,0101c200
190722095345,SOLO_SUCCESS,0101c200
190722095346,TAG_DEPARTED_B,0101c200
190722095349,TAG_ARRIVED_A,0101c200
190722095350,SOLO_SUCCESS,0101c200
190722095352,TAG_DEPARTED_A,0101c200
190722095355,TAG_ARRIVED_A,0101c200
190722095356,SOLO_SUCCESS,0101c200
190722095404,TAG_ARRIVED_B,01045700
190722095405,STARTCOOP_SUCCESS,0101c200_01045700
190722095406,ENDCOOP_SUCCESS,01045700_0101c200
190722095406,TAG_DEPARTED_B,01045700
190722095407,TAG_DEPARTED_A,0101c200
190722095412,TAG_ARRIVED_B,0101c200
190722095413,SOLO_SUCCESS,0101c200
190722095414,TAG_DEPARTED_B,0101c200
190722095415,TAG_ARRIVED_A,0101c200
190722095416,SOLO_SUCCESS,0101c200
190722095419,TAG_DEPARTED_A,0101c200
190722095427,TAG_ARRIVED_A,0101c200
190722095428,SOLO_SUCCESS,0101c200
190722095430,TAG_ARRIVED_B,01026800
190722095430,STARTCOOP_FAIL,0101c200_01026800
190722095436,ENDCOOP_FAIL,01026800_0101c200
190722095436,TAG_DEPARTED_B,01026800
190722095437,TAG_DEPARTED_A,0101c200
190722095438,TAG_ARRIVED_A,0101c200
190722095439,SOLO_FAIL,0101c200
190722095446,TAG_ARRIVED_B,01026800
190722095446,STARTCOOP_FAIL,0101c200_01026800
190722095450,TAG_DEPARTED_A,0101c200
190722095454,TAG_ARRIVED_A,0101c200
190722095455,STARTCOOP_FAIL,01026800_0101c200
190722095501,TAG_DEPARTED_A,0101c200
190722095503,ENDCOOP_FAIL,01026800_
190722095503,TAG_DEPARTED_B,01026800
190722095504,TAG_ARRIVED_B,01026800
190722095504,SOLO_FAIL,01026800
190722095505,TAG_ARRIVED_A,0101c200
190722095506,STARTCOOP_FAIL,01026800_0101c200
190722095513,TAG_DEPARTED_A,0101c200
190722095515,TAG_ARRIVED_A,0101c200
190722095516,STARTCOOP_FAIL,01026800_0101c200
190722095517,TAG_DEPARTED_A,0101c200
190722095534,TAG_ARRIVED_B,0101c200
190722095535,SOLO_FAIL,0101c200
190722095538,ENDCOOP_FAIL,0101c200_
190722095539,TAG_DEPARTED_B,0101c200
190722095556,TAG_ARRIVED_B,0101c200
190722095557,SOLO_FAIL,0101c200
190722095559,ENDCOOP_FAIL,0101c200_
190722095559,TAG_DEPARTED_B,0101c200
190722095602,TAG_ARRIVED_A,0101c200
190722095603,SOLO_FAIL,0101c200
190722095603,TAG_ARRIVED_B,01044600
190722095605,TAG_MISSING_B,01044600
190722095605,SOLO_FAIL,01044600
190722095605,TAG_DEPARTED_A,0101c200
190722095606,TAG_ARRIVED_A,0101c200
190722095607,SOLO_FAIL,0101c200
190722095607,TAG_DEPARTED_B,01044600
190722095608,TAG_ARRIVED_B,01026800
190722095608,STARTCOOP_FAIL,0101c200_01026800
190722095608,TAG_DEPARTED_A,0101c200
190722095610,TAG_ARRIVED_A,0101c200
190722095611,STARTCOOP_FAIL,01026800_0101c200
190722095612,ENDCOOP_FAIL,01026800_0101c200
190722095612,TAG_DEPARTED_B,01026800
190722095612,TAG_DEPARTED_A,0101c200
190722095616,TAG_ARRIVED_A,0101c200
190722095617,SOLO_FAIL,0101c200
190722095618,TAG_DEPARTED_A,0101c200
190722095623,TAG_ARRIVED_B,01026800
190722095623,SOLO_FAIL,01026800
190722095624,TAG_ARRIVED_A,0101c200
190722095626,STARTCOOP_FAIL,01026800_0101c200
190722095626,ENDCOOP_FAIL,01026800_0101c200
190722095626,TAG_DEPARTED_B,01026800
190722095626,TAG_DEPARTED_A,0101c200
190722095630,TAG_ARRIVED_A,0101c200
190722095631,SOLO_FAIL,0101c200
190722095633,TAG_DEPARTED_A,0101c200
190722095637,TAG_ARRIVED_B,01026800
190722095638,SOLO_FAIL,01026800
190722095638,TAG_ARRIVED_A,0101c200
190722095640,STARTCOOP_FAIL,01026800_0101c200
190722095640,TAG_DEPARTED_A,0101c200
190722095642,TAG_ARRIVED_A,0101c200
190722095643,STARTCOOP_FAIL,01026800_0101c200
190722095644,TAG_DEPARTED_A,0101c200
190722095645,TAG_ARRIVED_A,0101c200
190722095646,STARTCOOP_FAIL,01026800_0101c200
190722095647,ENDCOOP_FAIL,01026800_0101c200
190722095648,TAG_DEPARTED_B,01026800
190722095653,TAG_DEPARTED_A,0101c200
190722095654,TAG_ARRIVED_A,0101c200
190722095656,SOLO_FAIL,0101c200
190722095659,TAG_DEPARTED_A,0101c200
190722095703,TAG_ARRIVED_A,0101c200
190722095704,SOLO_FAIL,0101c200
190722095705,TAG_DEPARTED_A,0101c200
190722095707,TAG_ARRIVED_B,01044600
190722095709,TAG_MISSING_B,01044600
190722095709,SOLO_FAIL,01044600
190722095709,ENDCOOP_FAIL,01044600_
190722095710,TAG_DEPARTED_B,01044600
190722095711,TAG_ARRIVED_B,01045700
190722095712,SOLO_FAIL,01045700
190722095713,ENDCOOP_FAIL,01045700_
190722095713,TAG_DEPARTED_B,01045700
190722095728,TAG_ARRIVED_A,0101c200
190722095729,SOLO_FAIL,0101c200
190722095731,TAG_DEPARTED_A,0101c200
190722095736,TAG_ARRIVED_A,0101c200
190722095737,SOLO_FAIL,0101c200
190722095746,TAG_DEPARTED_A,0101c200
190722095757,TAG_ARRIVED_A,0101c200
190722095758,SOLO_FAIL,0101c200
190722095801,TAG_DEPARTED_A,0101c200
190722095812,TAG_ARRIVED_A,0101c200
190722095813,SOLO_FAIL,0101c200
190722095814,TAG_ARRIVED_B,01047d00
190722095815,STARTCOOP_SUCCESS,0101c200_01047d00
190722095816,TAG_DEPARTED_A,0101c200
190722095817,TAG_ARRIVED_A,0101c200
190722095818,STARTCOOP_SUCCESS,01047d00_0101c200
190722095818,ENDCOOP_SUCCESS,01047d00_0101c200
190722095818,TAG_DEPARTED_B,01047d00
190722095822,TAG_DEPARTED_A,0101c200
190722095825,TAG_ARRIVED_A,0101c200
190722095826,SOLO_FAIL,0101c200
190722095828,TAG_DEPARTED_A,0101c200
190722095833,TAG_ARRIVED_A,0101c200
190722095834,SOLO_FAIL,0101c200
190722095839,TAG_DEPARTED_A,0101c200
190722095840,TAG_ARRIVED_B,01026800
190722095840,SOLO_FAIL,01026800
190722095846,LOCKOUT_ENDED,
190722095848,TAG_DEPARTED_B,01026800
190722095849,TAG_ARRIVED_A,0101c200
190722095850,SOLO_SUCCESS,0101c200
190722095923,TAG_DEPARTED_A,0101c200
190722095923,TAG_ARRIVED_A,0101c200
190722095924,SOLO_SUCCESS,0101c200
190722095927,TAG_DEPARTED_A,0101c200
190722095937,TAG_ARRIVED_A,0101c200
190722095938,SOLO_SUCCESS,0101c200
190722095951,TAG_DEPARTED_A,0101c200
190722095953,TAG_ARRIVED_A,01026800
190722095954,SOLO_SUCCESS,01026800
190722095956,TAG_DEPARTED_A,01026800
190722095959,TAG_ARRIVED_A,01026800
190722100000,SOLO_SUCCESS,01026800
190722100007,TAG_DEPARTED_A,01026800
190722100012,TAG_ARRIVED_A,01026800
190722100012,SOLO_SUCCESS,01026800
190722100019,TAG_ARRIVED_A,01bb2200
190722100020,SOLO_SUCCESS,01bb2200
190722100036,TAG_DEPARTED_A,01bb2200
190722100046,TAG_ARRIVED_B,01021800
190722100046,SOLO_SUCCESS,01021800
190722100048,TAG_ARRIVED_A,01bb2200
190722100049,STARTCOOP_FAIL,01021800_01bb2200
190722100104,TAG_DEPARTED_A,01bb2200
190722100104,TAG_ARRIVED_A,01bb2200
190722100105,STARTCOOP_FAIL,01021800_01bb2200
190722100106,TAG_DEPARTED_A,01bb2200
190722100106,TAG_ARRIVED_A,01bb2200
190722100107,STARTCOOP_FAIL,01021800_01bb2200
190722100108,TAG_DEPARTED_A,01bb2200
190722100109,TAG_ARRIVED_A,01bb2200
190722100110,STARTCOOP_FAIL,01021800_01bb2200
190722100129,ENDCOOP_FAIL,01021800_01bb2200
190722100129,TAG_DEPARTED_B,01021800
190722100217,TAG_DEPARTED_A,01bb2200
190722100257,TAG_ARRIVED_A,01045700
190722100258,SOLO_FAIL,01045700
190722100302,TAG_DEPARTED_A,01045700
190722100307,TAG_ARRIVED_A,01045700
190722100308,SOLO_FAIL,01045700
190722100310,LOCKOUT_ENDED,
190722100312,TAG_DEPARTED_A,01045700
190722100337,TAG_ARRIVED_A,01026800
190722100337,SOLO_SUCCESS,01026800
190722100348,TAG_DEPARTED_A,01026800
190722100349,TAG_ARRIVED_A,01026800
190722100349,SOLO_SUCCESS,01026800
190722100352,TAG_DEPARTED_A,01026800
190722100355,TAG_ARRIVED_A,01026800
190722100355,SOLO_SUCCESS,01026800
190722100402,TAG_DEPARTED_A,01026800
190722100410,TAG_ARRIVED_A,01026800
190722100410,SOLO_SUCCESS,01026800
190722100412,TAG_DEPARTED_A,01026800
190722100423,TAG_ARRIVED_A,01026800
190722100423,SOLO_SUCCESS,01026800
190722100428,TAG_DEPARTED_A,01026800
190722100432,TAG_ARRIVED_A,01026800
190722100432,SOLO_SUCCESS,01026800
190722100436,TAG_DEPARTED_A,01026800
190722100452,TAG_ARRIVED_A,01026800
190722100452,SOLO_SUCCESS,01026800
190722100454,TAG_DEPARTED_A,01026800
190722100504,TAG_ARRIVED_A,01026800
190722100504,SOLO_SUCCESS,01026800
190722100512,TAG_DEPARTED_A,01026800
190722100521,TAG_ARRIVED_A,01026800
190722100522,SOLO_SUCCESS,01026800
190722100523,TAG_DEPARTED_A,01026800
190722100528,TAG_ARRIVED_A,01026800
190722100529,SOLO_SUCCESS,01026800
190722100532,TAG_DEPARTED_A,01026800
190722100535,TAG_ARRIVED_A,01026800
190722100535,SOLO_SUCCESS,01026800
190722100539,TAG_DEPARTED_A,01026800
190722100629,TAG_ARRIVED_A,01026800
190722100629,SOLO_SUCCESS,01026800
190722100635,TAG_DEPARTED_A,01026800
190722100917,TAG_ARRIVED_A,01052600
190722100918,SOLO_SUCCESS,01052600
190722100944,TAG_DEPARTED_A,01052600
190722100945,TAG_ARRIVED_A,01052600
190722100946,SOLO_SUCCESS,01052600
190722100947,TAG_DEPARTED_A,01052600
190722100950,TAG_ARRIVED_A,01052600
190722100951,SOLO_SUCCESS,01052600
190722100952,TAG_DEPARTED_A,01052600
190722100952,TAG_ARRIVED_A,01052600
190722100953,SOLO_SUCCESS,01052600
190722100955,TAG_DEPARTED_A,01052600
190722101001,TAG_ARRIVED_A,01052600
190722101002,SOLO_SUCCESS,01052600
190722101003,TAG_DEPARTED_A,01052600
190722101004,TAG_ARRIVED_A,01052600
190722101005,SOLO_SUCCESS,01052600
190722101013,TAG_DEPARTED_A,01052600
190722101014,TAG_ARRIVED_A,01052600
190722101015,SOLO_SUCCESS,01052600
190722101018,TAG_DEPARTED_A,01052600
190722101019,TAG_ARRIVED_A,01052600
190722101020,SOLO_SUCCESS,01052600
190722101027,TAG_DEPARTED_A,01052600
190722101030,TAG_ARRIVED_A,01052600
190722101031,SOLO_SUCCESS,01052600
190722101034,TAG_DEPARTED_A,01052600
190722101034,TAG_ARRIVED_A,01052600
190722101035,SOLO_SUCCESS,01052600
190722101135,TAG_DEPARTED_A,01052600
190722101141,TAG_ARRIVED_A,01052600
190722101142,SOLO_SUCCESS,01052600
190722101209,TAG_DEPARTED_A,01052600
190722101211,TAG_ARRIVED_A,01052600
190722101212,SOLO_SUCCESS,01052600
190722101331,TAG_DEPARTED_A,01052600
190722101335,TAG_ARRIVED_B,01052600
190722101336,SOLO_SUCCESS,01052600
190722101413,TAG_DEPARTED_B,01052600
190722101434,TAG_ARRIVED_B,0104d700
190722101435,SOLO_SUCCESS,0104d700
190722101515,TAG_DEPARTED_B,0104d700
190722101519,TAG_ARRIVED_A,0104d700
190722101519,SOLO_SUCCESS,0104d700
190722101638,TAG_DEPARTED_A,0104d700
190722101641,TAG_ARRIVED_A,0104d700
190722101642,SOLO_SUCCESS,0104d700
190722101648,TAG_DEPARTED_A,0104d700
190722101651,TAG_ARRIVED_A,0104d700
190722101652,SOLO_SUCCESS,0104d700
190722101653,TAG_DEPARTED_A,0104d700
190722101706,TAG_ARRIVED_A,0104d700
190722101706,SOLO_SUCCESS,0104d700
190722101809,TAG_DEPARTED_A,0104d700
190722101819,TAG_ARRIVED_A,0104d700
190722101820,SOLO_SUCCESS,0104d700
190722101828,TAG_DEPARTED_A,0104d700
190722101828,TAG_ARRIVED_A,0104d700
190722101828,SOLO_SUCCESS,0104d700
190722101847,TAG_DEPARTED_A,0104d700
190722101849,TAG_ARRIVED_A,0104d700
190722101849,SOLO_SUCCESS,0104d700
190722101902,TAG_DEPARTED_A,0104d700
190722101910,TAG_ARRIVED_B,01052500
190722101911,SOLO_SUCCESS,01052500
190722101917,TAG_ARRIVED_A,01177c00
190722101918,TAG_MISSING_A,01177c00
190722101919,SOLO_SUCCESS,01177c00
190722101919,TAG_DEPARTED_A,01177c00
190722101919,TAG_DEPARTED_B,01052500
190722101920,TAG_ARRIVED_B,01052500
190722101920,SOLO_SUCCESS,01052500
190722101921,TAG_ARRIVED_A,01177c00
190722101922,TAG_MISSING_A,01177c00
190722101922,SOLO_SUCCESS,01177c00
190722101922,TAG_DEPARTED_B,01052500
190722101923,TAG_DEPARTED_A,01177c00
190722101924,TAG_ARRIVED_A,01177c00
190722101925,TAG_MISSING_A,01177c00
190722101926,SOLO_SUCCESS,01177c00
190722101928,TAG_ARRIVED_B,01b0a800
190722101930,TAG_MISSING_B,01b0a800
190722101930,SOLO_SUCCESS,01b0a800
190722101930,TAG_DEPARTED_B,01b0a800
190722101931,TAG_DEPARTED_A,01177c00
190722101943,TAG_ARRIVED_B,01b0a800
190722101944,TAG_MISSING_B,01b0a800
190722101944,SOLO_SUCCESS,01b0a800
190722101945,TAG_DEPARTED_B,01b0a800
190722101945,TAG_ARRIVED_B,01b0a800
190722101947,TAG_MISSING_B,01b0a800
190722101947,SOLO_SUCCESS,01b0a800
190722101948,TAG_DEPARTED_B,01b0a800
190722101948,TAG_ARRIVED_B,01021800
190722101949,SOLO_SUCCESS,01021800
190722101950,TAG_DEPARTED_B,01021800
190722101952,TAG_ARRIVED_B,01021800
190722101952,SOLO_SUCCESS,01021800
190722101957,TAG_ARRIVED_A,01021800
190722101958,SOLO_SUCCESS,01021800
190722101958,TAG_DEPARTED_B,01021800
190722101959,TAG_DEPARTED_A,01021800
190722102000,TAG_ARRIVED_A,01021800
190722102000,SOLO_SUCCESS,01021800
190722102017,TAG_ARRIVED_B,01177c00
190722102019,TAG_MISSING_B,01177c00
190722102019,SOLO_SUCCESS,01177c00
190722102019,TAG_DEPARTED_B,01177c00
190722102020,TAG_DEPARTED_A,01021800
190722102020,TAG_ARRIVED_B,01177c00
190722102022,TAG_MISSING_B,01177c00
190722102022,SOLO_SUCCESS,01177c00
190722102022,TAG_ARRIVED_A,01021800
190722102023,SOLO_SUCCESS,01021800
190722102023,TAG_DEPARTED_B,01177c00
190722102024,TAG_ARRIVED_B,01177c00
190722102025,TAG_MISSING_B,01177c00
190722102025,SOLO_SUCCESS,01177c00
190722102026,TAG_DEPARTED_B,01177c00
190722102026,TAG_DEPARTED_A,01021800
190722102026,TAG_ARRIVED_B,01177c00
190722102028,TAG_MISSING_B,01177c00
190722102028,SOLO_SUCCESS,01177c00
190722102028,TAG_ARRIVED_A,01021800
190722102029,SOLO_SUCCESS,01021800
190722102029,TAG_DEPARTED_B,01177c00
190722102030,TAG_ARRIVED_B,01177c00
190722102031,TAG_MISSING_B,01177c00
190722102031,SOLO_SUCCESS,01177c00
190722102032,TAG_DEPARTED_B,01177c00
190722102032,TAG_DEPARTED_A,01021800
190722102032,TAG_ARRIVED_B,01177c00
190722102034,TAG_MISSING_B,01177c00
190722102034,SOLO_SUCCESS,01177c00
190722102034,TAG_ARRIVED_A,01021800
190722102035,SOLO_SUCCESS,01021800
190722102035,TAG_DEPARTED_B,01177c00
190722102036,TAG_ARRIVED_B,01177c00
190722102038,TAG_MISSING_B,01177c00
190722102038,SOLO_SUCCESS,01177c00
190722102038,TAG_DEPARTED_B,01177c00
190722102039,TAG_DEPARTED_A,01021800
190722102039,TAG_ARRIVED_B,01177c00
190722102041,TAG_MISSING_B,01177c00
190722102041,SOLO_SUCCESS,01177c00
190722102041,TAG_ARRIVED_A,01021800
190722102042,SOLO_SUCCESS,01021800
190722102044,TAG_DEPARTED_B,01177c00
190722102116,TAG_DEPARTED_A,01021800
190722102136,TAG_ARRIVED_B,01b0a800
190722102137,TAG_MISSING_B,01b0a800
190722102138,SOLO_SUCCESS,01b0a800
190722102145,TAG_DEPARTED_B,01b0a800
190722102148,TAG_ARRIVED_B,01021800
190722102148,SOLO_SUCCESS,01021800
190722102151,TAG_ARRIVED_A,01021800
190722102151,SOLO_SUCCESS,01021800
190722102152,TAG_DEPARTED_B,01021800
190722102153,TAG_ARRIVED_A,01bb2200
190722102154,SOLO_SUCCESS,01bb2200
190722102156,TAG_DEPARTED_A,01bb2200
190722102159,TAG_ARRIVED_A,01bb2200
190722102200,SOLO_SUCCESS,01bb2200
190722102201,TAG_DEPARTED_A,01bb2200
190722102207,TAG_ARRIVED_B,01021800
190722102208,SOLO_SUCCESS,01021800
190722102208,TAG_ARRIVED_A,01bb2200
190722102209,STARTCOOP_FAIL,01021800_01bb2200
190722102210,TAG_DEPARTED_A,01bb2200
190722102211,TAG_ARRIVED_A,01bb2200
190722102212,STARTCOOP_FAIL,01021800_01bb2200
190722102250,TAG_DEPARTED_A,01bb2200
190722102252,TAG_ARRIVED_A,01bb2200
190722102254,STARTCOOP_FAIL,01021800_01bb2200
190722102254,TAG_DEPARTED_A,01bb2200
190722102259,TAG_ARRIVED_A,01bb2200
190722102300,STARTCOOP_FAIL,01021800_01bb2200
190722102301,TAG_DEPARTED_A,01bb2200
190722102302,TAG_ARRIVED_A,01bb2200
190722102303,STARTCOOP_FAIL,01021800_01bb2200
190722102309,ENDCOOP_FAIL,01021800_01bb2200
190722102310,TAG_DEPARTED_B,01021800
190722102310,TAG_DEPARTED_A,01bb2200
190722102503,LOCKOUT_ENDED,
190722102644,TAG_ARRIVED_A,0139d100
190722102645,SOLO_SUCCESS,0139d100
190722102647,TAG_DEPARTED_A,0139d100
190722102651,TAG_ARRIVED_B,01783900
190722102652,SOLO_SUCCESS,01783900
190722102652,TAG_ARRIVED_A,0139d100
190722102653,STARTCOOP_SUCCESS,01783900_0139d100
190722102655,ENDCOOP_SUCCESS,01783900_0139d100
190722102655,TAG_DEPARTED_B,01783900
190722102656,TAG_DEPARTED_A,0139d100
