190521055418,START_EXPERIMENT,
190521060836,TAG_ARRIVED_B,01016400
190521060837,TAG_MISSING_B,01016400
190521060837,SOLO_SUCCESS,01016400
190521060838,TAG_DEPARTED_B,01016400
190521060839,TAG_ARRIVED_B,01016400
190521060840,TAG_MISSING_B,01016400
190521060840,SOLO_SUCCESS,01016400
190521060853,TAG_DEPARTED_B,01016400
190521060854,TAG_ARRIVED_B,01016400
190521060855,TAG_MISSING_B,01016400
190521060856,SOLO_SUCCESS,01016400
190521060900,TAG_DEPARTED_B,01016400
190521060901,TAG_ARRIVED_B,01016400
190521060903,TAG_MISSING_B,01016400
190521060903,SOLO_SUCCESS,01016400
190521060903,TAG_DEPARTED_B,01016400
190521060904,TAG_ARRIVED_B,01043c00
190521060905,SOLO_SUCCESS,01043c00
190521060907,TAG_DEPARTED_B,01043c00
190521060925,TAG_ARRIVED_A,01043c00
190521060926,SOLO_SUCCESS,01043c00
190521060948,TAG_DEPARTED_A,01043c00
190521061136,TAG_ARRIVED_A,07991800
190521061137,TAG_MISSING_A,07991800
190521061137,SOLO_SUCCESS,07991800
190521061138,TAG_DEPARTED_A,07991800
190521061138,TAG_ARRIVED_A,07991800
190521061140,TAG_MISSING_A,07991800
190521061140,SOLO_SUCCESS,07991800
190521061140,TAG_DEPARTED_A,07991800
190521061158,TAG_ARRIVED_A,07991800
190521061159,TAG_MISSING_A,07991800
190521061159,SOLO_SUCCESS,07991800
190521061200,TAG_DEPARTED_A,07991800
190521061205,TAG_ARRIVED_B,01043c00
190521061206,SOLO_SUCCESS,01043c00
190521061210,TAG_DEPARTED_B,01043c00
190521061211,TAG_ARRIVED_B,01043c00
190521061212,SOLO_SUCCESS,01043c00
190521061213,TAG_DEPARTED_B,01043c00
190521061221,TAG_ARRIVED_A,01043c00
190521061221,SOLO_SUCCESS,01043c00
190521061242,TAG_DEPARTED_A,01043c00
190521062544,TAG_ARRIVED_A,01c98500
190521062545,SOLO_SUCCESS,01c98500
190521062559,TAG_DEPARTED_A,01c98500
190521062559,TAG_ARRIVED_B,01c98500
190521062600,SOLO_SUCCESS,01c98500
190521062603,TAG_DEPARTED_B,01c98500
190521062630,TAG_ARRIVED_B,01c98500
190521062631,SOLO_SUCCESS,01c98500
190521062638,TAG_DEPARTED_B,01c98500
190521062643,TAG_ARRIVED_A,01bbe500
190521062644,SOLO_SUCCESS,01bbe500
190521062649,TAG_DEPARTED_A,01bbe500
190521062730,TAG_ARRIVED_A,01653700
190521062731,SOLO_SUCCESS,01653700
190521062743,TAG_DEPARTED_A,01653700
190521062755,TAG_ARRIVED_A,01653700
190521062755,SOLO_SUCCESS,01653700
190521062757,TAG_DEPARTED_A,01653700
190521062852,TAG_ARRIVED_A,01bbe500
190521062852,SOLO_SUCCESS,01bbe500
190521062858,TAG_DEPARTED_A,01bbe500
190521063213,TAG_ARRIVED_A,01bbe500
190521063213,SOLO_SUCCESS,01bbe500
190521063216,TAG_DEPARTED_A,01bbe500
190521063325,TAG_ARRIVED_B,01016400
190521063327,TAG_MISSING_B,01016400
190521063327,SOLO_SUCCESS,01016400
190521063334,TAG_DEPARTED_B,01016400
190521063512,TAG_ARRIVED_B,01bbe500
190521063512,SOLO_SUCCESS,01bbe500
190521063514,TAG_DEPARTED_B,01bbe500
190521063642,TAG_ARRIVED_A,01c98500
190521063643,SOLO_SUCCESS,01c98500
190521063723,TAG_DEPARTED_A,01c98500
190521063730,TAG_ARRIVED_A,01c98500
190521063731,SOLO_SUCCESS,01c98500
190521063833,TAG_DEPARTED_A,01c98500
190521070601,TAG_ARRIVED_B,01050400
190521070602,TAG_MISSING_B,01050400
190521070602,SOLO_SUCCESS,01050400
190521070603,TAG_DEPARTED_B,01050400
190521071825,TAG_ARRIVED_A,01c98500
190521071825,SOLO_SUCCESS,01c98500
190521071826,TAG_ARRIVED_B,01050400
190521071827,TAG_MISSING_B,01050400
190521071827,STARTCOOP_FAIL,01c98500_01050400
190521071827,TAG_DEPARTED_A,01c98500
190521071829,ENDCOOP_FAIL,01050400_
190521071829,TAG_DEPARTED_B,01050400
190521071832,TAG_ARRIVED_B,01050400
190521071833,TAG_MISSING_B,01050400
190521071833,SOLO_FAIL,01050400
190521071834,ENDCOOP_FAIL,01050400_
190521071834,TAG_DEPARTED_B,01050400
190521071835,TAG_ARRIVED_B,01c98500
190521071836,SOLO_FAIL,01c98500
190521071838,ENDCOOP_FAIL,01c98500_
190521071838,TAG_DEPARTED_B,01c98500
190521071852,TAG_ARRIVED_B,01c98500
190521071853,SOLO_FAIL,01c98500
190521071903,ENDCOOP_FAIL,01c98500_
190521071903,TAG_DEPARTED_B,01c98500
190521071915,TAG_ARRIVED_B,01043c00
190521071916,SOLO_FAIL,01043c00
190521071918,ENDCOOP_FAIL,01043c00_
190521071918,TAG_DEPARTED_B,01043c00
190521071929,TAG_ARRIVED_B,01df6400
190521071930,SOLO_FAIL,01df6400
190521071932,ENDCOOP_FAIL,01df6400_
190521071932,TAG_DEPARTED_B,01df6400
190521071936,TAG_ARRIVED_A,01016400
190521071937,TAG_MISSING_A,01016400
190521071937,SOLO_FAIL,01016400
190521071938,TAG_DEPARTED_A,01016400
190521072027,LOCKOUT_ENDED,
190521072041,TAG_ARRIVED_B,01043c00
190521072042,SOLO_SUCCESS,01043c00
190521072053,TAG_ARRIVED_A,01043c00
190521072054,SOLO_SUCCESS,01043c00
190521072054,TAG_DEPARTED_B,01043c00
190521072057,TAG_DEPARTED_A,01043c00
190521072106,TAG_ARRIVED_B,01043c00
190521072106,SOLO_SUCCESS,01043c00
190521072108,TAG_DEPARTED_B,01043c00
190521072211,TAG_ARRIVED_A,01050400
190521072212,TAG_MISSING_A,01050400
190521072212,SOLO_SUCCESS,01050400
190521072220,TAG_DEPARTED_A,01050400
190521072224,TAG_ARRIVED_A,01653700
190521072225,SOLO_SUCCESS,01653700
190521072233,TAG_DEPARTED_A,01653700
190521072236,TAG_ARRIVED_A,01653700
190521072236,SOLO_SUCCESS,01653700
190521072244,TAG_DEPARTED_A,01653700
190521072247,TAG_ARRIVED_A,01653700
190521072248,SOLO_SUCCESS,01653700
190521072251,TAG_DEPARTED_A,01653700
190521072257,TAG_ARRIVED_A,01653700
190521072258,SOLO_SUCCESS,01653700
190521072259,TAG_DEPARTED_A,01653700
190521072307,TAG_ARRIVED_A,01653700
190521072308,SOLO_SUCCESS,01653700
190521072311,TAG_DEPARTED_A,01653700
190521072314,TAG_ARRIVED_A,01653700
190521072315,SOLO_SUCCESS,01653700
190521072317,TAG_DEPARTED_A,01653700
190521073144,TAG_ARRIVED_A,018b0800
190521073145,SOLO_SUCCESS,018b0800
190521073146,TAG_DEPARTED_A,018b0800
190521073358,TAG_ARRIVED_A,018b0800
190521073359,SOLO_SUCCESS,018b0800
190521073402,TAG_DEPARTED_A,018b0800
190521073405,TAG_ARRIVED_A,018b0800
190521073405,SOLO_SUCCESS,018b0800
190521073408,TAG_DEPARTED_A,018b0800
190521073412,TAG_ARRIVED_A,018b0800
190521073413,SOLO_SUCCESS,018b0800
190521073415,TAG_DEPARTED_A,018b0800
190521073417,TAG_ARRIVED_A,018b0800
190521073418,SOLO_SUCCESS,018b0800
190521073419,TAG_DEPARTED_A,018b0800
190521073423,TAG_ARRIVED_A,018b0800
190521073424,SOLO_SUCCESS,018b0800
190521073426,TAG_DEPARTED_A,018b0800
190521073446,TAG_ARRIVED_A,018b0800
190521073446,SOLO_SUCCESS,018b0800
190521073448,TAG_DEPARTED_A,018b0800
190521073451,TAG_ARRIVED_A,018b0800
190521073452,SOLO_SUCCESS,018b0800
190521073500,TAG_DEPARTED_A,018b0800
190521073517,TAG_ARRIVED_A,018b0800
190521073518,SOLO_SUCCESS,018b0800
190521073525,TAG_DEPARTED_A,018b0800
190521073527,TAG_ARRIVED_A,018b0800
190521073527,SOLO_SUCCESS,018b0800
190521073533,TAG_DEPARTED_A,018b0800
190521073543,TAG_ARRIVED_A,018b0800
190521073544,SOLO_SUCCESS,018b0800
190521073548,TAG_DEPARTED_A,018b0800
190521073548,TAG_ARRIVED_A,018b0800
190521073549,SOLO_SUCCESS,018b0800
190521073555,TAG_DEPARTED_A,018b0800
190521073604,TAG_ARRIVED_B,018b0800
190521073604,SOLO_SUCCESS,018b0800
190521073614,TAG_DEPARTED_B,018b0800
190521073615,TAG_ARRIVED_B,018b0800
190521073616,SOLO_SUCCESS,018b0800
190521073629,TAG_DEPARTED_B,018b0800
190521075338,TAG_ARRIVED_B,01bbe500
190521075338,SOLO_SUCCESS,01bbe500
190521075340,TAG_DEPARTED_B,01bbe500
190521075457,TAG_ARRIVED_B,01753200
190521075457,SOLO_SUCCESS,01753200
190521075500,TAG_DEPARTED_B,01753200
190521075504,TAG_ARRIVED_B,01021800
190521075504,SOLO_SUCCESS,01021800
190521075525,TAG_DEPARTED_B,01021800
190521075538,TAG_ARRIVED_A,01021800
190521075539,SOLO_SUCCESS,01021800
190521075551,TAG_DEPARTED_A,01021800
190521075551,TAG_ARRIVED_B,01021800
190521075551,SOLO_SUCCESS,01021800
190521075556,TAG_DEPARTED_B,01021800
190521075601,TAG_ARRIVED_B,01021800
190521075601,SOLO_SUCCESS,01021800
190521075603,TAG_DEPARTED_B,01021800
190521075606,TAG_ARRIVED_B,01021800
190521075606,SOLO_SUCCESS,01021800
190521075611,TAG_DEPARTED_B,01021800
190521080026,TAG_ARRIVED_B,01753200
190521080026,SOLO_SUCCESS,01753200
190521080052,TAG_DEPARTED_B,01753200
190521080052,TAG_ARRIVED_B,01753200
190521080053,SOLO_SUCCESS,01753200
190521080102,TAG_DEPARTED_B,01753200
190521080104,TAG_ARRIVED_B,01753200
190521080104,SOLO_SUCCESS,01753200
190521080111,TAG_DEPARTED_B,01753200
190521080114,TAG_ARRIVED_B,01753200
190521080114,SOLO_SUCCESS,01753200
190521080123,TAG_DEPARTED_B,01753200
190521080126,TAG_ARRIVED_B,01753200
190521080126,SOLO_SUCCESS,01753200
190521080135,TAG_DEPARTED_B,01753200
190521080139,TAG_ARRIVED_A,01753200
190521080139,SOLO_SUCCESS,01753200
190521080142,TAG_DEPARTED_A,01753200
190521080145,TAG_ARRIVED_A,01753200
190521080146,SOLO_SUCCESS,01753200
190521080147,TAG_DEPARTED_A,01753200
190521080157,TAG_ARRIVED_B,01753200
190521080158,SOLO_SUCCESS,01753200
190521080201,TAG_DEPARTED_B,01753200
190521080204,TAG_ARRIVED_B,01753200
190521080204,SOLO_SUCCESS,01753200
190521080213,TAG_ARRIVED_A,01753200
190521080213,SOLO_SUCCESS,01753200
190521080214,TAG_DEPARTED_B,01753200
190521080215,TAG_DEPARTED_A,01753200
190521080221,TAG_ARRIVED_A,01753200
190521080221,SOLO_SUCCESS,01753200
190521080223,TAG_DEPARTED_A,01753200
190521080224,TAG_ARRIVED_A,01753200
190521080224,SOLO_SUCCESS,01753200
190521080226,TAG_DEPARTED_A,01753200
190521080226,TAG_ARRIVED_A,01753200
190521080227,SOLO_SUCCESS,01753200
190521080228,TAG_DEPARTED_A,01753200
190521080233,TAG_ARRIVED_A,01753200
190521080233,SOLO_SUCCESS,01753200
190521080241,TAG_DEPARTED_A,01753200
190521080242,TAG_ARRIVED_A,01753200
190521080242,SOLO_SUCCESS,01753200
190521080254,TAG_DEPARTED_A,01753200
190521080300,TAG_ARRIVED_B,01753200
190521080301,SOLO_SUCCESS,01753200
190521080316,TAG_DEPARTED_B,01753200
190521080354,TAG_ARRIVED_A,01753200
190521080354,SOLO_SUCCESS,01753200
190521080357,TAG_DEPARTED_A,01753200
190521080431,TAG_ARRIVED_A,01753200
190521080432,SOLO_SUCCESS,01753200
190521080442,TAG_DEPARTED_A,01753200
190521081259,TAG_ARRIVED_B,01050400
190521081300,TAG_MISSING_B,01050400
190521081300,SOLO_SUCCESS,01050400
190521081331,TAG_DEPARTED_B,01050400
190521082247,TAG_ARRIVED_B,01021800
190521082247,SOLO_SUCCESS,01021800
190521082259,TAG_DEPARTED_B,01021800
190521082629,TAG_ARRIVED_A,01c98500
190521082630,SOLO_SUCCESS,01c98500
190521082642,TAG_DEPARTED_A,01c98500
190521082642,TAG_ARRIVED_B,01c98500
190521082643,SOLO_SUCCESS,01c98500
190521082649,TAG_ARRIVED_A,01c98500
190521082650,SOLO_SUCCESS,01c98500
190521082650,TAG_DEPARTED_B,01c98500
190521082654,TAG_ARRIVED_A,01653700
190521082655,SOLO_SUCCESS,01653700
190521082658,TAG_DEPARTED_A,01653700
190521082700,TAG_ARRIVED_A,01653700
190521082701,SOLO_SUCCESS,01653700
190521082703,TAG_ARRIVED_B,01c98500
190521082704,STARTCOOP_SUCCESS,01653700_01c98500
190521082706,TAG_DEPARTED_A,01653700
190521082723,TAG_DEPARTED_B,01c98500
190521082808,TAG_ARRIVED_B,01021800
190521082808,SOLO_SUCCESS,01021800
190521082834,TAG_DEPARTED_B,01021800
190521082905,TAG_ARRIVED_A,01021800
190521082905,SOLO_SUCCESS,01021800
190521082922,TAG_DEPARTED_A,01021800
190521082922,TAG_ARRIVED_B,01021800
190521082923,SOLO_SUCCESS,01021800
190521082936,TAG_DEPARTED_B,01021800
190521083448,TAG_ARRIVED_B,01043c00
190521083449,SOLO_SUCCESS,01043c00
190521083454,TAG_DEPARTED_B,01043c00
190521083517,TAG_ARRIVED_B,01043c00
190521083518,SOLO_SUCCESS,01043c00
190521083524,TAG_DEPARTED_B,01043c00
190521083606,TAG_ARRIVED_A,01043c00
190521083607,SOLO_SUCCESS,01043c00
190521083618,TAG_ARRIVED_B,01043c00
190521083618,SOLO_SUCCESS,01043c00
190521083619,TAG_DEPARTED_A,01043c00
190521083620,TAG_DEPARTED_B,01043c00
190521083623,TAG_ARRIVED_B,01043c00
190521083624,SOLO_SUCCESS,01043c00
190521083625,TAG_DEPARTED_B,01043c00
190521083626,TAG_ARRIVED_B,01043c00
190521083627,SOLO_SUCCESS,01043c00
190521083628,TAG_DEPARTED_B,01043c00
190521083809,TAG_ARRIVED_B,01043c00
190521083810,SOLO_SUCCESS,01043c00
190521083812,TAG_DEPARTED_B,01043c00
190521083921,TAG_ARRIVED_B,01043c00
190521083922,SOLO_SUCCESS,01043c00
190521083926,TAG_DEPARTED_B,01043c00
190521083930,TAG_ARRIVED_B,01043c00
190521083931,SOLO_SUCCESS,01043c00
190521083936,TAG_DEPARTED_B,01043c00
190521084248,TAG_ARRIVED_B,01bbe500
190521084249,SOLO_SUCCESS,01bbe500
190521084258,TAG_DEPARTED_B,01bbe500
190521084306,TAG_ARRIVED_B,01bbe500
190521084307,SOLO_SUCCESS,01bbe500
190521084312,TAG_DEPARTED_B,01bbe500
190521084320,TAG_ARRIVED_B,01bbe500
190521084321,SOLO_SUCCESS,01bbe500
190521084322,TAG_DEPARTED_B,01bbe500
190521084407,TAG_ARRIVED_A,01bbe500
190521084407,SOLO_SUCCESS,01bbe500
190521084409,TAG_DEPARTED_A,01bbe500
190521084430,TAG_ARRIVED_A,01bbe500
190521084431,SOLO_SUCCESS,01bbe500
190521084433,TAG_DEPARTED_A,01bbe500
190521085919,TAG_ARRIVED_A,01c98500
190521085920,SOLO_SUCCESS,01c98500
190521085930,TAG_DEPARTED_A,01c98500
190521085934,TAG_ARRIVED_A,01c98500
190521085934,SOLO_SUCCESS,01c98500
190521085942,TAG_DEPARTED_A,01c98500
190521085943,TAG_ARRIVED_B,01c98500
190521085944,SOLO_SUCCESS,01c98500
190521085948,TAG_DEPARTED_B,01c98500
190521090638,TAG_ARRIVED_B,01043c00
190521090639,SOLO_SUCCESS,01043c00
190521090654,TAG_DEPARTED_B,01043c00
190521090719,TAG_ARRIVED_B,01043c00
190521090719,SOLO_SUCCESS,01043c00
190521090736,TAG_DEPARTED_B,01043c00
190521091438,TAG_ARRIVED_A,01021800
190521091438,SOLO_SUCCESS,01021800
190521091501,TAG_DEPARTED_A,01021800
190521091511,TAG_ARRIVED_B,01021800
190521091512,SOLO_SUCCESS,01021800
190521091518,TAG_DEPARTED_B,01021800
190521091532,TAG_ARRIVED_B,01021800
190521091532,SOLO_SUCCESS,01021800
190521091539,TAG_DEPARTED_B,01021800
190521091604,TAG_ARRIVED_A,01021800
190521091604,SOLO_SUCCESS,01021800
190521091606,TAG_DEPARTED_A,01021800
190521091615,TAG_ARRIVED_A,01021800
190521091615,SOLO_SUCCESS,01021800
190521091619,TAG_DEPARTED_A,01021800
190521091625,TAG_ARRIVED_B,01021800
190521091625,SOLO_SUCCESS,01021800
190521091638,TAG_DEPARTED_B,01021800
190521091639,TAG_ARRIVED_B,01021800
190521091639,SOLO_SUCCESS,01021800
190521091646,TAG_DEPARTED_B,01021800
190521091755,TAG_ARRIVED_A,01021800
190521091755,SOLO_SUCCESS,01021800
190521091756,TAG_ARRIVED_B,07991800
190521091758,TAG_MISSING_B,07991800
190521091758,STARTCOOP_FAIL,01021800_07991800
190521091758,ENDCOOP_FAIL,07991800_01021800
190521091759,TAG_DEPARTED_B,07991800
190521091800,TAG_DEPARTED_A,01021800
190521091803,TAG_ARRIVED_B,07991800
190521091804,TAG_MISSING_B,07991800
190521091804,SOLO_FAIL,07991800
190521091806,ENDCOOP_FAIL,07991800_
190521091806,TAG_DEPARTED_B,07991800
190521091807,TAG_ARRIVED_A,01021800
190521091807,SOLO_FAIL,01021800
190521091809,TAG_DEPARTED_A,01021800
190521091818,TAG_ARRIVED_B,07991800
190521091819,TAG_MISSING_B,07991800
190521091819,SOLO_FAIL,07991800
190521091824,ENDCOOP_FAIL,07991800_
190521091824,TAG_DEPARTED_B,07991800
190521091824,TAG_ARRIVED_B,07991800
190521091825,TAG_MISSING_B,07991800
190521091825,SOLO_FAIL,07991800
190521091844,ENDCOOP_FAIL,07991800_
190521091844,TAG_DEPARTED_B,07991800
190521091957,LOCKOUT_ENDED,
190521092836,TAG_ARRIVED_A,01bbe500
190521092836,SOLO_SUCCESS,01bbe500
190521092840,TAG_DEPARTED_A,01bbe500
190521092903,TAG_ARRIVED_A,01bbe500
190521092904,SOLO_SUCCESS,01bbe500
190521092906,TAG_DEPARTED_A,01bbe500
190521092908,TAG_ARRIVED_A,01bbe500
190521092908,SOLO_SUCCESS,01bbe500
190521092915,TAG_DEPARTED_A,01bbe500
190521092957,TAG_ARRIVED_A,01bbe500
190521092957,SOLO_SUCCESS,01bbe500
190521092959,TAG_DEPARTED_A,01bbe500
190521093006,TAG_ARRIVED_A,01bbe500
190521093006,SOLO_SUCCESS,01bbe500
190521093008,TAG_DEPARTED_A,01bbe500
190521094321,TAG_ARRIVED_B,01021800
190521094322,SOLO_SUCCESS,01021800
190521094325,TAG_DEPARTED_B,01021800
190521094328,TAG_ARRIVED_B,01021800
190521094328,SOLO_SUCCESS,01021800
190521094340,TAG_DEPARTED_B,01021800
190521094650,TAG_ARRIVED_B,01753200
190521094650,SOLO_SUCCESS,01753200
190521094659,TAG_DEPARTED_B,01753200
190521094659,TAG_ARRIVED_A,01753200
190521094700,SOLO_SUCCESS,01753200
190521094704,TAG_DEPARTED_A,01753200
190521094707,TAG_ARRIVED_A,01753200
190521094707,SOLO_SUCCESS,01753200
190521094711,TAG_DEPARTED_A,01753200