190723060726,START_EXPERIMENT,
190723060914,TAG_ARRIVED_A,0139d100
190723060914,SOLO_FAIL,0139d100
190723060915,TAG_ARRIVED_B,1783900
190723060916,STARTCOOP_SUCCESS,0139d100_01783900
190723060917,ENDCOOP_SUCCESS,01783900_0139d100
190723060917,TAG_DEPARTED_B,1783900
190723060918,TAG_DEPARTED_A,0139d100
190723061316,TAG_ARRIVED_B,010b4d00
190723061317,TAG_MISSING_B,010b4d00
190723061317,SOLO_SUCCESS,010b4d00
190723061320,TAG_ARRIVED_A,0101bb00
190723061321,SOLO_SUCCESS,0101bb00
190723061417,TAG_DEPARTED_A,0101bb00
190723061513,TAG_ARRIVED_A,0101bb00
190723061514,SOLO_SUCCESS,0101bb00
190723061528,TAG_DEPARTED_A,0101bb00
190723061607,TAG_ARRIVED_A,0101bb00
190723061608,SOLO_SUCCESS,0101bb00
190723061609,TAG_DEPARTED_A,0101bb00
190723061616,TAG_ARRIVED_A,0101bb00
190723061616,SOLO_SUCCESS,0101bb00
190723061618,TAG_DEPARTED_A,0101bb00
190723061618,TAG_ARRIVED_A,0101bb00
190723061619,SOLO_SUCCESS,0101bb00
190723061632,TAG_DEPARTED_A,0101bb00
190723061633,TAG_DEPARTED_B,010b4d00
190723061634,TAG_ARRIVED_B,010b4d00
190723061635,TAG_MISSING_B,010b4d00
190723061635,SOLO_SUCCESS,010b4d00
190723061730,TAG_DEPARTED_B,010b4d00
190723062037,TAG_ARRIVED_B,01020f00
190723062037,SOLO_SUCCESS,01020f00
190723062139,TAG_ARRIVED_A,0101bb00
190723062140,STARTCOOP_FAIL,01020f00_0101bb00
190723062143,TAG_DEPARTED_A,0101bb00
190723062145,TAG_ARRIVED_A,0101bb00
190723062146,STARTCOOP_FAIL,01020f00_0101bb00
190723062149,ENDCOOP_FAIL,01020f00_0101bb00
190723062149,TAG_DEPARTED_B,01020f00
190723062213,TAG_ARRIVED_B,01020f00
190723062214,STARTCOOP_FAIL,0101bb00_01020f00
190723062226,TAG_DEPARTED_A,0101bb00
190723062227,TAG_ARRIVED_A,1052600
190723062228,STARTCOOP_FAIL,01020f00_01052600
190723062229,TAG_DEPARTED_A,1052600
190723062229,TAG_ARRIVED_A,1052600
190723062230,STARTCOOP_FAIL,01020f00_01052600
190723062247,TAG_DEPARTED_A,1052600
190723062247,TAG_ARRIVED_A,1052600
190723062248,STARTCOOP_FAIL,01020f00_01052600
190723062248,ENDCOOP_FAIL,01020f00_01052600
190723062249,TAG_DEPARTED_B,01020f00
190723062249,TAG_DEPARTED_A,1052600
190723062254,TAG_ARRIVED_A,0104dd00
190723062255,SOLO_FAIL,0104dd00
190723062258,TAG_DEPARTED_A,0104dd00
190723062304,TAG_ARRIVED_B,0104dd00
190723062305,SOLO_FAIL,0104dd00
190723062349,ENDCOOP_FAIL,0104dd00_
190723062349,TAG_DEPARTED_B,0104dd00
190723062443,TAG_ARRIVED_A,1040300
190723062443,SOLO_FAIL,1040300
190723062446,TAG_DEPARTED_A,1040300
190723062448,LOCKOUT_ENDED,
190723062453,TAG_ARRIVED_B,0102b600
190723062454,SOLO_SUCCESS,0102b600
190723062454,TAG_ARRIVED_A,01bb2200
190723062455,STARTCOOP_FAIL,0102b600_01bb2200
190723062455,TAG_DEPARTED_A,01bb2200
190723062455,TAG_ARRIVED_A,01bb2200
190723062457,STARTCOOP_FAIL,0102b600_01bb2200
190723062457,TAG_DEPARTED_A,01bb2200
190723062458,ENDCOOP_FAIL,0102b600_
190723062458,TAG_DEPARTED_B,0102b600
190723062507,TAG_ARRIVED_A,01bb2200
190723062508,SOLO_FAIL,01bb2200
190723062511,TAG_DEPARTED_A,01bb2200
190723062514,TAG_ARRIVED_A,01bb2200
190723062515,SOLO_FAIL,01bb2200
190723062517,TAG_DEPARTED_A,01bb2200
190723062519,TAG_ARRIVED_A,01bb2200
190723062520,SOLO_FAIL,01bb2200
190723062521,TAG_DEPARTED_A,01bb2200
190723062526,TAG_ARRIVED_A,01bb2200
190723062527,SOLO_FAIL,01bb2200
190723062530,TAG_DEPARTED_A,01bb2200
190723062531,TAG_ARRIVED_B,0102b600
190723062532,SOLO_FAIL,0102b600
190723062537,TAG_ARRIVED_A,01bb2200
190723062538,STARTCOOP_FAIL,0102b600_01bb2200
190723062539,TAG_DEPARTED_A,01bb2200
190723062548,ENDCOOP_FAIL,0102b600_
190723062548,TAG_DEPARTED_B,0102b600
190723062551,TAG_ARRIVED_A,01bb2200
190723062552,SOLO_FAIL,01bb2200
190723062619,TAG_DEPARTED_A,01bb2200
190723062635,TAG_ARRIVED_A,01bb2200
190723062636,SOLO_FAIL,01bb2200
190723062639,TAG_DEPARTED_A,01bb2200
190723062642,TAG_ARRIVED_A,01bb2200
190723062643,SOLO_FAIL,01bb2200
190723062652,TAG_DEPARTED_A,01bb2200
190723062654,TAG_ARRIVED_A,01bb2200
190723062655,SOLO_FAIL,01bb2200
190723062656,TAG_DEPARTED_A,01bb2200
190723062659,TAG_ARRIVED_A,01bb2200
190723062700,SOLO_FAIL,01bb2200
190723062705,TAG_DEPARTED_A,01bb2200
190723062708,TAG_ARRIVED_A,01bb2200
190723062709,SOLO_FAIL,01bb2200
190723062710,TAG_DEPARTED_A,01bb2200
190723062711,TAG_ARRIVED_A,01bb2200
190723062712,SOLO_FAIL,01bb2200
190723062720,TAG_DEPARTED_A,01bb2200
190723062736,TAG_ARRIVED_A,01bb2200
190723062737,SOLO_FAIL,01bb2200
190723062738,TAG_DEPARTED_A,01bb2200
190723062738,LOCKOUT_ENDED,
190723062744,TAG_ARRIVED_A,01bb2200
190723062745,SOLO_SUCCESS,01bb2200
190723062757,TAG_DEPARTED_A,01bb2200
190723062813,TAG_ARRIVED_A,01bb2200
190723062814,SOLO_SUCCESS,01bb2200
190723062817,TAG_DEPARTED_A,01bb2200
190723062822,TAG_ARRIVED_B,01ae2b00
190723062822,SOLO_SUCCESS,01ae2b00
190723062824,TAG_DEPARTED_B,01ae2b00
190723062825,TAG_ARRIVED_B,01ae2b00
190723062825,SOLO_SUCCESS,01ae2b00
190723062836,TAG_DEPARTED_B,01ae2b00
190723062842,TAG_ARRIVED_A,01bb2200
190723062843,SOLO_SUCCESS,01bb2200
190723062848,TAG_DEPARTED_A,01bb2200
190723062849,TAG_ARRIVED_B,01ae2b00
190723062850,SOLO_SUCCESS,01ae2b00
190723062853,TAG_DEPARTED_B,01ae2b00
190723062905,TAG_ARRIVED_A,01ae2b00
190723062905,SOLO_SUCCESS,01ae2b00
190723062912,TAG_ARRIVED_A,01bb2200
190723062913,SOLO_SUCCESS,01bb2200
190723062917,TAG_ARRIVED_B,01ae2b00
190723062918,STARTCOOP_FAIL,01bb2200_01ae2b00
190723062920,TAG_DEPARTED_A,01bb2200
190723062925,TAG_ARRIVED_A,01bb2200
190723062926,STARTCOOP_FAIL,01ae2b00_01bb2200
190723062932,ENDCOOP_FAIL,01ae2b00_01bb2200
190723062932,TAG_DEPARTED_B,01ae2b00
190723062934,TAG_ARRIVED_B,0101c200
190723062935,STARTCOOP_SUCCESS,01bb2200_0101c200
190723062937,ENDCOOP_SUCCESS,0101c200_01bb2200
190723062937,TAG_DEPARTED_B,0101c200
190723062938,TAG_ARRIVED_B,0101c200
190723062939,STARTCOOP_SUCCESS,01bb2200_0101c200
190723062940,TAG_DEPARTED_A,01bb2200
190723062950,ENDCOOP_SUCCESS,0101c200_
190723062950,TAG_DEPARTED_B,0101c200
190723062951,TAG_ARRIVED_A,01bb2200
190723062952,SOLO_FAIL,01bb2200
190723062953,TAG_ARRIVED_B,0101c200
190723062954,STARTCOOP_SUCCESS,01bb2200_0101c200
190723062954,ENDCOOP_SUCCESS,0101c200_01bb2200
190723062954,TAG_DEPARTED_B,0101c200
190723062954,TAG_ARRIVED_B,0101c200
190723062955,STARTCOOP_SUCCESS,01bb2200_0101c200
190723062956,TAG_DEPARTED_A,01bb2200
190723062956,TAG_ARRIVED_A,01bb2200
190723062957,STARTCOOP_SUCCESS,0101c200_01bb2200
190723062957,ENDCOOP_SUCCESS,0101c200_01bb2200
190723062958,TAG_DEPARTED_B,0101c200
190723062958,TAG_DEPARTED_A,01bb2200
190723062958,TAG_ARRIVED_B,0102ee00
190723062959,SOLO_FAIL,0102ee00
190723063000,ENDCOOP_FAIL,0102ee00_
190723063000,TAG_DEPARTED_B,0102ee00
190723063002,TAG_ARRIVED_A,01bb2200
190723063003,SOLO_FAIL,01bb2200
190723063004,TAG_DEPARTED_A,01bb2200
190723063042,TAG_ARRIVED_A,01bb2200
190723063043,SOLO_FAIL,01bb2200
190723063044,TAG_ARRIVED_A,0102ee00
190723063045,SOLO_FAIL,0102ee00
190723063046,TAG_DEPARTED_A,0102ee00
190723063059,TAG_ARRIVED_A,1026800
190723063059,SOLO_FAIL,1026800
190723063100,TAG_ARRIVED_B,0102ee00
190723063101,STARTCOOP_FAIL,01026800_0102ee00
190723063101,ENDCOOP_FAIL,0102ee00_01026800
190723063102,TAG_DEPARTED_B,0102ee00
190723063112,TAG_DEPARTED_A,1026800
190723063114,TAG_ARRIVED_B,0102ee00
190723063115,SOLO_FAIL,0102ee00
190723063115,TAG_ARRIVED_A,1050400
190723063115,STARTCOOP_FAIL,0102ee00_01050400
190723063116,TAG_DEPARTED_A,1050400
190723063116,TAG_ARRIVED_A,1050400
190723063117,STARTCOOP_FAIL,0102ee00_01050400
190723063124,TAG_DEPARTED_A,1050400
190723063126,TAG_ARRIVED_A,0101c200
190723063127,STARTCOOP_SUCCESS,0102ee00_0101c200
190723063128,TAG_DEPARTED_A,0101c200
190723063137,ENDCOOP_SUCCESS,0102ee00_
190723063137,TAG_DEPARTED_B,0102ee00
190723063138,TAG_ARRIVED_B,01029a00
190723063139,SOLO_FAIL,01029a00
190723063139,TAG_ARRIVED_A,0102ee00
190723063140,STARTCOOP_SUCCESS,01029a00_0102ee00
190723063140,TAG_DEPARTED_A,0102ee00
190723063140,TAG_ARRIVED_A,0102ee00
190723063142,STARTCOOP_SUCCESS,01029a00_0102ee00
190723063143,ENDCOOP_SUCCESS,01029a00_0102ee00
190723063143,TAG_DEPARTED_B,01029a00
190723063144,TAG_ARRIVED_B,01029a00
190723063145,STARTCOOP_SUCCESS,0102ee00_01029a00
190723063145,TAG_DEPARTED_A,0102ee00
190723063147,ENDCOOP_SUCCESS,01029a00_
190723063147,TAG_DEPARTED_B,01029a00
190723063147,TAG_ARRIVED_A,1050400
190723063148,SOLO_FAIL,1050400
190723063207,TAG_DEPARTED_A,1050400
190723063226,TAG_ARRIVED_B,0102ee00
190723063227,SOLO_FAIL,0102ee00
190723063228,TAG_ARRIVED_A,1050400
190723063228,STARTCOOP_FAIL,0102ee00_01050400
190723063251,TAG_DEPARTED_A,1050400
190723063311,ENDCOOP_FAIL,0102ee00_
190723063311,TAG_DEPARTED_B,0102ee00
190723063312,TAG_ARRIVED_B,0102ee00
190723063313,SOLO_FAIL,0102ee00
190723063314,ENDCOOP_FAIL,0102ee00_
190723063314,TAG_DEPARTED_B,0102ee00
190723063314,TAG_ARRIVED_B,0102ee00
190723063316,SOLO_FAIL,0102ee00
190723063328,TAG_ARRIVED_A,1050400
190723063329,STARTCOOP_FAIL,0102ee00_01050400
190723063330,ENDCOOP_FAIL,0102ee00_01050400
190723063331,TAG_DEPARTED_B,0102ee00
190723063332,TAG_DEPARTED_A,1050400
190723063332,TAG_ARRIVED_A,0102ee00
190723063333,SOLO_FAIL,0102ee00
190723063334,TAG_DEPARTED_A,0102ee00
190723063336,TAG_ARRIVED_B,01029a00
190723063337,SOLO_FAIL,01029a00
190723063347,ENDCOOP_FAIL,01029a00_
190723063347,TAG_DEPARTED_B,01029a00
190723063356,TAG_ARRIVED_B,01029a00
190723063357,SOLO_FAIL,01029a00
190723063400,ENDCOOP_FAIL,01029a00_
190723063401,TAG_DEPARTED_B,01029a00
190723063402,TAG_ARRIVED_B,1026800
190723063402,SOLO_FAIL,1026800
190723063406,ENDCOOP_FAIL,01026800_
190723063406,TAG_DEPARTED_B,1026800
190723063426,TAG_ARRIVED_B,0104a600
190723063427,SOLO_FAIL,0104a600
190723063428,TAG_ARRIVED_A,0102ee00
190723063429,STARTCOOP_SUCCESS,0104a600_0102ee00
190723063432,ENDCOOP_SUCCESS,0104a600_0102ee00
190723063432,TAG_DEPARTED_B,0104a600
190723063432,TAG_DEPARTED_A,0102ee00
190723063502,TAG_ARRIVED_B,0104a600
190723063503,SOLO_FAIL,0104a600
190723063504,ENDCOOP_FAIL,0104a600_
190723063504,TAG_DEPARTED_B,0104a600
190723063505,TAG_ARRIVED_B,0104a600
190723063506,SOLO_FAIL,0104a600
190723063507,ENDCOOP_FAIL,0104a600_
190723063507,TAG_DEPARTED_B,0104a600
190723063509,TAG_ARRIVED_B,0104a600
190723063510,SOLO_FAIL,0104a600
190723063514,ENDCOOP_FAIL,0104a600_
190723063514,TAG_DEPARTED_B,0104a600
190723063516,TAG_ARRIVED_B,0104a600
190723063517,SOLO_FAIL,0104a600
190723063520,ENDCOOP_FAIL,0104a600_
190723063520,TAG_DEPARTED_B,0104a600
190723063529,LOCKOUT_ENDED,
190723063530,TAG_ARRIVED_B,0104a600
190723063531,SOLO_SUCCESS,0104a600
190723063532,TAG_DEPARTED_B,0104a600
190723063542,TAG_ARRIVED_B,0104a600
190723063543,SOLO_SUCCESS,0104a600
190723063545,TAG_DEPARTED_B,0104a600
190723063552,TAG_ARRIVED_B,0102ee00
190723063553,SOLO_SUCCESS,0102ee00
190723063554,TAG_ARRIVED_A,1050400
190723063554,STARTCOOP_FAIL,0102ee00_01050400
190723063559,TAG_DEPARTED_A,1050400
190723063559,TAG_ARRIVED_A,1050400
190723063600,STARTCOOP_FAIL,0102ee00_01050400
190723063601,ENDCOOP_FAIL,0102ee00_01050400
190723063601,TAG_DEPARTED_B,0102ee00
190723063612,TAG_DEPARTED_A,1050400
190723063623,TAG_ARRIVED_A,1050400
190723063624,SOLO_FAIL,1050400
190723063640,TAG_DEPARTED_A,1050400
190723063645,TAG_ARRIVED_B,0102ee00
190723063646,SOLO_FAIL,0102ee00
190723063647,TAG_ARRIVED_A,1050400
190723063647,STARTCOOP_FAIL,0102ee00_01050400
190723063652,TAG_DEPARTED_A,1050400
190723063654,TAG_ARRIVED_A,1050400
190723063655,STARTCOOP_FAIL,0102ee00_01050400
190723063711,TAG_ARRIVED_A,0101c200
190723063712,STARTCOOP_SUCCESS,0102ee00_0101c200
190723063713,TAG_DEPARTED_A,0101c200
190723063718,ENDCOOP_SUCCESS,0102ee00_
190723063718,TAG_DEPARTED_B,0102ee00
190723063718,TAG_ARRIVED_A,0101c200
190723063719,SOLO_FAIL,0101c200
190723063720,TAG_ARRIVED_B,0104a600
190723063721,STARTCOOP_SUCCESS,0101c200_0104a600
190723063721,TAG_ARRIVED_A,0102ee00
190723063722,STARTCOOP_SUCCESS,0104a600_0102ee00
190723063722,ENDCOOP_SUCCESS,0104a600_0102ee00
190723063722,TAG_DEPARTED_B,0104a600
190723063725,TAG_ARRIVED_B,0104a600
190723063726,STARTCOOP_SUCCESS,0102ee00_0104a600
190723063729,TAG_DEPARTED_A,0102ee00
190723063732,ENDCOOP_SUCCESS,0104a600_
190723063733,TAG_DEPARTED_B,0104a600
190723063737,TAG_ARRIVED_B,0104a600
190723063738,SOLO_FAIL,0104a600
190723063753,TAG_ARRIVED_A,0102ee00
190723063755,STARTCOOP_SUCCESS,0104a600_0102ee00
190723063755,TAG_DEPARTED_A,0102ee00
190723063758,TAG_ARRIVED_A,0102ee00
190723063759,STARTCOOP_SUCCESS,0104a600_0102ee00
190723063759,ENDCOOP_SUCCESS,0104a600_0102ee00
190723063759,TAG_DEPARTED_B,0104a600
190723063804,TAG_DEPARTED_A,0102ee00
190723063829,TAG_ARRIVED_B,0104a600
190723063830,SOLO_FAIL,0104a600
190723063831,ENDCOOP_FAIL,0104a600_
190723063831,TAG_DEPARTED_B,0104a600
190723063832,TAG_ARRIVED_B,0104a600
190723063833,SOLO_FAIL,0104a600
190723063837,ENDCOOP_FAIL,0104a600_
190723063837,TAG_DEPARTED_B,0104a600
190723063855,LOCKOUT_ENDED,
190723063859,TAG_ARRIVED_B,0102ee00
190723063900,SOLO_SUCCESS,0102ee00
190723063901,TAG_ARRIVED_A,1050400
190723063902,STARTCOOP_FAIL,0102ee00_01050400
190723063904,TAG_DEPARTED_A,1050400
190723063909,TAG_ARRIVED_A,1021800
190723063909,STARTCOOP_FAIL,0102ee00_01021800
190723063921,ENDCOOP_FAIL,0102ee00_01021800
190723063921,TAG_DEPARTED_B,0102ee00
190723063934,TAG_ARRIVED_B,0102ee00
190723063935,STARTCOOP_FAIL,01021800_0102ee00
190723063936,ENDCOOP_FAIL,0102ee00_01021800
190723063936,TAG_DEPARTED_B,0102ee00
190723063936,TAG_ARRIVED_B,0102ee00
190723063937,STARTCOOP_FAIL,01021800_0102ee00
190723063938,TAG_DEPARTED_A,1021800
190723063939,ENDCOOP_FAIL,0102ee00_
190723063939,TAG_DEPARTED_B,0102ee00
190723063939,TAG_ARRIVED_B,0102ee00
190723063940,SOLO_FAIL,0102ee00
190723063951,TAG_ARRIVED_A,01020f00
190723063952,STARTCOOP_FAIL,0102ee00_01020f00
190723064007,ENDCOOP_FAIL,0102ee00_01020f00
190723064008,TAG_DEPARTED_B,0102ee00
190723064008,TAG_DEPARTED_A,01020f00
190723064008,TAG_ARRIVED_B,0102ee00
190723064009,SOLO_FAIL,0102ee00
190723064010,ENDCOOP_FAIL,0102ee00_
190723064010,TAG_DEPARTED_B,0102ee00
190723064012,TAG_ARRIVED_A,01020f00
190723064012,SOLO_FAIL,01020f00
190723064012,TAG_ARRIVED_B,0102ee00
190723064013,STARTCOOP_FAIL,01020f00_0102ee00
190723064014,ENDCOOP_FAIL,0102ee00_01020f00
190723064014,TAG_DEPARTED_B,0102ee00
190723064015,TAG_DEPARTED_A,01020f00
190723064020,TAG_ARRIVED_A,01020f00
190723064021,SOLO_FAIL,01020f00
190723064028,TAG_ARRIVED_B,0104a600
190723064029,STARTCOOP_FAIL,01020f00_0104a600
190723064029,TAG_DEPARTED_A,01020f00
190723064030,TAG_ARRIVED_A,01020f00
190723064031,STARTCOOP_FAIL,0104a600_01020f00
190723064036,TAG_DEPARTED_A,01020f00
190723064036,TAG_ARRIVED_A,01020f00
190723064037,STARTCOOP_FAIL,0104a600_01020f00
190723064041,TAG_DEPARTED_A,01020f00
190723064043,ENDCOOP_FAIL,0104a600_
190723064043,TAG_DEPARTED_B,0104a600
190723064046,TAG_ARRIVED_B,0104a600
190723064047,SOLO_FAIL,0104a600
190723064105,ENDCOOP_FAIL,0104a600_
190723064105,TAG_DEPARTED_B,0104a600
190723064106,TAG_ARRIVED_A,0104a600
190723064107,SOLO_FAIL,0104a600
190723064107,TAG_ARRIVED_B,01c4ca00
190723064108,STARTCOOP_SUCCESS,0104a600_01c4ca00
190723064108,ENDCOOP_SUCCESS,01c4ca00_0104a600
190723064108,TAG_DEPARTED_B,01c4ca00
190723064109,TAG_ARRIVED_B,01c4ca00
190723064110,STARTCOOP_SUCCESS,0104a600_01c4ca00
190723064110,TAG_DEPARTED_A,0104a600
190723064110,TAG_ARRIVED_A,0104a600
190723064111,STARTCOOP_SUCCESS,01c4ca00_0104a600
190723064111,ENDCOOP_SUCCESS,01c4ca00_0104a600
190723064112,TAG_DEPARTED_B,01c4ca00
190723064112,TAG_DEPARTED_A,0104a600
190723064114,TAG_ARRIVED_A,0102ae00
190723064114,SOLO_FAIL,0102ae00
190723064117,TAG_ARRIVED_B,01043c00
190723064118,STARTCOOP_FAIL,0102ae00_01043c00
190723064118,TAG_DEPARTED_A,0102ae00
190723064119,ENDCOOP_FAIL,01043c00_
190723064120,TAG_DEPARTED_B,01043c00
190723064121,TAG_ARRIVED_B,01043c00
190723064122,SOLO_FAIL,01043c00
190723064125,ENDCOOP_FAIL,01043c00_
190723064126,TAG_DEPARTED_B,01043c00
190723064128,TAG_ARRIVED_A,0102ae00
190723064128,SOLO_FAIL,0102ae00
190723064133,TAG_DEPARTED_A,0102ae00
190723064147,TAG_ARRIVED_A,0102ae00
190723064147,SOLO_FAIL,0102ae00
190723064153,TAG_ARRIVED_B,01043c00
190723064154,STARTCOOP_FAIL,0102ae00_01043c00
190723064155,ENDCOOP_FAIL,01043c00_0102ae00
190723064155,TAG_DEPARTED_B,01043c00
190723064200,TAG_DEPARTED_A,0102ae00
190723064202,TAG_ARRIVED_B,01043c00
190723064203,SOLO_FAIL,01043c00
190723064204,TAG_ARRIVED_A,0102ae00
190723064204,STARTCOOP_FAIL,01043c00_0102ae00
190723064205,TAG_DEPARTED_A,0102ae00
190723064205,TAG_ARRIVED_A,0102ae00
190723064206,STARTCOOP_FAIL,01043c00_0102ae00
190723064210,ENDCOOP_FAIL,01043c00_0102ae00
190723064210,TAG_DEPARTED_B,01043c00
190723064214,TAG_DEPARTED_A,0102ae00
190723064215,TAG_ARRIVED_A,0102ae00
190723064216,SOLO_FAIL,0102ae00
190723064226,TAG_DEPARTED_A,0102ae00
190723064230,TAG_ARRIVED_A,0102ae00
190723064230,SOLO_FAIL,0102ae00
190723064235,TAG_ARRIVED_B,0104a600
190723064236,STARTCOOP_FAIL,0102ae00_0104a600
190723064237,TAG_DEPARTED_A,0102ae00
190723064238,TAG_ARRIVED_A,0102ae00
190723064239,STARTCOOP_FAIL,0104a600_0102ae00
190723064240,TAG_DEPARTED_A,0102ae00
190723064243,TAG_ARRIVED_A,0102ae00
190723064244,STARTCOOP_FAIL,0104a600_0102ae00
190723064245,TAG_DEPARTED_A,0102ae00
190723064250,TAG_ARRIVED_A,0102ae00
190723064250,STARTCOOP_FAIL,0104a600_0102ae00
190723064252,TAG_DEPARTED_A,0102ae00
190723064259,TAG_ARRIVED_A,0102ae00
190723064259,STARTCOOP_FAIL,0104a600_0102ae00
190723064304,TAG_DEPARTED_A,0102ae00
190723064305,TAG_ARRIVED_A,0102ae00
190723064305,STARTCOOP_FAIL,0104a600_0102ae00
190723064313,TAG_DEPARTED_A,0102ae00
190723064335,TAG_ARRIVED_A,0102ae00
190723064336,STARTCOOP_FAIL,0104a600_0102ae00
190723064350,TAG_DEPARTED_A,0102ae00
190723064353,TAG_ARRIVED_A,0102ae00
190723064353,STARTCOOP_FAIL,0104a600_0102ae00
190723064400,TAG_DEPARTED_A,0102ae00
190723064401,TAG_ARRIVED_A,0102ae00
190723064401,STARTCOOP_FAIL,0104a600_0102ae00
190723064405,TAG_DEPARTED_A,0102ae00
190723064409,TAG_ARRIVED_A,0102ae00
190723064410,STARTCOOP_FAIL,0104a600_0102ae00
190723064412,TAG_DEPARTED_A,0102ae00
190723064413,TAG_ARRIVED_A,0102ae00
190723064413,STARTCOOP_FAIL,0104a600_0102ae00
190723064418,ENDCOOP_FAIL,0104a600_0102ae00
190723064418,TAG_DEPARTED_B,0104a600
190723064434,TAG_DEPARTED_A,0102ae00
190723064436,TAG_ARRIVED_B,01c4ca00
190723064437,SOLO_FAIL,01c4ca00
190723064444,TAG_ARRIVED_A,0102ae00
190723064445,STARTCOOP_FAIL,01c4ca00_0102ae00
190723064453,TAG_DEPARTED_A,0102ae00
190723064454,TAG_ARRIVED_B,1021800
190723064455,SOLO_FAIL,1021800
190723064518,TAG_ARRIVED_A,01c4ca00
190723064519,STARTCOOP_FAIL,01021800_01c4ca00
190723064520,ENDCOOP_FAIL,01021800_01c4ca00
190723064520,TAG_DEPARTED_B,1021800
190723064521,TAG_ARRIVED_B,1021800
190723064522,STARTCOOP_FAIL,01c4ca00_01021800
190723064531,ENDCOOP_FAIL,01021800_01c4ca00
190723064531,TAG_DEPARTED_B,1021800
190723064542,TAG_DEPARTED_A,01c4ca00
190723064554,TAG_ARRIVED_A,01043c00
190723064555,SOLO_FAIL,01043c00
190723064610,TAG_DEPARTED_A,01043c00
190723064618,TAG_ARRIVED_B,1021800
190723064618,SOLO_FAIL,1021800
190723064655,ENDCOOP_FAIL,01021800_
190723064656,TAG_DEPARTED_B,1021800
190723064700,TAG_ARRIVED_B,1021800
190723064700,SOLO_FAIL,1021800
190723064719,ENDCOOP_FAIL,01021800_
190723064720,TAG_DEPARTED_B,1021800
190723064722,LOCKOUT_ENDED,
190723064729,TAG_ARRIVED_A,01c4ca00
190723064730,SOLO_SUCCESS,01c4ca00
190723064731,TAG_ARRIVED_B,1036100
190723064732,STARTCOOP_SUCCESS,01c4ca00_01036100
190723064732,TAG_DEPARTED_A,01c4ca00
190723064733,TAG_ARRIVED_A,01d41b00
190723064734,STARTCOOP_SUCCESS,01036100_01d41b00
190723064735,ENDCOOP_SUCCESS,01036100_01d41b00
190723064736,TAG_DEPARTED_B,1036100
190723064736,TAG_ARRIVED_B,1036100
190723064737,STARTCOOP_SUCCESS,01d41b00_01036100
190723064737,TAG_DEPARTED_A,01d41b00
190723064740,ENDCOOP_SUCCESS,01036100_
190723064740,TAG_DEPARTED_B,1036100
190723064743,TAG_ARRIVED_B,01d41b00
190723064744,SOLO_SUCCESS,01d41b00
190723064754,TAG_DEPARTED_B,01d41b00
190723064801,TAG_ARRIVED_B,01d41b00
190723064802,SOLO_SUCCESS,01d41b00
190723064803,TAG_DEPARTED_B,01d41b00
190723064809,TAG_ARRIVED_B,01d41b00
190723064810,SOLO_SUCCESS,01d41b00
190723064815,TAG_DEPARTED_B,01d41b00
190723064822,TAG_ARRIVED_B,1021800
190723064823,SOLO_SUCCESS,1021800
190723064906,TAG_DEPARTED_B,1021800
190723065229,TAG_ARRIVED_B,01026c00
190723065230,SOLO_SUCCESS,01026c00
190723065231,TAG_DEPARTED_B,01026c00
190723065301,TAG_ARRIVED_B,01b49c00
190723065302,SOLO_SUCCESS,01b49c00
190723065304,TAG_DEPARTED_B,01b49c00
190723065310,TAG_ARRIVED_B,01b49c00
190723065311,SOLO_SUCCESS,01b49c00
190723065322,TAG_DEPARTED_B,01b49c00
190723065324,TAG_ARRIVED_B,01026c00
190723065325,SOLO_SUCCESS,01026c00
190723065337,TAG_DEPARTED_B,01026c00
190723065342,TAG_ARRIVED_B,01026c00
190723065343,SOLO_SUCCESS,01026c00
190723065346,TAG_DEPARTED_B,01026c00
190723065400,TAG_ARRIVED_B,01026c00
190723065401,SOLO_SUCCESS,01026c00
190723065414,TAG_DEPARTED_B,01026c00
190723065418,TAG_ARRIVED_B,01b49c00
190723065420,SOLO_SUCCESS,01b49c00
190723065421,TAG_DEPARTED_B,01b49c00
190723065424,TAG_ARRIVED_B,01026c00
190723065425,SOLO_SUCCESS,01026c00
190723065428,TAG_DEPARTED_B,01026c00
190723065433,TAG_ARRIVED_B,01026c00
190723065433,SOLO_SUCCESS,01026c00
190723065440,TAG_DEPARTED_B,01026c00
190723065455,TAG_ARRIVED_B,01026c00
190723065456,SOLO_SUCCESS,01026c00
190723065514,TAG_DEPARTED_B,01026c00
190723065523,TAG_ARRIVED_B,1.02E+03
190723065524,SOLO_SUCCESS,1.02E+03
190723065532,TAG_DEPARTED_B,1.02E+03
190723070236,TAG_ARRIVED_A,0101c200
190723070237,SOLO_SUCCESS,0101c200
190723070238,TAG_DEPARTED_A,0101c200
190723070908,TAG_ARRIVED_B,01c4ca00
190723070909,SOLO_SUCCESS,01c4ca00
190723070914,TAG_DEPARTED_B,01c4ca00
190723072318,TAG_ARRIVED_A,0102ee00
190723072319,SOLO_SUCCESS,0102ee00
190723072321,TAG_DEPARTED_A,0102ee00
190723074757,TAG_ARRIVED_B,1653700
190723074758,SOLO_SUCCESS,1653700
190723074807,TAG_ARRIVED_B,1036100
190723074808,SOLO_SUCCESS,1036100
190723074829,TAG_DEPARTED_B,1036100
190723074834,TAG_ARRIVED_B,1036100
190723074835,SOLO_SUCCESS,1036100
190723074838,TAG_DEPARTED_B,1036100
190723074847,TAG_ARRIVED_B,1036100
190723074848,SOLO_SUCCESS,1036100
190723074915,TAG_DEPARTED_B,1036100
190723075157,TAG_ARRIVED_A,0104a600
190723075158,SOLO_SUCCESS,0104a600
190723075159,TAG_DEPARTED_A,0104a600
190723075208,TAG_ARRIVED_A,0104a600
190723075209,SOLO_SUCCESS,0104a600
190723075212,TAG_DEPARTED_A,0104a600
190723080623,TAG_ARRIVED_A,0102ee00
190723080624,SOLO_SUCCESS,0102ee00
190723080626,TAG_DEPARTED_A,0102ee00
190723080655,TAG_ARRIVED_A,0102ee00
190723080655,SOLO_SUCCESS,0102ee00
190723080657,TAG_DEPARTED_A,0102ee00
190723080700,TAG_ARRIVED_A,0102ee00
190723080701,SOLO_SUCCESS,0102ee00
190723080702,TAG_DEPARTED_A,0102ee00
190723080706,TAG_ARRIVED_A,0102ee00
190723080707,SOLO_SUCCESS,0102ee00
190723080709,TAG_DEPARTED_A,0102ee00
190723080711,TAG_ARRIVED_B,0102ee00
190723080712,SOLO_SUCCESS,0102ee00
190723080713,TAG_DEPARTED_B,0102ee00
190723080730,TAG_ARRIVED_B,0102ee00
190723080731,SOLO_SUCCESS,0102ee00
190723080734,TAG_DEPARTED_B,0102ee00
190723080738,TAG_ARRIVED_A,0102ee00
190723080739,SOLO_SUCCESS,0102ee00
190723080740,TAG_DEPARTED_A,0102ee00
190723080834,TAG_ARRIVED_A,0102ee00
190723080835,SOLO_SUCCESS,0102ee00
190723080843,TAG_DEPARTED_A,0102ee00
190723080951,TAG_ARRIVED_B,0102ee00
190723080952,SOLO_SUCCESS,0102ee00
190723081041,TAG_ARRIVED_A,1021800
190723081042,STARTCOOP_FAIL,0102ee00_01021800
190723081043,TAG_DEPARTED_A,1021800
190723081043,TAG_ARRIVED_A,1021800
190723081044,STARTCOOP_FAIL,0102ee00_01021800
190723081045,TAG_DEPARTED_A,1021800
190723081050,TAG_ARRIVED_A,1021800
190723081051,STARTCOOP_FAIL,0102ee00_01021800
190723081052,ENDCOOP_FAIL,0102ee00_01021800
190723081052,TAG_DEPARTED_B,0102ee00
190723081052,TAG_ARRIVED_B,0102ee00
190723081054,STARTCOOP_FAIL,01021800_0102ee00
190723081054,TAG_DEPARTED_A,1021800
190723081120,TAG_ARRIVED_A,1021800
190723081121,STARTCOOP_FAIL,0102ee00_01021800
190723081123,TAG_DEPARTED_A,1021800
190723081137,ENDCOOP_FAIL,0102ee00_
190723081137,TAG_DEPARTED_B,0102ee00
190723081137,TAG_ARRIVED_A,1021800
190723081138,SOLO_FAIL,1021800
190723081155,TAG_DEPARTED_A,1021800
190723081208,TAG_ARRIVED_B,0102ee00
190723081209,SOLO_FAIL,0102ee00
190723081301,TAG_ARRIVED_A,1021800
190723081301,STARTCOOP_FAIL,0102ee00_01021800
190723081308,TAG_DEPARTED_A,1021800
190723081309,TAG_ARRIVED_A,1021800
190723081309,STARTCOOP_FAIL,0102ee00_01021800
190723081340,TAG_DEPARTED_A,1021800
190723081409,TAG_ARRIVED_A,1021800
190723081410,STARTCOOP_FAIL,0102ee00_01021800
190723081436,TAG_DEPARTED_A,1021800
190723081443,TAG_ARRIVED_A,1021800
190723081443,STARTCOOP_FAIL,0102ee00_01021800
190723081445,TAG_DEPARTED_A,1021800
190723081447,TAG_ARRIVED_A,01e14200
190723081448,STARTCOOP_FAIL,0102ee00_01e14200
190723081448,ENDCOOP_FAIL,0102ee00_01e14200
190723081448,TAG_DEPARTED_B,0102ee00
190723081449,TAG_ARRIVED_A,0102ee00
190723081450,SOLO_FAIL,0102ee00
190723081458,TAG_DEPARTED_A,0102ee00
190723081519,TAG_ARRIVED_B,1021800
190723081520,SOLO_FAIL,1021800
190723081525,ENDCOOP_FAIL,01021800_
190723081525,TAG_DEPARTED_B,1021800
190723081531,TAG_ARRIVED_A,0102ee00
190723081532,SOLO_FAIL,0102ee00
190723081536,TAG_DEPARTED_A,0102ee00
190723081614,TAG_ARRIVED_B,015a3600
190723081615,SOLO_FAIL,015a3600
190723081620,ENDCOOP_FAIL,015a3600_
190723081620,TAG_DEPARTED_B,015a3600
190723081621,TAG_ARRIVED_B,015a3600
190723081622,SOLO_FAIL,015a3600
190723081643,ENDCOOP_FAIL,015a3600_
190723081643,TAG_DEPARTED_B,015a3600
190723081648,LOCKOUT_ENDED,
190723081708,TAG_ARRIVED_B,015a3600
190723081709,SOLO_SUCCESS,015a3600
190723081737,TAG_ARRIVED_A,1025600
190723081738,TAG_MISSING_A,1025600
190723081738,SOLO_SUCCESS,1025600
190723081739,TAG_DEPARTED_A,1025600
190723081739,TAG_ARRIVED_A,1025600
190723081740,TAG_MISSING_A,1025600
190723081741,SOLO_SUCCESS,1025600
190723081741,TAG_DEPARTED_A,1025600
190723081741,TAG_ARRIVED_A,1025600
190723081743,TAG_MISSING_A,1025600
190723081743,SOLO_SUCCESS,1025600
190723081743,TAG_DEPARTED_A,1025600
190723081744,TAG_ARRIVED_A,1025600
190723081745,TAG_MISSING_A,1025600
190723081745,SOLO_SUCCESS,1025600
190723081746,TAG_DEPARTED_A,1025600
190723081746,TAG_ARRIVED_A,1025600
190723081747,TAG_MISSING_A,1025600
190723081747,SOLO_SUCCESS,1025600
190723081748,TAG_DEPARTED_A,1025600
190723081748,TAG_ARRIVED_A,1025600
190723081750,TAG_MISSING_A,1025600
190723081750,SOLO_SUCCESS,1025600
190723081750,TAG_DEPARTED_A,1025600
190723081750,TAG_ARRIVED_A,1025600
190723081752,TAG_MISSING_A,1025600
190723081752,SOLO_SUCCESS,1025600
190723081752,TAG_DEPARTED_A,1025600
190723081753,TAG_ARRIVED_A,1025600
190723081754,TAG_MISSING_A,1025600
190723081754,SOLO_SUCCESS,1025600
190723081755,TAG_DEPARTED_A,1025600
190723081755,TAG_ARRIVED_A,1025600
190723081756,TAG_MISSING_A,1025600
190723081757,SOLO_SUCCESS,1025600
190723081757,TAG_DEPARTED_A,1025600
190723081757,TAG_ARRIVED_A,1025600
190723081759,TAG_MISSING_A,1025600
190723081759,SOLO_SUCCESS,1025600
190723081759,TAG_DEPARTED_A,1025600
190723081800,TAG_ARRIVED_A,1025600
190723081801,TAG_MISSING_A,1025600
190723081801,SOLO_SUCCESS,1025600
190723081802,TAG_DEPARTED_A,1025600
190723081802,TAG_ARRIVED_A,1025600
190723081803,TAG_MISSING_A,1025600
190723081804,SOLO_SUCCESS,1025600
190723081804,TAG_DEPARTED_A,1025600
190723081804,TAG_ARRIVED_A,1025600
190723081806,TAG_MISSING_A,1025600
190723081806,SOLO_SUCCESS,1025600
190723081806,TAG_DEPARTED_A,1025600
190723081807,TAG_ARRIVED_A,1025600
190723081808,TAG_MISSING_A,1025600
190723081808,SOLO_SUCCESS,1025600
190723081808,TAG_DEPARTED_A,1025600
190723081809,TAG_ARRIVED_A,1025600
190723081810,TAG_MISSING_A,1025600
190723081810,SOLO_SUCCESS,1025600
190723081811,TAG_DEPARTED_A,1025600
190723081811,TAG_ARRIVED_A,1025600
190723081812,TAG_MISSING_A,1025600
190723081813,SOLO_SUCCESS,1025600
190723081813,TAG_DEPARTED_A,1025600
190723081813,TAG_ARRIVED_A,1025600
190723081815,TAG_MISSING_A,1025600
190723081815,SOLO_SUCCESS,1025600
190723081815,TAG_DEPARTED_B,015a3600
190723081816,TAG_DEPARTED_A,1025600
190723081816,TAG_ARRIVED_B,015a3600
190723081816,SOLO_SUCCESS,015a3600
190723081816,TAG_ARRIVED_A,1025600
190723081818,TAG_MISSING_A,1025600
190723081818,SOLO_SUCCESS,1025600
190723081818,TAG_DEPARTED_B,015a3600
190723081819,TAG_DEPARTED_A,1025600
190723081819,TAG_ARRIVED_A,1025600
190723081821,TAG_MISSING_A,1025600
190723081821,SOLO_SUCCESS,1025600
190723081822,TAG_ARRIVED_B,015a3600
190723081822,SOLO_SUCCESS,015a3600
190723081824,TAG_DEPARTED_B,015a3600
190723081825,TAG_ARRIVED_B,015a3600
190723081825,SOLO_SUCCESS,015a3600
190723081837,TAG_DEPARTED_B,015a3600
190723081837,TAG_ARRIVED_B,015a3600
190723081837,SOLO_SUCCESS,015a3600
190723081844,TAG_DEPARTED_B,015a3600
190723081845,TAG_ARRIVED_B,015a3600
190723081845,SOLO_SUCCESS,015a3600
190723081956,TAG_DEPARTED_B,015a3600
190723081957,TAG_ARRIVED_B,015a3600
190723081957,SOLO_SUCCESS,015a3600
190723082033,TAG_DEPARTED_B,015a3600
190723082036,TAG_ARRIVED_B,015a3600
190723082036,SOLO_SUCCESS,015a3600
190723082039,TAG_DEPARTED_B,015a3600
190723082046,TAG_ARRIVED_B,015a3600
190723082047,SOLO_SUCCESS,015a3600
190723082110,TAG_DEPARTED_B,015a3600
190723082118,TAG_ARRIVED_B,015a3600
190723082118,SOLO_SUCCESS,015a3600
190723082149,TAG_DEPARTED_A,1025600
190723082151,TAG_ARRIVED_A,0104d700
190723082152,STARTCOOP_SUCCESS,015a3600_0104d700
190723082153,TAG_DEPARTED_A,0104d700
190723082159,ENDCOOP_SUCCESS,015a3600_
190723082159,TAG_DEPARTED_B,015a3600
190723082204,TAG_ARRIVED_A,0104d700
190723082205,SOLO_SUCCESS,0104d700
190723082206,TAG_DEPARTED_A,0104d700
190723082212,TAG_ARRIVED_A,0104d700
190723082213,SOLO_SUCCESS,0104d700
190723082218,TAG_DEPARTED_A,0104d700
190723082218,TAG_ARRIVED_A,0104d700
190723082219,SOLO_SUCCESS,0104d700
190723082236,TAG_DEPARTED_A,0104d700
190723082239,TAG_ARRIVED_A,0104d700
190723082239,SOLO_SUCCESS,0104d700
190723082248,TAG_DEPARTED_A,0104d700
190723082249,TAG_ARRIVED_A,0104d700
190723082249,SOLO_SUCCESS,0104d700
190723082252,TAG_DEPARTED_A,0104d700
190723082300,TAG_ARRIVED_A,0104d700
190723082300,SOLO_SUCCESS,0104d700
190723082302,TAG_DEPARTED_A,0104d700
190723082303,TAG_ARRIVED_B,015a3600
190723082304,SOLO_SUCCESS,015a3600
190723082305,TAG_DEPARTED_B,015a3600
190723082310,TAG_ARRIVED_A,0104d700
190723082310,SOLO_SUCCESS,0104d700
190723082314,TAG_DEPARTED_A,0104d700
190723082320,TAG_ARRIVED_B,015a3600
190723082320,SOLO_SUCCESS,015a3600
190723082324,TAG_DEPARTED_B,015a3600
190723082339,TAG_ARRIVED_B,015a3600
190723082339,SOLO_SUCCESS,015a3600
190723082341,TAG_DEPARTED_B,015a3600
190723082342,TAG_ARRIVED_B,015a3600
190723082343,SOLO_SUCCESS,015a3600
190723082414,TAG_ARRIVED_A,0104d700
190723082414,STARTCOOP_SUCCESS,015a3600_0104d700
190723082419,TAG_DEPARTED_A,0104d700
190723082420,TAG_ARRIVED_A,0104d700
190723082420,STARTCOOP_SUCCESS,015a3600_0104d700
190723082424,ENDCOOP_SUCCESS,015a3600_0104d700
190723082425,TAG_DEPARTED_B,015a3600
190723082427,TAG_ARRIVED_B,015a3600
190723082427,STARTCOOP_SUCCESS,0104d700_015a3600
190723082429,TAG_DEPARTED_A,0104d700
190723082429,TAG_ARRIVED_A,0104d700
190723082430,STARTCOOP_SUCCESS,015a3600_0104d700
190723082431,TAG_DEPARTED_A,0104d700
190723082432,TAG_ARRIVED_A,0104d700
190723082433,STARTCOOP_SUCCESS,015a3600_0104d700
190723082439,TAG_DEPARTED_A,0104d700
190723082441,TAG_ARRIVED_B,1033800
190723082442,SOLO_SUCCESS,1033800
190723082444,TAG_DEPARTED_B,1033800
190723082445,TAG_ARRIVED_A,0104d700
190723082445,SOLO_SUCCESS,0104d700
190723082449,TAG_DEPARTED_A,0104d700
190723082449,TAG_ARRIVED_B,1033800
190723082450,SOLO_SUCCESS,1033800
190723082451,TAG_DEPARTED_B,1033800
190723082452,TAG_ARRIVED_B,1033800
190723082453,SOLO_SUCCESS,1033800
190723082454,TAG_DEPARTED_B,1033800
190723082459,TAG_ARRIVED_A,0104d700
190723082459,SOLO_SUCCESS,0104d700
190723082500,TAG_ARRIVED_B,1033800
190723082501,STARTCOOP_FAIL,0104d700_01033800
190723082504,TAG_DEPARTED_A,0104d700
190723082505,ENDCOOP_FAIL,01033800_
190723082505,TAG_DEPARTED_B,1033800
190723082506,TAG_ARRIVED_A,0104d700
190723082506,SOLO_FAIL,0104d700
190723082514,TAG_DEPARTED_A,0104d700
190723082515,TAG_ARRIVED_B,1033800
190723082516,SOLO_FAIL,1033800
190723082518,ENDCOOP_FAIL,01033800_
190723082518,TAG_DEPARTED_B,1033800
190723082522,TAG_ARRIVED_B,1033800
190723082523,SOLO_FAIL,1033800
190723082524,ENDCOOP_FAIL,01033800_
190723082524,TAG_DEPARTED_B,1033800
190723082539,TAG_ARRIVED_B,1033800
190723082540,SOLO_FAIL,1033800
190723082549,TAG_ARRIVED_A,0104d700
190723082550,STARTCOOP_FAIL,01033800_0104d700
190723082551,TAG_DEPARTED_A,0104d700
190723082556,ENDCOOP_FAIL,01033800_
190723082556,TAG_DEPARTED_B,1033800
190723082613,TAG_ARRIVED_B,1033800
190723082613,SOLO_FAIL,1033800
190723082655,ENDCOOP_FAIL,01033800_
190723082655,TAG_DEPARTED_B,1033800
190723082656,TAG_ARRIVED_A,7991800
190723082656,SOLO_FAIL,7991800
190723082659,TAG_DEPARTED_A,7991800
190723082721,TAG_ARRIVED_B,01e14200
190723082722,SOLO_FAIL,01e14200
190723082728,TAG_ARRIVED_A,7991800
190723082729,STARTCOOP_SUCCESS,01e14200_07991800
190723082732,ENDCOOP_SUCCESS,01e14200_07991800
190723082732,TAG_DEPARTED_B,01e14200
190723082733,TAG_DEPARTED_A,7991800
190723082733,TAG_ARRIVED_B,01043c00
190723082734,SOLO_FAIL,01043c00
190723082735,ENDCOOP_FAIL,01043c00_
190723082735,TAG_DEPARTED_B,01043c00
190723082735,TAG_ARRIVED_A,7991800
190723082736,SOLO_FAIL,7991800
190723082738,TAG_ARRIVED_B,01043c00
190723082739,STARTCOOP_FAIL,07991800_01043c00
190723082740,TAG_DEPARTED_A,7991800
190723082742,ENDCOOP_FAIL,01043c00_
190723082742,TAG_DEPARTED_B,01043c00
190723082743,TAG_ARRIVED_B,01043c00
190723082744,SOLO_FAIL,01043c00
190723082754,ENDCOOP_FAIL,01043c00_
190723082755,TAG_DEPARTED_B,01043c00
190723082756,TAG_ARRIVED_B,01043c00
190723082757,SOLO_FAIL,01043c00
190723082757,TAG_ARRIVED_A,7991800
190723082758,STARTCOOP_FAIL,01043c00_07991800
190723082758,ENDCOOP_FAIL,01043c00_07991800
190723082759,TAG_DEPARTED_B,01043c00
190723082800,TAG_ARRIVED_B,01043c00
190723082801,STARTCOOP_FAIL,07991800_01043c00
190723082803,TAG_DEPARTED_A,7991800
190723082809,ENDCOOP_FAIL,01043c00_
190723082810,TAG_DEPARTED_B,01043c00
190723082810,TAG_ARRIVED_B,01043c00
190723082811,SOLO_FAIL,01043c00
190723082814,TAG_ARRIVED_A,7991800
190723082815,STARTCOOP_FAIL,01043c00_07991800
190723082817,ENDCOOP_FAIL,01043c00_07991800
190723082817,TAG_DEPARTED_B,01043c00
190723082818,TAG_DEPARTED_A,7991800
190723082819,TAG_ARRIVED_B,01043c00
190723082820,SOLO_FAIL,01043c00
190723082820,TAG_ARRIVED_A,01e14200
190723082821,STARTCOOP_FAIL,01043c00_01e14200
190723082821,ENDCOOP_FAIL,01043c00_01e14200
190723082822,TAG_DEPARTED_B,01043c00
190723082822,TAG_ARRIVED_B,01043c00
190723082823,STARTCOOP_FAIL,01e14200_01043c00
190723082823,TAG_DEPARTED_A,01e14200
190723082824,TAG_ARRIVED_A,01e14200
190723082825,STARTCOOP_FAIL,01043c00_01e14200
190723082825,ENDCOOP_FAIL,01043c00_01e14200
190723082825,TAG_DEPARTED_B,01043c00
190723082828,TAG_ARRIVED_B,01043c00
190723082829,STARTCOOP_FAIL,01e14200_01043c00
190723082841,TAG_DEPARTED_A,01e14200
190723082842,TAG_ARRIVED_A,01e14200
190723082843,STARTCOOP_FAIL,01043c00_01e14200
190723082843,ENDCOOP_FAIL,01043c00_01e14200
190723082844,TAG_DEPARTED_B,01043c00
190723082844,TAG_ARRIVED_B,01043c00
190723082845,STARTCOOP_FAIL,01e14200_01043c00
190723082848,TAG_ARRIVED_A,1040300
190723082849,STARTCOOP_FAIL,01043c00_01040300
190723082857,TAG_ARRIVED_A,01c4ca00
190723082858,STARTCOOP_SUCCESS,01043c00_01c4ca00
190723082901,ENDCOOP_SUCCESS,01043c00_01c4ca00
190723082902,TAG_DEPARTED_B,01043c00
190723082902,TAG_ARRIVED_B,01043c00
190723082903,STARTCOOP_SUCCESS,01c4ca00_01043c00
190723082904,ENDCOOP_SUCCESS,01043c00_01c4ca00
190723082904,TAG_DEPARTED_B,01043c00
190723082905,TAG_DEPARTED_A,01c4ca00
190723083049,LOCKOUT_ENDED,
190723083718,TAG_ARRIVED_B,01d41b00
190723083719,SOLO_SUCCESS,01d41b00
190723083721,TAG_DEPARTED_B,01d41b00
190723083726,TAG_ARRIVED_B,01d41b00
190723083727,SOLO_SUCCESS,01d41b00
190723083737,TAG_DEPARTED_B,01d41b00
190723083742,TAG_ARRIVED_B,01d41b00
190723083744,SOLO_SUCCESS,01d41b00
190723083745,TAG_DEPARTED_B,01d41b00
190723083755,TAG_ARRIVED_B,01d41b00
190723083756,SOLO_SUCCESS,01d41b00
190723083758,TAG_DEPARTED_B,01d41b00
190723083800,TAG_ARRIVED_B,01d41b00
190723083801,SOLO_SUCCESS,01d41b00
190723083804,TAG_ARRIVED_A,01bb2200
190723083805,STARTCOOP_SUCCESS,01d41b00_01bb2200
190723083808,ENDCOOP_SUCCESS,01d41b00_01bb2200
190723083808,TAG_DEPARTED_B,01d41b00
190723083810,TAG_DEPARTED_A,01bb2200
190723083811,TAG_ARRIVED_A,01bb2200
190723083812,SOLO_SUCCESS,01bb2200
190723083816,TAG_ARRIVED_B,01d41b00
190723083818,STARTCOOP_SUCCESS,01bb2200_01d41b00
190723083818,TAG_DEPARTED_A,01bb2200
190723083818,TAG_ARRIVED_A,01bb2200
190723083819,STARTCOOP_SUCCESS,01d41b00_01bb2200
190723083820,ENDCOOP_SUCCESS,01d41b00_01bb2200
190723083820,TAG_DEPARTED_B,01d41b00
190723083821,TAG_ARRIVED_B,01d41b00
190723083822,STARTCOOP_SUCCESS,01bb2200_01d41b00
190723083825,ENDCOOP_SUCCESS,01d41b00_01bb2200
190723083825,TAG_DEPARTED_B,01d41b00
190723083825,TAG_DEPARTED_A,01bb2200
190723083831,TAG_ARRIVED_A,01bb2200
190723083832,SOLO_SUCCESS,01bb2200
190723083836,TAG_DEPARTED_A,01bb2200
190723083837,TAG_ARRIVED_B,01d41b00
190723083838,SOLO_SUCCESS,01d41b00
190723083843,TAG_DEPARTED_B,01d41b00
190723083848,TAG_ARRIVED_A,01bb2200
190723083849,SOLO_SUCCESS,01bb2200
190723083852,TAG_DEPARTED_A,01bb2200
190723083852,TAG_ARRIVED_A,01bb2200
190723083853,SOLO_SUCCESS,01bb2200
190723083854,TAG_ARRIVED_B,0104a600
190723083855,STARTCOOP_SUCCESS,01bb2200_0104a600
190723083856,ENDCOOP_SUCCESS,0104a600_01bb2200
190723083856,TAG_DEPARTED_B,0104a600
190723083903,TAG_DEPARTED_A,01bb2200
190723083909,TAG_ARRIVED_B,0104a600
190723083910,SOLO_SUCCESS,0104a600
190723083916,TAG_DEPARTED_B,0104a600
190723083922,TAG_ARRIVED_B,0104a600
190723083923,SOLO_SUCCESS,0104a600
190723083939,TAG_DEPARTED_B,0104a600
190723084023,TAG_ARRIVED_B,0104a600
190723084024,SOLO_SUCCESS,0104a600
190723084025,TAG_DEPARTED_B,0104a600
190723084029,TAG_ARRIVED_B,0104a600
190723084030,SOLO_SUCCESS,0104a600
190723084043,TAG_DEPARTED_B,0104a600
190723084050,TAG_ARRIVED_B,0104a600
190723084051,SOLO_SUCCESS,0104a600
190723084053,TAG_DEPARTED_B,0104a600
190723084102,TAG_ARRIVED_B,0104a600
190723084103,SOLO_SUCCESS,0104a600
190723084106,TAG_DEPARTED_B,0104a600
190723084114,TAG_ARRIVED_B,0104a600
190723084115,SOLO_SUCCESS,0104a600
190723084116,TAG_DEPARTED_B,0104a600
190723084120,TAG_ARRIVED_B,0104a600
190723084121,SOLO_SUCCESS,0104a600
190723084121,TAG_ARRIVED_A,0140c700
190723084122,STARTCOOP_FAIL,0104a600_0140c700
190723084122,ENDCOOP_FAIL,0104a600_0140c700
190723084122,TAG_DEPARTED_B,0104a600
190723084124,TAG_DEPARTED_A,0140c700
190723084321,LOCKOUT_ENDED,
190723085239,TAG_ARRIVED_A,0104a700
190723085239,SOLO_SUCCESS,0104a700
190723085242,TAG_ARRIVED_B,1045900
190723085243,STARTCOOP_FAIL,0104a700_01045900
190723085244,ENDCOOP_FAIL,01045900_0104a700
190723085244,TAG_DEPARTED_B,1045900
190723085245,TAG_DEPARTED_A,0104a700
190723085443,LOCKOUT_ENDED,
190723085700,TAG_ARRIVED_A,01cf0600
190723085701,SOLO_SUCCESS,01cf0600
190723085702,TAG_DEPARTED_A,01cf0600
190723085704,TAG_ARRIVED_A,01cf0600
190723085705,SOLO_SUCCESS,01cf0600
190723085710,TAG_DEPARTED_A,01cf0600
190723085717,TAG_ARRIVED_A,01cf0600
190723085718,SOLO_SUCCESS,01cf0600
190723085722,TAG_DEPARTED_A,01cf0600
190723085740,TAG_ARRIVED_A,01cf0600
190723085741,SOLO_SUCCESS,01cf0600
190723085743,TAG_DEPARTED_A,01cf0600
190723085758,TAG_ARRIVED_A,01cf0600
190723085759,SOLO_SUCCESS,01cf0600
190723085800,TAG_ARRIVED_B,01e14200
190723085801,STARTCOOP_FAIL,01cf0600_01e14200
190723085803,TAG_DEPARTED_A,01cf0600
190723085804,ENDCOOP_FAIL,01e14200_
190723085804,TAG_DEPARTED_B,01e14200
190723085806,TAG_ARRIVED_B,01e14200
190723085807,SOLO_FAIL,01e14200
190723085808,TAG_ARRIVED_A,01cf0600
190723085809,STARTCOOP_FAIL,01e14200_01cf0600
190723085810,ENDCOOP_FAIL,01e14200_01cf0600
190723085811,TAG_DEPARTED_B,01e14200
190723085811,TAG_ARRIVED_B,01e14200
190723085812,STARTCOOP_FAIL,01cf0600_01e14200
190723085819,TAG_DEPARTED_A,01cf0600
190723085821,TAG_ARRIVED_A,01cf0600
190723085822,STARTCOOP_FAIL,01e14200_01cf0600
190723085831,TAG_ARRIVED_B,01cf0600
190723085832,SOLO_FAIL,01cf0600
190723085833,TAG_DEPARTED_A,01cf0600
190723085843,TAG_ARRIVED_A,01043c00
190723085844,STARTCOOP_SUCCESS,01cf0600_01043c00
190723085847,TAG_DEPARTED_A,01043c00
190723085847,TAG_ARRIVED_A,01043c00
190723085848,STARTCOOP_SUCCESS,01cf0600_01043c00
190723085849,TAG_DEPARTED_A,01043c00
190723085850,TAG_ARRIVED_A,01043c00
190723085851,STARTCOOP_SUCCESS,01cf0600_01043c00
190723085851,ENDCOOP_SUCCESS,01cf0600_01043c00
190723085851,TAG_DEPARTED_B,01cf0600
190723085852,TAG_ARRIVED_B,01cf0600
190723085853,STARTCOOP_SUCCESS,01043c00_01cf0600
190723085853,TAG_DEPARTED_A,01043c00
190723085853,TAG_ARRIVED_A,01043c00
190723085855,STARTCOOP_SUCCESS,01cf0600_01043c00
190723085855,TAG_DEPARTED_A,01043c00
190723085856,TAG_ARRIVED_A,01043c00
190723085857,STARTCOOP_SUCCESS,01cf0600_01043c00
190723085857,TAG_DEPARTED_A,01043c00
190723085858,TAG_ARRIVED_A,01043c00
190723085859,STARTCOOP_SUCCESS,01cf0600_01043c00
190723085900,TAG_DEPARTED_A,01043c00
190723085900,TAG_ARRIVED_A,01043c00
190723085901,STARTCOOP_SUCCESS,01cf0600_01043c00
190723085902,TAG_DEPARTED_A,01043c00
190723085902,TAG_ARRIVED_A,01043c00
190723085903,STARTCOOP_SUCCESS,01cf0600_01043c00
190723085904,TAG_DEPARTED_A,01043c00
190723085905,TAG_ARRIVED_A,01043c00
190723085906,STARTCOOP_SUCCESS,01cf0600_01043c00
190723085922,TAG_DEPARTED_A,01043c00
190723085923,TAG_ARRIVED_A,01043c00
190723085924,STARTCOOP_SUCCESS,01cf0600_01043c00
190723085925,TAG_DEPARTED_A,01043c00
190723085926,TAG_ARRIVED_A,01043c00
190723085927,STARTCOOP_SUCCESS,01cf0600_01043c00
190723085927,ENDCOOP_SUCCESS,01cf0600_01043c00
190723085928,TAG_DEPARTED_B,01cf0600
190723085932,TAG_DEPARTED_A,01043c00
190723085937,TAG_ARRIVED_A,01043c00
190723085938,SOLO_FAIL,01043c00
190723090008,TAG_DEPARTED_A,01043c00
190723090022,LOCKOUT_ENDED,
190723090036,TAG_ARRIVED_B,1041300
190723090036,SOLO_SUCCESS,1041300
190723090038,TAG_DEPARTED_B,1041300
190723090038,TAG_ARRIVED_B,1041300
190723090039,SOLO_SUCCESS,1041300
190723090043,TAG_DEPARTED_B,1041300
190723090050,TAG_ARRIVED_A,01043c00
190723090051,SOLO_SUCCESS,01043c00
190723090104,TAG_ARRIVED_B,1041300
190723090105,STARTCOOP_SUCCESS,01043c00_01041300
190723090111,ENDCOOP_SUCCESS,01041300_01043c00
190723090111,TAG_DEPARTED_B,1041300
190723090112,TAG_ARRIVED_B,1041300
190723090113,STARTCOOP_SUCCESS,01043c00_01041300
190723090118,ENDCOOP_SUCCESS,01041300_01043c00
190723090118,TAG_DEPARTED_B,1041300
190723090121,TAG_DEPARTED_A,01043c00
190723090122,TAG_ARRIVED_A,01043c00
190723090123,SOLO_SUCCESS,01043c00
190723090124,TAG_DEPARTED_A,01043c00
190723090125,TAG_ARRIVED_B,1041300
190723090126,SOLO_SUCCESS,1041300
190723090127,TAG_DEPARTED_B,1041300
190723090130,TAG_ARRIVED_B,1041300
190723090131,SOLO_SUCCESS,1041300
190723090141,TAG_DEPARTED_B,1041300
190723090150,TAG_ARRIVED_A,01043c00
190723090151,SOLO_SUCCESS,01043c00
190723090153,TAG_DEPARTED_A,01043c00
190723090201,TAG_ARRIVED_A,01043c00
190723090202,SOLO_SUCCESS,01043c00
190723090203,TAG_DEPARTED_A,01043c00
190723090208,TAG_ARRIVED_B,1041300
190723090209,SOLO_SUCCESS,1041300
190723090210,TAG_ARRIVED_A,0101c700
190723090211,STARTCOOP_SUCCESS,01041300_0101c700
190723090211,TAG_DEPARTED_A,0101c700
190723090212,ENDCOOP_SUCCESS,01041300_
190723090212,TAG_DEPARTED_B,1041300
190723090215,TAG_ARRIVED_A,1041300
190723090216,SOLO_SUCCESS,1041300
190723090217,TAG_ARRIVED_B,0104dd00
190723090218,STARTCOOP_SUCCESS,01041300_0104dd00
190723090218,ENDCOOP_SUCCESS,0104dd00_01041300
190723090218,TAG_DEPARTED_B,0104dd00
190723090218,TAG_ARRIVED_B,0104dd00
190723090219,STARTCOOP_SUCCESS,01041300_0104dd00
190723090220,TAG_DEPARTED_A,1041300
190723090255,TAG_ARRIVED_A,0101c700
190723090256,STARTCOOP_SUCCESS,0104dd00_0101c700
190723090257,TAG_DEPARTED_A,0101c700
190723090259,TAG_ARRIVED_A,0101c700
190723090300,STARTCOOP_SUCCESS,0104dd00_0101c700
190723090301,TAG_DEPARTED_A,0101c700
190723090301,ENDCOOP_SUCCESS,0104dd00_
190723090301,TAG_DEPARTED_B,0104dd00
190723090302,TAG_ARRIVED_B,0104dd00
190723090303,SOLO_SUCCESS,0104dd00
190723090310,TAG_DEPARTED_B,0104dd00
190723090324,TAG_ARRIVED_B,0104dd00
190723090325,SOLO_SUCCESS,0104dd00
190723090330,TAG_ARRIVED_A,0101c700
190723090331,STARTCOOP_SUCCESS,0104dd00_0101c700
190723090332,TAG_DEPARTED_A,0101c700
190723090345,TAG_ARRIVED_B,0101c200
190723090346,SOLO_SUCCESS,0101c200
190723090347,TAG_DEPARTED_B,0101c200
190723090348,TAG_ARRIVED_A,0101c700
190723090349,SOLO_SUCCESS,0101c700
190723090349,TAG_ARRIVED_B,0101c200
190723090350,STARTCOOP_SUCCESS,0101c700_0101c200
190723090351,TAG_DEPARTED_A,0101c700
190723090356,ENDCOOP_SUCCESS,0101c200_
190723090357,TAG_DEPARTED_B,0101c200
190723090359,TAG_ARRIVED_B,0101c200
190723090400,SOLO_SUCCESS,0101c200
190723090401,TAG_DEPARTED_B,0101c200
190723091423,TAG_ARRIVED_A,0101bb00
190723091424,SOLO_SUCCESS,0101bb00
190723091430,TAG_ARRIVED_B,01177c00
190723091432,TAG_MISSING_B,01177c00
190723091432,SOLO_SUCCESS,01177c00
190723091432,TAG_DEPARTED_B,01177c00
190723091433,TAG_DEPARTED_A,0101bb00
190723091433,TAG_ARRIVED_B,01177c00
190723091434,TAG_MISSING_B,01177c00
190723091435,SOLO_SUCCESS,01177c00
190723091435,TAG_DEPARTED_B,01177c00
190723091436,TAG_ARRIVED_B,01177c00
190723091437,TAG_MISSING_B,01177c00
190723091437,SOLO_SUCCESS,01177c00
190723091437,TAG_ARRIVED_A,0101bb00
190723091438,SOLO_SUCCESS,0101bb00
190723091439,TAG_DEPARTED_B,01177c00
190723091439,TAG_DEPARTED_A,0101bb00
190723091439,TAG_ARRIVED_B,01177c00
190723091441,TAG_MISSING_B,01177c00
190723091441,SOLO_SUCCESS,01177c00
190723091441,TAG_DEPARTED_B,01177c00
190723091442,TAG_ARRIVED_B,01177c00
190723091443,TAG_MISSING_B,01177c00
190723091444,SOLO_SUCCESS,01177c00
190723091444,TAG_ARRIVED_A,0101bb00
190723091445,SOLO_SUCCESS,0101bb00
190723091445,TAG_DEPARTED_B,01177c00
190723091446,TAG_ARRIVED_B,01177c00
190723091447,TAG_MISSING_B,01177c00
190723091448,SOLO_SUCCESS,01177c00
190723091448,TAG_DEPARTED_B,01177c00
190723091448,TAG_DEPARTED_A,0101bb00
190723091449,TAG_ARRIVED_B,01177c00
190723091450,TAG_MISSING_B,01177c00
190723091451,SOLO_SUCCESS,01177c00
190723091451,TAG_ARRIVED_A,0101bb00
190723091452,SOLO_SUCCESS,0101bb00
190723091452,TAG_DEPARTED_B,01177c00
190723091453,TAG_ARRIVED_B,01177c00
190723091454,TAG_MISSING_B,01177c00
190723091455,SOLO_SUCCESS,01177c00
190723091455,TAG_DEPARTED_B,01177c00
190723091455,TAG_DEPARTED_A,0101bb00
190723091456,TAG_ARRIVED_B,01177c00
190723091457,TAG_MISSING_B,01177c00
190723091457,SOLO_SUCCESS,01177c00
190723091458,TAG_ARRIVED_A,0101bb00
190723091459,SOLO_SUCCESS,0101bb00
190723091459,TAG_DEPARTED_B,01177c00
190723091500,TAG_ARRIVED_B,01177c00
190723091501,TAG_MISSING_B,01177c00
190723091501,SOLO_SUCCESS,01177c00
190723091502,TAG_DEPARTED_B,01177c00
190723091502,TAG_DEPARTED_A,0101bb00
190723091503,TAG_ARRIVED_B,01177c00
190723091504,TAG_MISSING_B,01177c00
190723091504,SOLO_SUCCESS,01177c00
190723091505,TAG_ARRIVED_A,0101bb00
190723091505,SOLO_SUCCESS,0101bb00
190723091506,TAG_DEPARTED_B,01177c00
190723091507,TAG_ARRIVED_B,01177c00
190723091508,TAG_MISSING_B,01177c00
190723091508,SOLO_SUCCESS,01177c00
190723091509,TAG_DEPARTED_B,01177c00
190723091509,TAG_DEPARTED_A,0101bb00
190723091509,TAG_ARRIVED_B,01177c00
190723091511,TAG_MISSING_B,01177c00
190723091511,SOLO_SUCCESS,01177c00
190723091512,TAG_ARRIVED_A,0101bb00
190723091512,SOLO_SUCCESS,0101bb00
190723091513,TAG_DEPARTED_B,01177c00
190723091514,TAG_ARRIVED_B,01177c00
190723091515,TAG_MISSING_B,01177c00
190723091515,SOLO_SUCCESS,01177c00
190723091516,TAG_DEPARTED_B,01177c00
190723091516,TAG_DEPARTED_A,0101bb00
190723091516,TAG_ARRIVED_B,01177c00
190723091518,TAG_MISSING_B,01177c00
190723091518,SOLO_SUCCESS,01177c00
190723091518,TAG_ARRIVED_A,0101bb00
190723091519,SOLO_SUCCESS,0101bb00
190723091520,TAG_DEPARTED_B,01177c00
190723091520,TAG_ARRIVED_B,01177c00
190723091522,TAG_MISSING_B,01177c00
190723091522,SOLO_SUCCESS,01177c00
190723091522,TAG_DEPARTED_B,01177c00
190723091523,TAG_DEPARTED_A,0101bb00
190723091523,TAG_ARRIVED_B,01177c00
190723091525,TAG_MISSING_B,01177c00
190723091525,SOLO_SUCCESS,01177c00
190723091525,TAG_ARRIVED_A,0101bb00
190723091526,SOLO_SUCCESS,0101bb00
190723091526,TAG_DEPARTED_B,01177c00
190723091527,TAG_ARRIVED_B,01177c00
190723091529,TAG_MISSING_B,01177c00
190723091529,SOLO_SUCCESS,01177c00
190723091529,TAG_DEPARTED_B,01177c00
190723091530,TAG_DEPARTED_A,0101bb00
190723091530,TAG_ARRIVED_B,01177c00
190723091532,TAG_MISSING_B,01177c00
190723091532,SOLO_SUCCESS,01177c00
190723091532,TAG_ARRIVED_A,0101bb00
190723091533,SOLO_SUCCESS,0101bb00
190723091533,TAG_DEPARTED_B,01177c00
190723091534,TAG_ARRIVED_B,01177c00
190723091536,TAG_MISSING_B,01177c00
190723091536,SOLO_SUCCESS,01177c00
190723091536,TAG_DEPARTED_B,01177c00
190723091536,TAG_DEPARTED_A,0101bb00
190723091537,TAG_ARRIVED_B,01177c00
190723091538,TAG_MISSING_B,01177c00
190723091539,SOLO_SUCCESS,01177c00
190723091539,TAG_ARRIVED_A,0101bb00
190723091540,SOLO_SUCCESS,0101bb00
190723091545,TAG_DEPARTED_A,0101bb00
190723091545,TAG_ARRIVED_A,0101bb00
190723091546,SOLO_SUCCESS,0101bb00
190723091549,TAG_DEPARTED_B,01177c00
190723091549,TAG_ARRIVED_B,01177c00
190723091551,TAG_MISSING_B,01177c00
190723091551,SOLO_SUCCESS,01177c00
190723091551,TAG_DEPARTED_B,01177c00
190723091552,TAG_DEPARTED_A,0101bb00
190723091552,TAG_ARRIVED_A,0101bb00
190723091553,SOLO_SUCCESS,0101bb00
190723091554,TAG_ARRIVED_B,01177c00
190723091555,TAG_MISSING_B,01177c00
190723091555,SOLO_SUCCESS,01177c00
190723091556,TAG_DEPARTED_B,01177c00
190723091556,TAG_DEPARTED_A,0101bb00
190723091557,TAG_ARRIVED_B,01177c00
190723091558,TAG_MISSING_B,01177c00
190723091558,SOLO_SUCCESS,01177c00
190723091558,TAG_ARRIVED_A,0101bb00
190723091559,SOLO_SUCCESS,0101bb00
190723091600,TAG_DEPARTED_B,01177c00
190723091600,TAG_ARRIVED_B,01177c00
190723091602,TAG_MISSING_B,01177c00
190723091602,SOLO_SUCCESS,01177c00
190723091602,TAG_DEPARTED_B,01177c00
190723091603,TAG_DEPARTED_A,0101bb00
190723091603,TAG_ARRIVED_A,0101bb00
190723091604,SOLO_SUCCESS,0101bb00
190723091604,TAG_ARRIVED_B,01177c00
190723091606,TAG_MISSING_B,01177c00
190723091606,SOLO_SUCCESS,01177c00
190723091606,TAG_DEPARTED_A,0101bb00
190723091608,TAG_ARRIVED_A,0101bb00
190723091608,SOLO_SUCCESS,0101bb00
190723091613,TAG_DEPARTED_B,01177c00
190723091616,TAG_ARRIVED_B,01177c00
190723091617,TAG_MISSING_B,01177c00
190723091618,SOLO_SUCCESS,01177c00
190723091618,TAG_DEPARTED_B,01177c00
190723091618,TAG_DEPARTED_A,0101bb00
190723091619,TAG_ARRIVED_A,0101bb00
190723091620,SOLO_SUCCESS,0101bb00
190723091622,TAG_ARRIVED_B,01177c00
190723091623,TAG_MISSING_B,01177c00
190723091623,SOLO_SUCCESS,01177c00
190723091624,TAG_DEPARTED_B,01177c00
190723091624,TAG_DEPARTED_A,0101bb00
190723091624,TAG_ARRIVED_B,01177c00
190723091626,TAG_MISSING_B,01177c00
190723091626,SOLO_SUCCESS,01177c00
190723091626,TAG_ARRIVED_A,0101bb00
190723091627,SOLO_SUCCESS,0101bb00
190723091628,TAG_DEPARTED_B,01177c00
190723091628,TAG_DEPARTED_A,0101bb00
190723091629,TAG_ARRIVED_A,0101bb00
190723091630,SOLO_SUCCESS,0101bb00
190723091631,TAG_ARRIVED_B,01177c00
190723091632,TAG_MISSING_B,01177c00
190723091632,SOLO_SUCCESS,01177c00
190723091633,TAG_DEPARTED_B,01177c00
190723091633,TAG_DEPARTED_A,0101bb00
190723091633,TAG_ARRIVED_A,0101bb00
190723091634,SOLO_SUCCESS,0101bb00
190723091635,TAG_ARRIVED_B,01177c00
190723091636,TAG_MISSING_B,01177c00
190723091636,SOLO_SUCCESS,01177c00
190723091637,TAG_DEPARTED_B,01177c00
190723091637,TAG_ARRIVED_B,01177c00
190723091639,TAG_MISSING_B,01177c00
190723091639,SOLO_SUCCESS,01177c00
190723091639,TAG_DEPARTED_B,01177c00
190723091640,TAG_DEPARTED_A,0101bb00
190723091640,TAG_ARRIVED_A,0101bb00
190723091641,SOLO_SUCCESS,0101bb00
190723091642,TAG_ARRIVED_B,01177c00
190723091643,TAG_MISSING_B,01177c00
190723091643,SOLO_SUCCESS,01177c00
190723091644,TAG_DEPARTED_B,01177c00
190723091644,TAG_DEPARTED_A,0101bb00
190723091645,TAG_ARRIVED_B,01177c00
190723091646,TAG_MISSING_B,01177c00
190723091646,SOLO_SUCCESS,01177c00
190723091647,TAG_ARRIVED_A,0101bb00
190723091648,SOLO_SUCCESS,0101bb00
190723091648,TAG_DEPARTED_B,01177c00
190723091648,TAG_DEPARTED_A,0101bb00
190723091649,TAG_ARRIVED_B,01177c00
190723091650,TAG_MISSING_B,01177c00
190723091650,SOLO_SUCCESS,01177c00
190723091651,TAG_ARRIVED_A,0101bb00
190723091651,SOLO_SUCCESS,0101bb00
190723091652,TAG_DEPARTED_B,01177c00
190723091702,TAG_ARRIVED_B,01177c00
190723091703,TAG_MISSING_B,01177c00
190723091703,SOLO_SUCCESS,01177c00
190723091704,TAG_DEPARTED_B,01177c00
190723091704,TAG_DEPARTED_A,0101bb00
190723091704,TAG_ARRIVED_A,0101bb00
190723091705,SOLO_SUCCESS,0101bb00
190723091709,TAG_ARRIVED_B,01177c00
190723091711,TAG_MISSING_B,01177c00
190723091711,SOLO_SUCCESS,01177c00
190723091711,TAG_DEPARTED_B,01177c00
190723091712,TAG_DEPARTED_A,0101bb00
190723091712,TAG_ARRIVED_A,0101bb00
190723091713,SOLO_SUCCESS,0101bb00
190723091723,TAG_ARRIVED_B,01177c00
190723091724,TAG_MISSING_B,01177c00
190723091724,SOLO_SUCCESS,01177c00
190723091725,TAG_DEPARTED_B,01177c00
190723091725,TAG_DEPARTED_A,0101bb00
190723091726,TAG_ARRIVED_B,01177c00
190723091727,TAG_MISSING_B,01177c00
190723091727,SOLO_SUCCESS,01177c00
190723091727,TAG_ARRIVED_A,0101bb00
190723091728,SOLO_SUCCESS,0101bb00
190723091729,TAG_DEPARTED_B,01177c00
190723091729,TAG_ARRIVED_B,01177c00
190723091731,TAG_MISSING_B,01177c00
190723091731,SOLO_SUCCESS,01177c00
190723091731,TAG_DEPARTED_B,01177c00
190723091732,TAG_DEPARTED_A,0101bb00
190723091732,TAG_ARRIVED_B,01177c00
190723091734,TAG_MISSING_B,01177c00
190723091734,SOLO_SUCCESS,01177c00
190723091734,TAG_ARRIVED_A,0101bb00
190723091735,SOLO_SUCCESS,0101bb00
190723091736,TAG_DEPARTED_B,01177c00
190723091736,TAG_ARRIVED_B,01177c00
190723091738,TAG_MISSING_B,01177c00
190723091738,SOLO_SUCCESS,01177c00
190723091738,TAG_DEPARTED_B,01177c00
190723091739,TAG_DEPARTED_A,0101bb00
190723091739,TAG_ARRIVED_B,01177c00
190723091741,TAG_MISSING_B,01177c00
190723091741,SOLO_SUCCESS,01177c00
190723091741,TAG_ARRIVED_A,0101bb00
190723091742,SOLO_SUCCESS,0101bb00
190723091742,TAG_DEPARTED_B,01177c00
190723091743,TAG_ARRIVED_B,01177c00
190723091745,TAG_MISSING_B,01177c00
190723091745,SOLO_SUCCESS,01177c00
190723091745,TAG_DEPARTED_B,01177c00
190723091746,TAG_DEPARTED_A,0101bb00
190723091746,TAG_ARRIVED_A,0101bb00
190723091747,SOLO_SUCCESS,0101bb00
190723091748,TAG_ARRIVED_B,01177c00
190723091749,TAG_MISSING_B,01177c00
190723091749,SOLO_SUCCESS,01177c00
190723091750,TAG_DEPARTED_B,01177c00
190723091750,TAG_DEPARTED_A,0101bb00
190723091751,TAG_ARRIVED_B,01177c00
190723091752,TAG_MISSING_B,01177c00
190723091752,SOLO_SUCCESS,01177c00
190723091752,TAG_ARRIVED_A,0101bb00
190723091753,SOLO_SUCCESS,0101bb00
190723091754,TAG_DEPARTED_B,01177c00
190723091754,TAG_ARRIVED_B,01177c00
190723091756,TAG_MISSING_B,01177c00
190723091756,SOLO_SUCCESS,01177c00
190723091756,TAG_DEPARTED_B,01177c00
190723091757,TAG_DEPARTED_A,0101bb00
190723091758,TAG_ARRIVED_B,01177c00
190723091759,TAG_MISSING_B,01177c00
190723091759,SOLO_SUCCESS,01177c00
190723091800,TAG_ARRIVED_A,0101bb00
190723091801,SOLO_SUCCESS,0101bb00
190723091801,TAG_DEPARTED_B,01177c00
190723091801,TAG_DEPARTED_A,0101bb00
190723091802,TAG_ARRIVED_B,01177c00
190723091803,TAG_MISSING_B,01177c00
190723091803,SOLO_SUCCESS,01177c00
190723091804,TAG_DEPARTED_B,01177c00
190723091804,TAG_ARRIVED_B,01177c00
190723091805,TAG_MISSING_B,01177c00
190723091806,SOLO_SUCCESS,01177c00
190723091806,TAG_ARRIVED_A,0101bb00
190723091807,SOLO_SUCCESS,0101bb00
190723091807,TAG_DEPARTED_B,01177c00
190723091808,TAG_DEPARTED_A,0101bb00
190723091808,TAG_ARRIVED_B,01177c00
190723091809,TAG_MISSING_B,01177c00
190723091810,SOLO_SUCCESS,01177c00
190723091810,TAG_DEPARTED_B,01177c00
190723091810,TAG_ARRIVED_B,01177c00
190723091812,TAG_MISSING_B,01177c00
190723091812,SOLO_SUCCESS,01177c00
190723091812,TAG_ARRIVED_A,0101bb00
190723091813,SOLO_SUCCESS,0101bb00
190723091814,TAG_DEPARTED_B,01177c00
190723091814,TAG_DEPARTED_A,0101bb00
190723091814,TAG_ARRIVED_B,01177c00
190723091816,TAG_MISSING_B,01177c00
190723091816,SOLO_SUCCESS,01177c00
190723091816,TAG_DEPARTED_B,01177c00
190723091817,TAG_ARRIVED_A,0101bb00
190723091818,SOLO_SUCCESS,0101bb00
190723091818,TAG_ARRIVED_B,01177c00
190723091819,TAG_MISSING_B,01177c00
190723091820,SOLO_SUCCESS,01177c00
190723091820,TAG_DEPARTED_B,01177c00
190723091820,TAG_DEPARTED_A,0101bb00
190723091821,TAG_ARRIVED_B,01177c00
190723091822,TAG_MISSING_B,01177c00
190723091822,SOLO_SUCCESS,01177c00
190723091823,TAG_ARRIVED_A,0101bb00
190723091824,SOLO_SUCCESS,0101bb00
190723091824,TAG_DEPARTED_B,01177c00
190723091825,TAG_ARRIVED_B,01177c00
190723091826,TAG_MISSING_B,01177c00
190723091826,SOLO_SUCCESS,01177c00
190723091827,TAG_DEPARTED_B,01177c00
190723091827,TAG_DEPARTED_A,0101bb00
190723091828,TAG_ARRIVED_B,01177c00
190723091829,TAG_MISSING_B,01177c00
190723091829,SOLO_SUCCESS,01177c00
190723091829,TAG_ARRIVED_A,0101bb00
190723091830,SOLO_SUCCESS,0101bb00
190723091831,TAG_DEPARTED_B,01177c00
190723091831,TAG_DEPARTED_A,0101bb00
190723091832,TAG_ARRIVED_B,01177c00
190723091833,TAG_MISSING_B,01177c00
190723091833,SOLO_SUCCESS,01177c00
190723091834,TAG_ARRIVED_A,0101bb00
190723091834,SOLO_SUCCESS,0101bb00
190723091835,TAG_DEPARTED_B,01177c00
190723091835,TAG_DEPARTED_A,0101bb00
190723091836,TAG_ARRIVED_B,01177c00
190723091837,TAG_MISSING_B,01177c00
190723091837,SOLO_SUCCESS,01177c00
190723091837,TAG_DEPARTED_B,01177c00
190723091838,TAG_ARRIVED_A,0101bb00
190723091839,SOLO_SUCCESS,0101bb00
190723091839,TAG_ARRIVED_B,01177c00
190723091841,TAG_MISSING_B,01177c00
190723091841,SOLO_SUCCESS,01177c00
190723091841,TAG_DEPARTED_B,01177c00
190723091842,TAG_DEPARTED_A,0101bb00
190723091842,TAG_ARRIVED_B,01177c00
190723091843,TAG_MISSING_B,01177c00
190723091844,SOLO_SUCCESS,01177c00
190723091844,TAG_ARRIVED_A,0101bb00
190723091845,SOLO_SUCCESS,0101bb00
190723091845,TAG_DEPARTED_B,01177c00
190723091848,TAG_ARRIVED_B,01177c00
190723091849,TAG_MISSING_B,01177c00
190723091849,SOLO_SUCCESS,01177c00
190723091850,TAG_DEPARTED_B,01177c00
190723091850,TAG_DEPARTED_A,0101bb00
190723091850,TAG_ARRIVED_B,01177c00
190723091852,TAG_MISSING_B,01177c00
190723091852,SOLO_SUCCESS,01177c00
190723091852,TAG_ARRIVED_A,0101bb00
190723091853,SOLO_SUCCESS,0101bb00
190723091854,TAG_DEPARTED_B,01177c00
190723091854,TAG_ARRIVED_B,01177c00
190723091856,TAG_MISSING_B,01177c00
190723091856,SOLO_SUCCESS,01177c00
190723091856,TAG_DEPARTED_B,01177c00
190723091857,TAG_DEPARTED_A,0101bb00
190723091857,TAG_ARRIVED_B,01177c00
190723091859,TAG_MISSING_B,01177c00
190723091859,SOLO_SUCCESS,01177c00
190723091859,TAG_ARRIVED_A,0101bb00
190723091900,SOLO_SUCCESS,0101bb00
190723091900,TAG_DEPARTED_B,01177c00
190723091901,TAG_ARRIVED_B,01177c00
190723091903,TAG_MISSING_B,01177c00
190723091903,SOLO_SUCCESS,01177c00
190723091903,TAG_DEPARTED_B,01177c00
190723091904,TAG_DEPARTED_A,0101bb00
190723091904,TAG_ARRIVED_B,01177c00
190723091906,TAG_MISSING_B,01177c00
190723091906,SOLO_SUCCESS,01177c00
190723091906,TAG_ARRIVED_A,0101bb00
190723091907,SOLO_SUCCESS,0101bb00
190723091907,TAG_DEPARTED_B,01177c00
190723091908,TAG_ARRIVED_B,01177c00
190723091910,TAG_MISSING_B,01177c00
190723091910,SOLO_SUCCESS,01177c00
190723091910,TAG_DEPARTED_B,01177c00
190723091911,TAG_DEPARTED_A,0101bb00
190723091911,TAG_ARRIVED_B,01177c00
190723091912,TAG_MISSING_B,01177c00
190723091913,SOLO_SUCCESS,01177c00
190723091913,TAG_ARRIVED_A,0101bb00
190723091914,SOLO_SUCCESS,0101bb00
190723091914,TAG_DEPARTED_B,01177c00
190723091915,TAG_ARRIVED_B,01177c00
190723091916,TAG_MISSING_B,01177c00
190723091917,SOLO_SUCCESS,01177c00
190723091917,TAG_DEPARTED_B,01177c00
190723091917,TAG_DEPARTED_A,0101bb00
190723091918,TAG_ARRIVED_B,01177c00
190723091919,TAG_MISSING_B,01177c00
190723091920,SOLO_SUCCESS,01177c00
190723091920,TAG_ARRIVED_A,0101bb00
190723091921,SOLO_SUCCESS,0101bb00
190723091921,TAG_DEPARTED_B,01177c00
190723091922,TAG_ARRIVED_B,01177c00
190723091923,TAG_MISSING_B,01177c00
190723091924,SOLO_SUCCESS,01177c00
190723091924,TAG_DEPARTED_B,01177c00
190723091924,TAG_DEPARTED_A,0101bb00
190723091925,TAG_ARRIVED_B,01177c00
190723091926,TAG_MISSING_B,01177c00
190723091926,SOLO_SUCCESS,01177c00
190723091927,TAG_ARRIVED_A,0101bb00
190723091928,SOLO_SUCCESS,0101bb00
190723091928,TAG_DEPARTED_B,01177c00
190723091929,TAG_ARRIVED_B,01177c00
190723091930,TAG_MISSING_B,01177c00
190723091930,SOLO_SUCCESS,01177c00
190723091931,TAG_DEPARTED_B,01177c00
190723091931,TAG_DEPARTED_A,0101bb00
190723091932,TAG_ARRIVED_B,01177c00
190723091933,TAG_MISSING_B,01177c00
190723091933,SOLO_SUCCESS,01177c00
190723091934,TAG_ARRIVED_A,0101bb00
190723091935,SOLO_SUCCESS,0101bb00
190723091956,TAG_DEPARTED_A,0101bb00
190723092020,TAG_ARRIVED_A,0101bb00
190723092021,SOLO_SUCCESS,0101bb00
190723092032,TAG_DEPARTED_B,01177c00
190723092040,TAG_ARRIVED_B,01177c00
190723092041,TAG_MISSING_B,01177c00
190723092042,SOLO_SUCCESS,01177c00
190723092042,TAG_DEPARTED_B,01177c00
190723092042,TAG_DEPARTED_A,0101bb00
190723092043,TAG_ARRIVED_B,01177c00
190723092044,TAG_MISSING_B,01177c00
190723092044,SOLO_SUCCESS,01177c00
190723092045,TAG_ARRIVED_A,0101bb00
190723092046,SOLO_SUCCESS,0101bb00
190723092046,TAG_DEPARTED_B,01177c00
190723092046,TAG_DEPARTED_A,0101bb00
190723092047,TAG_ARRIVED_B,01177c00
190723092048,TAG_MISSING_B,01177c00
190723092048,SOLO_SUCCESS,01177c00
190723092049,TAG_DEPARTED_B,01177c00
190723092049,TAG_ARRIVED_B,01177c00
190723092051,TAG_MISSING_B,01177c00
190723092051,SOLO_SUCCESS,01177c00
190723092051,TAG_ARRIVED_A,0101bb00
190723092052,SOLO_SUCCESS,0101bb00
190723092052,TAG_DEPARTED_B,01177c00
190723092053,TAG_DEPARTED_A,0101bb00
190723092053,TAG_ARRIVED_B,01177c00
190723092054,TAG_MISSING_B,01177c00
190723092055,SOLO_SUCCESS,01177c00
190723092055,TAG_DEPARTED_B,01177c00
190723092056,TAG_ARRIVED_A,0101bb00
190723092056,SOLO_SUCCESS,0101bb00
190723092057,TAG_ARRIVED_B,01177c00
190723092058,TAG_MISSING_B,01177c00
190723092058,SOLO_SUCCESS,01177c00
190723092059,TAG_DEPARTED_B,01177c00
190723092059,TAG_DEPARTED_A,0101bb00
190723092059,TAG_ARRIVED_B,01177c00
190723092101,TAG_MISSING_B,01177c00
190723092101,SOLO_SUCCESS,01177c00
190723092101,TAG_ARRIVED_A,0101bb00
190723092102,SOLO_SUCCESS,0101bb00
190723092103,TAG_DEPARTED_B,01177c00
190723092103,TAG_ARRIVED_B,01177c00
190723092105,TAG_MISSING_B,01177c00
190723092105,SOLO_SUCCESS,01177c00
190723092105,TAG_DEPARTED_B,01177c00
190723092106,TAG_DEPARTED_A,0101bb00
190723092106,TAG_ARRIVED_B,01177c00
190723092108,TAG_MISSING_B,01177c00
190723092108,SOLO_SUCCESS,01177c00
190723092108,TAG_ARRIVED_A,0101bb00
190723092109,SOLO_SUCCESS,0101bb00
190723092109,TAG_DEPARTED_B,01177c00
190723092110,TAG_ARRIVED_B,01177c00
190723092112,TAG_MISSING_B,01177c00
190723092112,SOLO_SUCCESS,01177c00
190723092112,TAG_DEPARTED_B,01177c00
190723092113,TAG_DEPARTED_A,0101bb00
190723092113,TAG_ARRIVED_B,01177c00
190723092115,TAG_MISSING_B,01177c00
190723092115,SOLO_SUCCESS,01177c00
190723092115,TAG_DEPARTED_B,01177c00
190723092116,TAG_ARRIVED_B,01177c00
190723092117,TAG_MISSING_B,01177c00
190723092117,SOLO_SUCCESS,01177c00
190723092118,TAG_DEPARTED_B,01177c00
190723092119,TAG_ARRIVED_B,01177c00
190723092120,TAG_MISSING_B,01177c00
190723092120,SOLO_SUCCESS,01177c00
190723092121,TAG_DEPARTED_B,01177c00
190723092121,TAG_ARRIVED_B,01177c00
190723092123,TAG_MISSING_B,01177c00
190723092123,SOLO_SUCCESS,01177c00
190723092124,TAG_DEPARTED_B,01177c00
190723092124,TAG_ARRIVED_B,01177c00
190723092125,TAG_MISSING_B,01177c00
190723092126,SOLO_SUCCESS,01177c00
190723092126,TAG_DEPARTED_B,01177c00
190723092127,TAG_ARRIVED_B,01177c00
190723092128,TAG_MISSING_B,01177c00
190723092128,SOLO_SUCCESS,01177c00
190723092129,TAG_DEPARTED_B,01177c00
190723092130,TAG_ARRIVED_B,01177c00
190723092131,TAG_MISSING_B,01177c00
190723092131,SOLO_SUCCESS,01177c00
190723092132,TAG_ARRIVED_A,0101bb00
190723092132,SOLO_SUCCESS,0101bb00
190723092133,TAG_DEPARTED_B,01177c00
190723092133,TAG_DEPARTED_A,0101bb00
190723092134,TAG_ARRIVED_B,01177c00
190723092135,TAG_MISSING_B,01177c00
190723092135,SOLO_SUCCESS,01177c00
190723092136,TAG_ARRIVED_A,0101bb00
190723092136,SOLO_SUCCESS,0101bb00
190723092137,TAG_DEPARTED_B,01177c00
190723092138,TAG_ARRIVED_B,01177c00
190723092139,TAG_MISSING_B,01177c00
190723092139,SOLO_SUCCESS,01177c00
190723092140,TAG_DEPARTED_B,01177c00
190723092140,TAG_DEPARTED_A,0101bb00
190723092141,TAG_ARRIVED_B,01177c00
190723092142,TAG_MISSING_B,01177c00
190723092142,SOLO_SUCCESS,01177c00
190723092143,TAG_ARRIVED_A,0101bb00
190723092143,SOLO_SUCCESS,0101bb00
190723092144,TAG_DEPARTED_B,01177c00
190723092144,TAG_ARRIVED_B,01177c00
190723092146,TAG_MISSING_B,01177c00
190723092146,SOLO_SUCCESS,01177c00
190723092146,TAG_DEPARTED_A,0101bb00
190723092147,TAG_ARRIVED_A,0101bb00
190723092148,SOLO_SUCCESS,0101bb00
190723092755,TAG_DEPARTED_B,01177c00
190723092801,TAG_ARRIVED_B,01177c00
190723092802,TAG_MISSING_B,01177c00
190723092803,SOLO_SUCCESS,01177c00
190723092803,TAG_DEPARTED_B,01177c00
190723092803,TAG_DEPARTED_A,0101bb00
190723092804,TAG_ARRIVED_B,01177c00
190723092805,TAG_MISSING_B,01177c00
190723092805,SOLO_SUCCESS,01177c00
190723092806,TAG_ARRIVED_A,0101bb00
190723092807,SOLO_SUCCESS,0101bb00
190723092807,TAG_DEPARTED_B,01177c00
190723092808,TAG_ARRIVED_B,01177c00
190723092809,TAG_MISSING_B,01177c00
190723092809,SOLO_SUCCESS,01177c00
190723092810,TAG_DEPARTED_B,01177c00
190723092810,TAG_DEPARTED_A,0101bb00
190723092811,TAG_ARRIVED_B,01177c00
190723092812,TAG_MISSING_B,01177c00
190723092812,SOLO_SUCCESS,01177c00
190723092813,TAG_ARRIVED_A,0101bb00
190723092813,SOLO_SUCCESS,0101bb00
190723092814,TAG_DEPARTED_B,01177c00
190723092815,TAG_ARRIVED_B,01177c00
190723092816,TAG_MISSING_B,01177c00
190723092816,SOLO_SUCCESS,01177c00
190723092817,TAG_DEPARTED_B,01177c00
190723092817,TAG_DEPARTED_A,0101bb00
190723092817,TAG_ARRIVED_B,01177c00
190723092819,TAG_MISSING_B,01177c00
190723092819,SOLO_SUCCESS,01177c00
190723092820,TAG_ARRIVED_A,0101bb00
190723092821,SOLO_SUCCESS,0101bb00
190723092821,TAG_DEPARTED_B,01177c00
190723092823,TAG_DEPARTED_A,0101bb00
190723092832,TAG_ARRIVED_A,0101bb00
190723092833,SOLO_SUCCESS,0101bb00
190723092835,TAG_DEPARTED_A,0101bb00
190723093007,TAG_ARRIVED_A,1040300
190723093008,SOLO_SUCCESS,1040300
190723093016,TAG_DEPARTED_A,1040300
190723093101,TAG_ARRIVED_B,01abbb00
190723093102,SOLO_SUCCESS,01abbb00
190723093104,TAG_DEPARTED_B,01abbb00
190723093134,TAG_ARRIVED_B,0102ee00
190723093135,SOLO_SUCCESS,0102ee00
190723093137,TAG_DEPARTED_B,0102ee00
190723093137,TAG_ARRIVED_B,0102ee00
190723093139,SOLO_SUCCESS,0102ee00
190723093142,TAG_DEPARTED_B,0102ee00
190723095448,TAG_ARRIVED_B,01ae2b00
190723095448,SOLO_SUCCESS,01ae2b00
190723095451,TAG_DEPARTED_B,01ae2b00
190723095452,TAG_ARRIVED_B,01ae2b00
190723095452,SOLO_SUCCESS,01ae2b00
190723095456,TAG_DEPARTED_B,01ae2b00
190723095459,TAG_ARRIVED_B,01ae2b00
190723095500,SOLO_SUCCESS,01ae2b00
190723095503,TAG_DEPARTED_B,01ae2b00
190723095503,TAG_ARRIVED_B,01ae2b00
190723095504,SOLO_SUCCESS,01ae2b00
190723095507,TAG_DEPARTED_B,01ae2b00
190723095509,TAG_ARRIVED_A,1045300
190723095510,SOLO_SUCCESS,1045300
190723095511,TAG_DEPARTED_A,1045300
190723095512,TAG_ARRIVED_B,01ae2b00
190723095512,SOLO_SUCCESS,01ae2b00
190723095513,TAG_ARRIVED_A,1045300
190723095514,STARTCOOP_SUCCESS,01ae2b00_01045300
190723095514,ENDCOOP_SUCCESS,01ae2b00_01045300
190723095515,TAG_DEPARTED_B,01ae2b00
190723095515,TAG_ARRIVED_B,01ae2b00
190723095516,STARTCOOP_SUCCESS,01045300_01ae2b00
190723095517,ENDCOOP_SUCCESS,01ae2b00_01045300
190723095518,TAG_DEPARTED_B,01ae2b00
190723095534,TAG_ARRIVED_B,01ae2b00
190723095535,STARTCOOP_SUCCESS,01045300_01ae2b00
190723095536,TAG_DEPARTED_A,1045300
190723095540,ENDCOOP_SUCCESS,01ae2b00_
190723095540,TAG_DEPARTED_B,01ae2b00
190723095544,TAG_ARRIVED_B,01ae2b00
190723095544,SOLO_SUCCESS,01ae2b00
190723095545,TAG_ARRIVED_A,1045300
190723095546,STARTCOOP_SUCCESS,01ae2b00_01045300
190723095550,ENDCOOP_SUCCESS,01ae2b00_01045300
190723095551,TAG_DEPARTED_B,01ae2b00
190723095604,TAG_ARRIVED_B,01ae2b00
190723095605,STARTCOOP_SUCCESS,01045300_01ae2b00
190723095606,ENDCOOP_SUCCESS,01ae2b00_01045300
190723095607,TAG_DEPARTED_B,01ae2b00
190723095619,TAG_DEPARTED_A,1045300
190723095620,TAG_ARRIVED_B,01ae2b00
190723095620,SOLO_SUCCESS,01ae2b00
190723095623,TAG_DEPARTED_B,01ae2b00
190723095623,TAG_ARRIVED_B,01ae2b00
190723095624,SOLO_SUCCESS,01ae2b00
190723095625,TAG_DEPARTED_B,01ae2b00
190723095628,TAG_ARRIVED_B,01ae2b00
190723095629,SOLO_SUCCESS,01ae2b00
190723095633,TAG_DEPARTED_B,01ae2b00
190723095639,TAG_ARRIVED_B,01ae2b00
190723095639,SOLO_SUCCESS,01ae2b00
190723095641,TAG_DEPARTED_B,01ae2b00
190723095642,TAG_ARRIVED_B,01ae2b00
190723095643,SOLO_SUCCESS,01ae2b00
190723095645,TAG_DEPARTED_B,01ae2b00
190723095709,TAG_ARRIVED_A,7991800
190723095710,SOLO_SUCCESS,7991800
190723095712,TAG_ARRIVED_B,01ae2b00
190723095712,STARTCOOP_SUCCESS,07991800_01ae2b00
190723095723,ENDCOOP_SUCCESS,01ae2b00_07991800
190723095723,TAG_DEPARTED_B,01ae2b00
190723095724,TAG_DEPARTED_A,7991800
190723095725,TAG_ARRIVED_B,1026800
190723095725,SOLO_SUCCESS,1026800
190723095736,TAG_DEPARTED_B,1026800
190723095743,TAG_ARRIVED_B,1026800
190723095743,SOLO_SUCCESS,1026800
190723095745,TAG_DEPARTED_B,1026800
190723095748,TAG_ARRIVED_A,7991800
190723095749,SOLO_SUCCESS,7991800
190723095750,TAG_DEPARTED_A,7991800
190723095753,TAG_ARRIVED_B,1026800
190723095753,SOLO_SUCCESS,1026800
190723095758,TAG_DEPARTED_B,1026800
190723095758,TAG_ARRIVED_B,1026800
190723095759,SOLO_SUCCESS,1026800
190723095800,TAG_ARRIVED_A,7991800
190723095801,STARTCOOP_SUCCESS,01026800_07991800
190723095801,ENDCOOP_SUCCESS,01026800_07991800
190723095801,TAG_DEPARTED_B,1026800
190723095802,TAG_ARRIVED_B,1026800
190723095802,STARTCOOP_SUCCESS,07991800_01026800
190723095804,ENDCOOP_SUCCESS,01026800_07991800
190723095804,TAG_DEPARTED_B,1026800
190723095808,TAG_DEPARTED_A,7991800
190723095811,TAG_ARRIVED_A,7991800
190723095811,SOLO_SUCCESS,7991800
190723095814,TAG_DEPARTED_A,7991800
190723095815,TAG_ARRIVED_B,0101c200
190723095816,SOLO_SUCCESS,0101c200
190723095817,TAG_ARRIVED_A,7991800
190723095817,STARTCOOP_FAIL,0101c200_07991800
190723095819,ENDCOOP_FAIL,0101c200_07991800
190723095819,TAG_DEPARTED_B,0101c200
190723095820,TAG_DEPARTED_A,7991800
190723095821,TAG_ARRIVED_B,1050400
190723095822,SOLO_FAIL,1050400
190723095823,ENDCOOP_FAIL,01050400_
190723095824,TAG_DEPARTED_B,1050400
190723095825,TAG_ARRIVED_B,1050400
190723095826,SOLO_FAIL,1050400
190723095827,ENDCOOP_FAIL,01050400_
190723095828,TAG_DEPARTED_B,1050400
190723095834,TAG_ARRIVED_B,1050400
190723095834,SOLO_FAIL,1050400
190723095842,TAG_ARRIVED_A,1050400
190723095842,SOLO_FAIL,1050400
190723095843,ENDCOOP_FAIL,01050400_01050400
190723095843,TAG_DEPARTED_B,1050400
190723095844,TAG_ARRIVED_B,1026800
190723095844,STARTCOOP_SUCCESS,01050400_01026800
190723095845,TAG_ARRIVED_B,0101c200
190723095846,STARTCOOP_FAIL,01050400_0101c200
190723095847,ENDCOOP_FAIL,0101c200_01050400
190723095847,TAG_DEPARTED_B,0101c200
190723095854,TAG_ARRIVED_B,0101c200
190723095855,STARTCOOP_FAIL,01050400_0101c200
190723095856,ENDCOOP_FAIL,0101c200_01050400
190723095856,TAG_DEPARTED_B,0101c200
190723095858,TAG_ARRIVED_B,0101c200
190723095900,STARTCOOP_FAIL,01050400_0101c200
190723095900,ENDCOOP_FAIL,0101c200_01050400
190723095901,TAG_DEPARTED_B,0101c200
190723095916,TAG_ARRIVED_B,01bb2200
190723095917,STARTCOOP_FAIL,01050400_01bb2200
190723095918,ENDCOOP_FAIL,01bb2200_01050400
190723095919,TAG_DEPARTED_B,01bb2200
190723095929,TAG_DEPARTED_A,1050400
190723095932,TAG_ARRIVED_A,01bb2200
190723095933,SOLO_FAIL,01bb2200
190723095936,TAG_ARRIVED_B,0102ee00
190723095937,STARTCOOP_SUCCESS,01bb2200_0102ee00
190723095938,ENDCOOP_SUCCESS,0102ee00_01bb2200
190723095938,TAG_DEPARTED_B,0102ee00
190723095942,TAG_ARRIVED_A,0102ee00
190723095943,SOLO_FAIL,0102ee00
190723095943,TAG_ARRIVED_B,1.05E+03
190723095945,TAG_MISSING_B,1.05E+03
190723095945,SOLO_FAIL,1.05E+03
190723095945,TAG_DEPARTED_A,0102ee00
190723095946,ENDCOOP_FAIL,01047e00_
190723095947,TAG_DEPARTED_B,1.05E+03
190723095948,TAG_ARRIVED_B,1.05E+03
190723095950,TAG_MISSING_B,1.05E+03
190723095950,SOLO_FAIL,1.05E+03
190723095957,ENDCOOP_FAIL,01047e00_
190723095957,TAG_DEPARTED_B,1.05E+03
190723095959,TAG_ARRIVED_B,0102ee00
190723100000,SOLO_FAIL,0102ee00
190723100001,ENDCOOP_FAIL,0102ee00_
190723100002,TAG_DEPARTED_B,0102ee00
190723100009,TAG_ARRIVED_B,01cf0600
190723100010,SOLO_FAIL,01cf0600
190723100011,ENDCOOP_FAIL,01cf0600_
190723100012,TAG_DEPARTED_B,01cf0600
190723100013,TAG_ARRIVED_A,0102ee00
190723100014,SOLO_FAIL,0102ee00
190723100015,TAG_DEPARTED_A,0102ee00
190723100032,TAG_ARRIVED_A,0102ee00
190723100033,SOLO_FAIL,0102ee00
190723100040,TAG_DEPARTED_A,0102ee00
190723100107,TAG_ARRIVED_B,0102ee00
190723100108,SOLO_FAIL,0102ee00
190723100108,TAG_ARRIVED_B,1041300
190723100109,SOLO_FAIL,1041300
190723100110,ENDCOOP_FAIL,01041300_
190723100111,TAG_DEPARTED_B,1041300
190723100113,TAG_ARRIVED_B,1041300
190723100114,SOLO_FAIL,1041300
190723100117,LOCKOUT_ENDED,
190723100123,TAG_DEPARTED_B,1041300
190723100125,TAG_ARRIVED_B,01029a00
190723100126,SOLO_SUCCESS,01029a00
190723100134,TAG_DEPARTED_B,01029a00
190723100149,TAG_ARRIVED_A,1653700
190723100150,SOLO_SUCCESS,1653700
190723100151,TAG_DEPARTED_A,1653700
190723100208,TAG_ARRIVED_A,1653700
190723100209,SOLO_SUCCESS,1653700
190723100210,TAG_DEPARTED_A,1653700
190723100215,TAG_ARRIVED_A,1653700
190723100216,SOLO_SUCCESS,1653700
190723100222,TAG_DEPARTED_A,1653700
190723100223,TAG_ARRIVED_B,1021800
190723100223,SOLO_SUCCESS,1021800
190723100226,TAG_DEPARTED_B,1021800
190723100255,TAG_ARRIVED_A,01029a00
190723100256,SOLO_SUCCESS,01029a00
190723100259,TAG_ARRIVED_A,0102ae00
190723100259,SOLO_SUCCESS,0102ae00
190723100302,TAG_DEPARTED_A,0102ae00
190723100303,TAG_ARRIVED_A,0102ae00
190723100303,SOLO_SUCCESS,0102ae00
190723100305,TAG_DEPARTED_A,0102ae00
190723100309,TAG_ARRIVED_A,1653700
190723100310,SOLO_SUCCESS,1653700
190723100311,TAG_DEPARTED_A,1653700
190723100313,TAG_ARRIVED_B,1021800
190723100313,SOLO_SUCCESS,1021800
190723100316,TAG_DEPARTED_B,1021800
190723100457,TAG_ARRIVED_A,01031b00
190723100458,TAG_MISSING_A,01031b00
190723100458,SOLO_SUCCESS,01031b00
190723100502,TAG_DEPARTED_A,01031b00
190723100514,TAG_ARRIVED_B,01031b00
190723100515,TAG_MISSING_B,01031b00
190723100516,SOLO_SUCCESS,01031b00
190723100523,TAG_DEPARTED_B,01031b00
190723100524,TAG_ARRIVED_B,01031b00
190723100525,TAG_MISSING_B,01031b00
190723100525,SOLO_SUCCESS,01031b00
190723100535,TAG_DEPARTED_B,01031b00
190723100535,TAG_ARRIVED_B,01d41b00
190723100536,SOLO_SUCCESS,01d41b00
190723100541,TAG_DEPARTED_B,01d41b00
190723100552,TAG_ARRIVED_B,01d41b00
190723100553,SOLO_SUCCESS,01d41b00
190723100558,TAG_DEPARTED_B,01d41b00
190723100604,TAG_ARRIVED_B,01d41b00
190723100605,SOLO_SUCCESS,01d41b00
190723100608,TAG_DEPARTED_B,01d41b00
190723100611,TAG_ARRIVED_B,01a1ec00
190723100611,SOLO_SUCCESS,01a1ec00
190723100613,TAG_DEPARTED_B,01a1ec00
190723100616,TAG_ARRIVED_B,01a1ec00
190723100617,SOLO_SUCCESS,01a1ec00
190723100631,TAG_DEPARTED_B,01a1ec00
190723100633,TAG_ARRIVED_B,01a1ec00
190723100634,SOLO_SUCCESS,01a1ec00
190723100642,TAG_DEPARTED_B,01a1ec00
190723100656,TAG_ARRIVED_B,01031b00
190723100657,TAG_MISSING_B,01031b00
190723100657,SOLO_SUCCESS,01031b00
190723100703,TAG_DEPARTED_B,01031b00
190723100704,TAG_ARRIVED_B,01031b00
190723100706,TAG_MISSING_B,01031b00
190723100706,SOLO_SUCCESS,01031b00
190723100830,TAG_DEPARTED_B,01031b00
190723100832,TAG_ARRIVED_B,01031b00
190723100834,TAG_MISSING_B,01031b00
190723100834,SOLO_SUCCESS,01031b00
190723100838,TAG_DEPARTED_B,01031b00
190723100839,TAG_ARRIVED_B,01031b00
190723100841,TAG_MISSING_B,01031b00
190723100841,SOLO_SUCCESS,01031b00
190723100925,TAG_DEPARTED_B,01031b00
190723100932,TAG_ARRIVED_B,01031b00
190723100934,TAG_MISSING_B,01031b00
190723100934,SOLO_SUCCESS,01031b00
190723100934,TAG_DEPARTED_B,01031b00
190723100943,TAG_ARRIVED_B,01031b00
190723100944,TAG_MISSING_B,01031b00
190723100945,SOLO_SUCCESS,01031b00
190723101053,TAG_DEPARTED_B,01031b00
190723101055,TAG_ARRIVED_B,01031b00
190723101057,TAG_MISSING_B,01031b00
190723101057,SOLO_SUCCESS,01031b00
190723101058,TAG_DEPARTED_B,01031b00
190723101059,TAG_ARRIVED_B,01031b00
190723101100,TAG_MISSING_B,01031b00
190723101100,SOLO_SUCCESS,01031b00
190723101101,TAG_DEPARTED_B,01031b00
190723101102,TAG_ARRIVED_B,01031b00
190723101103,TAG_MISSING_B,01031b00
190723101104,SOLO_SUCCESS,01031b00
190723101105,TAG_DEPARTED_B,01031b00
190723101107,TAG_ARRIVED_B,01031b00
190723101109,TAG_MISSING_B,01031b00
190723101109,SOLO_SUCCESS,01031b00
190723101113,TAG_DEPARTED_B,01031b00
190723101114,TAG_ARRIVED_B,01031b00
190723101116,TAG_MISSING_B,01031b00
190723101116,SOLO_SUCCESS,01031b00
190723101116,TAG_DEPARTED_B,01031b00
190723101118,TAG_ARRIVED_B,01031b00
190723101119,TAG_MISSING_B,01031b00
190723101119,SOLO_SUCCESS,01031b00
190723101128,TAG_DEPARTED_B,01031b00
190723101129,TAG_ARRIVED_B,01031b00
190723101131,TAG_MISSING_B,01031b00
190723101131,SOLO_SUCCESS,01031b00
190723101230,TAG_DEPARTED_B,01031b00
190723101434,TAG_ARRIVED_B,0101bb00
190723101435,SOLO_SUCCESS,0101bb00
190723101441,TAG_DEPARTED_B,0101bb00
190723101443,TAG_ARRIVED_B,0101bb00
190723101444,SOLO_SUCCESS,0101bb00
190723101525,TAG_DEPARTED_B,0101bb00
190723101640,TAG_ARRIVED_B,1052600
190723101641,SOLO_SUCCESS,1052600
190723101806,TAG_DEPARTED_B,1052600
