190611050216,START_EXPERIMENT,
190611065144,TAG_ARRIVED_A,01050400
190611065145,SOLO_SUCCESS,01050400
190611065148,TAG_DEPARTED_A,01050400
190611065320,TAG_ARRIVED_B,01050400
190611065321,SOLO_SUCCESS,01050400
190611065322,TAG_DEPARTED_B,01050400
190611065324,TAG_ARRIVED_B,01050400
190611065324,SOLO_SUCCESS,01050400
190611065326,TAG_DEPARTED_B,01050400
190611073017,TAG_ARRIVED_B,01050400
190611073018,SOLO_SUCCESS,01050400
190611073019,TAG_DEPARTED_B,01050400
190611075727,TAG_ARRIVED_A,01050400
190611075727,SOLO_SUCCESS,01050400
190611075733,TAG_DEPARTED_A,01050400
190611075742,TAG_ARRIVED_A,01d41b00
190611075743,SOLO_SUCCESS,01d41b00
190611075744,TAG_DEPARTED_A,01d41b00
190611075920,TAG_ARRIVED_A,0102ae00
190611075920,SOLO_SUCCESS,0102ae00
190611075924,TAG_DEPARTED_A,0102ae00
190611075924,TAG_ARRIVED_A,0102ae00
190611075925,SOLO_SUCCESS,0102ae00
190611075931,TAG_DEPARTED_A,0102ae00
190611075932,TAG_ARRIVED_A,0102ae00
190611075933,SOLO_SUCCESS,0102ae00
190611075936,TAG_DEPARTED_A,0102ae00
190611075937,TAG_ARRIVED_A,0102ae00
190611075938,SOLO_SUCCESS,0102ae00
190611075941,TAG_DEPARTED_A,0102ae00
190611075952,TAG_ARRIVED_A,01d41b00
190611075953,SOLO_SUCCESS,01d41b00
190611075955,TAG_DEPARTED_A,01d41b00
190611075956,TAG_ARRIVED_A,01d41b00
190611075957,SOLO_SUCCESS,01d41b00
190611075958,TAG_ARRIVED_B,0102ae00
190611075958,STARTCOOP_FAIL,01d41b00_0102ae00
190611075959,TAG_DEPARTED_A,01d41b00
190611075959,TAG_ARRIVED_A,01d41b00
190611080000,STARTCOOP_FAIL,0102ae00_01d41b00
190611080000,ENDCOOP_FAIL,0102ae00_01d41b00
190611080001,TAG_DEPARTED_B,0102ae00
190611080004,TAG_DEPARTED_A,01d41b00
190611080005,TAG_ARRIVED_B,0102ae00
190611080006,SOLO_FAIL,0102ae00
190611080007,TAG_ARRIVED_A,01d41b00
190611080008,STARTCOOP_FAIL,0102ae00_01d41b00
190611080008,ENDCOOP_FAIL,0102ae00_01d41b00
190611080008,TAG_DEPARTED_B,0102ae00
190611080009,TAG_DEPARTED_A,01d41b00
190611080120,TAG_ARRIVED_B,0102ee00
190611080121,SOLO_FAIL,0102ee00
190611080122,ENDCOOP_FAIL,0102ee00_
190611080122,TAG_DEPARTED_B,0102ee00
190611080208,LOCKOUT_ENDED,
190611080219,TAG_ARRIVED_A,01d41b00
190611080220,SOLO_SUCCESS,01d41b00
190611080223,TAG_DEPARTED_A,01d41b00
190611080223,TAG_ARRIVED_A,01d41b00
190611080224,SOLO_SUCCESS,01d41b00
190611080230,TAG_DEPARTED_A,01d41b00
190611080452,TAG_ARRIVED_B,0102ee00
190611080453,SOLO_SUCCESS,0102ee00
190611080621,TAG_DEPARTED_B,0102ee00
190611080707,TAG_ARRIVED_A,0102ee00
190611080708,SOLO_SUCCESS,0102ee00
190611080733,TAG_DEPARTED_A,0102ee00
190611080734,TAG_ARRIVED_A,0102ee00
190611080735,SOLO_SUCCESS,0102ee00
190611080736,TAG_DEPARTED_A,0102ee00
190611080739,TAG_ARRIVED_A,0102ee00
190611080739,SOLO_SUCCESS,0102ee00
190611080741,TAG_ARRIVED_B,0102ee00
190611080742,SOLO_SUCCESS,0102ee00
190611080742,TAG_DEPARTED_A,0102ee00
190611080745,TAG_DEPARTED_B,0102ee00
190611081904,TAG_ARRIVED_B,0102ee00
190611081905,SOLO_SUCCESS,0102ee00
190611081907,TAG_DEPARTED_B,0102ee00
190611081909,TAG_ARRIVED_B,0102ee00
190611081910,SOLO_SUCCESS,0102ee00
190611081912,TAG_DEPARTED_B,0102ee00
190611082142,TAG_ARRIVED_A,0102ee00
190611082143,SOLO_SUCCESS,0102ee00
190611082145,TAG_DEPARTED_A,0102ee00
190611082148,TAG_ARRIVED_A,0102ee00
190611082149,SOLO_SUCCESS,0102ee00
190611082225,TAG_DEPARTED_A,0102ee00
190611082234,TAG_ARRIVED_B,0102ee00
190611082235,SOLO_SUCCESS,0102ee00
190611082239,TAG_ARRIVED_A,01b57900
190611082240,STARTCOOP_FAIL,0102ee00_01b57900
190611082242,ENDCOOP_FAIL,0102ee00_01b57900
190611082242,TAG_DEPARTED_B,0102ee00
190611082242,TAG_DEPARTED_A,01b57900
190611082308,TAG_ARRIVED_A,01b57900
190611082309,SOLO_FAIL,01b57900
190611082319,TAG_DEPARTED_A,01b57900
190611082320,TAG_ARRIVED_A,01b57900
190611082321,SOLO_FAIL,01b57900
190611082322,TAG_DEPARTED_A,01b57900
190611082327,TAG_ARRIVED_B,01c4ca00
190611082328,SOLO_FAIL,01c4ca00
190611082329,ENDCOOP_FAIL,01c4ca00_
190611082330,TAG_DEPARTED_B,01c4ca00
190611082439,LOCKOUT_ENDED,
190611082526,TAG_ARRIVED_B,0101c200
190611082527,SOLO_SUCCESS,0101c200
190611082529,TAG_DEPARTED_B,0101c200
190611082536,TAG_ARRIVED_A,0101c200
190611082537,SOLO_SUCCESS,0101c200
190611082544,TAG_DEPARTED_A,0101c200
190611082652,TAG_ARRIVED_A,01b57900
190611082653,SOLO_SUCCESS,01b57900
190611082654,TAG_DEPARTED_A,01b57900
190611082709,TAG_ARRIVED_B,01b57900
190611082709,SOLO_SUCCESS,01b57900
190611082712,TAG_DEPARTED_B,01b57900
190611082809,TAG_ARRIVED_B,01c4ca00
190611082810,SOLO_SUCCESS,01c4ca00
190611082829,TAG_DEPARTED_B,01c4ca00
190611082831,TAG_ARRIVED_B,01c4ca00
190611082832,SOLO_SUCCESS,01c4ca00
190611082841,TAG_ARRIVED_A,01050400
190611082841,STARTCOOP_FAIL,01c4ca00_01050400
190611082843,TAG_DEPARTED_A,01050400
190611082847,ENDCOOP_FAIL,01c4ca00_
190611082847,TAG_DEPARTED_B,01c4ca00
190611082849,TAG_ARRIVED_B,01c4ca00
190611082850,SOLO_FAIL,01c4ca00
190611082851,ENDCOOP_FAIL,01c4ca00_
190611082851,TAG_DEPARTED_B,01c4ca00
190611082852,TAG_ARRIVED_B,01c4ca00
190611082853,SOLO_FAIL,01c4ca00
190611082853,TAG_ARRIVED_A,01050400
190611082854,STARTCOOP_FAIL,01c4ca00_01050400
190611082856,ENDCOOP_FAIL,01c4ca00_01050400
190611082856,TAG_DEPARTED_B,01c4ca00
190611082858,TAG_ARRIVED_B,01050400
190611082859,SOLO_FAIL,01050400
190611082859,TAG_DEPARTED_A,01050400
190611082904,ENDCOOP_FAIL,01050400_
190611082904,TAG_DEPARTED_B,01050400
190611082913,TAG_ARRIVED_B,01050400
190611082913,SOLO_FAIL,01050400
190611082918,ENDCOOP_FAIL,01050400_
190611082918,TAG_DEPARTED_B,01050400
190611082920,TAG_ARRIVED_B,01c4ca00
190611082921,SOLO_FAIL,01c4ca00
190611082924,ENDCOOP_FAIL,01c4ca00_
190611082924,TAG_DEPARTED_B,01c4ca00
190611082925,TAG_ARRIVED_B,01c4ca00
190611082926,SOLO_FAIL,01c4ca00
190611082933,ENDCOOP_FAIL,01c4ca00_
190611082933,TAG_DEPARTED_B,01c4ca00
190611082934,TAG_ARRIVED_B,01c4ca00
190611082935,SOLO_FAIL,01c4ca00
190611082936,ENDCOOP_FAIL,01c4ca00_
190611082936,TAG_DEPARTED_B,01c4ca00
190611083054,LOCKOUT_ENDED,
190611083416,TAG_ARRIVED_A,0101c200
190611083417,SOLO_SUCCESS,0101c200
190611083423,TAG_DEPARTED_A,0101c200
190611083620,TAG_ARRIVED_A,01c4ca00
190611083621,SOLO_SUCCESS,01c4ca00
190611083639,TAG_DEPARTED_A,01c4ca00
190611083717,TAG_ARRIVED_B,01b57900
190611083717,SOLO_SUCCESS,01b57900
190611083719,TAG_DEPARTED_B,01b57900
190611083849,TAG_ARRIVED_B,0102d900
190611083849,SOLO_SUCCESS,0102d900
190611083851,TAG_DEPARTED_B,0102d900
190611083852,TAG_ARRIVED_B,0102d900
190611083853,SOLO_SUCCESS,0102d900
190611083907,TAG_DEPARTED_B,0102d900
190611084058,TAG_ARRIVED_B,01026c00
190611084059,SOLO_SUCCESS,01026c00
190611084105,TAG_DEPARTED_B,01026c00
190611084149,TAG_ARRIVED_B,01050400
190611084150,SOLO_SUCCESS,01050400
190611084151,TAG_DEPARTED_B,01050400
190611084244,TAG_ARRIVED_B,01df6400
190611084245,SOLO_SUCCESS,01df6400
190611084249,TAG_DEPARTED_B,01df6400
190611084251,TAG_ARRIVED_B,01df6400
190611084252,SOLO_SUCCESS,01df6400
190611084254,TAG_DEPARTED_B,01df6400
190611085000,TAG_ARRIVED_B,018b0800
190611085001,SOLO_SUCCESS,018b0800
190611085002,TAG_DEPARTED_B,018b0800
190611085125,TAG_ARRIVED_B,0102ee00
190611085126,SOLO_SUCCESS,0102ee00
190611085143,TAG_ARRIVED_A,01016400
190611085144,STARTCOOP_FAIL,0102ee00_01016400
190611085146,TAG_DEPARTED_A,01016400
190611085146,ENDCOOP_FAIL,0102ee00_
190611085146,TAG_DEPARTED_B,0102ee00
190611085202,TAG_ARRIVED_A,0102ee00
190611085203,SOLO_FAIL,0102ee00
190611085204,TAG_ARRIVED_B,018b0800
190611085204,STARTCOOP_FAIL,0102ee00_018b0800
190611085205,TAG_DEPARTED_A,0102ee00
190611085205,ENDCOOP_FAIL,018b0800_
190611085205,TAG_DEPARTED_B,018b0800
190611085206,TAG_ARRIVED_B,0102ee00
190611085207,SOLO_FAIL,0102ee00
190611085207,ENDCOOP_FAIL,0102ee00_
190611085208,TAG_DEPARTED_B,0102ee00
190611085208,TAG_ARRIVED_B,0102ee00
190611085209,SOLO_FAIL,0102ee00
190611085303,ENDCOOP_FAIL,0102ee00_
190611085303,TAG_DEPARTED_B,0102ee00
190611085341,TAG_ARRIVED_B,0102ee00
190611085342,SOLO_FAIL,0102ee00
190611085404,LOCKOUT_ENDED,
190611085407,TAG_ARRIVED_A,01471d00
190611085408,STARTCOOP_FAIL,0102ee00_01471d00
190611085409,TAG_DEPARTED_A,01471d00
190611085422,ENDCOOP_FAIL,0102ee00_
190611085422,TAG_DEPARTED_B,0102ee00
190611085422,TAG_ARRIVED_B,0102ee00
190611085423,SOLO_FAIL,0102ee00
190611085431,ENDCOOP_FAIL,0102ee00_
190611085431,TAG_DEPARTED_B,0102ee00
190611085433,TAG_ARRIVED_B,0102ee00
190611085434,SOLO_FAIL,0102ee00
190611085435,ENDCOOP_FAIL,0102ee00_
190611085435,TAG_DEPARTED_B,0102ee00
190611085439,TAG_ARRIVED_B,0102ee00
190611085439,SOLO_FAIL,0102ee00
190611085507,ENDCOOP_FAIL,0102ee00_
190611085508,TAG_DEPARTED_B,0102ee00
190611085508,TAG_ARRIVED_B,0102ee00
190611085509,SOLO_FAIL,0102ee00
190611085509,ENDCOOP_FAIL,0102ee00_
190611085510,TAG_DEPARTED_B,0102ee00
190611085608,LOCKOUT_ENDED,
190611085615,TAG_ARRIVED_B,0102ee00
190611085616,SOLO_SUCCESS,0102ee00
190611085618,TAG_DEPARTED_B,0102ee00
190611085625,TAG_ARRIVED_A,0102ee00
190611085626,SOLO_SUCCESS,0102ee00
190611085647,TAG_DEPARTED_A,0102ee00
190611085647,TAG_ARRIVED_B,0102ee00
190611085648,SOLO_SUCCESS,0102ee00
190611085709,TAG_DEPARTED_B,0102ee00
190611090000,TAG_ARRIVED_A,0101c200
190611090001,SOLO_SUCCESS,0101c200
190611090027,TAG_DEPARTED_A,0101c200
190611090043,TAG_ARRIVED_A,0101c200
190611090044,SOLO_SUCCESS,0101c200
190611090101,TAG_DEPARTED_A,0101c200
190611090145,TAG_ARRIVED_B,01c4ca00
190611090146,SOLO_SUCCESS,01c4ca00
190611090155,TAG_DEPARTED_B,01c4ca00
190611090158,TAG_ARRIVED_B,01c4ca00
190611090159,SOLO_SUCCESS,01c4ca00
190611090200,TAG_DEPARTED_B,01c4ca00
190611090243,TAG_ARRIVED_B,01c4ca00
190611090244,SOLO_SUCCESS,01c4ca00
190611090245,TAG_DEPARTED_B,01c4ca00
190611090412,TAG_ARRIVED_B,01c4ca00
190611090413,SOLO_SUCCESS,01c4ca00
190611090422,TAG_DEPARTED_B,01c4ca00
190611090441,TAG_ARRIVED_B,0140c700
190611090441,SOLO_SUCCESS,0140c700
190611090443,TAG_DEPARTED_B,0140c700
190611090517,TAG_ARRIVED_B,01c4ca00
190611090518,SOLO_SUCCESS,01c4ca00
190611090519,TAG_DEPARTED_B,01c4ca00
190611090519,TAG_ARRIVED_B,01c4ca00
190611090520,SOLO_SUCCESS,01c4ca00
190611090539,TAG_DEPARTED_B,01c4ca00
190611090747,TAG_ARRIVED_B,0102ae00
190611090747,SOLO_SUCCESS,0102ae00
190611090749,TAG_DEPARTED_B,0102ae00
190611091050,TAG_ARRIVED_A,018b0800
190611091051,SOLO_SUCCESS,018b0800
190611091052,TAG_DEPARTED_A,018b0800
190611091227,TAG_ARRIVED_A,01050400
190611091228,SOLO_SUCCESS,01050400
190611091230,TAG_DEPARTED_A,01050400
190611091231,TAG_ARRIVED_A,07991800
190611091231,SOLO_SUCCESS,07991800
190611091232,TAG_ARRIVED_A,01050400
190611091233,SOLO_SUCCESS,01050400
190611091235,TAG_DEPARTED_A,01050400
190611091236,TAG_ARRIVED_A,01050400
190611091237,SOLO_SUCCESS,01050400
190611091238,TAG_DEPARTED_A,01050400
190611091313,TAG_ARRIVED_B,0102ae00
190611091313,SOLO_SUCCESS,0102ae00
190611091316,TAG_ARRIVED_A,07991800
190611091316,STARTCOOP_SUCCESS,0102ae00_07991800
190611091318,TAG_DEPARTED_A,07991800
190611091320,ENDCOOP_SUCCESS,0102ae00_
190611091320,TAG_DEPARTED_B,0102ae00
190611091341,TAG_ARRIVED_A,0102ae00
190611091341,SOLO_SUCCESS,0102ae00
190611091343,TAG_DEPARTED_A,0102ae00
190611091347,TAG_ARRIVED_A,0102ae00
190611091347,SOLO_SUCCESS,0102ae00
190611091349,TAG_DEPARTED_A,0102ae00
190611091407,TAG_ARRIVED_B,0102ae00
190611091407,SOLO_SUCCESS,0102ae00
190611091408,TAG_ARRIVED_A,07991800
190611091409,STARTCOOP_SUCCESS,0102ae00_07991800
190611091412,ENDCOOP_SUCCESS,0102ae00_07991800
190611091412,TAG_DEPARTED_B,0102ae00
190611091412,TAG_DEPARTED_A,07991800
190611091423,TAG_ARRIVED_A,0102ae00
190611091424,SOLO_SUCCESS,0102ae00
190611091425,TAG_DEPARTED_A,0102ae00
190611091427,TAG_ARRIVED_A,0102ae00
190611091427,SOLO_SUCCESS,0102ae00
190611091431,TAG_DEPARTED_A,0102ae00
190611091451,TAG_ARRIVED_A,0102ae00
190611091452,SOLO_SUCCESS,0102ae00
190611091454,TAG_DEPARTED_A,0102ae00
190611091520,TAG_ARRIVED_A,0102ae00
190611091520,SOLO_SUCCESS,0102ae00
190611091534,TAG_DEPARTED_A,0102ae00
190611091536,TAG_ARRIVED_A,0102ae00
190611091537,SOLO_SUCCESS,0102ae00
190611091542,TAG_DEPARTED_A,0102ae00
190611091548,TAG_ARRIVED_A,0102ae00
190611091549,SOLO_SUCCESS,0102ae00
190611091555,TAG_DEPARTED_A,0102ae00
190611092306,TAG_ARRIVED_B,0102ae00
190611092306,SOLO_SUCCESS,0102ae00
190611092311,TAG_DEPARTED_B,0102ae00
190611092313,TAG_ARRIVED_B,0102ae00
190611092314,SOLO_SUCCESS,0102ae00
190611092316,TAG_DEPARTED_B,0102ae00
190611092325,TAG_ARRIVED_B,0102ae00
190611092325,SOLO_SUCCESS,0102ae00
190611092330,TAG_DEPARTED_B,0102ae00
190611092333,TAG_ARRIVED_B,0101c200
190611092334,SOLO_SUCCESS,0101c200
190611092441,TAG_DEPARTED_B,0101c200
190611092442,TAG_ARRIVED_B,0101c200
190611092443,SOLO_SUCCESS,0101c200
190611092448,TAG_DEPARTED_B,0101c200
190611092458,TAG_ARRIVED_A,01c4ca00
190611092459,SOLO_SUCCESS,01c4ca00
190611092505,TAG_DEPARTED_A,01c4ca00
190611092606,TAG_ARRIVED_B,018b0800
190611092607,SOLO_SUCCESS,018b0800
190611092609,TAG_DEPARTED_B,018b0800
190611092650,TAG_ARRIVED_A,01050400
190611092651,SOLO_SUCCESS,01050400
190611092709,TAG_DEPARTED_A,01050400
190611092928,TAG_ARRIVED_B,0102ae00
190611092928,SOLO_SUCCESS,0102ae00
190611092944,TAG_DEPARTED_B,0102ae00
190611092945,TAG_ARRIVED_B,0102ae00
190611092945,SOLO_SUCCESS,0102ae00
190611092955,TAG_DEPARTED_B,0102ae00
190611093009,TAG_ARRIVED_B,0102ae00
190611093010,SOLO_SUCCESS,0102ae00
190611093020,TAG_DEPARTED_B,0102ae00
190611093026,TAG_ARRIVED_B,0102ae00
190611093026,SOLO_SUCCESS,0102ae00
190611093034,TAG_DEPARTED_B,0102ae00
190611093037,TAG_ARRIVED_B,0102ae00
190611093037,SOLO_SUCCESS,0102ae00
190611093039,TAG_DEPARTED_B,0102ae00
190611093041,TAG_ARRIVED_A,0102ae00
190611093041,SOLO_SUCCESS,0102ae00
190611093047,TAG_DEPARTED_A,0102ae00
190611093114,TAG_ARRIVED_B,01c4ca00
190611093115,SOLO_SUCCESS,01c4ca00
190611093234,TAG_DEPARTED_B,01c4ca00
190611093655,TAG_ARRIVED_B,0102ae00
190611093656,SOLO_SUCCESS,0102ae00
190611093713,TAG_ARRIVED_A,0102ee00
190611093714,STARTCOOP_FAIL,0102ae00_0102ee00
190611093716,ENDCOOP_FAIL,0102ae00_0102ee00
190611093716,TAG_DEPARTED_B,0102ae00
190611093716,TAG_ARRIVED_B,0102ae00
190611093717,STARTCOOP_FAIL,0102ee00_0102ae00
190611093718,TAG_DEPARTED_A,0102ee00
190611093721,ENDCOOP_FAIL,0102ae00_
190611093721,TAG_DEPARTED_B,0102ae00
190611093722,TAG_ARRIVED_A,0102ee00
190611093723,SOLO_FAIL,0102ee00
190611093727,TAG_ARRIVED_B,0102ae00
190611093728,STARTCOOP_FAIL,0102ee00_0102ae00
190611093729,ENDCOOP_FAIL,0102ae00_0102ee00
190611093730,TAG_DEPARTED_B,0102ae00
190611093730,TAG_DEPARTED_A,0102ee00
190611093928,LOCKOUT_ENDED,
190611094216,TAG_ARRIVED_A,01fe7600
190611094216,SOLO_SUCCESS,01fe7600
190611094218,TAG_DEPARTED_A,01fe7600
190611094224,TAG_ARRIVED_A,01fe7600
190611094225,SOLO_SUCCESS,01fe7600
190611094232,TAG_DEPARTED_A,01fe7600
190611094233,TAG_ARRIVED_A,01fe7600
190611094233,SOLO_SUCCESS,01fe7600
190611094235,TAG_DEPARTED_A,01fe7600
