190523053910,START_EXPERIMENT,
190523060026,TAG_ARRIVED_A,01653700
190523060027,SOLO_SUCCESS,01653700
190523060039,TAG_DEPARTED_A,01653700
190523060103,TAG_ARRIVED_A,01653700
190523060104,SOLO_SUCCESS,01653700
190523060152,TAG_DEPARTED_A,01653700
190523060153,TAG_ARRIVED_A,01653700
190523060154,SOLO_SUCCESS,01653700
190523060158,TAG_DEPARTED_A,01653700
190523060158,TAG_ARRIVED_A,01653700
190523060159,SOLO_SUCCESS,01653700
190523060216,TAG_DEPARTED_A,01653700
190523060304,TAG_ARRIVED_A,01043c00
190523060305,SOLO_SUCCESS,01043c00
190523060340,TAG_DEPARTED_A,01043c00
190523060805,TAG_ARRIVED_B,01050400
190523060805,SOLO_SUCCESS,01050400
190523060809,TAG_DEPARTED_B,01050400
190523060814,TAG_ARRIVED_B,01050400
190523060815,SOLO_SUCCESS,01050400
190523060826,TAG_DEPARTED_B,01050400
190523060827,TAG_ARRIVED_B,01050400
190523060828,SOLO_SUCCESS,01050400
190523060829,TAG_DEPARTED_B,01050400
190523060938,TAG_ARRIVED_B,01050400
190523060938,SOLO_SUCCESS,01050400
190523060949,TAG_DEPARTED_B,01050400
190523061732,TAG_ARRIVED_A,01753200
190523061732,SOLO_SUCCESS,01753200
190523061734,TAG_DEPARTED_A,01753200
190523061758,TAG_ARRIVED_A,01753200
190523061759,SOLO_SUCCESS,01753200
190523061805,TAG_DEPARTED_A,01753200
190523061807,TAG_ARRIVED_A,01753200
190523061808,SOLO_SUCCESS,01753200
190523061839,TAG_DEPARTED_A,01753200
190523061844,TAG_ARRIVED_B,01753200
190523061845,SOLO_SUCCESS,01753200
190523061849,TAG_DEPARTED_B,01753200
190523061924,TAG_ARRIVED_A,01043c00
190523061925,SOLO_SUCCESS,01043c00
190523061934,TAG_DEPARTED_A,01043c00
190523062006,TAG_ARRIVED_A,01043c00
190523062007,SOLO_SUCCESS,01043c00
190523062012,TAG_DEPARTED_A,01043c00
190523062107,TAG_ARRIVED_A,01043c00
190523062108,SOLO_SUCCESS,01043c00
190523062110,TAG_DEPARTED_A,01043c00
190523062825,TAG_ARRIVED_A,01653700
190523062825,SOLO_SUCCESS,01653700
190523062827,TAG_DEPARTED_A,01653700
190523062833,TAG_ARRIVED_A,01653700
190523062834,SOLO_SUCCESS,01653700
190523062836,TAG_DEPARTED_A,01653700
190523062838,TAG_ARRIVED_A,01653700
190523062838,SOLO_SUCCESS,01653700
190523062841,TAG_DEPARTED_A,01653700
190523062844,TAG_ARRIVED_A,01653700
190523062845,SOLO_SUCCESS,01653700
190523062846,TAG_DEPARTED_A,01653700
190523062850,TAG_ARRIVED_A,01653700
190523062851,SOLO_SUCCESS,01653700
190523062856,TAG_DEPARTED_A,01653700
190523062857,TAG_ARRIVED_A,01653700
190523062858,SOLO_SUCCESS,01653700
190523062907,TAG_DEPARTED_A,01653700
190523062914,TAG_ARRIVED_A,01653700
190523062915,SOLO_SUCCESS,01653700
190523062946,TAG_DEPARTED_A,01653700
190523062947,TAG_ARRIVED_A,01653700
190523062947,SOLO_SUCCESS,01653700
190523062951,TAG_DEPARTED_A,01653700
190523062954,TAG_ARRIVED_A,01653700
190523062955,SOLO_SUCCESS,01653700
190523062958,TAG_DEPARTED_A,01653700
190523062959,TAG_ARRIVED_A,01653700
190523063000,SOLO_SUCCESS,01653700
190523063001,TAG_DEPARTED_A,01653700
190523063017,TAG_ARRIVED_A,01653700
190523063018,SOLO_SUCCESS,01653700
190523063057,TAG_DEPARTED_A,01653700
190523063059,TAG_ARRIVED_A,01653700
190523063059,SOLO_SUCCESS,01653700
190523063106,TAG_DEPARTED_A,01653700
190523063107,TAG_ARRIVED_A,01653700
190523063108,SOLO_SUCCESS,01653700
190523063109,TAG_DEPARTED_A,01653700
190523063121,TAG_ARRIVED_A,01653700
190523063122,SOLO_SUCCESS,01653700
190523063123,TAG_DEPARTED_A,01653700
190523063126,TAG_ARRIVED_A,01653700
190523063127,SOLO_SUCCESS,01653700
190523063129,TAG_DEPARTED_A,01653700
190523063140,TAG_ARRIVED_A,01653700
190523063141,SOLO_SUCCESS,01653700
190523063144,TAG_DEPARTED_A,01653700
190523063147,TAG_ARRIVED_A,01653700
190523063148,SOLO_SUCCESS,01653700
190523063150,TAG_DEPARTED_A,01653700
190523063154,TAG_ARRIVED_A,01653700
190523063155,SOLO_SUCCESS,01653700
190523063216,TAG_DEPARTED_A,01653700
190523065855,TAG_ARRIVED_A,01653700
190523065855,SOLO_SUCCESS,01653700
190523065857,TAG_DEPARTED_A,01653700
190523065927,TAG_ARRIVED_A,01653700
190523065927,SOLO_SUCCESS,01653700
190523065931,TAG_DEPARTED_A,01653700
190523070453,TAG_ARRIVED_A,01bbe500
190523070453,SOLO_SUCCESS,01bbe500
190523070455,TAG_DEPARTED_A,01bbe500
190523070522,TAG_ARRIVED_B,01bbe500
190523070523,SOLO_SUCCESS,01bbe500
190523070530,TAG_DEPARTED_B,01bbe500
190523070533,TAG_ARRIVED_B,01bbe500
190523070534,SOLO_SUCCESS,01bbe500
190523070542,TAG_DEPARTED_B,01bbe500
190523070629,TAG_ARRIVED_B,01bbe500
190523070630,SOLO_SUCCESS,01bbe500
190523070631,TAG_DEPARTED_B,01bbe500
190523070656,TAG_ARRIVED_B,01bbe500
190523070657,SOLO_SUCCESS,01bbe500
190523070658,TAG_DEPARTED_B,01bbe500
190523070749,TAG_ARRIVED_B,01bbe500
190523070750,SOLO_SUCCESS,01bbe500
190523070752,TAG_DEPARTED_B,01bbe500
190523070758,TAG_ARRIVED_B,01bbe500
190523070758,SOLO_SUCCESS,01bbe500
190523070804,TAG_DEPARTED_B,01bbe500
190523070915,TAG_ARRIVED_A,01bbe500
190523070916,SOLO_SUCCESS,01bbe500
190523070922,TAG_DEPARTED_A,01bbe500
190523071035,TAG_ARRIVED_A,01bbe500
190523071035,SOLO_SUCCESS,01bbe500
190523071038,TAG_DEPARTED_A,01bbe500
190523071559,TAG_ARRIVED_A,01753200
190523071600,SOLO_SUCCESS,01753200
190523071618,TAG_DEPARTED_A,01753200
190523071638,TAG_ARRIVED_A,01753200
190523071639,SOLO_SUCCESS,01753200
190523071656,TAG_DEPARTED_A,01753200
190523071657,TAG_ARRIVED_A,01753200
190523071658,SOLO_SUCCESS,01753200
190523071702,TAG_DEPARTED_A,01753200
190523071713,TAG_ARRIVED_A,01753200
190523071714,SOLO_SUCCESS,01753200
190523071733,TAG_DEPARTED_A,01753200
190523071738,TAG_ARRIVED_A,01753200
190523071738,SOLO_SUCCESS,01753200
190523071741,TAG_DEPARTED_A,01753200
190523071742,TAG_ARRIVED_A,01753200
190523071743,SOLO_SUCCESS,01753200
190523071745,TAG_DEPARTED_A,01753200
190523071815,TAG_ARRIVED_A,01016400
190523071816,SOLO_SUCCESS,01016400
190523071823,TAG_DEPARTED_A,01016400
190523071952,TAG_ARRIVED_A,01753200
190523071953,SOLO_SUCCESS,01753200
190523072008,TAG_DEPARTED_A,01753200
190523072009,TAG_ARRIVED_A,01753200
190523072009,SOLO_SUCCESS,01753200
190523072012,TAG_DEPARTED_A,01753200
190523072014,TAG_ARRIVED_A,01753200
190523072015,SOLO_SUCCESS,01753200
190523072017,TAG_DEPARTED_A,01753200
190523072019,TAG_ARRIVED_A,01753200
190523072019,SOLO_SUCCESS,01753200
190523072022,TAG_DEPARTED_A,01753200
190523072023,TAG_ARRIVED_A,01753200
190523072024,SOLO_SUCCESS,01753200
190523072025,TAG_DEPARTED_A,01753200
190523072026,TAG_ARRIVED_A,01753200
190523072026,SOLO_SUCCESS,01753200
190523072027,TAG_DEPARTED_A,01753200
190523072029,TAG_ARRIVED_A,01753200
190523072029,SOLO_SUCCESS,01753200
190523072033,TAG_DEPARTED_A,01753200
190523072034,TAG_ARRIVED_A,01753200
190523072035,SOLO_SUCCESS,01753200
190523072046,TAG_DEPARTED_A,01753200
190523072049,TAG_ARRIVED_B,01753200
190523072050,SOLO_SUCCESS,01753200
190523072055,TAG_DEPARTED_B,01753200
190523072450,TAG_ARRIVED_A,01021800
190523072450,SOLO_SUCCESS,01021800
190523072452,TAG_DEPARTED_A,01021800
190523072539,TAG_ARRIVED_A,01fe7600
190523072539,SOLO_SUCCESS,01fe7600
190523072541,TAG_DEPARTED_A,01fe7600
190523072557,TAG_ARRIVED_B,01fe7600
190523072557,SOLO_SUCCESS,01fe7600
190523072559,TAG_DEPARTED_B,01fe7600
190523072600,TAG_ARRIVED_A,01fe7600
190523072600,SOLO_SUCCESS,01fe7600
190523072602,TAG_DEPARTED_A,01fe7600
190523072610,TAG_ARRIVED_A,01fe7600
190523072610,SOLO_SUCCESS,01fe7600
190523072612,TAG_DEPARTED_A,01fe7600
190523072615,TAG_ARRIVED_A,01fe7600
190523072615,SOLO_SUCCESS,01fe7600
190523072617,TAG_DEPARTED_A,01fe7600
190523072617,TAG_ARRIVED_A,01fe7600
190523072618,SOLO_SUCCESS,01fe7600
190523072621,TAG_DEPARTED_A,01fe7600
190523072637,TAG_ARRIVED_A,01fe7600
190523072638,SOLO_SUCCESS,01fe7600
190523072642,TAG_DEPARTED_A,01fe7600
190523072647,TAG_ARRIVED_A,01021800
190523072647,SOLO_SUCCESS,01021800
190523072652,TAG_DEPARTED_A,01021800
190523072700,TAG_ARRIVED_A,01021800
190523072701,SOLO_SUCCESS,01021800
190523072726,TAG_DEPARTED_A,01021800
190523072730,TAG_ARRIVED_B,01fe7600
190523072730,SOLO_SUCCESS,01fe7600
190523072732,TAG_DEPARTED_B,01fe7600
190523072755,TAG_ARRIVED_B,01fe7600
190523072756,SOLO_SUCCESS,01fe7600
190523072805,TAG_DEPARTED_B,01fe7600
190523072820,TAG_ARRIVED_B,01fe7600
190523072820,SOLO_SUCCESS,01fe7600
190523072830,TAG_DEPARTED_B,01fe7600
190523072835,TAG_ARRIVED_B,01fe7600
190523072835,SOLO_SUCCESS,01fe7600
190523072842,TAG_ARRIVED_A,01653700
190523072843,STARTCOOP_FAIL,01fe7600_01653700
190523072844,TAG_DEPARTED_A,01653700
190523072845,ENDCOOP_FAIL,01fe7600_
190523072846,TAG_DEPARTED_B,01fe7600
190523072902,TAG_ARRIVED_A,01fe7600
190523072902,SOLO_FAIL,01fe7600
190523072911,TAG_DEPARTED_A,01fe7600
190523072913,TAG_ARRIVED_A,01fe7600
190523072913,SOLO_FAIL,01fe7600
190523072915,TAG_DEPARTED_A,01fe7600
190523072916,TAG_ARRIVED_A,01fe7600
190523072916,SOLO_FAIL,01fe7600
190523072919,TAG_DEPARTED_A,01fe7600
190523073043,LOCKOUT_ENDED,
190523074216,TAG_ARRIVED_A,01050400
190523074216,SOLO_SUCCESS,01050400
190523074256,TAG_DEPARTED_A,01050400
190523074506,TAG_ARRIVED_B,01bbe500
190523074506,SOLO_SUCCESS,01bbe500
190523074508,TAG_DEPARTED_B,01bbe500
190523074733,TAG_ARRIVED_A,01bbe500
190523074733,SOLO_SUCCESS,01bbe500
190523074738,TAG_DEPARTED_A,01bbe500
190523075410,TAG_ARRIVED_A,01c98500
190523075411,SOLO_SUCCESS,01c98500
190523075414,TAG_DEPARTED_A,01c98500
190523075441,TAG_ARRIVED_A,01c98500
190523075442,SOLO_SUCCESS,01c98500
190523075444,TAG_DEPARTED_A,01c98500
190523082307,TAG_ARRIVED_A,01021800
190523082308,SOLO_SUCCESS,01021800
190523082310,TAG_DEPARTED_A,01021800
190523082311,TAG_ARRIVED_A,01021800
190523082311,SOLO_SUCCESS,01021800
190523082330,TAG_DEPARTED_A,01021800
190523084122,TAG_ARRIVED_A,07991800
190523084123,TAG_MISSING_A,07991800
190523084124,SOLO_SUCCESS,07991800
190523084126,TAG_DEPARTED_A,07991800
190523084208,TAG_ARRIVED_A,01050400
190523084208,SOLO_SUCCESS,01050400
190523084214,TAG_DEPARTED_A,01050400
190523084214,TAG_ARRIVED_A,01050400
190523084214,SOLO_SUCCESS,01050400
190523084229,TAG_DEPARTED_A,01050400
190523085047,TAG_ARRIVED_A,01753200
190523085048,SOLO_SUCCESS,01753200
190523085104,TAG_DEPARTED_A,01753200
190523085105,TAG_ARRIVED_A,01753200
190523085106,SOLO_SUCCESS,01753200
190523085107,TAG_DEPARTED_A,01753200
190523085108,TAG_ARRIVED_A,01753200
190523085109,SOLO_SUCCESS,01753200
190523085115,TAG_DEPARTED_A,01753200
190523090115,TAG_ARRIVED_A,01bbe500
190523090116,SOLO_SUCCESS,01bbe500
190523090122,TAG_DEPARTED_A,01bbe500
190523090301,TAG_ARRIVED_A,01bbe500
190523090301,SOLO_SUCCESS,01bbe500
190523090303,TAG_DEPARTED_A,01bbe500
190523093320,TAG_ARRIVED_B,018b0800
190523093321,SOLO_SUCCESS,018b0800
190523093329,TAG_DEPARTED_B,018b0800
190523093329,TAG_ARRIVED_B,018b0800
190523093330,SOLO_SUCCESS,018b0800
190523093332,TAG_DEPARTED_B,018b0800
190523093636,TAG_ARRIVED_A,018b0800
190523093637,SOLO_SUCCESS,018b0800
190523093643,TAG_DEPARTED_A,018b0800
190523093947,TAG_ARRIVED_A,01653700
190523093947,SOLO_SUCCESS,01653700
190523093949,TAG_DEPARTED_A,01653700
190523094234,TAG_ARRIVED_B,07991800
190523094235,TAG_MISSING_B,07991800
190523094235,SOLO_SUCCESS,07991800
190523094236,TAG_DEPARTED_B,07991800
190523094238,TAG_ARRIVED_B,07991800
190523094239,TAG_MISSING_B,07991800
190523094240,SOLO_SUCCESS,07991800
190523094241,TAG_DEPARTED_B,07991800
190523094729,TAG_ARRIVED_A,01bbe500
190523094729,SOLO_SUCCESS,01bbe500
190523094732,TAG_DEPARTED_A,01bbe500
190523094733,TAG_ARRIVED_A,01bbe500
190523094734,SOLO_SUCCESS,01bbe500
190523094737,TAG_DEPARTED_A,01bbe500
190523094830,TAG_ARRIVED_A,01c98500
190523094830,SOLO_SUCCESS,01c98500
190523094832,TAG_DEPARTED_A,01c98500
190523094833,TAG_ARRIVED_A,01c98500
190523094834,SOLO_SUCCESS,01c98500
190523094845,TAG_DEPARTED_A,01c98500
190523094850,TAG_ARRIVED_A,01c98500
190523094851,SOLO_SUCCESS,01c98500
190523094857,TAG_DEPARTED_A,01c98500
190523095305,TAG_ARRIVED_B,01bbe500
190523095305,SOLO_SUCCESS,01bbe500
190523095311,TAG_DEPARTED_B,01bbe500
190523095335,TAG_ARRIVED_A,01bbe500
190523095335,SOLO_SUCCESS,01bbe500
190523095337,TAG_DEPARTED_A,01bbe500
190523095549,TAG_ARRIVED_A,01bbe500
190523095549,SOLO_SUCCESS,01bbe500
190523095553,TAG_DEPARTED_A,01bbe500
190523101047,TAG_ARRIVED_B,017e1f00
190523101048,SOLO_SUCCESS,017e1f00
190523101050,TAG_DEPARTED_B,017e1f00
190523101052,TAG_ARRIVED_B,017e1f00
190523101053,SOLO_SUCCESS,017e1f00
190523101054,TAG_DEPARTED_B,017e1f00
190523101123,TAG_ARRIVED_B,017e1f00
190523101124,SOLO_SUCCESS,017e1f00
190523101128,TAG_DEPARTED_B,017e1f00
190523101601,TAG_ARRIVED_B,017e1f00
190523101602,SOLO_SUCCESS,017e1f00
190523101603,TAG_DEPARTED_B,017e1f00
190523101604,TAG_ARRIVED_B,017e1f00
190523101605,SOLO_SUCCESS,017e1f00
190523101608,TAG_DEPARTED_B,017e1f00
190523101608,TAG_ARRIVED_B,017e1f00
190523101609,SOLO_SUCCESS,017e1f00
190523101611,TAG_DEPARTED_B,017e1f00
190523101852,TAG_ARRIVED_A,017e1f00
190523101853,SOLO_SUCCESS,017e1f00
190523101855,TAG_DEPARTED_A,017e1f00
190523101947,TAG_ARRIVED_B,017e1f00
190523101948,SOLO_SUCCESS,017e1f00
190523101957,TAG_DEPARTED_B,017e1f00
190523102332,TAG_ARRIVED_B,01fe7600
190523102332,SOLO_SUCCESS,01fe7600
190523102340,TAG_DEPARTED_B,01fe7600
190523102341,TAG_ARRIVED_B,01fe7600
190523102341,SOLO_SUCCESS,01fe7600
190523102351,TAG_DEPARTED_B,01fe7600
190523102353,TAG_ARRIVED_B,01fe7600
190523102353,SOLO_SUCCESS,01fe7600
190523102358,TAG_DEPARTED_B,01fe7600
190523103758,TAG_ARRIVED_B,0126f300
190523103758,SOLO_SUCCESS,0126f300
190523103802,TAG_DEPARTED_B,0126f300
190523104020,TAG_ARRIVED_A,0126f300
190523104020,SOLO_SUCCESS,0126f300
190523104022,TAG_DEPARTED_A,0126f300
190523104026,TAG_ARRIVED_B,0126f300
190523104026,SOLO_SUCCESS,0126f300
190523104038,TAG_DEPARTED_B,0126f300
190523104052,TAG_ARRIVED_A,0126f300
190523104053,SOLO_SUCCESS,0126f300
190523104058,TAG_DEPARTED_A,0126f300
190523104236,TAG_ARRIVED_A,0126f300
190523104236,SOLO_SUCCESS,0126f300
190523104246,TAG_DEPARTED_A,0126f300
190523104250,TAG_ARRIVED_A,0126f300
190523104250,SOLO_SUCCESS,0126f300
190523104255,TAG_DEPARTED_A,0126f300
190523104255,TAG_ARRIVED_A,0126f300
190523104255,SOLO_SUCCESS,0126f300
190523104310,TAG_DEPARTED_A,0126f300
190523104321,TAG_ARRIVED_A,0126f300
190523104321,SOLO_SUCCESS,0126f300
190523104328,TAG_DEPARTED_A,0126f300
190523104329,TAG_ARRIVED_A,0126f300
190523104330,SOLO_SUCCESS,0126f300
190523104348,TAG_DEPARTED_A,0126f300
190523104353,TAG_ARRIVED_A,0126f300
190523104353,SOLO_SUCCESS,0126f300
190523104359,TAG_DEPARTED_A,0126f300
190523104415,TAG_ARRIVED_A,0126f300
190523104415,SOLO_SUCCESS,0126f300
190523104429,TAG_DEPARTED_A,0126f300
190523104430,TAG_ARRIVED_A,0126f300
190523104430,SOLO_SUCCESS,0126f300
190523104436,TAG_DEPARTED_A,0126f300
