190529075326,START_EXPERIMENT,
190529080549,TAG_ARRIVED_A,0102ae00
190529080550,SOLO_SUCCESS,0102ae00
190529080551,TAG_DEPARTED_A,0102ae00
190529080552,TAG_ARRIVED_A,0102ae00
190529080552,SOLO_SUCCESS,0102ae00
190529080557,TAG_DEPARTED_A,0102ae00
190529080557,TAG_ARRIVED_A,0102ae00
190529080557,SOLO_SUCCESS,0102ae00
190529080613,TAG_DEPARTED_A,0102ae00
190529080614,TAG_ARRIVED_A,0102ae00
190529080615,SOLO_SUCCESS,0102ae00
190529080629,TAG_DEPARTED_A,0102ae00
190529080633,TAG_ARRIVED_A,0102ae00
190529080633,SOLO_SUCCESS,0102ae00
190529080635,TAG_DEPARTED_A,0102ae00
190529080642,TAG_ARRIVED_A,0102ae00
190529080642,SOLO_SUCCESS,0102ae00
190529080659,TAG_DEPARTED_A,0102ae00
190529080701,TAG_ARRIVED_A,0102ae00
190529080701,SOLO_SUCCESS,0102ae00
190529080721,TAG_DEPARTED_A,0102ae00
190529080800,TAG_ARRIVED_A,01043c00
190529080801,SOLO_SUCCESS,01043c00
190529080802,TAG_DEPARTED_A,01043c00
190529081003,TAG_ARRIVED_A,01043c00
190529081003,SOLO_SUCCESS,01043c00
190529081005,TAG_DEPARTED_A,01043c00
190529081011,TAG_ARRIVED_A,01043c00
190529081012,SOLO_SUCCESS,01043c00
190529081043,TAG_DEPARTED_A,01043c00
190529081050,TAG_ARRIVED_A,07991800
190529081051,TAG_MISSING_A,07991800
190529081052,SOLO_SUCCESS,07991800
190529081053,TAG_DEPARTED_A,07991800
190529081058,TAG_ARRIVED_A,07991800
190529081059,TAG_MISSING_A,07991800
190529081059,SOLO_SUCCESS,07991800
190529081117,TAG_DEPARTED_A,07991800
190529081122,TAG_ARRIVED_A,07991800
190529081123,TAG_MISSING_A,07991800
190529081123,SOLO_SUCCESS,07991800
190529081135,TAG_DEPARTED_A,07991800
190529081145,TAG_ARRIVED_A,01016400
190529081145,SOLO_SUCCESS,01016400
190529081155,TAG_DEPARTED_A,01016400
190529081201,TAG_ARRIVED_A,01016400
190529081202,SOLO_SUCCESS,01016400
190529081206,TAG_DEPARTED_A,01016400
190529081503,TAG_ARRIVED_B,01653700
190529081504,SOLO_SUCCESS,01653700
190529081506,TAG_DEPARTED_B,01653700
190529081508,TAG_ARRIVED_B,01653700
190529081509,SOLO_SUCCESS,01653700
190529081545,TAG_DEPARTED_B,01653700
190529081548,TAG_ARRIVED_B,01653700
190529081548,SOLO_SUCCESS,01653700
190529081558,TAG_DEPARTED_B,01653700
190529081601,TAG_ARRIVED_B,01653700
190529081602,SOLO_SUCCESS,01653700
190529081614,TAG_DEPARTED_B,01653700
190529081623,TAG_ARRIVED_A,018b0800
190529081624,SOLO_SUCCESS,018b0800
190529081625,TAG_DEPARTED_A,018b0800
190529081654,TAG_ARRIVED_A,01653700
190529081655,SOLO_SUCCESS,01653700
190529081701,TAG_DEPARTED_A,01653700
190529081703,TAG_ARRIVED_A,01653700
190529081704,SOLO_SUCCESS,01653700
190529081706,TAG_DEPARTED_A,01653700
190529081849,TAG_ARRIVED_A,017e1f00
190529081850,SOLO_SUCCESS,017e1f00
190529081852,TAG_DEPARTED_A,017e1f00
190529081922,TAG_ARRIVED_A,01c4ca00
190529081923,SOLO_SUCCESS,01c4ca00
190529081945,TAG_DEPARTED_A,01c4ca00
190529081949,TAG_ARRIVED_A,01c4ca00
190529081950,SOLO_SUCCESS,01c4ca00
190529081955,TAG_DEPARTED_A,01c4ca00
190529082001,TAG_ARRIVED_A,01c4ca00
190529082002,SOLO_SUCCESS,01c4ca00
190529082003,TAG_DEPARTED_A,01c4ca00
190529082046,TAG_ARRIVED_A,01c98500
190529082047,SOLO_SUCCESS,01c98500
190529082050,TAG_DEPARTED_A,01c98500
190529082123,TAG_ARRIVED_A,01c98500
190529082124,SOLO_SUCCESS,01c98500
190529082151,TAG_DEPARTED_A,01c98500
190529082315,TAG_ARRIVED_A,01bbe500
190529082315,SOLO_SUCCESS,01bbe500
190529082328,TAG_ARRIVED_B,01021800
190529082329,STARTCOOP_SUCCESS,01bbe500_01021800
190529082329,TAG_DEPARTED_A,01bbe500
190529082347,TAG_DEPARTED_B,01021800
190529082348,TAG_ARRIVED_B,01021800
190529082349,SOLO_SUCCESS,01021800
190529082353,TAG_ARRIVED_A,01753200
190529082354,STARTCOOP_FAIL,01021800_01753200
190529082356,ENDCOOP_FAIL,01021800_01753200
190529082356,TAG_DEPARTED_B,01021800
190529082400,TAG_ARRIVED_B,01c4ca00
190529082401,STARTCOOP_SUCCESS,01753200_01c4ca00
190529082401,TAG_DEPARTED_A,01753200
190529082406,ENDCOOP_SUCCESS,01c4ca00_
190529082407,TAG_DEPARTED_B,01c4ca00
190529082423,TAG_ARRIVED_B,01c4ca00
190529082424,SOLO_FAIL,01c4ca00
190529082426,ENDCOOP_FAIL,01c4ca00_
190529082426,TAG_DEPARTED_B,01c4ca00
190529082442,TAG_ARRIVED_B,01c4ca00
190529082443,SOLO_FAIL,01c4ca00
190529082443,TAG_ARRIVED_A,01bbe500
190529082444,STARTCOOP_FAIL,01c4ca00_01bbe500
190529082445,TAG_DEPARTED_A,01bbe500
190529082447,ENDCOOP_FAIL,01c4ca00_
190529082448,TAG_DEPARTED_B,01c4ca00
190529082448,TAG_ARRIVED_B,01c4ca00
190529082449,SOLO_FAIL,01c4ca00
190529082450,TAG_ARRIVED_A,01bbe500
190529082451,STARTCOOP_FAIL,01c4ca00_01bbe500
190529082453,ENDCOOP_FAIL,01c4ca00_01bbe500
190529082453,TAG_DEPARTED_B,01c4ca00
190529082454,TAG_ARRIVED_B,01c4ca00
190529082455,STARTCOOP_FAIL,01bbe500_01c4ca00
190529082503,ENDCOOP_FAIL,01c4ca00_01bbe500
190529082503,TAG_DEPARTED_B,01c4ca00
190529082504,TAG_ARRIVED_B,01c4ca00
190529082505,STARTCOOP_FAIL,01bbe500_01c4ca00
190529082505,TAG_DEPARTED_A,01bbe500
190529082506,ENDCOOP_FAIL,01c4ca00_
190529082506,TAG_DEPARTED_B,01c4ca00
190529082517,TAG_ARRIVED_B,01c4ca00
190529082518,SOLO_FAIL,01c4ca00
190529082525,TAG_ARRIVED_A,01c2e300
190529082526,STARTCOOP_SUCCESS,01c4ca00_01c2e300
190529082527,ENDCOOP_SUCCESS,01c4ca00_01c2e300
190529082527,TAG_DEPARTED_B,01c4ca00
190529082536,TAG_DEPARTED_A,01c2e300
190529082537,TAG_ARRIVED_A,01c2e300
190529082538,SOLO_FAIL,01c2e300
190529082539,TAG_DEPARTED_A,01c2e300
190529082552,TAG_ARRIVED_A,01c2e300
190529082552,SOLO_FAIL,01c2e300
190529082556,TAG_DEPARTED_A,01c2e300
190529082621,TAG_ARRIVED_A,01050400
190529082622,SOLO_FAIL,01050400
190529082626,TAG_DEPARTED_A,01050400
190529082632,TAG_ARRIVED_B,01c4ca00
190529082632,SOLO_FAIL,01c4ca00
190529082634,ENDCOOP_FAIL,01c4ca00_
190529082635,TAG_DEPARTED_B,01c4ca00
190529082648,TAG_ARRIVED_A,017e1f00
190529082649,SOLO_FAIL,017e1f00
190529082649,TAG_ARRIVED_B,01c4ca00
190529082650,STARTCOOP_SUCCESS,017e1f00_01c4ca00
190529082651,ENDCOOP_SUCCESS,01c4ca00_017e1f00
190529082651,TAG_DEPARTED_B,01c4ca00
190529082652,TAG_DEPARTED_A,017e1f00
190529082652,TAG_ARRIVED_A,017e1f00
190529082653,SOLO_FAIL,017e1f00
190529082657,TAG_DEPARTED_A,017e1f00
190529082659,TAG_ARRIVED_B,01c4ca00
190529082700,SOLO_FAIL,01c4ca00
190529082701,TAG_ARRIVED_A,01050400
190529082701,STARTCOOP_FAIL,01c4ca00_01050400
190529082701,ENDCOOP_FAIL,01c4ca00_01050400
190529082701,TAG_DEPARTED_B,01c4ca00
190529082708,TAG_DEPARTED_A,01050400
190529082727,TAG_ARRIVED_A,01c4ca00
190529082728,SOLO_FAIL,01c4ca00
190529082728,TAG_ARRIVED_B,01c2e300
190529082729,STARTCOOP_SUCCESS,01c4ca00_01c2e300
190529082729,ENDCOOP_SUCCESS,01c2e300_01c4ca00
190529082729,TAG_DEPARTED_B,01c2e300
190529082733,TAG_ARRIVED_A,0102ae00
190529082733,SOLO_FAIL,0102ae00
190529082736,TAG_DEPARTED_A,0102ae00
190529082745,TAG_ARRIVED_A,0102ae00
190529082746,SOLO_FAIL,0102ae00
190529082748,TAG_ARRIVED_B,01c4ca00
190529082749,STARTCOOP_FAIL,0102ae00_01c4ca00
190529082749,TAG_DEPARTED_A,0102ae00
190529082752,TAG_ARRIVED_B,0102ae00
190529082752,SOLO_FAIL,0102ae00
190529082800,ENDCOOP_FAIL,0102ae00_
190529082800,TAG_DEPARTED_B,0102ae00
190529082801,TAG_ARRIVED_B,01c4ca00
190529082801,SOLO_FAIL,01c4ca00
190529082806,TAG_ARRIVED_A,0102ae00
190529082806,STARTCOOP_FAIL,01c4ca00_0102ae00
190529082808,TAG_DEPARTED_A,0102ae00
190529082809,ENDCOOP_FAIL,01c4ca00_
190529082810,TAG_DEPARTED_B,01c4ca00
190529082812,TAG_ARRIVED_B,0102ae00
190529082813,SOLO_FAIL,0102ae00
190529082814,ENDCOOP_FAIL,0102ae00_
190529082815,TAG_DEPARTED_B,0102ae00
190529082824,TAG_ARRIVED_A,01c2e300
190529082825,SOLO_FAIL,01c2e300
190529082827,TAG_ARRIVED_A,0102ae00
190529082827,SOLO_FAIL,0102ae00
190529082832,TAG_DEPARTED_A,0102ae00
190529082855,TAG_ARRIVED_B,01c4ca00
190529082856,SOLO_FAIL,01c4ca00
190529082857,ENDCOOP_FAIL,01c4ca00_
190529082858,TAG_DEPARTED_B,01c4ca00
190529082922,TAG_ARRIVED_B,01c4ca00
190529082923,SOLO_FAIL,01c4ca00
190529082925,TAG_ARRIVED_A,017e1f00
190529082926,STARTCOOP_SUCCESS,01c4ca00_017e1f00
190529082927,ENDCOOP_SUCCESS,01c4ca00_017e1f00
190529082927,TAG_DEPARTED_B,01c4ca00
190529082928,TAG_ARRIVED_B,01c4ca00
190529082929,STARTCOOP_SUCCESS,017e1f00_01c4ca00
190529082929,ENDCOOP_SUCCESS,01c4ca00_017e1f00
190529082930,TAG_DEPARTED_B,01c4ca00
190529082930,TAG_DEPARTED_A,017e1f00
190529082934,TAG_ARRIVED_B,01c4ca00
190529082935,SOLO_FAIL,01c4ca00
190529082936,ENDCOOP_FAIL,01c4ca00_
190529082936,TAG_DEPARTED_B,01c4ca00
190529082958,TAG_ARRIVED_B,01c4ca00
190529082958,SOLO_FAIL,01c4ca00
190529083004,ENDCOOP_FAIL,01c4ca00_
190529083005,TAG_DEPARTED_B,01c4ca00
190529083006,LOCKOUT_ENDED,
190529083009,TAG_ARRIVED_B,01c4ca00
190529083010,SOLO_SUCCESS,01c4ca00
190529083019,TAG_DEPARTED_B,01c4ca00
190529083022,TAG_ARRIVED_B,01c4ca00
190529083023,SOLO_SUCCESS,01c4ca00
190529083042,TAG_DEPARTED_B,01c4ca00
190529083051,TAG_ARRIVED_B,01c4ca00
190529083052,SOLO_SUCCESS,01c4ca00
190529083054,TAG_ARRIVED_B,0102ae00
190529083054,SOLO_SUCCESS,0102ae00
190529083055,TAG_ARRIVED_A,01c4ca00
190529083055,STARTCOOP_FAIL,0102ae00_01c4ca00
190529083056,TAG_DEPARTED_A,01c4ca00
190529083100,ENDCOOP_FAIL,0102ae00_
190529083100,TAG_DEPARTED_B,0102ae00
190529083107,TAG_ARRIVED_B,0102ae00
190529083108,SOLO_FAIL,0102ae00
190529083117,ENDCOOP_FAIL,0102ae00_
190529083117,TAG_DEPARTED_B,0102ae00
190529083118,TAG_ARRIVED_A,0102ae00
190529083118,SOLO_FAIL,0102ae00
190529083136,TAG_DEPARTED_A,0102ae00
190529083137,TAG_ARRIVED_A,0102ae00
190529083138,SOLO_FAIL,0102ae00
190529083141,TAG_DEPARTED_A,0102ae00
190529083154,TAG_ARRIVED_B,0102ae00
190529083154,SOLO_FAIL,0102ae00
190529083201,ENDCOOP_FAIL,0102ae00_
190529083202,TAG_DEPARTED_B,0102ae00
190529083202,TAG_ARRIVED_A,0102ae00
190529083202,SOLO_FAIL,0102ae00
190529083222,TAG_DEPARTED_A,0102ae00
190529083242,TAG_ARRIVED_B,01c4ca00
190529083243,SOLO_FAIL,01c4ca00
190529083245,ENDCOOP_FAIL,01c4ca00_
190529083245,TAG_DEPARTED_B,01c4ca00
190529083256,LOCKOUT_ENDED,
190529083322,TAG_ARRIVED_B,01c4ca00
190529083323,SOLO_SUCCESS,01c4ca00
190529083338,TAG_DEPARTED_B,01c4ca00
190529083351,TAG_ARRIVED_B,01c4ca00
190529083351,SOLO_SUCCESS,01c4ca00
190529083353,TAG_DEPARTED_B,01c4ca00
190529083353,TAG_ARRIVED_A,01c4ca00
190529083354,SOLO_SUCCESS,01c4ca00
190529083356,TAG_DEPARTED_A,01c4ca00
190529083358,TAG_ARRIVED_A,01c4ca00
190529083359,SOLO_SUCCESS,01c4ca00
190529083401,TAG_DEPARTED_A,01c4ca00
190529083406,TAG_ARRIVED_B,01c4ca00
190529083406,SOLO_SUCCESS,01c4ca00
190529083410,TAG_DEPARTED_B,01c4ca00
190529083410,TAG_ARRIVED_A,01753200
190529083411,SOLO_SUCCESS,01753200
190529083412,TAG_DEPARTED_A,01753200
190529083413,TAG_ARRIVED_B,01c4ca00
190529083414,SOLO_SUCCESS,01c4ca00
190529083426,TAG_DEPARTED_B,01c4ca00
190529083426,TAG_ARRIVED_A,01c4ca00
190529083427,SOLO_SUCCESS,01c4ca00
190529083440,TAG_DEPARTED_A,01c4ca00
190529083532,TAG_ARRIVED_B,01c4ca00
190529083533,SOLO_SUCCESS,01c4ca00
190529083543,TAG_DEPARTED_B,01c4ca00
190529083545,TAG_ARRIVED_B,01c4ca00
190529083546,SOLO_SUCCESS,01c4ca00
190529083554,TAG_ARRIVED_A,01753200
190529083555,STARTCOOP_SUCCESS,01c4ca00_01753200
190529083558,TAG_DEPARTED_A,01753200
190529083607,ENDCOOP_SUCCESS,01c4ca00_
190529083607,TAG_DEPARTED_B,01c4ca00
190529083638,TAG_ARRIVED_B,01c4ca00
190529083639,SOLO_SUCCESS,01c4ca00
190529083649,TAG_ARRIVED_A,01753200
190529083650,STARTCOOP_SUCCESS,01c4ca00_01753200
190529083654,TAG_DEPARTED_A,01753200
190529083655,TAG_ARRIVED_A,01753200
190529083656,STARTCOOP_SUCCESS,01c4ca00_01753200
190529083656,ENDCOOP_SUCCESS,01c4ca00_01753200
190529083656,TAG_DEPARTED_B,01c4ca00
190529083714,TAG_DEPARTED_A,01753200
190529083715,TAG_ARRIVED_A,01753200
190529083715,SOLO_SUCCESS,01753200
190529083724,TAG_ARRIVED_B,01c4ca00
190529083725,STARTCOOP_SUCCESS,01753200_01c4ca00
190529083726,ENDCOOP_SUCCESS,01c4ca00_01753200
190529083726,TAG_DEPARTED_B,01c4ca00
190529083727,TAG_DEPARTED_A,01753200
190529083755,TAG_ARRIVED_B,01c4ca00
190529083756,SOLO_SUCCESS,01c4ca00
190529083800,TAG_DEPARTED_B,01c4ca00
190529083808,TAG_ARRIVED_A,01471d00
190529083808,SOLO_SUCCESS,01471d00
190529083811,TAG_DEPARTED_A,01471d00
190529083819,TAG_ARRIVED_A,07991800
190529083820,TAG_MISSING_A,07991800
190529083821,SOLO_SUCCESS,07991800
190529083826,TAG_DEPARTED_A,07991800
190529083835,TAG_ARRIVED_A,07991800
190529083836,TAG_MISSING_A,07991800
190529083836,SOLO_SUCCESS,07991800
190529083840,TAG_DEPARTED_A,07991800
190529083840,TAG_ARRIVED_B,01c4ca00
190529083841,SOLO_SUCCESS,01c4ca00
190529083846,TAG_DEPARTED_B,01c4ca00
190529083846,TAG_ARRIVED_A,01471d00
190529083846,SOLO_SUCCESS,01471d00
190529083848,TAG_DEPARTED_A,01471d00
190529083900,TAG_ARRIVED_A,01471d00
190529083900,SOLO_SUCCESS,01471d00
190529083902,TAG_DEPARTED_A,01471d00
190529083905,TAG_ARRIVED_A,01471d00
190529083906,SOLO_SUCCESS,01471d00
190529083907,TAG_DEPARTED_A,01471d00
190529083908,TAG_ARRIVED_A,01471d00
190529083908,SOLO_SUCCESS,01471d00
190529083913,TAG_DEPARTED_A,01471d00
190529083921,TAG_ARRIVED_A,01c4ca00
190529083921,SOLO_SUCCESS,01c4ca00
190529083926,TAG_DEPARTED_A,01c4ca00
190529083927,TAG_ARRIVED_A,01050400
190529083927,SOLO_SUCCESS,01050400
190529083933,TAG_DEPARTED_A,01050400
190529083937,TAG_ARRIVED_A,07991800
190529083938,TAG_MISSING_A,07991800
190529083938,SOLO_SUCCESS,07991800
190529083940,TAG_DEPARTED_A,07991800
190529083944,TAG_ARRIVED_A,07991800
190529083945,TAG_MISSING_A,07991800
190529083945,SOLO_SUCCESS,07991800
190529083948,TAG_DEPARTED_A,07991800
190529083952,TAG_ARRIVED_A,07991800
190529083953,TAG_MISSING_A,07991800
190529083954,SOLO_SUCCESS,07991800
190529083954,TAG_DEPARTED_A,07991800
190529083957,TAG_ARRIVED_A,07991800
190529083958,TAG_MISSING_A,07991800
190529083959,SOLO_SUCCESS,07991800
190529084004,TAG_DEPARTED_A,07991800
190529084027,TAG_ARRIVED_A,07991800
190529084028,TAG_MISSING_A,07991800
190529084028,SOLO_SUCCESS,07991800
190529084029,TAG_DEPARTED_A,07991800
190529084030,TAG_ARRIVED_A,01471d00
190529084031,SOLO_SUCCESS,01471d00
190529084032,TAG_DEPARTED_A,01471d00
190529084033,TAG_ARRIVED_A,01471d00
190529084034,SOLO_SUCCESS,01471d00
190529084034,TAG_ARRIVED_B,07991800
190529084035,TAG_MISSING_B,07991800
190529084035,STARTCOOP_FAIL,01471d00_07991800
190529084036,TAG_DEPARTED_A,01471d00
190529084039,ENDCOOP_FAIL,07991800_
190529084039,TAG_DEPARTED_B,07991800
190529084042,TAG_ARRIVED_A,01471d00
190529084043,SOLO_FAIL,01471d00
190529084043,TAG_ARRIVED_B,01050400
190529084044,STARTCOOP_SUCCESS,01471d00_01050400
190529084044,TAG_DEPARTED_A,01471d00
190529084048,TAG_ARRIVED_A,01471d00
190529084048,STARTCOOP_SUCCESS,01050400_01471d00
190529084049,ENDCOOP_SUCCESS,01050400_01471d00
190529084049,TAG_DEPARTED_B,01050400
190529084052,TAG_ARRIVED_B,01050400
190529084052,STARTCOOP_SUCCESS,01471d00_01050400
190529084055,ENDCOOP_SUCCESS,01050400_01471d00
190529084055,TAG_DEPARTED_B,01050400
190529084055,TAG_DEPARTED_A,01471d00
190529084104,TAG_ARRIVED_A,01471d00
190529084104,SOLO_FAIL,01471d00
190529084107,TAG_DEPARTED_A,01471d00
190529084120,TAG_ARRIVED_A,01471d00
190529084120,SOLO_FAIL,01471d00
190529084122,TAG_DEPARTED_A,01471d00
190529084123,TAG_ARRIVED_A,01471d00
190529084124,SOLO_FAIL,01471d00
190529084125,TAG_DEPARTED_A,01471d00
190529084136,TAG_ARRIVED_A,01c4ca00
190529084137,SOLO_FAIL,01c4ca00
190529084140,TAG_DEPARTED_A,01c4ca00
190529084147,TAG_ARRIVED_B,07991800
190529084149,TAG_MISSING_B,07991800
190529084149,SOLO_FAIL,07991800
190529084158,ENDCOOP_FAIL,07991800_
190529084158,TAG_DEPARTED_B,07991800
190529084201,TAG_ARRIVED_B,01c4ca00
190529084202,SOLO_FAIL,01c4ca00
190529084202,TAG_ARRIVED_A,01471d00
190529084203,STARTCOOP_FAIL,01c4ca00_01471d00
190529084203,ENDCOOP_FAIL,01c4ca00_01471d00
190529084204,TAG_DEPARTED_B,01c4ca00
190529084204,TAG_ARRIVED_B,01c4ca00
190529084205,STARTCOOP_FAIL,01471d00_01c4ca00
190529084205,TAG_DEPARTED_A,01471d00
190529084208,ENDCOOP_FAIL,01c4ca00_
190529084208,TAG_DEPARTED_B,01c4ca00
190529084210,TAG_ARRIVED_A,01471d00
190529084211,SOLO_FAIL,01471d00
190529084212,TAG_DEPARTED_A,01471d00
190529084214,TAG_ARRIVED_A,01471d00
190529084214,SOLO_FAIL,01471d00
190529084216,TAG_DEPARTED_A,01471d00
190529084228,TAG_ARRIVED_A,01471d00
190529084229,SOLO_FAIL,01471d00
190529084230,TAG_DEPARTED_A,01471d00
190529084236,TAG_ARRIVED_A,01c2e300
190529084237,SOLO_FAIL,01c2e300
190529084244,TAG_DEPARTED_A,01c2e300
190529084246,TAG_ARRIVED_A,01050400
190529084247,SOLO_FAIL,01050400
190529084248,TAG_DEPARTED_A,01050400
190529084249,TAG_ARRIVED_A,01471d00
190529084249,SOLO_FAIL,01471d00
190529084251,TAG_DEPARTED_A,01471d00
190529084307,TAG_ARRIVED_A,01471d00
190529084307,SOLO_FAIL,01471d00
190529084314,TAG_DEPARTED_A,01471d00
190529084405,LOCKOUT_ENDED,
190529084429,TAG_ARRIVED_A,01471d00
190529084430,SOLO_SUCCESS,01471d00
190529084431,TAG_DEPARTED_A,01471d00
190529084434,TAG_ARRIVED_A,0102ae00
190529084434,SOLO_SUCCESS,0102ae00
190529084444,TAG_DEPARTED_A,0102ae00
190529084501,TAG_ARRIVED_A,01043c00
190529084502,SOLO_SUCCESS,01043c00
190529084512,TAG_DEPARTED_A,01043c00
190529084522,TAG_ARRIVED_A,01043c00
190529084523,SOLO_SUCCESS,01043c00
190529084532,TAG_DEPARTED_A,01043c00
190529084544,TAG_ARRIVED_A,01043c00
190529084545,SOLO_SUCCESS,01043c00
190529084616,TAG_DEPARTED_A,01043c00
190529085143,TAG_ARRIVED_B,01050400
190529085144,SOLO_SUCCESS,01050400
190529085203,TAG_DEPARTED_B,01050400
190529085210,TAG_ARRIVED_B,01050400
190529085211,SOLO_SUCCESS,01050400
190529085218,TAG_ARRIVED_B,01c98500
190529085219,SOLO_SUCCESS,01c98500
190529085226,TAG_DEPARTED_B,01c98500
190529090127,TAG_ARRIVED_A,01bbe500
190529090127,SOLO_SUCCESS,01bbe500
190529090129,TAG_DEPARTED_A,01bbe500
190529090250,TAG_ARRIVED_A,01c98500
190529090251,SOLO_SUCCESS,01c98500
190529090254,TAG_DEPARTED_A,01c98500
190529090254,TAG_ARRIVED_A,0102ae00
190529090255,SOLO_SUCCESS,0102ae00
190529090258,TAG_DEPARTED_A,0102ae00
190529090301,TAG_ARRIVED_A,0102ae00
190529090302,SOLO_SUCCESS,0102ae00
190529090307,TAG_DEPARTED_A,0102ae00
190529090310,TAG_ARRIVED_A,0102ae00
190529090311,SOLO_SUCCESS,0102ae00
190529090315,TAG_DEPARTED_A,0102ae00
190529090425,TAG_ARRIVED_A,0102ae00
190529090426,SOLO_SUCCESS,0102ae00
190529090434,TAG_DEPARTED_A,0102ae00
190529090435,TAG_ARRIVED_A,0102ae00
190529090435,SOLO_SUCCESS,0102ae00
190529090437,TAG_DEPARTED_A,0102ae00
190529090630,TAG_ARRIVED_B,01bbe500
190529090630,SOLO_SUCCESS,01bbe500
190529090634,TAG_DEPARTED_B,01bbe500
190529090817,TAG_ARRIVED_B,01fe7600
190529090817,SOLO_SUCCESS,01fe7600
190529090819,TAG_DEPARTED_B,01fe7600
190529090856,TAG_ARRIVED_B,01050400
190529090856,SOLO_SUCCESS,01050400
190529090858,TAG_DEPARTED_B,01050400
190529091232,TAG_ARRIVED_A,01c98500
190529091233,SOLO_SUCCESS,01c98500
190529091235,TAG_DEPARTED_A,01c98500
190529091257,TAG_ARRIVED_A,01c98500
190529091258,SOLO_SUCCESS,01c98500
190529091300,TAG_DEPARTED_A,01c98500
190529091304,TAG_ARRIVED_A,01df6400
190529091305,SOLO_SUCCESS,01df6400
190529091306,TAG_DEPARTED_A,01df6400
190529091359,TAG_ARRIVED_B,01c98500
190529091400,SOLO_SUCCESS,01c98500
190529091417,TAG_DEPARTED_B,01c98500
190529091451,TAG_ARRIVED_B,01050400
190529091451,SOLO_SUCCESS,01050400
190529091456,TAG_DEPARTED_B,01050400
190529091457,TAG_ARRIVED_B,01050400
190529091457,SOLO_SUCCESS,01050400
190529091459,TAG_DEPARTED_B,01050400
190529091504,TAG_ARRIVED_A,01c98500
190529091505,SOLO_SUCCESS,01c98500
190529091508,TAG_DEPARTED_A,01c98500
190529091747,TAG_ARRIVED_A,01df6400
190529091748,SOLO_SUCCESS,01df6400
190529091757,TAG_DEPARTED_A,01df6400
190529091811,TAG_ARRIVED_A,01df6400
190529091812,SOLO_SUCCESS,01df6400
190529091813,TAG_DEPARTED_A,01df6400
190529092158,TAG_ARRIVED_A,018b0800
190529092159,SOLO_SUCCESS,018b0800
190529092200,TAG_DEPARTED_A,018b0800
190529092302,TAG_ARRIVED_A,01fe7600
190529092303,SOLO_SUCCESS,01fe7600
190529092305,TAG_DEPARTED_A,01fe7600
190529093100,TAG_ARRIVED_A,01e14200
190529093100,SOLO_SUCCESS,01e14200
190529093106,TAG_DEPARTED_A,01e14200
190529093107,TAG_ARRIVED_A,01e14200
190529093108,SOLO_SUCCESS,01e14200
190529093121,TAG_DEPARTED_A,01e14200
190529093129,TAG_ARRIVED_A,01e14200
190529093130,SOLO_SUCCESS,01e14200
190529093143,TAG_DEPARTED_A,01e14200
190529093217,TAG_ARRIVED_B,01e14200
190529093218,SOLO_SUCCESS,01e14200
190529093221,TAG_DEPARTED_B,01e14200
190529093238,TAG_ARRIVED_B,01e14200
190529093239,SOLO_SUCCESS,01e14200
190529093249,TAG_DEPARTED_B,01e14200
190529093459,TAG_ARRIVED_B,01e14200
190529093500,SOLO_SUCCESS,01e14200
190529093532,TAG_DEPARTED_B,01e14200
190529093654,TAG_ARRIVED_A,01e14200
190529093655,SOLO_SUCCESS,01e14200
190529093701,TAG_DEPARTED_A,01e14200
190529093718,TAG_ARRIVED_B,0102ae00
190529093718,SOLO_SUCCESS,0102ae00
190529093720,TAG_DEPARTED_B,0102ae00
190529094008,TAG_ARRIVED_A,01043c00
190529094009,SOLO_SUCCESS,01043c00
190529094015,TAG_DEPARTED_A,01043c00
190529094246,TAG_ARRIVED_B,01b47d00
190529094247,SOLO_SUCCESS,01b47d00
190529094250,TAG_DEPARTED_B,01b47d00
190529094251,TAG_ARRIVED_A,01b47d00
190529094252,SOLO_SUCCESS,01b47d00
190529094256,TAG_DEPARTED_A,01b47d00
190529094451,TAG_ARRIVED_A,01bbe500
190529094452,SOLO_SUCCESS,01bbe500
190529094455,TAG_DEPARTED_A,01bbe500
190529094509,TAG_ARRIVED_A,01506d00
190529094509,SOLO_SUCCESS,01506d00
190529094511,TAG_DEPARTED_A,01506d00
190529095321,TAG_ARRIVED_B,01c4ca00
190529095321,SOLO_SUCCESS,01c4ca00
190529095325,TAG_DEPARTED_B,01c4ca00
190529095337,TAG_ARRIVED_B,01c4ca00
190529095338,SOLO_SUCCESS,01c4ca00
190529095343,TAG_DEPARTED_B,01c4ca00
190529095653,TAG_ARRIVED_B,018b0800
190529095654,SOLO_SUCCESS,018b0800
190529095706,TAG_DEPARTED_B,018b0800
190529095708,TAG_ARRIVED_A,018b0800
190529095708,SOLO_SUCCESS,018b0800
190529095709,TAG_ARRIVED_A,01753200
190529095710,SOLO_SUCCESS,01753200
190529095712,TAG_DEPARTED_A,01753200
190529095719,TAG_ARRIVED_A,01753200
190529095720,SOLO_SUCCESS,01753200
190529095728,TAG_DEPARTED_A,01753200
190529095729,TAG_ARRIVED_B,01753200
190529095730,SOLO_SUCCESS,01753200
190529095734,TAG_DEPARTED_B,01753200
190529095735,TAG_ARRIVED_A,01753200
190529095735,SOLO_SUCCESS,01753200
190529095737,TAG_DEPARTED_A,01753200
190529095826,TAG_ARRIVED_A,01653700
190529095827,SOLO_SUCCESS,01653700
190529095829,TAG_DEPARTED_A,01653700
190529095831,TAG_ARRIVED_A,01653700
190529095832,SOLO_SUCCESS,01653700
190529095854,TAG_DEPARTED_A,01653700
190529095856,TAG_ARRIVED_A,01653700
190529095857,SOLO_SUCCESS,01653700
190529095858,TAG_DEPARTED_A,01653700
190529095905,TAG_ARRIVED_A,01653700
190529095906,SOLO_SUCCESS,01653700
190529095909,TAG_DEPARTED_A,01653700
190529095915,TAG_ARRIVED_A,01653700
190529095916,SOLO_SUCCESS,01653700
190529095918,TAG_DEPARTED_A,01653700
190529095919,TAG_ARRIVED_A,01653700
190529095920,SOLO_SUCCESS,01653700
190529095932,TAG_DEPARTED_A,01653700
190529095933,TAG_ARRIVED_A,01653700
190529095934,SOLO_SUCCESS,01653700
190529095935,TAG_DEPARTED_A,01653700
190529100612,TAG_ARRIVED_A,01506d00
190529100613,SOLO_SUCCESS,01506d00
190529100618,TAG_DEPARTED_A,01506d00
190529100922,TAG_ARRIVED_A,01c98500
190529100922,SOLO_SUCCESS,01c98500
190529100941,TAG_DEPARTED_A,01c98500
190529101119,TAG_ARRIVED_A,018b0800
190529101120,SOLO_SUCCESS,018b0800
190529101121,TAG_DEPARTED_A,018b0800
190529101124,TAG_ARRIVED_A,018b0800
190529101125,SOLO_SUCCESS,018b0800
190529101126,TAG_DEPARTED_A,018b0800
190529101218,TAG_ARRIVED_A,01653700
190529101219,SOLO_SUCCESS,01653700
190529101227,TAG_DEPARTED_A,01653700
190529101336,TAG_ARRIVED_A,0102ae00
190529101336,SOLO_SUCCESS,0102ae00
190529101338,TAG_DEPARTED_A,0102ae00
190529101601,TAG_ARRIVED_A,0102ae00
190529101602,SOLO_SUCCESS,0102ae00
190529101603,TAG_DEPARTED_A,0102ae00
190529101605,TAG_ARRIVED_A,01653700
190529101605,SOLO_SUCCESS,01653700
190529101607,TAG_DEPARTED_A,01653700
190529101610,TAG_ARRIVED_A,0102ae00
190529101610,SOLO_SUCCESS,0102ae00
190529101614,TAG_DEPARTED_A,0102ae00
190529101615,TAG_ARRIVED_A,0102ae00
190529101615,SOLO_SUCCESS,0102ae00
190529101620,TAG_DEPARTED_A,0102ae00
190529103430,TAG_ARRIVED_B,0102ae00
190529103430,SOLO_SUCCESS,0102ae00
190529103440,TAG_DEPARTED_B,0102ae00
190529103657,TAG_ARRIVED_A,0102ae00
190529103658,SOLO_SUCCESS,0102ae00
190529103705,TAG_DEPARTED_A,0102ae00
190529105130,TAG_ARRIVED_B,017e1f00
190529105131,SOLO_SUCCESS,017e1f00
190529105137,TAG_DEPARTED_B,017e1f00
190529105138,TAG_ARRIVED_B,017e1f00
190529105139,SOLO_SUCCESS,017e1f00
190529105141,TAG_DEPARTED_B,017e1f00
190529105501,TAG_ARRIVED_A,0139d100
190529105502,SOLO_SUCCESS,0139d100
190529105502,TAG_ARRIVED_B,01783900
190529105503,STARTCOOP_SUCCESS,0139d100_01783900
190529105503,TAG_DEPARTED_A,0139d100
190529105503,TAG_ARRIVED_A,0139d100
190529105504,STARTCOOP_SUCCESS,01783900_0139d100
190529105507,TAG_DEPARTED_A,0139d100
190529105508,TAG_ARRIVED_A,018e8200
190529105510,STARTCOOP_FAIL,01783900_018e8200
190529105510,TAG_DEPARTED_A,018e8200
190529105511,ENDCOOP_FAIL,01783900_
190529105511,TAG_DEPARTED_B,01783900
