190715060442,START_EXPERIMENT,
190715061033,TAG_ARRIVED_A,0102ee00
190715061033,SOLO_SUCCESS,0102ee00
190715061052,TAG_DEPARTED_A,0102ee00
190715061437,TAG_ARRIVED_B,0102ee00
190715061438,SOLO_SUCCESS,0102ee00
190715061529,TAG_DEPARTED_B,0102ee00
190715061906,TAG_ARRIVED_B,01036100
190715061907,SOLO_SUCCESS,01036100
190715061909,TAG_DEPARTED_B,01036100
190715062807,TAG_ARRIVED_B,01029a00
190715062808,SOLO_SUCCESS,01029a00
190715062820,TAG_DEPARTED_B,01029a00
190715062822,TAG_ARRIVED_B,01040300
190715062823,SOLO_SUCCESS,01040300
190715062824,TAG_DEPARTED_B,01040300
190715062827,TAG_ARRIVED_B,01050400
190715062827,SOLO_SUCCESS,01050400
190715062829,TAG_ARRIVED_B,0101c200
190715062830,SOLO_SUCCESS,0101c200
190715062833,TAG_DEPARTED_B,0101c200
190715063243,TAG_ARRIVED_B,01cf0600
190715063244,SOLO_SUCCESS,01cf0600
190715063245,TAG_DEPARTED_B,01cf0600
190715063357,TAG_ARRIVED_B,01cf0600
190715063358,SOLO_SUCCESS,01cf0600
190715063359,TAG_DEPARTED_B,01cf0600
190715063400,TAG_ARRIVED_B,0102ee00
190715063401,SOLO_SUCCESS,0102ee00
190715063403,TAG_DEPARTED_B,0102ee00
190715063434,TAG_ARRIVED_B,0102ee00
190715063435,SOLO_SUCCESS,0102ee00
190715063436,TAG_DEPARTED_B,0102ee00
190715063437,TAG_ARRIVED_B,0102ee00
190715063438,SOLO_SUCCESS,0102ee00
190715063440,TAG_DEPARTED_B,0102ee00
190715063854,TAG_ARRIVED_A,0102ae00
190715063854,SOLO_SUCCESS,0102ae00
190715063857,TAG_DEPARTED_A,0102ae00
190715063901,TAG_ARRIVED_A,0102ae00
190715063902,SOLO_SUCCESS,0102ae00
190715063903,TAG_DEPARTED_A,0102ae00
190715063904,TAG_ARRIVED_A,0102ae00
190715063904,SOLO_SUCCESS,0102ae00
190715063910,TAG_ARRIVED_A,0125d900
190715063911,SOLO_SUCCESS,0125d900
190715063912,TAG_DEPARTED_A,0125d900
190715063913,TAG_ARRIVED_A,0102ae00
190715063914,SOLO_SUCCESS,0102ae00
190715063916,TAG_DEPARTED_A,0102ae00
190715063918,TAG_ARRIVED_A,0102ae00
190715063919,SOLO_SUCCESS,0102ae00
190715063921,TAG_DEPARTED_A,0102ae00
190715063922,TAG_ARRIVED_A,0102ae00
190715063922,SOLO_SUCCESS,0102ae00
190715063927,TAG_ARRIVED_A,01038800
190715063928,SOLO_SUCCESS,01038800
190715063930,TAG_DEPARTED_A,01038800
190715063932,TAG_ARRIVED_A,01043c00
190715063933,SOLO_SUCCESS,01043c00
190715063933,TAG_ARRIVED_A,0102ae00
190715063933,SOLO_SUCCESS,0102ae00
190715063939,TAG_DEPARTED_A,0102ae00
190715063945,TAG_ARRIVED_A,0102ae00
190715063945,SOLO_SUCCESS,0102ae00
190715063953,TAG_DEPARTED_A,0102ae00
190715063953,TAG_ARRIVED_A,0102ae00
190715063954,SOLO_SUCCESS,0102ae00
190715064003,TAG_ARRIVED_B,01043c00
190715064004,STARTCOOP_FAIL,0102ae00_01043c00
190715064004,TAG_DEPARTED_A,0102ae00
190715064005,TAG_ARRIVED_A,0102ae00
190715064006,STARTCOOP_FAIL,01043c00_0102ae00
190715064007,ENDCOOP_FAIL,01043c00_0102ae00
190715064007,TAG_DEPARTED_B,01043c00
190715064014,TAG_DEPARTED_A,0102ae00
190715064016,TAG_ARRIVED_B,01029a00
190715064017,SOLO_FAIL,01029a00
190715064018,TAG_ARRIVED_A,01043c00
190715064019,STARTCOOP_SUCCESS,01029a00_01043c00
190715064022,TAG_DEPARTED_A,01043c00
190715064027,TAG_ARRIVED_A,0102ae00
190715064028,STARTCOOP_FAIL,01029a00_0102ae00
190715064035,TAG_DEPARTED_A,0102ae00
190715064038,TAG_ARRIVED_A,0102ae00
190715064038,STARTCOOP_FAIL,01029a00_0102ae00
190715064040,ENDCOOP_FAIL,01029a00_0102ae00
190715064040,TAG_DEPARTED_B,01029a00
190715064041,TAG_ARRIVED_B,01029a00
190715064042,STARTCOOP_FAIL,0102ae00_01029a00
190715064042,TAG_DEPARTED_A,0102ae00
190715064042,TAG_ARRIVED_A,0102ae00
190715064043,STARTCOOP_FAIL,01029a00_0102ae00
190715064047,ENDCOOP_FAIL,01029a00_0102ae00
190715064047,TAG_DEPARTED_B,01029a00
190715064047,TAG_DEPARTED_A,0102ae00
190715064048,TAG_ARRIVED_B,01029a00
190715064049,SOLO_FAIL,01029a00
190715064050,ENDCOOP_FAIL,01029a00_
190715064050,TAG_DEPARTED_B,01029a00
190715064053,TAG_ARRIVED_B,01016400
190715064054,SOLO_FAIL,01016400
190715064054,TAG_ARRIVED_A,0102ae00
190715064055,STARTCOOP_SUCCESS,01016400_0102ae00
190715064055,ENDCOOP_SUCCESS,01016400_0102ae00
190715064055,TAG_DEPARTED_B,01016400
190715064057,TAG_ARRIVED_B,01029a00
190715064058,STARTCOOP_FAIL,0102ae00_01029a00
190715064058,TAG_DEPARTED_A,0102ae00
190715064059,TAG_ARRIVED_A,0102ae00
190715064059,STARTCOOP_FAIL,01029a00_0102ae00
190715064106,ENDCOOP_FAIL,01029a00_0102ae00
190715064106,TAG_DEPARTED_B,01029a00
190715064106,TAG_DEPARTED_A,0102ae00
190715064109,TAG_ARRIVED_A,0102ae00
190715064110,SOLO_FAIL,0102ae00
190715064114,TAG_DEPARTED_A,0102ae00
190715064115,TAG_ARRIVED_A,0102ae00
190715064116,SOLO_FAIL,0102ae00
190715064118,TAG_DEPARTED_A,0102ae00
190715064119,TAG_ARRIVED_A,0102ae00
190715064119,SOLO_FAIL,0102ae00
190715064128,TAG_DEPARTED_A,0102ae00
190715064130,TAG_ARRIVED_A,0102ae00
190715064131,SOLO_FAIL,0102ae00
190715064132,TAG_DEPARTED_A,0102ae00
190715064133,TAG_ARRIVED_A,0102ae00
190715064133,SOLO_FAIL,0102ae00
190715064137,TAG_DEPARTED_A,0102ae00
190715064138,TAG_ARRIVED_A,0102ae00
190715064138,SOLO_FAIL,0102ae00
190715064140,TAG_DEPARTED_A,0102ae00
190715064144,TAG_ARRIVED_A,0102ae00
190715064145,SOLO_FAIL,0102ae00
190715064146,TAG_DEPARTED_A,0102ae00
190715064147,TAG_ARRIVED_A,0102ae00
190715064147,SOLO_FAIL,0102ae00
190715064149,TAG_DEPARTED_A,0102ae00
190715064152,TAG_ARRIVED_A,0102ae00
190715064152,SOLO_FAIL,0102ae00
190715064154,TAG_DEPARTED_A,0102ae00
190715064154,TAG_ARRIVED_A,0102ae00
190715064155,SOLO_FAIL,0102ae00
190715064200,TAG_DEPARTED_A,0102ae00
190715064212,TAG_ARRIVED_A,0102ae00
190715064212,SOLO_FAIL,0102ae00
190715064214,TAG_DEPARTED_A,0102ae00
190715064245,TAG_ARRIVED_B,01cf0600
190715064246,SOLO_FAIL,01cf0600
190715064249,ENDCOOP_FAIL,01cf0600_
190715064249,TAG_DEPARTED_B,01cf0600
190715064251,TAG_ARRIVED_B,01cf0600
190715064251,SOLO_FAIL,01cf0600
190715064257,TAG_ARRIVED_B,01038800
190715064258,SOLO_FAIL,01038800
190715064259,LOCKOUT_ENDED,
190715064307,TAG_ARRIVED_A,0102ae00
190715064307,STARTCOOP_FAIL,01038800_0102ae00
190715064308,ENDCOOP_FAIL,01038800_0102ae00
190715064308,TAG_DEPARTED_B,01038800
190715064310,TAG_ARRIVED_B,01cf0600
190715064311,STARTCOOP_FAIL,0102ae00_01cf0600
190715064317,TAG_DEPARTED_A,0102ae00
190715064322,ENDCOOP_FAIL,01cf0600_
190715064322,TAG_DEPARTED_B,01cf0600
190715064322,TAG_ARRIVED_B,01cf0600
190715064323,SOLO_FAIL,01cf0600
190715064325,ENDCOOP_FAIL,01cf0600_
190715064325,TAG_DEPARTED_B,01cf0600
190715064325,TAG_ARRIVED_B,01cf0600
190715064326,SOLO_FAIL,01cf0600
190715064326,TAG_ARRIVED_A,0102ae00
190715064327,STARTCOOP_FAIL,01cf0600_0102ae00
190715064327,ENDCOOP_FAIL,01cf0600_0102ae00
190715064327,TAG_DEPARTED_B,01cf0600
190715064328,TAG_ARRIVED_B,01021800
190715064329,STARTCOOP_SUCCESS,0102ae00_01021800
190715064330,ENDCOOP_SUCCESS,01021800_0102ae00
190715064330,TAG_DEPARTED_B,01021800
190715064338,TAG_ARRIVED_B,01021800
190715064338,STARTCOOP_SUCCESS,0102ae00_01021800
190715064340,TAG_DEPARTED_A,0102ae00
190715064342,ENDCOOP_SUCCESS,01021800_
190715064342,TAG_DEPARTED_B,01021800
190715064353,TAG_ARRIVED_A,01bb2200
190715064354,SOLO_FAIL,01bb2200
190715064358,TAG_DEPARTED_A,01bb2200
190715064402,TAG_ARRIVED_A,01bb2200
190715064403,SOLO_FAIL,01bb2200
190715064409,TAG_DEPARTED_A,01bb2200
190715064411,TAG_ARRIVED_B,01021800
190715064412,SOLO_FAIL,01021800
190715064415,ENDCOOP_FAIL,01021800_
190715064416,TAG_DEPARTED_B,01021800
190715064416,TAG_ARRIVED_B,01021800
190715064417,SOLO_FAIL,01021800
190715064417,TAG_ARRIVED_A,01bb2200
190715064418,STARTCOOP_FAIL,01021800_01bb2200
190715064422,TAG_DEPARTED_A,01bb2200
190715064424,TAG_ARRIVED_A,01bb2200
190715064425,STARTCOOP_FAIL,01021800_01bb2200
190715064426,TAG_DEPARTED_A,01bb2200
190715064427,TAG_ARRIVED_A,01bb2200
190715064428,STARTCOOP_FAIL,01021800_01bb2200
190715064429,TAG_DEPARTED_A,01bb2200
190715064430,TAG_ARRIVED_A,01bb2200
190715064431,STARTCOOP_FAIL,01021800_01bb2200
190715064431,ENDCOOP_FAIL,01021800_01bb2200
190715064431,TAG_DEPARTED_B,01021800
190715064431,TAG_ARRIVED_B,01021800
190715064432,STARTCOOP_FAIL,01bb2200_01021800
190715064437,ENDCOOP_FAIL,01021800_01bb2200
190715064437,TAG_DEPARTED_B,01021800
190715064438,TAG_DEPARTED_A,01bb2200
190715064439,TAG_ARRIVED_B,01021800
190715064439,SOLO_FAIL,01021800
190715064446,ENDCOOP_FAIL,01021800_
190715064447,TAG_DEPARTED_B,01021800
190715064448,TAG_ARRIVED_A,01bb2200
190715064449,SOLO_FAIL,01bb2200
190715064451,TAG_ARRIVED_B,01021800
190715064451,STARTCOOP_FAIL,01bb2200_01021800
190715064452,TAG_DEPARTED_A,01bb2200
190715064454,ENDCOOP_FAIL,01021800_
190715064454,TAG_DEPARTED_B,01021800
190715064455,TAG_ARRIVED_A,01bb2200
190715064456,SOLO_FAIL,01bb2200
190715064457,TAG_DEPARTED_A,01bb2200
190715064458,TAG_ARRIVED_A,01bb2200
190715064459,SOLO_FAIL,01bb2200
190715064502,TAG_DEPARTED_A,01bb2200
190715064503,TAG_ARRIVED_A,01bb2200
190715064504,SOLO_FAIL,01bb2200
190715064504,TAG_ARRIVED_B,01021800
190715064505,STARTCOOP_FAIL,01bb2200_01021800
190715064505,ENDCOOP_FAIL,01021800_01bb2200
190715064505,TAG_DEPARTED_B,01021800
190715064506,TAG_DEPARTED_A,01bb2200
190715064507,TAG_ARRIVED_A,01bb2200
190715064508,SOLO_FAIL,01bb2200
190715064516,TAG_DEPARTED_A,01bb2200
190715064517,TAG_ARRIVED_B,01021800
190715064517,SOLO_FAIL,01021800
190715064522,ENDCOOP_FAIL,01021800_
190715064523,TAG_DEPARTED_B,01021800
190715064527,TAG_ARRIVED_A,01bb2200
190715064528,SOLO_FAIL,01bb2200
190715064529,TAG_DEPARTED_A,01bb2200
190715064531,TAG_ARRIVED_A,01bb2200
190715064532,SOLO_FAIL,01bb2200
190715064535,TAG_ARRIVED_B,01038800
190715064536,STARTCOOP_SUCCESS,01bb2200_01038800
190715064539,TAG_DEPARTED_A,01bb2200
190715064539,TAG_ARRIVED_A,01bb2200
190715064541,STARTCOOP_SUCCESS,01038800_01bb2200
190715064541,ENDCOOP_SUCCESS,01038800_01bb2200
190715064541,TAG_DEPARTED_B,01038800
190715064541,TAG_ARRIVED_B,01038800
190715064542,STARTCOOP_SUCCESS,01bb2200_01038800
190715064543,TAG_DEPARTED_A,01bb2200
190715064543,TAG_ARRIVED_A,01bb2200
190715064544,STARTCOOP_SUCCESS,01038800_01bb2200
190715064545,TAG_DEPARTED_A,01bb2200
190715064551,ENDCOOP_SUCCESS,01038800_
190715064551,TAG_DEPARTED_B,01038800
190715064556,TAG_ARRIVED_A,01bb2200
190715064557,SOLO_FAIL,01bb2200
190715064602,TAG_ARRIVED_B,01038800
190715064603,STARTCOOP_SUCCESS,01bb2200_01038800
190715064604,ENDCOOP_SUCCESS,01038800_01bb2200
190715064604,TAG_DEPARTED_B,01038800
190715064610,TAG_DEPARTED_A,01bb2200
190715064616,TAG_ARRIVED_B,01038800
190715064617,SOLO_FAIL,01038800
190715064617,TAG_ARRIVED_B,01bb2200
190715064618,SOLO_FAIL,01bb2200
190715064620,TAG_ARRIVED_A,01026800
190715064620,STARTCOOP_FAIL,01bb2200_01026800
190715064620,ENDCOOP_FAIL,01bb2200_01026800
190715064621,TAG_DEPARTED_B,01bb2200
190715064626,TAG_DEPARTED_A,01026800
190715064627,TAG_ARRIVED_B,01bb2200
190715064628,SOLO_FAIL,01bb2200
190715064632,TAG_ARRIVED_A,01026800
190715064632,STARTCOOP_FAIL,01bb2200_01026800
190715064642,ENDCOOP_FAIL,01bb2200_01026800
190715064642,TAG_DEPARTED_B,01bb2200
190715064643,TAG_ARRIVED_A,01bb2200
190715064644,SOLO_FAIL,01bb2200
190715064656,TAG_DEPARTED_A,01bb2200
190715064700,TAG_ARRIVED_A,01bb2200
190715064701,SOLO_FAIL,01bb2200
190715064701,TAG_ARRIVED_B,0102ee00
190715064702,STARTCOOP_SUCCESS,01bb2200_0102ee00
190715064702,TAG_DEPARTED_A,01bb2200
190715064703,ENDCOOP_SUCCESS,0102ee00_
190715064703,TAG_DEPARTED_B,0102ee00
190715064704,TAG_ARRIVED_A,01bb2200
190715064705,SOLO_FAIL,01bb2200
190715064710,TAG_DEPARTED_A,01bb2200
190715064711,TAG_ARRIVED_A,01bb2200
190715064712,SOLO_FAIL,01bb2200
190715064713,TAG_DEPARTED_A,01bb2200
190715064714,TAG_ARRIVED_B,0102ee00
190715064715,SOLO_FAIL,0102ee00
190715064716,ENDCOOP_FAIL,0102ee00_
190715064716,TAG_DEPARTED_B,0102ee00
190715064730,TAG_ARRIVED_B,0102ee00
190715064731,SOLO_FAIL,0102ee00
190715064732,TAG_ARRIVED_A,0102ee00
190715064733,SOLO_FAIL,0102ee00
190715064733,ENDCOOP_FAIL,0102ee00_0102ee00
190715064734,TAG_DEPARTED_B,0102ee00
190715064734,TAG_DEPARTED_A,0102ee00
190715064734,TAG_ARRIVED_B,01021800
190715064735,SOLO_FAIL,01021800
190715064738,ENDCOOP_FAIL,01021800_
190715064738,TAG_DEPARTED_B,01021800
190715064833,LOCKOUT_ENDED,
190715064835,TAG_ARRIVED_B,01021800
190715064835,SOLO_SUCCESS,01021800
190715064915,TAG_DEPARTED_B,01021800
190715064939,TAG_ARRIVED_B,0102ee00
190715064940,SOLO_SUCCESS,0102ee00
190715064946,TAG_DEPARTED_B,0102ee00
190715065029,TAG_ARRIVED_A,01021800
190715065029,SOLO_SUCCESS,01021800
190715065030,TAG_DEPARTED_A,01021800
190715065034,TAG_ARRIVED_B,0102ee00
190715065035,SOLO_SUCCESS,0102ee00
190715065040,TAG_DEPARTED_B,0102ee00
190715065052,TAG_ARRIVED_B,01026800
190715065052,SOLO_SUCCESS,01026800
190715065054,TAG_ARRIVED_B,0102ee00
190715065055,SOLO_SUCCESS,0102ee00
190715065056,TAG_ARRIVED_A,01021800
190715065056,STARTCOOP_FAIL,0102ee00_01021800
190715065058,TAG_DEPARTED_A,01021800
190715065102,ENDCOOP_FAIL,0102ee00_
190715065102,TAG_DEPARTED_B,0102ee00
190715065144,TAG_ARRIVED_A,01021800
190715065145,SOLO_FAIL,01021800
190715065149,TAG_DEPARTED_A,01021800
190715065246,TAG_ARRIVED_A,01036100
190715065247,SOLO_FAIL,01036100
190715065248,TAG_DEPARTED_A,01036100
190715065249,TAG_ARRIVED_A,01036100
190715065250,SOLO_FAIL,01036100
190715065251,TAG_ARRIVED_A,01d41b00
190715065252,SOLO_FAIL,01d41b00
190715065252,TAG_DEPARTED_A,01d41b00
190715065253,TAG_ARRIVED_A,01d41b00
190715065254,SOLO_FAIL,01d41b00
190715065257,LOCKOUT_ENDED,
190715065259,TAG_DEPARTED_A,01d41b00
190715065433,TAG_ARRIVED_A,01023700
190715065433,SOLO_SUCCESS,01023700
190715065435,TAG_DEPARTED_A,01023700
190715065720,TAG_ARRIVED_A,01044c00
190715065721,SOLO_SUCCESS,01044c00
190715065723,TAG_DEPARTED_A,01044c00
190715070223,TAG_ARRIVED_A,0102ee00
190715070224,SOLO_SUCCESS,0102ee00
190715070226,TAG_DEPARTED_A,0102ee00
190715070430,TAG_ARRIVED_A,0102ee00
190715070431,SOLO_SUCCESS,0102ee00
190715070435,TAG_DEPARTED_A,0102ee00
190715070514,TAG_ARRIVED_B,0102ee00
190715070515,SOLO_SUCCESS,0102ee00
190715070517,TAG_DEPARTED_B,0102ee00
190715070527,TAG_ARRIVED_B,0102ee00
190715070528,SOLO_SUCCESS,0102ee00
190715070529,TAG_DEPARTED_B,0102ee00
190715070530,TAG_ARRIVED_A,0101c200
190715070531,SOLO_SUCCESS,0101c200
190715070533,TAG_DEPARTED_A,0101c200
190715070538,TAG_ARRIVED_A,01bb2200
190715070539,SOLO_SUCCESS,01bb2200
190715070542,TAG_DEPARTED_A,01bb2200
190715070547,TAG_ARRIVED_A,01bb2200
190715070548,SOLO_SUCCESS,01bb2200
190715070555,TAG_DEPARTED_A,01bb2200
190715070631,TAG_ARRIVED_A,01bb2200
190715070632,SOLO_SUCCESS,01bb2200
190715070637,TAG_DEPARTED_A,01bb2200
190715070643,TAG_ARRIVED_A,01bb2200
190715070644,SOLO_SUCCESS,01bb2200
190715070645,TAG_DEPARTED_A,01bb2200
190715070726,TAG_ARRIVED_A,01028400
190715070727,SOLO_SUCCESS,01028400
190715070731,TAG_DEPARTED_A,01028400
190715070735,TAG_ARRIVED_A,01028400
190715070736,SOLO_SUCCESS,01028400
190715070737,TAG_DEPARTED_A,01028400
190715070744,TAG_ARRIVED_A,01028400
190715070745,SOLO_SUCCESS,01028400
190715070747,TAG_DEPARTED_A,01028400
190715070757,TAG_ARRIVED_B,01050400
190715070757,SOLO_SUCCESS,01050400
190715070759,TAG_DEPARTED_B,01050400
190715070802,TAG_ARRIVED_B,01050400
190715070802,SOLO_SUCCESS,01050400
190715070816,TAG_DEPARTED_B,01050400
190715070827,TAG_ARRIVED_B,01bb2200
190715070828,SOLO_SUCCESS,01bb2200
190715070829,TAG_DEPARTED_B,01bb2200
190715071021,TAG_ARRIVED_B,01044c00
190715071022,SOLO_SUCCESS,01044c00
190715071022,TAG_ARRIVED_B,01ae2b00
190715071023,SOLO_SUCCESS,01ae2b00
190715071025,TAG_ARRIVED_B,01041300
190715071026,SOLO_SUCCESS,01041300
190715071034,TAG_DEPARTED_B,01041300
190715071115,TAG_ARRIVED_B,01044c00
190715071116,SOLO_SUCCESS,01044c00
190715071117,TAG_DEPARTED_B,01044c00
190715071418,TAG_ARRIVED_B,01044c00
190715071419,SOLO_SUCCESS,01044c00
190715071420,TAG_DEPARTED_B,01044c00
190715072139,TAG_ARRIVED_B,01cf0600
190715072140,SOLO_SUCCESS,01cf0600
190715072141,TAG_DEPARTED_B,01cf0600
190715072149,TAG_ARRIVED_B,07991800
190715072149,SOLO_SUCCESS,07991800
190715072151,TAG_DEPARTED_B,07991800
190715072954,TAG_ARRIVED_B,01e14200
190715072955,SOLO_SUCCESS,01e14200
190715072956,TAG_DEPARTED_B,01e14200
190715074113,TAG_ARRIVED_A,0104c400
190715074113,SOLO_SUCCESS,0104c400
190715074115,TAG_DEPARTED_A,0104c400
190715074707,TAG_ARRIVED_A,01d41b00
190715074708,SOLO_SUCCESS,01d41b00
190715074712,TAG_DEPARTED_A,01d41b00
190715074712,TAG_ARRIVED_A,01d41b00
190715074713,SOLO_SUCCESS,01d41b00
190715074719,TAG_DEPARTED_A,01d41b00
190715075151,TAG_ARRIVED_B,0102ee00
190715075152,SOLO_SUCCESS,0102ee00
190715075153,TAG_DEPARTED_B,0102ee00
190715075719,TAG_ARRIVED_A,0101c200
190715075720,SOLO_SUCCESS,0101c200
190715075721,TAG_DEPARTED_A,0101c200
190715080331,TAG_ARRIVED_A,01045400
190715080332,SOLO_SUCCESS,01045400
190715080335,TAG_ARRIVED_B,01029a00
190715080336,STARTCOOP_SUCCESS,01045400_01029a00
190715080340,TAG_DEPARTED_A,01045400
190715080342,TAG_ARRIVED_A,01040300
190715080343,STARTCOOP_FAIL,01029a00_01040300
190715080344,TAG_DEPARTED_A,01040300
190715080345,TAG_ARRIVED_A,01040300
190715080345,STARTCOOP_FAIL,01029a00_01040300
190715080347,TAG_DEPARTED_A,01040300
190715080347,TAG_ARRIVED_A,01040300
190715080347,STARTCOOP_FAIL,01029a00_01040300
190715080348,ENDCOOP_FAIL,01029a00_01040300
190715080348,TAG_DEPARTED_B,01029a00
190715080350,TAG_DEPARTED_A,01040300
190715080357,TAG_ARRIVED_A,0102ee00
190715080358,SOLO_FAIL,0102ee00
190715080359,TAG_DEPARTED_A,0102ee00
190715080400,TAG_ARRIVED_A,01029a00
190715080401,SOLO_FAIL,01029a00
190715080404,TAG_ARRIVED_B,0102ee00
190715080405,STARTCOOP_SUCCESS,01029a00_0102ee00
190715080406,TAG_DEPARTED_A,01029a00
190715080406,TAG_ARRIVED_A,01029a00
190715080407,STARTCOOP_SUCCESS,0102ee00_01029a00
190715080408,ENDCOOP_SUCCESS,0102ee00_01029a00
190715080408,TAG_DEPARTED_B,0102ee00
190715080415,TAG_DEPARTED_A,01029a00
190715080417,TAG_ARRIVED_A,01029a00
190715080418,SOLO_FAIL,01029a00
190715080419,TAG_DEPARTED_A,01029a00
190715080426,TAG_ARRIVED_A,0102ee00
190715080427,SOLO_FAIL,0102ee00
190715080430,TAG_DEPARTED_A,0102ee00
190715080439,TAG_ARRIVED_A,0102ee00
190715080440,SOLO_FAIL,0102ee00
190715080443,TAG_DEPARTED_A,0102ee00
190715080444,TAG_ARRIVED_A,01029a00
190715080445,SOLO_FAIL,01029a00
190715080446,TAG_ARRIVED_A,0102ee00
190715080447,SOLO_FAIL,0102ee00
190715080448,TAG_DEPARTED_A,0102ee00
190715080547,LOCKOUT_ENDED,
190715080600,TAG_ARRIVED_A,01c4c900
190715080601,SOLO_SUCCESS,01c4c900
190715080602,TAG_ARRIVED_A,01028400
190715080603,SOLO_SUCCESS,01028400
190715080606,TAG_DEPARTED_A,01028400
190715080606,TAG_ARRIVED_A,01028400
190715080607,SOLO_SUCCESS,01028400
190715080611,TAG_DEPARTED_A,01028400
190715080744,TAG_ARRIVED_A,01ae2b00
190715080744,SOLO_SUCCESS,01ae2b00
190715080757,TAG_DEPARTED_A,01ae2b00
190715080806,TAG_ARRIVED_A,01ae2b00
190715080806,SOLO_SUCCESS,01ae2b00
190715080808,TAG_DEPARTED_A,01ae2b00
190715080814,TAG_ARRIVED_A,01ae2b00
190715080814,SOLO_SUCCESS,01ae2b00
190715080816,TAG_DEPARTED_A,01ae2b00
190715080818,TAG_ARRIVED_A,01ae2b00
190715080819,SOLO_SUCCESS,01ae2b00
190715080822,TAG_DEPARTED_A,01ae2b00
190715082702,TAG_ARRIVED_A,01cf0600
190715082703,SOLO_SUCCESS,01cf0600
190715082709,TAG_DEPARTED_A,01cf0600
190715082720,TAG_ARRIVED_B,01cf0600
190715082721,SOLO_SUCCESS,01cf0600
190715082722,TAG_DEPARTED_B,01cf0600
190715082724,TAG_ARRIVED_B,01cf0600
190715082725,SOLO_SUCCESS,01cf0600
190715082732,TAG_DEPARTED_B,01cf0600
190715082733,TAG_ARRIVED_B,01cf0600
190715082734,SOLO_SUCCESS,01cf0600
190715082739,TAG_DEPARTED_B,01cf0600
190715082740,TAG_ARRIVED_B,01cf0600
190715082741,SOLO_SUCCESS,01cf0600
190715082744,TAG_DEPARTED_B,01cf0600
190715082744,TAG_ARRIVED_B,01cf0600
190715082745,SOLO_SUCCESS,01cf0600
190715082755,TAG_DEPARTED_B,01cf0600
190715082756,TAG_ARRIVED_A,01040300
190715082756,SOLO_SUCCESS,01040300
190715082756,TAG_ARRIVED_B,01cf0600
190715082757,STARTCOOP_FAIL,01040300_01cf0600
190715082758,TAG_ARRIVED_A,01043c00
190715082759,STARTCOOP_SUCCESS,01cf0600_01043c00
190715082759,TAG_DEPARTED_A,01043c00
190715082759,TAG_DEPARTED_B,01cf0600
190715082807,TAG_ARRIVED_B,07991800
190715082808,SOLO_FAIL,07991800
190715082816,ENDCOOP_FAIL,07991800_
190715082816,TAG_DEPARTED_B,07991800
190715082818,TAG_ARRIVED_A,0101c200
190715082819,SOLO_FAIL,0101c200
190715082823,TAG_DEPARTED_A,0101c200
190715082824,TAG_ARRIVED_A,0101c200
190715082825,SOLO_FAIL,0101c200
190715082826,TAG_DEPARTED_A,0101c200
190715082835,TAG_ARRIVED_B,01cf0600
190715082836,SOLO_FAIL,01cf0600
190715082836,TAG_ARRIVED_A,0101c200
190715082838,STARTCOOP_SUCCESS,01cf0600_0101c200
190715082838,TAG_DEPARTED_A,0101c200
190715082843,ENDCOOP_SUCCESS,01cf0600_
190715082843,TAG_DEPARTED_B,01cf0600
190715082844,TAG_ARRIVED_A,01050400
190715082845,SOLO_FAIL,01050400
190715082846,TAG_DEPARTED_A,01050400
190715082847,TAG_ARRIVED_B,01043c00
190715082848,SOLO_FAIL,01043c00
190715082848,TAG_ARRIVED_B,0102ae00
190715082849,SOLO_FAIL,0102ae00
190715082850,TAG_ARRIVED_A,0101c200
190715082851,STARTCOOP_FAIL,0102ae00_0101c200
190715082852,ENDCOOP_FAIL,0102ae00_0101c200
190715082852,TAG_DEPARTED_B,0102ae00
190715082854,TAG_ARRIVED_B,0102ae00
190715082855,STARTCOOP_FAIL,0101c200_0102ae00
190715082855,TAG_DEPARTED_A,0101c200
190715082858,TAG_ARRIVED_A,01050400
190715082858,STARTCOOP_SUCCESS,0102ae00_01050400
190715082900,TAG_DEPARTED_A,01050400
190715082900,TAG_ARRIVED_B,01040300
190715082901,SOLO_FAIL,01040300
190715082901,TAG_ARRIVED_A,01028400
190715082902,STARTCOOP_FAIL,01040300_01028400
190715082902,TAG_DEPARTED_A,01028400
190715082903,ENDCOOP_FAIL,01040300_
190715082903,TAG_DEPARTED_B,01040300
190715082903,TAG_ARRIVED_A,01050400
190715082904,SOLO_FAIL,01050400
190715082905,TAG_ARRIVED_A,01028400
190715082906,SOLO_FAIL,01028400
190715082907,TAG_ARRIVED_B,0101c200
190715082908,STARTCOOP_SUCCESS,01028400_0101c200
190715082908,TAG_DEPARTED_A,01028400
190715082909,ENDCOOP_SUCCESS,0101c200_
190715082909,TAG_DEPARTED_B,0101c200
190715082912,TAG_ARRIVED_B,0101c200
190715082913,SOLO_FAIL,0101c200
190715082916,ENDCOOP_FAIL,0101c200_
190715082916,TAG_DEPARTED_B,0101c200
190715082919,TAG_ARRIVED_A,0102ae00
190715082919,SOLO_FAIL,0102ae00
190715082921,TAG_DEPARTED_A,0102ae00
190715082922,TAG_ARRIVED_B,01028400
190715082923,SOLO_FAIL,01028400
190715082925,ENDCOOP_FAIL,01028400_
190715082925,TAG_DEPARTED_B,01028400
190715082927,TAG_ARRIVED_A,0102ae00
190715082928,SOLO_FAIL,0102ae00
190715082928,TAG_ARRIVED_B,01028400
190715082929,STARTCOOP_FAIL,0102ae00_01028400
190715082930,ENDCOOP_FAIL,01028400_0102ae00
190715082930,TAG_DEPARTED_B,01028400
190715082930,TAG_DEPARTED_A,0102ae00
190715082931,TAG_ARRIVED_A,0102ae00
190715082931,SOLO_FAIL,0102ae00
190715082934,TAG_DEPARTED_A,0102ae00
190715082935,TAG_ARRIVED_A,0102ae00
190715082935,SOLO_FAIL,0102ae00
190715082939,TAG_DEPARTED_A,0102ae00
190715082948,TAG_ARRIVED_B,0101c200
190715082949,SOLO_FAIL,0101c200
190715082950,ENDCOOP_FAIL,0101c200_
190715082950,TAG_DEPARTED_B,0101c200
190715082951,TAG_ARRIVED_A,0102ae00
190715082952,SOLO_FAIL,0102ae00
190715083007,TAG_DEPARTED_A,0102ae00
190715083016,TAG_ARRIVED_A,0102ae00
190715083017,SOLO_FAIL,0102ae00
190715083020,TAG_DEPARTED_A,0102ae00
190715083023,TAG_ARRIVED_A,0102ae00
190715083023,SOLO_FAIL,0102ae00
190715083026,TAG_DEPARTED_A,0102ae00
190715083029,TAG_ARRIVED_A,0102ae00
190715083029,SOLO_FAIL,0102ae00
190715083032,TAG_DEPARTED_A,0102ae00
190715083036,TAG_ARRIVED_A,0102ae00
190715083036,SOLO_FAIL,0102ae00
190715083042,TAG_DEPARTED_A,0102ae00
190715083045,TAG_ARRIVED_A,0102ae00
190715083045,SOLO_FAIL,0102ae00
190715083050,TAG_DEPARTED_A,0102ae00
190715083055,TAG_ARRIVED_A,0102ae00
190715083055,SOLO_FAIL,0102ae00
190715083057,TAG_DEPARTED_A,0102ae00
190715083101,TAG_ARRIVED_A,0102ae00
190715083102,SOLO_FAIL,0102ae00
190715083103,TAG_DEPARTED_A,0102ae00
190715083129,LOCKOUT_ENDED,
190715083136,TAG_ARRIVED_B,0101c200
190715083137,SOLO_SUCCESS,0101c200
190715083138,TAG_DEPARTED_B,0101c200
190715083536,TAG_ARRIVED_A,0125d900
190715083536,SOLO_SUCCESS,0125d900
190715083538,TAG_DEPARTED_A,0125d900
190715083647,TAG_ARRIVED_A,0102ee00
190715083648,SOLO_SUCCESS,0102ee00
190715083650,TAG_DEPARTED_A,0102ee00
190715083703,TAG_ARRIVED_A,0102ee00
190715083704,SOLO_SUCCESS,0102ee00
190715083706,TAG_DEPARTED_A,0102ee00
190715083742,TAG_ARRIVED_A,0102ee00
190715083743,SOLO_SUCCESS,0102ee00
190715083758,TAG_DEPARTED_A,0102ee00
190715083836,TAG_ARRIVED_A,01043c00
190715083837,SOLO_SUCCESS,01043c00
190715083846,TAG_DEPARTED_A,01043c00
190715083851,TAG_ARRIVED_A,01043c00
190715083851,SOLO_SUCCESS,01043c00
190715083854,TAG_DEPARTED_A,01043c00
190715083855,TAG_ARRIVED_A,01043c00
190715083856,SOLO_SUCCESS,01043c00
190715083900,TAG_DEPARTED_A,01043c00
190715083904,TAG_ARRIVED_A,01043c00
190715083905,SOLO_SUCCESS,01043c00
190715083907,TAG_DEPARTED_A,01043c00
190715083929,TAG_ARRIVED_A,01fe7600
190715083930,SOLO_SUCCESS,01fe7600
190715083933,TAG_DEPARTED_A,01fe7600
190715083941,TAG_ARRIVED_A,01fe7600
190715083941,SOLO_SUCCESS,01fe7600
190715083943,TAG_DEPARTED_A,01fe7600
190715084050,TAG_ARRIVED_B,07991800
190715084050,SOLO_SUCCESS,07991800
190715084058,TAG_DEPARTED_B,07991800
190715084058,TAG_ARRIVED_B,07991800
190715084059,SOLO_SUCCESS,07991800
190715084100,TAG_DEPARTED_B,07991800
190715084107,TAG_ARRIVED_B,07991800
190715084108,SOLO_SUCCESS,07991800
190715084115,TAG_DEPARTED_B,07991800
190715084122,TAG_ARRIVED_B,07991800
190715084122,SOLO_SUCCESS,07991800
190715084128,TAG_DEPARTED_B,07991800
190715084136,TAG_ARRIVED_A,0125d900
190715084136,SOLO_SUCCESS,0125d900
190715084138,TAG_DEPARTED_A,0125d900
190715084139,TAG_ARRIVED_A,0125d900
190715084140,SOLO_SUCCESS,0125d900
190715084141,TAG_DEPARTED_A,0125d900
190715084143,TAG_ARRIVED_A,0125d900
190715084144,SOLO_SUCCESS,0125d900
190715084147,TAG_DEPARTED_A,0125d900
190715084150,TAG_ARRIVED_A,0125d900
190715084150,SOLO_SUCCESS,0125d900
190715084152,TAG_DEPARTED_A,0125d900
190715084351,TAG_ARRIVED_A,01fe7600
190715084351,SOLO_SUCCESS,01fe7600
190715084353,TAG_DEPARTED_A,01fe7600
190715084409,TAG_ARRIVED_A,01040300
190715084410,SOLO_SUCCESS,01040300
190715084413,TAG_DEPARTED_A,01040300
190715084419,TAG_ARRIVED_A,01040300
190715084419,SOLO_SUCCESS,01040300
190715084421,TAG_DEPARTED_A,01040300
190715084445,TAG_ARRIVED_A,0102ae00
190715084445,SOLO_SUCCESS,0102ae00
190715084447,TAG_DEPARTED_A,0102ae00
190715084451,TAG_ARRIVED_A,0102ae00
190715084452,SOLO_SUCCESS,0102ae00
190715084453,TAG_DEPARTED_A,0102ae00
190715084457,TAG_ARRIVED_A,01bb2200
190715084458,SOLO_SUCCESS,01bb2200
190715084459,TAG_DEPARTED_A,01bb2200
190715084505,TAG_ARRIVED_A,01bb2200
190715084506,SOLO_SUCCESS,01bb2200
190715084508,TAG_DEPARTED_A,01bb2200
190715084513,TAG_ARRIVED_A,01bb2200
190715084514,SOLO_SUCCESS,01bb2200
190715084516,TAG_DEPARTED_A,01bb2200
190715084516,TAG_ARRIVED_A,01bb2200
190715084517,SOLO_SUCCESS,01bb2200
190715084520,TAG_DEPARTED_A,01bb2200
190715084524,TAG_ARRIVED_A,01bb2200
190715084525,SOLO_SUCCESS,01bb2200
190715084532,TAG_DEPARTED_A,01bb2200
190715084534,TAG_ARRIVED_A,01bb2200
190715084535,SOLO_SUCCESS,01bb2200
190715084544,TAG_DEPARTED_A,01bb2200
190715084550,TAG_ARRIVED_A,01bb2200
190715084551,SOLO_SUCCESS,01bb2200
190715084554,TAG_DEPARTED_A,01bb2200
190715084600,TAG_ARRIVED_A,01bb2200
190715084601,SOLO_SUCCESS,01bb2200
190715084609,TAG_DEPARTED_A,01bb2200
190715084632,TAG_ARRIVED_A,01bb2200
190715084633,SOLO_SUCCESS,01bb2200
190715084634,TAG_DEPARTED_A,01bb2200
190715084646,TAG_ARRIVED_A,01bb2200
190715084647,SOLO_SUCCESS,01bb2200
190715084702,TAG_DEPARTED_A,01bb2200
190715084707,TAG_ARRIVED_A,01bb2200
190715084708,SOLO_SUCCESS,01bb2200
190715084713,TAG_DEPARTED_A,01bb2200
190715084714,TAG_ARRIVED_A,01bb2200
190715084715,SOLO_SUCCESS,01bb2200
190715084716,TAG_DEPARTED_A,01bb2200
190715084719,TAG_ARRIVED_A,01bb2200
190715084720,SOLO_SUCCESS,01bb2200
190715084721,TAG_DEPARTED_A,01bb2200
190715084722,TAG_ARRIVED_A,01bb2200
190715084723,SOLO_SUCCESS,01bb2200
190715084726,TAG_DEPARTED_A,01bb2200
190715084730,TAG_ARRIVED_A,01bb2200
190715084731,SOLO_SUCCESS,01bb2200
190715084733,TAG_DEPARTED_A,01bb2200
190715084737,TAG_ARRIVED_A,01bb2200
190715084738,SOLO_SUCCESS,01bb2200
190715084740,TAG_DEPARTED_A,01bb2200
190715084801,TAG_ARRIVED_A,01bb2200
190715084802,SOLO_SUCCESS,01bb2200
190715084812,TAG_DEPARTED_A,01bb2200
190715084846,TAG_ARRIVED_A,01bb2200
190715084847,SOLO_SUCCESS,01bb2200
190715084854,TAG_DEPARTED_A,01bb2200
190715084905,TAG_ARRIVED_A,01045400
190715084906,SOLO_SUCCESS,01045400
190715084920,TAG_ARRIVED_A,01047d00
190715084921,SOLO_SUCCESS,01047d00
190715084926,TAG_DEPARTED_A,01047d00
190715084948,TAG_ARRIVED_A,01047d00
190715084949,SOLO_SUCCESS,01047d00
190715084957,TAG_DEPARTED_A,01047d00
190715084958,TAG_ARRIVED_A,01047d00
190715084959,SOLO_SUCCESS,01047d00
190715085000,TAG_DEPARTED_A,01047d00
190715085002,TAG_ARRIVED_B,01040300
190715085002,SOLO_SUCCESS,01040300
190715085006,TAG_DEPARTED_B,01040300
190715085014,TAG_ARRIVED_B,01047d00
190715085015,SOLO_SUCCESS,01047d00
190715085016,TAG_DEPARTED_B,01047d00
190715085019,TAG_ARRIVED_B,01047d00
190715085020,SOLO_SUCCESS,01047d00
190715085034,TAG_DEPARTED_B,01047d00
190715085037,TAG_ARRIVED_B,0101c200
190715085038,SOLO_SUCCESS,0101c200
190715085039,TAG_DEPARTED_B,0101c200
190715085053,TAG_ARRIVED_B,0101c200
190715085054,SOLO_SUCCESS,0101c200
190715085055,TAG_DEPARTED_B,0101c200
190715085100,TAG_ARRIVED_B,0101c200
190715085101,SOLO_SUCCESS,0101c200
190715085108,TAG_DEPARTED_B,0101c200
190715085117,TAG_ARRIVED_B,0101c200
190715085118,SOLO_SUCCESS,0101c200
190715085124,TAG_DEPARTED_B,0101c200
190715085125,TAG_ARRIVED_B,0101c200
190715085126,SOLO_SUCCESS,0101c200
190715085128,TAG_DEPARTED_B,0101c200
190715085132,TAG_ARRIVED_B,0101c200
190715085133,SOLO_SUCCESS,0101c200
190715085134,TAG_DEPARTED_B,0101c200
190715085139,TAG_ARRIVED_B,0101c200
190715085140,SOLO_SUCCESS,0101c200
190715085141,TAG_DEPARTED_B,0101c200
190715085144,TAG_ARRIVED_B,0101c200
190715085146,SOLO_SUCCESS,0101c200
190715085148,TAG_DEPARTED_B,0101c200
190715085150,TAG_ARRIVED_B,0101c200
190715085151,SOLO_SUCCESS,0101c200
190715085156,TAG_DEPARTED_B,0101c200
190715085204,TAG_ARRIVED_B,0101c200
190715085205,SOLO_SUCCESS,0101c200
190715085212,TAG_DEPARTED_B,0101c200
190715085214,TAG_ARRIVED_B,0101c200
190715085215,SOLO_SUCCESS,0101c200
190715085221,TAG_DEPARTED_B,0101c200
190715085226,TAG_ARRIVED_B,0101c200
190715085227,SOLO_SUCCESS,0101c200
190715085228,TAG_DEPARTED_B,0101c200
190715085301,TAG_ARRIVED_B,0101c200
190715085302,SOLO_SUCCESS,0101c200
190715085311,TAG_DEPARTED_B,0101c200
190715090637,TAG_ARRIVED_B,0102ee00
190715090638,SOLO_SUCCESS,0102ee00
190715090652,TAG_DEPARTED_B,0102ee00
190715090727,TAG_ARRIVED_A,0102ee00
190715090728,SOLO_SUCCESS,0102ee00
190715090729,TAG_DEPARTED_A,0102ee00
190715090737,TAG_ARRIVED_A,0102ee00
190715090738,SOLO_SUCCESS,0102ee00
190715090750,TAG_DEPARTED_A,0102ee00
190715090751,TAG_ARRIVED_A,0102ee00
190715090752,SOLO_SUCCESS,0102ee00
190715090756,TAG_DEPARTED_A,0102ee00
190715090818,TAG_ARRIVED_A,0102ee00
190715090819,SOLO_SUCCESS,0102ee00
190715090826,TAG_DEPARTED_A,0102ee00
190715090835,TAG_ARRIVED_A,0102ee00
190715090836,SOLO_SUCCESS,0102ee00
190715090837,TAG_DEPARTED_A,0102ee00
190715090856,TAG_ARRIVED_A,0102ee00
190715090857,SOLO_SUCCESS,0102ee00
190715090901,TAG_DEPARTED_A,0102ee00
190715090911,TAG_ARRIVED_A,01045400
190715090912,SOLO_SUCCESS,01045400
190715090913,TAG_ARRIVED_A,0102ae00
190715090914,SOLO_SUCCESS,0102ae00
190715090917,TAG_DEPARTED_A,0102ae00
190715090920,TAG_ARRIVED_A,0102ae00
190715090920,SOLO_SUCCESS,0102ae00
190715090922,TAG_DEPARTED_A,0102ae00
190715090925,TAG_ARRIVED_A,0102ae00
190715090926,SOLO_SUCCESS,0102ae00
190715090928,TAG_DEPARTED_A,0102ae00
190715090931,TAG_ARRIVED_A,0102ae00
190715090932,SOLO_SUCCESS,0102ae00
190715090935,TAG_DEPARTED_A,0102ae00
190715090936,TAG_ARRIVED_A,0102ae00
190715090937,SOLO_SUCCESS,0102ae00
190715090941,TAG_DEPARTED_A,0102ae00
190715090942,TAG_ARRIVED_A,0102ae00
190715090943,SOLO_SUCCESS,0102ae00
190715090957,TAG_DEPARTED_A,0102ae00
190715090958,TAG_ARRIVED_A,0102ae00
190715090958,SOLO_SUCCESS,0102ae00
190715091002,TAG_DEPARTED_A,0102ae00
190715091009,TAG_ARRIVED_A,0102ae00
190715091010,SOLO_SUCCESS,0102ae00
190715091012,TAG_DEPARTED_A,0102ae00
190715091013,TAG_ARRIVED_A,0102ae00
190715091013,SOLO_SUCCESS,0102ae00
190715091021,TAG_DEPARTED_A,0102ae00
190715091025,TAG_ARRIVED_A,0102ae00
190715091025,SOLO_SUCCESS,0102ae00
190715091027,TAG_DEPARTED_A,0102ae00
190715091029,TAG_ARRIVED_A,0102ae00
190715091030,SOLO_SUCCESS,0102ae00
190715091034,TAG_DEPARTED_A,0102ae00
190715091035,TAG_ARRIVED_A,0102ae00
190715091035,SOLO_SUCCESS,0102ae00
190715091043,TAG_ARRIVED_A,01028400
190715091044,SOLO_SUCCESS,01028400
190715091052,TAG_DEPARTED_A,01028400
190715091053,TAG_ARRIVED_A,01028400
190715091054,SOLO_SUCCESS,01028400
190715091102,TAG_DEPARTED_A,01028400
190715091102,TAG_ARRIVED_A,01028400
190715091103,SOLO_SUCCESS,01028400
190715091110,TAG_DEPARTED_A,01028400
190715091111,TAG_ARRIVED_A,01028400
190715091112,SOLO_SUCCESS,01028400
190715091119,TAG_DEPARTED_A,01028400
190715091120,TAG_ARRIVED_A,01028400
190715091121,SOLO_SUCCESS,01028400
190715091122,TAG_DEPARTED_A,01028400
190715091122,TAG_ARRIVED_A,01028400
190715091123,SOLO_SUCCESS,01028400
190715091151,TAG_DEPARTED_A,01028400
190715091152,TAG_ARRIVED_A,01028400
190715091153,SOLO_SUCCESS,01028400
190715091210,TAG_DEPARTED_A,01028400
190715091211,TAG_ARRIVED_A,01028400
190715091212,SOLO_SUCCESS,01028400
190715091228,TAG_DEPARTED_A,01028400
190715091229,TAG_ARRIVED_A,01028400
190715091230,SOLO_SUCCESS,01028400
190715091232,TAG_DEPARTED_A,01028400
190715091418,TAG_ARRIVED_A,01044100
190715091420,TAG_MISSING_A,01044100
190715091420,SOLO_SUCCESS,01044100
190715091424,TAG_DEPARTED_A,01044100
190715091427,TAG_ARRIVED_A,01044100
190715091428,TAG_MISSING_A,01044100
190715091429,SOLO_SUCCESS,01044100
190715091450,TAG_DEPARTED_A,01044100
190715091459,TAG_ARRIVED_A,01044100
190715091500,TAG_MISSING_A,01044100
190715091500,SOLO_SUCCESS,01044100
190715091504,TAG_DEPARTED_A,01044100
190715094700,TAG_ARRIVED_B,0102ee00
190715094701,SOLO_SUCCESS,0102ee00
190715094704,TAG_DEPARTED_B,0102ee00
190715094705,TAG_ARRIVED_A,0102ee00
190715094706,SOLO_SUCCESS,0102ee00
190715094707,TAG_DEPARTED_A,0102ee00
190715094708,TAG_ARRIVED_A,0102ee00
190715094709,SOLO_SUCCESS,0102ee00
190715094714,TAG_DEPARTED_A,0102ee00
190715094717,TAG_ARRIVED_A,01043c00
190715094718,SOLO_SUCCESS,01043c00
190715094718,TAG_ARRIVED_B,0102ee00
190715094720,STARTCOOP_SUCCESS,01043c00_0102ee00
190715094720,ENDCOOP_SUCCESS,0102ee00_01043c00
190715094721,TAG_DEPARTED_B,0102ee00
190715094723,TAG_DEPARTED_A,01043c00
190715094733,TAG_ARRIVED_B,01036100
190715094734,SOLO_SUCCESS,01036100
190715094735,TAG_ARRIVED_B,0102ee00
190715094736,SOLO_SUCCESS,0102ee00
190715094738,TAG_DEPARTED_B,0102ee00
190715094740,TAG_ARRIVED_B,0102ee00
190715094741,SOLO_SUCCESS,0102ee00
190715094743,TAG_DEPARTED_B,0102ee00
190715094747,TAG_ARRIVED_B,01043c00
190715094748,SOLO_SUCCESS,01043c00
190715094751,TAG_DEPARTED_B,01043c00
190715094753,TAG_ARRIVED_B,01043c00
190715094754,SOLO_SUCCESS,01043c00
190715094806,TAG_ARRIVED_B,0102ee00
190715094807,SOLO_SUCCESS,0102ee00
190715094808,TAG_DEPARTED_B,0102ee00
190715094904,TAG_ARRIVED_B,0102ee00
190715094905,SOLO_SUCCESS,0102ee00
190715094931,TAG_DEPARTED_B,0102ee00
190715094940,TAG_ARRIVED_B,0102ee00
190715094941,SOLO_SUCCESS,0102ee00
190715094942,TAG_DEPARTED_B,0102ee00
