190703060847,START_EXPERIMENT,
190703060953,TAG_ARRIVED_A,01783900
190703060953,SOLO_FAIL,01783900
190703060954,TAG_ARRIVED_B,0139d100
190703060955,STARTCOOP_SUCCESS,01783900_0139d100
190703060956,ENDCOOP_SUCCESS,0139d100_01783900
190703060957,TAG_DEPARTED_B,0139d100
190703060957,TAG_DEPARTED_A,01783900
190703061045,LOCKOUT_ENDED,
190703062510,TAG_ARRIVED_B,0102ee00
190703062511,SOLO_SUCCESS,0102ee00
190703062512,TAG_DEPARTED_B,0102ee00
190703062603,TAG_ARRIVED_B,01050400
190703062603,SOLO_SUCCESS,01050400
190703062605,TAG_DEPARTED_B,01050400
190703062757,TAG_ARRIVED_B,01cf0600
190703062757,SOLO_SUCCESS,01cf0600
190703062759,TAG_ARRIVED_B,01021800
190703062759,SOLO_SUCCESS,01021800
190703062801,TAG_DEPARTED_B,01021800
190703063038,TAG_ARRIVED_A,01050400
190703063038,SOLO_SUCCESS,01050400
190703063040,TAG_DEPARTED_A,01050400
190703063223,TAG_ARRIVED_A,01016400
190703063223,SOLO_SUCCESS,01016400
190703063225,TAG_DEPARTED_A,01016400
190703063225,TAG_ARRIVED_B,01050400
190703063225,SOLO_SUCCESS,01050400
190703063227,TAG_DEPARTED_B,01050400
190703063235,TAG_ARRIVED_A,01d41b00
190703063235,SOLO_SUCCESS,01d41b00
190703063237,TAG_DEPARTED_A,01d41b00
190703063240,TAG_ARRIVED_A,01d41b00
190703063241,SOLO_SUCCESS,01d41b00
190703063247,TAG_DEPARTED_A,01d41b00
190703063251,TAG_ARRIVED_A,01d41b00
190703063252,SOLO_SUCCESS,01d41b00
190703063253,TAG_DEPARTED_A,01d41b00
190703063255,TAG_ARRIVED_A,01016400
190703063255,SOLO_SUCCESS,01016400
190703063257,TAG_ARRIVED_B,01d41b00
190703063258,STARTCOOP_FAIL,01016400_01d41b00
190703063259,ENDCOOP_FAIL,01d41b00_01016400
190703063300,TAG_DEPARTED_B,01d41b00
190703063300,TAG_DEPARTED_A,01016400
190703063302,TAG_ARRIVED_B,01050400
190703063302,SOLO_FAIL,01050400
190703063305,ENDCOOP_FAIL,01050400_
190703063306,TAG_DEPARTED_B,01050400
190703063307,TAG_ARRIVED_A,01d41b00
190703063308,SOLO_FAIL,01d41b00
190703063310,TAG_DEPARTED_A,01d41b00
190703063312,TAG_ARRIVED_B,01050400
190703063313,SOLO_FAIL,01050400
190703063320,TAG_ARRIVED_A,01d41b00
190703063321,STARTCOOP_FAIL,01050400_01d41b00
190703063322,ENDCOOP_FAIL,01050400_01d41b00
190703063322,TAG_DEPARTED_B,01050400
190703063323,TAG_DEPARTED_A,01d41b00
190703063336,TAG_ARRIVED_B,01016400
190703063336,SOLO_FAIL,01016400
190703063338,ENDCOOP_FAIL,01016400_
190703063338,TAG_DEPARTED_B,01016400
190703063339,TAG_ARRIVED_B,01050400
190703063339,SOLO_FAIL,01050400
190703063340,TAG_ARRIVED_A,01d41b00
190703063341,STARTCOOP_FAIL,01050400_01d41b00
190703063341,ENDCOOP_FAIL,01050400_01d41b00
190703063341,TAG_DEPARTED_B,01050400
190703063343,TAG_DEPARTED_A,01d41b00
190703063346,TAG_ARRIVED_B,01050400
190703063346,SOLO_FAIL,01050400
190703063347,TAG_ARRIVED_B,01016400
190703063348,SOLO_FAIL,01016400
190703063351,ENDCOOP_FAIL,01016400_
190703063351,TAG_DEPARTED_B,01016400
190703063352,TAG_ARRIVED_A,01d41b00
190703063353,SOLO_FAIL,01d41b00
190703063358,TAG_ARRIVED_B,01050400
190703063359,STARTCOOP_FAIL,01d41b00_01050400
190703063404,TAG_DEPARTED_A,01d41b00
190703063410,ENDCOOP_FAIL,01050400_
190703063410,TAG_DEPARTED_B,01050400
190703063414,TAG_ARRIVED_B,01050400
190703063414,SOLO_FAIL,01050400
190703063416,ENDCOOP_FAIL,01050400_
190703063416,TAG_DEPARTED_B,01050400
190703063421,TAG_ARRIVED_A,01050400
190703063421,SOLO_FAIL,01050400
190703063431,TAG_DEPARTED_A,01050400
190703063432,TAG_ARRIVED_B,01653700
190703063433,SOLO_FAIL,01653700
190703063434,TAG_ARRIVED_A,01050400
190703063434,STARTCOOP_FAIL,01653700_01050400
190703063436,ENDCOOP_FAIL,01653700_01050400
190703063436,TAG_DEPARTED_B,01653700
190703063442,TAG_DEPARTED_A,01050400
190703063443,TAG_ARRIVED_A,01016400
190703063444,SOLO_FAIL,01016400
190703063447,TAG_DEPARTED_A,01016400
190703063448,TAG_ARRIVED_B,0101ce00
190703063448,SOLO_FAIL,0101ce00
190703063454,ENDCOOP_FAIL,0101ce00_
190703063454,TAG_DEPARTED_B,0101ce00
190703063518,TAG_ARRIVED_A,01050400
190703063519,SOLO_FAIL,01050400
190703063523,TAG_DEPARTED_A,01050400
190703063528,TAG_ARRIVED_A,01050400
190703063528,SOLO_FAIL,01050400
190703063532,TAG_DEPARTED_A,01050400
190703063532,TAG_ARRIVED_B,01021800
190703063533,SOLO_FAIL,01021800
190703063536,ENDCOOP_FAIL,01021800_
190703063536,TAG_DEPARTED_B,01021800
190703063537,TAG_ARRIVED_A,01050400
190703063537,SOLO_FAIL,01050400
190703063545,TAG_DEPARTED_A,01050400
190703063554,TAG_ARRIVED_A,01050400
190703063554,SOLO_FAIL,01050400
190703063600,TAG_DEPARTED_A,01050400
190703063600,TAG_ARRIVED_A,01050400
190703063601,SOLO_FAIL,01050400
190703063602,TAG_DEPARTED_A,01050400
190703063604,TAG_ARRIVED_A,01050400
190703063605,SOLO_FAIL,01050400
190703063618,TAG_ARRIVED_B,0102ae00
190703063618,STARTCOOP_SUCCESS,01050400_0102ae00
190703063620,ENDCOOP_SUCCESS,0102ae00_01050400
190703063620,TAG_DEPARTED_B,0102ae00
190703063620,TAG_ARRIVED_B,0102ae00
190703063621,STARTCOOP_SUCCESS,01050400_0102ae00
190703063625,ENDCOOP_SUCCESS,0102ae00_01050400
190703063625,TAG_DEPARTED_B,0102ae00
190703063627,TAG_ARRIVED_A,0102ae00
190703063628,SOLO_FAIL,0102ae00
190703063629,TAG_DEPARTED_A,0102ae00
190703063630,TAG_ARRIVED_A,0102ae00
190703063630,SOLO_FAIL,0102ae00
190703063632,TAG_DEPARTED_A,0102ae00
190703063635,LOCKOUT_ENDED,
190703063639,TAG_ARRIVED_A,01050400
190703063640,SOLO_SUCCESS,01050400
190703063642,TAG_DEPARTED_A,01050400
190703063642,TAG_ARRIVED_A,01043c00
190703063643,SOLO_SUCCESS,01043c00
190703063644,TAG_ARRIVED_A,0102ae00
190703063645,SOLO_SUCCESS,0102ae00
190703063651,TAG_DEPARTED_A,0102ae00
190703063718,TAG_ARRIVED_A,0102ae00
190703063718,SOLO_SUCCESS,0102ae00
190703063722,TAG_DEPARTED_A,0102ae00
190703063724,TAG_ARRIVED_A,0102ae00
190703063725,SOLO_SUCCESS,0102ae00
190703063731,TAG_DEPARTED_A,0102ae00
190703063740,TAG_ARRIVED_A,0102ae00
190703063741,SOLO_SUCCESS,0102ae00
190703063748,TAG_DEPARTED_A,0102ae00
190703063750,TAG_ARRIVED_A,01043c00
190703063751,SOLO_SUCCESS,01043c00
190703063752,TAG_DEPARTED_A,01043c00
190703063757,TAG_ARRIVED_A,01050400
190703063758,SOLO_SUCCESS,01050400
190703063800,TAG_DEPARTED_A,01050400
190703063830,TAG_ARRIVED_A,01050400
190703063830,SOLO_SUCCESS,01050400
190703063832,TAG_DEPARTED_A,01050400
190703063835,TAG_ARRIVED_A,01043c00
190703063836,SOLO_SUCCESS,01043c00
190703063837,TAG_DEPARTED_A,01043c00
190703063838,TAG_ARRIVED_A,0102ae00
190703063839,SOLO_SUCCESS,0102ae00
190703063846,TAG_DEPARTED_A,0102ae00
190703063849,TAG_ARRIVED_A,0102ae00
190703063850,SOLO_SUCCESS,0102ae00
190703063855,TAG_DEPARTED_A,0102ae00
190703063858,TAG_ARRIVED_A,0102ae00
190703063858,SOLO_SUCCESS,0102ae00
190703063904,TAG_DEPARTED_A,0102ae00
190703063906,TAG_ARRIVED_A,0102ae00
190703063907,SOLO_SUCCESS,0102ae00
190703063909,TAG_DEPARTED_A,0102ae00
190703063911,TAG_ARRIVED_A,0102ae00
190703063911,SOLO_SUCCESS,0102ae00
190703063917,TAG_DEPARTED_A,0102ae00
190703063921,TAG_ARRIVED_A,0102ae00
190703063922,SOLO_SUCCESS,0102ae00
190703063923,TAG_DEPARTED_A,0102ae00
190703063924,TAG_ARRIVED_A,0102ae00
190703063924,SOLO_SUCCESS,0102ae00
190703063926,TAG_ARRIVED_B,01c2e300
190703063927,STARTCOOP_FAIL,0102ae00_01c2e300
190703063927,TAG_DEPARTED_A,0102ae00
190703063929,TAG_ARRIVED_A,0102ae00
190703063929,STARTCOOP_FAIL,01c2e300_0102ae00
190703063930,ENDCOOP_FAIL,01c2e300_0102ae00
190703063931,TAG_DEPARTED_B,01c2e300
190703063949,TAG_DEPARTED_A,0102ae00
190703063955,TAG_ARRIVED_A,0102ae00
190703063955,SOLO_FAIL,0102ae00
190703063959,TAG_ARRIVED_B,01c2e300
190703064000,STARTCOOP_FAIL,0102ae00_01c2e300
190703064001,ENDCOOP_FAIL,01c2e300_0102ae00
190703064001,TAG_DEPARTED_B,01c2e300
190703064010,TAG_ARRIVED_B,01c2e300
190703064011,STARTCOOP_FAIL,0102ae00_01c2e300
190703064041,ENDCOOP_FAIL,01c2e300_0102ae00
190703064042,TAG_DEPARTED_B,01c2e300
190703064042,TAG_ARRIVED_B,01c2e300
190703064043,STARTCOOP_FAIL,0102ae00_01c2e300
190703064055,ENDCOOP_FAIL,01c2e300_0102ae00
190703064055,TAG_DEPARTED_B,01c2e300
190703064115,TAG_DEPARTED_A,0102ae00
190703064118,TAG_ARRIVED_B,01040300
190703064119,SOLO_FAIL,01040300
190703064123,ENDCOOP_FAIL,01040300_
190703064123,TAG_DEPARTED_B,01040300
190703064125,TAG_ARRIVED_A,0102ae00
190703064126,SOLO_FAIL,0102ae00
190703064128,TAG_DEPARTED_A,0102ae00
190703064201,TAG_ARRIVED_A,01c2e300
190703064202,SOLO_FAIL,01c2e300
190703064203,TAG_ARRIVED_A,0101c200
190703064204,SOLO_FAIL,0101c200
190703064208,TAG_DEPARTED_A,0101c200
190703064213,TAG_ARRIVED_B,0101c200
190703064214,SOLO_FAIL,0101c200
190703064215,ENDCOOP_FAIL,0101c200_
190703064215,TAG_DEPARTED_B,0101c200
190703064223,TAG_ARRIVED_B,0101c200
190703064224,SOLO_FAIL,0101c200
190703064226,ENDCOOP_FAIL,0101c200_
190703064226,TAG_DEPARTED_B,0101c200
190703064228,TAG_ARRIVED_B,0101c200
190703064228,SOLO_FAIL,0101c200
190703064232,ENDCOOP_FAIL,0101c200_
190703064233,TAG_DEPARTED_B,0101c200
190703064234,TAG_ARRIVED_B,01c2e300
190703064234,SOLO_FAIL,01c2e300
190703064238,ENDCOOP_FAIL,01c2e300_
190703064238,TAG_DEPARTED_B,01c2e300
190703064238,TAG_ARRIVED_B,01c2e300
190703064239,SOLO_FAIL,01c2e300
190703064240,ENDCOOP_FAIL,01c2e300_
190703064240,TAG_DEPARTED_B,01c2e300
190703064242,TAG_ARRIVED_A,01c2e300
190703064242,SOLO_FAIL,01c2e300
190703064243,LOCKOUT_ENDED,
190703064254,TAG_DEPARTED_A,01c2e300
190703064258,TAG_ARRIVED_A,01c2e300
190703064259,SOLO_SUCCESS,01c2e300
190703064308,TAG_DEPARTED_A,01c2e300
190703064327,TAG_ARRIVED_A,01c2e300
190703064328,SOLO_SUCCESS,01c2e300
190703064332,TAG_DEPARTED_A,01c2e300
190703064343,TAG_ARRIVED_A,0101c200
190703064344,SOLO_SUCCESS,0101c200
190703064345,TAG_DEPARTED_A,0101c200
190703064346,TAG_ARRIVED_A,0101c200
190703064347,SOLO_SUCCESS,0101c200
190703064349,TAG_DEPARTED_A,0101c200
190703064351,TAG_ARRIVED_A,0101c200
190703064351,SOLO_SUCCESS,0101c200
190703064354,TAG_DEPARTED_A,0101c200
190703064720,TAG_ARRIVED_B,01021800
190703064720,SOLO_SUCCESS,01021800
190703064722,TAG_ARRIVED_A,0103bf00
190703064723,STARTCOOP_SUCCESS,01021800_0103bf00
190703064723,ENDCOOP_SUCCESS,01021800_0103bf00
190703064724,TAG_DEPARTED_B,01021800
190703064724,TAG_DEPARTED_A,0103bf00
190703064728,TAG_ARRIVED_B,01021800
190703064729,SOLO_SUCCESS,01021800
190703064730,TAG_DEPARTED_B,01021800
190703064733,TAG_ARRIVED_B,01021800
190703064734,SOLO_SUCCESS,01021800
190703064735,TAG_DEPARTED_B,01021800
190703064817,TAG_ARRIVED_B,01021800
190703064818,SOLO_SUCCESS,01021800
190703064819,TAG_DEPARTED_B,01021800
190703064822,TAG_ARRIVED_B,0101c200
190703064823,SOLO_SUCCESS,0101c200
190703064825,TAG_DEPARTED_B,0101c200
190703064826,TAG_ARRIVED_A,0101c200
190703064827,SOLO_SUCCESS,0101c200
190703064828,TAG_DEPARTED_A,0101c200
190703064829,TAG_ARRIVED_A,0101c200
190703064830,SOLO_SUCCESS,0101c200
190703064833,TAG_DEPARTED_A,0101c200
190703065310,TAG_ARRIVED_B,01050400
190703065310,SOLO_SUCCESS,01050400
190703065315,TAG_ARRIVED_A,0102ee00
190703065316,STARTCOOP_FAIL,01050400_0102ee00
190703065317,TAG_DEPARTED_A,0102ee00
190703065318,ENDCOOP_FAIL,01050400_
190703065318,TAG_DEPARTED_B,01050400
190703065318,TAG_ARRIVED_B,01050400
190703065319,SOLO_FAIL,01050400
190703065322,TAG_ARRIVED_A,0102ee00
190703065323,STARTCOOP_FAIL,01050400_0102ee00
190703065323,ENDCOOP_FAIL,01050400_0102ee00
190703065323,TAG_DEPARTED_B,01050400
190703065324,TAG_DEPARTED_A,0102ee00
190703065326,TAG_ARRIVED_B,0101c200
190703065327,SOLO_FAIL,0101c200
190703065329,ENDCOOP_FAIL,0101c200_
190703065329,TAG_DEPARTED_B,0101c200
190703065333,TAG_ARRIVED_B,0101c200
190703065334,SOLO_FAIL,0101c200
190703065337,ENDCOOP_FAIL,0101c200_
190703065338,TAG_DEPARTED_B,0101c200
190703065350,TAG_ARRIVED_B,0102ee00
190703065351,SOLO_FAIL,0102ee00
190703065352,ENDCOOP_FAIL,0102ee00_
190703065352,TAG_DEPARTED_B,0102ee00
190703065353,TAG_ARRIVED_B,01021800
190703065353,SOLO_FAIL,01021800
190703065405,ENDCOOP_FAIL,01021800_
190703065405,TAG_DEPARTED_B,01021800
190703065406,TAG_ARRIVED_B,01021800
190703065406,SOLO_FAIL,01021800
190703065407,TAG_ARRIVED_A,0102ee00
190703065408,STARTCOOP_FAIL,01021800_0102ee00
190703065408,TAG_DEPARTED_A,0102ee00
190703065409,ENDCOOP_FAIL,01021800_
190703065409,TAG_DEPARTED_B,01021800
190703065411,TAG_ARRIVED_B,01050400
190703065412,SOLO_FAIL,01050400
190703065415,ENDCOOP_FAIL,01050400_
190703065415,TAG_DEPARTED_B,01050400
190703065432,TAG_ARRIVED_B,01050400
190703065432,SOLO_FAIL,01050400
190703065436,ENDCOOP_FAIL,01050400_
190703065436,TAG_DEPARTED_B,01050400
190703065448,TAG_ARRIVED_B,01021800
190703065448,SOLO_FAIL,01021800
190703065502,TAG_ARRIVED_A,0102ee00
190703065503,STARTCOOP_FAIL,01021800_0102ee00
190703065509,TAG_DEPARTED_A,0102ee00
190703065515,ENDCOOP_FAIL,01021800_
190703065515,TAG_DEPARTED_B,01021800
190703065524,TAG_ARRIVED_A,01021800
190703065524,SOLO_FAIL,01021800
190703065527,TAG_DEPARTED_A,01021800
190703065530,TAG_ARRIVED_B,01021800
190703065530,SOLO_FAIL,01021800
190703065532,TAG_ARRIVED_A,0102ee00
190703065533,STARTCOOP_FAIL,01021800_0102ee00
190703065537,ENDCOOP_FAIL,01021800_0102ee00
190703065537,TAG_DEPARTED_B,01021800
190703065539,TAG_ARRIVED_B,0102ee00
190703065540,SOLO_FAIL,0102ee00
190703065540,TAG_DEPARTED_A,0102ee00
190703065543,ENDCOOP_FAIL,0102ee00_
190703065543,TAG_DEPARTED_B,0102ee00
190703065543,TAG_ARRIVED_A,01050400
190703065544,SOLO_FAIL,01050400
190703065547,TAG_DEPARTED_A,01050400
190703065550,TAG_ARRIVED_A,01021800
190703065551,SOLO_FAIL,01021800
190703065552,TAG_ARRIVED_B,016f8100
190703065553,TAG_MISSING_B,016f8100
190703065554,SOLO_FAIL,016f8100
190703065554,TAG_ARRIVED_A,0101c200
190703065555,SOLO_FAIL,0101c200
190703065555,TAG_DEPARTED_A,0101c200
190703065556,ENDCOOP_FAIL,016f8100_
190703065556,TAG_DEPARTED_B,016f8100
190703065557,TAG_ARRIVED_A,0101c200
190703065558,SOLO_FAIL,0101c200
190703065600,TAG_DEPARTED_A,0101c200
190703065601,TAG_ARRIVED_A,0101c200
190703065602,SOLO_FAIL,0101c200
190703065603,TAG_DEPARTED_A,0101c200
190703065605,TAG_ARRIVED_A,0101c200
190703065606,SOLO_FAIL,0101c200
190703065607,TAG_DEPARTED_A,0101c200
190703065610,TAG_ARRIVED_B,016f8100
190703065611,TAG_MISSING_B,016f8100
190703065612,SOLO_FAIL,016f8100
190703065613,ENDCOOP_FAIL,016f8100_
190703065613,TAG_DEPARTED_B,016f8100
190703065614,TAG_ARRIVED_B,016f8100
190703065615,TAG_MISSING_B,016f8100
190703065615,SOLO_FAIL,016f8100
190703065615,ENDCOOP_FAIL,016f8100_
190703065615,TAG_DEPARTED_B,016f8100
190703065619,TAG_ARRIVED_A,0101c200
190703065620,SOLO_FAIL,0101c200
190703065621,TAG_DEPARTED_A,0101c200
190703065622,TAG_ARRIVED_B,01048700
190703065623,SOLO_FAIL,01048700
190703065625,ENDCOOP_FAIL,01048700_
190703065625,TAG_DEPARTED_B,01048700
190703065629,TAG_ARRIVED_A,0101c200
190703065630,SOLO_FAIL,0101c200
190703065633,TAG_DEPARTED_A,0101c200
190703065634,TAG_ARRIVED_A,0101c200
190703065635,SOLO_FAIL,0101c200
190703065636,TAG_ARRIVED_B,016f8100
190703065637,TAG_MISSING_B,016f8100
190703065637,SOLO_FAIL,016f8100
190703065637,TAG_DEPARTED_A,0101c200
190703065638,ENDCOOP_FAIL,016f8100_
190703065638,TAG_DEPARTED_B,016f8100
190703065640,TAG_ARRIVED_A,0101c200
190703065641,SOLO_FAIL,0101c200
190703065642,TAG_DEPARTED_A,0101c200
190703065644,TAG_ARRIVED_A,01048700
190703065644,SOLO_FAIL,01048700
190703065646,TAG_DEPARTED_A,01048700
190703065646,TAG_ARRIVED_B,01050400
190703065647,SOLO_FAIL,01050400
190703065651,TAG_ARRIVED_A,016f8100
190703065653,TAG_MISSING_A,016f8100
190703065653,SOLO_FAIL,016f8100
190703065653,ENDCOOP_FAIL,01050400_016f8100
190703065653,TAG_DEPARTED_B,01050400
190703065655,TAG_ARRIVED_A,01050400
190703065655,SOLO_FAIL,01050400
190703065657,TAG_DEPARTED_A,01050400
190703065711,TAG_ARRIVED_B,016f8100
190703065712,TAG_MISSING_B,016f8100
190703065712,SOLO_FAIL,016f8100
190703065717,ENDCOOP_FAIL,016f8100_
190703065717,TAG_DEPARTED_B,016f8100
190703065721,TAG_ARRIVED_B,016f8100
190703065722,TAG_MISSING_B,016f8100
190703065722,SOLO_FAIL,016f8100
190703065725,ENDCOOP_FAIL,016f8100_
190703065725,TAG_DEPARTED_B,016f8100
190703065729,TAG_ARRIVED_B,01653700
190703065730,SOLO_FAIL,01653700
190703065732,ENDCOOP_FAIL,01653700_
190703065732,TAG_DEPARTED_B,01653700
190703065733,LOCKOUT_ENDED,
190703070239,TAG_ARRIVED_B,016f8100
190703070240,TAG_MISSING_B,016f8100
190703070241,SOLO_SUCCESS,016f8100
190703070241,TAG_DEPARTED_B,016f8100
190703070257,TAG_ARRIVED_B,01653700
190703070258,SOLO_SUCCESS,01653700
190703070259,TAG_DEPARTED_B,01653700
190703070306,TAG_ARRIVED_B,01653700
190703070307,SOLO_SUCCESS,01653700
190703070315,TAG_DEPARTED_B,01653700
190703070315,TAG_ARRIVED_B,01653700
190703070316,SOLO_SUCCESS,01653700
190703070323,TAG_DEPARTED_B,01653700
190703070535,TAG_ARRIVED_B,0101c200
190703070535,SOLO_SUCCESS,0101c200
190703070540,TAG_DEPARTED_B,0101c200
190703070553,TAG_ARRIVED_B,0103bf00
190703070554,SOLO_SUCCESS,0103bf00
190703070556,TAG_DEPARTED_B,0103bf00
190703070859,TAG_ARRIVED_A,01016400
190703070859,SOLO_SUCCESS,01016400
190703070902,TAG_DEPARTED_A,01016400
190703071451,TAG_ARRIVED_A,01016400
190703071451,SOLO_SUCCESS,01016400
190703071455,TAG_DEPARTED_A,01016400
190703071455,TAG_ARRIVED_A,01016400
190703071455,SOLO_SUCCESS,01016400
190703071502,TAG_ARRIVED_A,0102ee00
190703071503,SOLO_SUCCESS,0102ee00
190703071504,TAG_DEPARTED_A,0102ee00
190703071540,TAG_ARRIVED_A,0102ee00
190703071541,SOLO_SUCCESS,0102ee00
190703071542,TAG_DEPARTED_A,0102ee00
190703071639,TAG_ARRIVED_A,01016400
190703071639,SOLO_SUCCESS,01016400
190703071641,TAG_DEPARTED_A,01016400
190703071642,TAG_ARRIVED_A,01016400
190703071643,SOLO_SUCCESS,01016400
190703071646,TAG_DEPARTED_A,01016400
190703071647,TAG_ARRIVED_A,01016400
190703071648,SOLO_SUCCESS,01016400
190703071654,TAG_DEPARTED_A,01016400
190703071701,TAG_ARRIVED_A,01016400
190703071702,SOLO_SUCCESS,01016400
190703071703,TAG_ARRIVED_A,0102ee00
190703071704,SOLO_SUCCESS,0102ee00
190703071705,TAG_DEPARTED_A,0102ee00
190703071746,TAG_ARRIVED_A,0102ee00
190703071747,SOLO_SUCCESS,0102ee00
190703071748,TAG_DEPARTED_A,0102ee00
190703071758,TAG_ARRIVED_A,01016400
190703071758,SOLO_SUCCESS,01016400
190703071800,TAG_ARRIVED_A,0102ee00
190703071801,SOLO_SUCCESS,0102ee00
190703071803,TAG_DEPARTED_A,0102ee00
190703071806,TAG_ARRIVED_A,0102ee00
190703071807,SOLO_SUCCESS,0102ee00
190703071808,TAG_DEPARTED_A,0102ee00
190703072206,TAG_ARRIVED_A,07991800
190703072206,SOLO_SUCCESS,07991800
190703072208,TAG_DEPARTED_A,07991800
190703072213,TAG_ARRIVED_A,07991800
190703072213,SOLO_SUCCESS,07991800
190703072219,TAG_DEPARTED_A,07991800
190703072224,TAG_ARRIVED_A,07991800
190703072225,SOLO_SUCCESS,07991800
190703072231,TAG_DEPARTED_A,07991800
190703072232,TAG_ARRIVED_A,07991800
190703072232,SOLO_SUCCESS,07991800
190703072240,TAG_DEPARTED_A,07991800
190703072246,TAG_ARRIVED_A,07991800
190703072247,SOLO_SUCCESS,07991800
190703072255,TAG_DEPARTED_A,07991800
190703072256,TAG_ARRIVED_A,07991800
190703072256,SOLO_SUCCESS,07991800
190703072259,TAG_DEPARTED_A,07991800
190703072302,TAG_ARRIVED_A,07991800
190703072302,SOLO_SUCCESS,07991800
190703072319,TAG_DEPARTED_A,07991800
190703072320,TAG_ARRIVED_A,07991800
190703072321,SOLO_SUCCESS,07991800
190703072329,TAG_DEPARTED_A,07991800
190703072332,TAG_ARRIVED_A,07991800
190703072333,SOLO_SUCCESS,07991800
190703072335,TAG_ARRIVED_A,01e01400
190703072336,SOLO_SUCCESS,01e01400
190703072338,TAG_DEPARTED_A,01e01400
190703072339,TAG_ARRIVED_A,0101c200
190703072340,SOLO_SUCCESS,0101c200
190703072344,TAG_DEPARTED_A,0101c200
190703072346,TAG_ARRIVED_A,0101c200
190703072347,SOLO_SUCCESS,0101c200
190703072348,TAG_DEPARTED_A,0101c200
190703072353,TAG_ARRIVED_A,01050400
190703072353,SOLO_SUCCESS,01050400
190703072401,TAG_ARRIVED_A,0101c200
190703072402,SOLO_SUCCESS,0101c200
190703072403,TAG_DEPARTED_A,0101c200
190703072404,TAG_ARRIVED_A,0101c200
190703072405,SOLO_SUCCESS,0101c200
190703072407,TAG_DEPARTED_A,0101c200
190703072408,TAG_ARRIVED_A,0101c200
190703072409,SOLO_SUCCESS,0101c200
190703072411,TAG_DEPARTED_A,0101c200
190703072421,TAG_ARRIVED_A,0101c200
190703072422,SOLO_SUCCESS,0101c200
190703072425,TAG_DEPARTED_A,0101c200
190703072428,TAG_ARRIVED_A,0101c200
190703072429,SOLO_SUCCESS,0101c200
190703072430,TAG_DEPARTED_A,0101c200
190703072554,TAG_ARRIVED_B,0101c200
190703072555,SOLO_SUCCESS,0101c200
190703072557,TAG_ARRIVED_B,01021800
190703072557,SOLO_SUCCESS,01021800
190703072559,TAG_DEPARTED_B,01021800
190703072600,TAG_ARRIVED_B,0101c200
190703072601,SOLO_SUCCESS,0101c200
190703072603,TAG_ARRIVED_A,0101c200
190703072604,SOLO_SUCCESS,0101c200
190703072604,TAG_DEPARTED_B,0101c200
190703072605,TAG_DEPARTED_A,0101c200
190703072607,TAG_ARRIVED_B,0102ee00
190703072607,SOLO_SUCCESS,0102ee00
190703072609,TAG_DEPARTED_B,0102ee00
190703072610,TAG_ARRIVED_A,01021800
190703072610,SOLO_SUCCESS,01021800
190703072611,TAG_ARRIVED_A,0101c200
190703072612,SOLO_SUCCESS,0101c200
190703072612,TAG_ARRIVED_B,0102ee00
190703072613,STARTCOOP_SUCCESS,0101c200_0102ee00
190703072614,TAG_DEPARTED_A,0101c200
190703072615,TAG_ARRIVED_A,0101c200
190703072616,STARTCOOP_SUCCESS,0102ee00_0101c200
190703072616,ENDCOOP_SUCCESS,0102ee00_0101c200
190703072616,TAG_DEPARTED_B,0102ee00
190703072621,TAG_DEPARTED_A,0101c200
190703072627,TAG_ARRIVED_A,01050400
190703072628,SOLO_SUCCESS,01050400
190703072640,TAG_DEPARTED_A,01050400
190703072645,TAG_ARRIVED_A,0101c200
190703072646,SOLO_SUCCESS,0101c200
190703072647,TAG_DEPARTED_A,0101c200
190703072648,TAG_ARRIVED_A,0101c200
190703072649,SOLO_SUCCESS,0101c200
190703072651,TAG_DEPARTED_A,0101c200
190703072655,TAG_ARRIVED_A,0101c200
190703072655,SOLO_SUCCESS,0101c200
190703072701,TAG_DEPARTED_A,0101c200
190703072703,TAG_ARRIVED_A,0101c200
190703072704,SOLO_SUCCESS,0101c200
190703072706,TAG_DEPARTED_A,0101c200
190703072707,TAG_ARRIVED_A,0101c200
190703072708,SOLO_SUCCESS,0101c200
190703072709,TAG_DEPARTED_A,0101c200
190703072717,TAG_ARRIVED_A,0101c200
190703072718,SOLO_SUCCESS,0101c200
190703072719,TAG_DEPARTED_A,0101c200
190703072719,TAG_ARRIVED_A,0101c200
190703072720,SOLO_SUCCESS,0101c200
190703072722,TAG_ARRIVED_B,01021800
190703072722,STARTCOOP_FAIL,0101c200_01021800
190703072723,TAG_DEPARTED_A,0101c200
190703072724,ENDCOOP_FAIL,01021800_
190703072724,TAG_DEPARTED_B,01021800
190703072727,TAG_ARRIVED_A,0102ee00
190703072728,SOLO_FAIL,0102ee00
190703072729,TAG_DEPARTED_A,0102ee00
190703072738,TAG_ARRIVED_A,0101c200
190703072739,SOLO_FAIL,0101c200
190703072744,TAG_ARRIVED_A,01050400
190703072744,SOLO_FAIL,01050400
190703072749,TAG_DEPARTED_A,01050400
190703072757,TAG_ARRIVED_A,01050400
190703072757,SOLO_FAIL,01050400
190703072801,TAG_DEPARTED_A,01050400
190703072801,TAG_ARRIVED_A,01050400
190703072802,SOLO_FAIL,01050400
190703072804,TAG_DEPARTED_A,01050400
190703072807,TAG_ARRIVED_A,01050400
190703072807,SOLO_FAIL,01050400
190703072810,TAG_DEPARTED_A,01050400
190703072815,TAG_ARRIVED_A,01050400
190703072815,SOLO_FAIL,01050400
190703072819,TAG_DEPARTED_A,01050400
190703072826,TAG_ARRIVED_A,01050400
190703072826,SOLO_FAIL,01050400
190703072833,TAG_ARRIVED_B,01021800
190703072834,STARTCOOP_SUCCESS,01050400_01021800
190703072836,TAG_DEPARTED_A,01050400
190703072836,TAG_ARRIVED_A,01050400
190703072836,STARTCOOP_SUCCESS,01021800_01050400
190703072837,ENDCOOP_SUCCESS,01021800_01050400
190703072837,TAG_DEPARTED_B,01021800
190703072842,TAG_ARRIVED_B,01021800
190703072843,STARTCOOP_SUCCESS,01050400_01021800
190703072844,ENDCOOP_SUCCESS,01021800_01050400
190703072844,TAG_DEPARTED_B,01021800
190703072846,TAG_ARRIVED_B,01021800
190703072847,STARTCOOP_SUCCESS,01050400_01021800
190703072850,TAG_DEPARTED_A,01050400
190703072851,ENDCOOP_SUCCESS,01021800_
190703072852,TAG_DEPARTED_B,01021800
190703072902,TAG_ARRIVED_B,0101c200
190703072903,SOLO_FAIL,0101c200
190703072903,TAG_ARRIVED_A,01050400
190703072904,STARTCOOP_FAIL,0101c200_01050400
190703072904,ENDCOOP_FAIL,0101c200_01050400
190703072904,TAG_DEPARTED_B,0101c200
190703072905,TAG_ARRIVED_A,0103bf00
190703072906,SOLO_FAIL,0103bf00
190703072907,TAG_DEPARTED_A,0103bf00
190703072908,TAG_ARRIVED_A,0101c200
190703072909,SOLO_FAIL,0101c200
190703072913,TAG_DEPARTED_A,0101c200
190703072917,TAG_ARRIVED_A,0101c200
190703072918,SOLO_FAIL,0101c200
190703072920,TAG_DEPARTED_A,0101c200
190703072921,TAG_ARRIVED_A,0101c200
190703072922,SOLO_FAIL,0101c200
190703072930,TAG_ARRIVED_B,0102ee00
190703072931,STARTCOOP_SUCCESS,0101c200_0102ee00
190703072932,ENDCOOP_SUCCESS,0102ee00_0101c200
190703072932,TAG_DEPARTED_B,0102ee00
190703072933,TAG_DEPARTED_A,0101c200
190703072933,TAG_ARRIVED_B,01021800
190703072933,SOLO_FAIL,01021800
190703072940,ENDCOOP_FAIL,01021800_
190703072940,TAG_DEPARTED_B,01021800
190703072943,TAG_ARRIVED_A,01050400
190703072944,SOLO_FAIL,01050400
190703072945,TAG_ARRIVED_A,0102ee00
190703072946,SOLO_FAIL,0102ee00
190703072948,TAG_DEPARTED_A,0102ee00
190703072950,TAG_ARRIVED_B,01021800
190703072950,SOLO_FAIL,01021800
190703072954,ENDCOOP_FAIL,01021800_
190703072954,TAG_DEPARTED_B,01021800
190703072954,TAG_ARRIVED_B,01021800
190703072955,SOLO_FAIL,01021800
190703073001,ENDCOOP_FAIL,01021800_
190703073001,TAG_DEPARTED_B,01021800
190703073008,TAG_ARRIVED_A,01050400
190703073008,SOLO_FAIL,01050400
190703073010,TAG_ARRIVED_B,01021800
190703073010,STARTCOOP_SUCCESS,01050400_01021800
190703073012,ENDCOOP_SUCCESS,01021800_01050400
190703073013,TAG_DEPARTED_B,01021800
190703073013,TAG_ARRIVED_B,01021800
190703073014,STARTCOOP_SUCCESS,01050400_01021800
190703073016,TAG_DEPARTED_A,01050400
190703073018,ENDCOOP_SUCCESS,01021800_
190703073018,TAG_DEPARTED_B,01021800
190703073020,TAG_ARRIVED_B,01021800
190703073020,SOLO_FAIL,01021800
190703073023,ENDCOOP_FAIL,01021800_
190703073023,TAG_DEPARTED_B,01021800
190703073024,TAG_ARRIVED_B,01021800
190703073025,SOLO_FAIL,01021800
190703073026,TAG_ARRIVED_A,01050400
190703073026,STARTCOOP_SUCCESS,01021800_01050400
190703073027,ENDCOOP_SUCCESS,01021800_01050400
190703073027,TAG_DEPARTED_B,01021800
190703073031,TAG_ARRIVED_A,0102ee00
190703073032,SOLO_FAIL,0102ee00
190703073034,TAG_DEPARTED_A,0102ee00
190703073050,TAG_ARRIVED_B,01021800
190703073050,SOLO_FAIL,01021800
190703073051,TAG_ARRIVED_A,01050400
190703073051,STARTCOOP_SUCCESS,01021800_01050400
190703073052,ENDCOOP_SUCCESS,01021800_01050400
190703073053,TAG_DEPARTED_B,01021800
190703073053,TAG_ARRIVED_A,01021800
190703073053,SOLO_FAIL,01021800
190703073055,TAG_DEPARTED_A,01021800
190703073058,TAG_ARRIVED_A,01021800
190703073058,SOLO_FAIL,01021800
190703073104,LOCKOUT_ENDED,
190703073115,TAG_DEPARTED_A,01021800
190703073118,TAG_ARRIVED_A,01021800
190703073118,SOLO_SUCCESS,01021800
190703073150,TAG_DEPARTED_A,01021800
190703073152,TAG_ARRIVED_A,01021800
190703073152,SOLO_SUCCESS,01021800
190703073222,TAG_ARRIVED_B,01c2e300
190703073223,STARTCOOP_FAIL,01021800_01c2e300
190703073224,ENDCOOP_FAIL,01c2e300_01021800
190703073224,TAG_DEPARTED_B,01c2e300
190703073227,TAG_DEPARTED_A,01021800
190703073232,TAG_ARRIVED_A,01043c00
190703073233,SOLO_FAIL,01043c00
190703073244,TAG_ARRIVED_B,01c2e300
190703073245,STARTCOOP_SUCCESS,01043c00_01c2e300
190703073246,ENDCOOP_SUCCESS,01c2e300_01043c00
190703073246,TAG_DEPARTED_B,01c2e300
190703073246,TAG_DEPARTED_A,01043c00
190703073247,TAG_ARRIVED_B,01c2e300
190703073248,SOLO_FAIL,01c2e300
190703073249,TAG_ARRIVED_A,01021800
190703073249,STARTCOOP_FAIL,01c2e300_01021800
190703073253,TAG_DEPARTED_A,01021800
190703073253,ENDCOOP_FAIL,01c2e300_
190703073254,TAG_DEPARTED_B,01c2e300
190703073254,TAG_ARRIVED_B,01c2e300
190703073255,SOLO_FAIL,01c2e300
190703073259,ENDCOOP_FAIL,01c2e300_
190703073259,TAG_DEPARTED_B,01c2e300
190703073259,TAG_ARRIVED_B,01c2e300
190703073300,SOLO_FAIL,01c2e300
190703073305,TAG_ARRIVED_A,01021800
190703073306,STARTCOOP_FAIL,01c2e300_01021800
190703073312,TAG_DEPARTED_A,01021800
190703073312,TAG_ARRIVED_A,01021800
190703073312,STARTCOOP_FAIL,01c2e300_01021800
190703073313,ENDCOOP_FAIL,01c2e300_01021800
190703073313,TAG_DEPARTED_B,01c2e300
190703073341,TAG_DEPARTED_A,01021800
190703073341,TAG_ARRIVED_A,01043c00
190703073342,SOLO_FAIL,01043c00
190703073344,TAG_DEPARTED_A,01043c00
190703073345,TAG_ARRIVED_A,01043c00
190703073346,SOLO_FAIL,01043c00
190703073347,TAG_DEPARTED_A,01043c00
190703073351,TAG_ARRIVED_A,01043c00
190703073352,SOLO_FAIL,01043c00
190703073354,TAG_ARRIVED_B,0101c200
190703073355,STARTCOOP_SUCCESS,01043c00_0101c200
190703073357,TAG_DEPARTED_A,01043c00
190703073357,TAG_ARRIVED_A,01043c00
190703073358,STARTCOOP_SUCCESS,0101c200_01043c00
190703073358,ENDCOOP_SUCCESS,0101c200_01043c00
190703073358,TAG_DEPARTED_B,0101c200
190703073403,TAG_ARRIVED_B,01050400
190703073404,STARTCOOP_FAIL,01043c00_01050400
190703073405,TAG_DEPARTED_A,01043c00
190703073405,ENDCOOP_FAIL,01050400_
190703073405,TAG_DEPARTED_B,01050400
190703073406,TAG_ARRIVED_A,0101c200
190703073407,SOLO_FAIL,0101c200
190703073409,TAG_DEPARTED_A,0101c200
190703073410,TAG_ARRIVED_B,01050400
190703073410,SOLO_FAIL,01050400
190703073412,TAG_ARRIVED_A,0101c200
190703073413,STARTCOOP_FAIL,01050400_0101c200
190703073414,ENDCOOP_FAIL,01050400_0101c200
190703073414,TAG_DEPARTED_B,01050400
190703073415,TAG_ARRIVED_A,01050400
190703073415,SOLO_FAIL,01050400
190703073418,TAG_DEPARTED_A,01050400
190703073420,TAG_ARRIVED_B,0102ae00
190703073421,SOLO_FAIL,0102ae00
190703073422,ENDCOOP_FAIL,0102ae00_
190703073423,TAG_DEPARTED_B,0102ae00
190703073425,TAG_ARRIVED_B,0102ae00
190703073426,SOLO_FAIL,0102ae00
190703073455,TAG_ARRIVED_A,01043c00
190703073456,STARTCOOP_FAIL,0102ae00_01043c00
190703073456,TAG_ARRIVED_A,0102ae00
190703073456,SOLO_FAIL,0102ae00
190703073457,ENDCOOP_FAIL,0102ae00_0102ae00
190703073457,TAG_DEPARTED_B,0102ae00
190703073458,TAG_DEPARTED_A,0102ae00
190703073505,TAG_ARRIVED_A,0102ae00
190703073506,SOLO_FAIL,0102ae00
190703073509,TAG_DEPARTED_A,0102ae00
190703073515,TAG_ARRIVED_A,01048700
190703073516,SOLO_FAIL,01048700
190703073517,TAG_DEPARTED_A,01048700
190703073526,TAG_ARRIVED_A,0102ae00
190703073527,SOLO_FAIL,0102ae00
190703073529,TAG_DEPARTED_A,0102ae00
190703073557,TAG_ARRIVED_B,01043c00
190703073558,SOLO_FAIL,01043c00
190703073601,ENDCOOP_FAIL,01043c00_
190703073601,TAG_DEPARTED_B,01043c00
190703073603,TAG_ARRIVED_A,0102ae00
190703073603,SOLO_FAIL,0102ae00
190703073633,TAG_DEPARTED_A,0102ae00
190703073634,TAG_ARRIVED_A,01043c00
190703073635,SOLO_FAIL,01043c00
190703073641,TAG_ARRIVED_A,0102ae00
190703073641,SOLO_FAIL,0102ae00
190703073655,LOCKOUT_ENDED,
190703073658,TAG_DEPARTED_A,0102ae00
190703073703,TAG_ARRIVED_A,0102ae00
190703073703,SOLO_SUCCESS,0102ae00
190703073704,TAG_ARRIVED_B,01043c00
190703073705,STARTCOOP_FAIL,0102ae00_01043c00
190703073705,TAG_DEPARTED_A,0102ae00
190703073706,TAG_ARRIVED_B,0102ae00
190703073706,SOLO_FAIL,0102ae00
190703073707,TAG_ARRIVED_A,01043c00
190703073708,STARTCOOP_FAIL,0102ae00_01043c00
190703073708,ENDCOOP_FAIL,0102ae00_01043c00
190703073709,TAG_DEPARTED_B,0102ae00
190703073712,TAG_ARRIVED_A,0102ae00
190703073712,SOLO_FAIL,0102ae00
190703073722,TAG_DEPARTED_A,0102ae00
190703073724,TAG_ARRIVED_A,01043c00
190703073725,SOLO_FAIL,01043c00
190703073726,TAG_DEPARTED_A,01043c00
190703073729,TAG_ARRIVED_A,01043c00
190703073730,SOLO_FAIL,01043c00
190703073731,TAG_DEPARTED_A,01043c00
190703073731,TAG_ARRIVED_A,01043c00
190703073732,SOLO_FAIL,01043c00
190703073733,TAG_DEPARTED_A,01043c00
190703073803,TAG_ARRIVED_B,0102ae00
190703073803,SOLO_FAIL,0102ae00
190703073806,ENDCOOP_FAIL,0102ae00_
190703073806,TAG_DEPARTED_B,0102ae00
190703073809,TAG_ARRIVED_A,01d41b00
190703073810,SOLO_FAIL,01d41b00
190703073812,TAG_DEPARTED_A,01d41b00
190703073825,TAG_ARRIVED_A,0102ae00
190703073825,SOLO_FAIL,0102ae00
190703073843,TAG_DEPARTED_A,0102ae00
190703073844,TAG_ARRIVED_B,01d41b00
190703073845,SOLO_FAIL,01d41b00
190703073848,ENDCOOP_FAIL,01d41b00_
190703073848,TAG_DEPARTED_B,01d41b00
190703073851,TAG_ARRIVED_A,01043c00
190703073852,SOLO_FAIL,01043c00
190703073856,TAG_DEPARTED_A,01043c00
190703073905,TAG_ARRIVED_A,0102ae00
190703073905,SOLO_FAIL,0102ae00
190703073908,LOCKOUT_ENDED,
190703073911,TAG_DEPARTED_A,0102ae00
190703073914,TAG_ARRIVED_A,0102ae00
190703073914,SOLO_SUCCESS,0102ae00
190703073916,TAG_DEPARTED_A,0102ae00
190703073924,TAG_ARRIVED_A,0102ae00
190703073924,SOLO_SUCCESS,0102ae00
190703073927,TAG_DEPARTED_A,0102ae00
190703073928,TAG_ARRIVED_A,0102ae00
190703073928,SOLO_SUCCESS,0102ae00
190703073931,TAG_DEPARTED_A,0102ae00
190703073933,TAG_ARRIVED_A,0102ae00
190703073934,SOLO_SUCCESS,0102ae00
190703073938,TAG_DEPARTED_A,0102ae00
190703073939,TAG_ARRIVED_A,0102ae00
190703073939,SOLO_SUCCESS,0102ae00
190703073941,TAG_DEPARTED_A,0102ae00
190703073950,TAG_ARRIVED_A,0102ae00
190703073950,SOLO_SUCCESS,0102ae00
190703073952,TAG_DEPARTED_A,0102ae00
190703074011,TAG_ARRIVED_A,0102ae00
190703074011,SOLO_SUCCESS,0102ae00
190703074013,TAG_DEPARTED_A,0102ae00
190703074013,TAG_ARRIVED_A,01029a00
190703074014,SOLO_SUCCESS,01029a00
190703074015,TAG_ARRIVED_A,01d41b00
190703074016,SOLO_SUCCESS,01d41b00
190703074017,TAG_DEPARTED_A,01d41b00
190703074018,TAG_ARRIVED_A,01d41b00
190703074019,SOLO_SUCCESS,01d41b00
190703074021,TAG_DEPARTED_A,01d41b00
190703074028,TAG_ARRIVED_A,01d41b00
190703074029,SOLO_SUCCESS,01d41b00
190703074033,TAG_DEPARTED_A,01d41b00
190703074039,TAG_ARRIVED_A,01d41b00
190703074040,SOLO_SUCCESS,01d41b00
190703074042,TAG_DEPARTED_A,01d41b00
190703074046,TAG_ARRIVED_A,01d41b00
190703074047,SOLO_SUCCESS,01d41b00
190703074048,TAG_DEPARTED_A,01d41b00
190703074050,TAG_ARRIVED_A,01d41b00
190703074051,SOLO_SUCCESS,01d41b00
190703074053,TAG_DEPARTED_A,01d41b00
190703074053,TAG_ARRIVED_A,01d41b00
190703074054,SOLO_SUCCESS,01d41b00
190703074055,TAG_DEPARTED_A,01d41b00
190703074057,TAG_ARRIVED_A,01d41b00
190703074058,SOLO_SUCCESS,01d41b00
190703074101,TAG_DEPARTED_A,01d41b00
190703074106,TAG_ARRIVED_A,01d41b00
190703074107,SOLO_SUCCESS,01d41b00
190703074108,TAG_DEPARTED_A,01d41b00
190703074109,TAG_ARRIVED_A,01d41b00
190703074110,SOLO_SUCCESS,01d41b00
190703074119,TAG_ARRIVED_A,01050400
190703074120,SOLO_SUCCESS,01050400
190703074128,TAG_DEPARTED_A,01050400
190703074151,TAG_ARRIVED_A,01d41b00
190703074152,SOLO_SUCCESS,01d41b00
190703074201,TAG_DEPARTED_A,01d41b00
190703074206,TAG_ARRIVED_A,01d41b00
190703074207,SOLO_SUCCESS,01d41b00
190703074210,TAG_DEPARTED_A,01d41b00
190703074220,TAG_ARRIVED_B,01050400
190703074220,SOLO_SUCCESS,01050400
190703074221,TAG_ARRIVED_A,01d41b00
190703074222,STARTCOOP_FAIL,01050400_01d41b00
190703074222,ENDCOOP_FAIL,01050400_01d41b00
190703074222,TAG_DEPARTED_B,01050400
190703074223,TAG_ARRIVED_B,01050400
190703074223,STARTCOOP_FAIL,01d41b00_01050400
190703074223,TAG_DEPARTED_A,01d41b00
190703074227,TAG_ARRIVED_B,01016400
190703074228,SOLO_FAIL,01016400
190703074228,TAG_ARRIVED_A,01d41b00
190703074229,STARTCOOP_FAIL,01016400_01d41b00
190703074230,ENDCOOP_FAIL,01016400_01d41b00
190703074230,TAG_DEPARTED_B,01016400
190703074230,TAG_ARRIVED_B,0101c200
190703074231,STARTCOOP_SUCCESS,01d41b00_0101c200
190703074232,TAG_ARRIVED_A,01043c00
190703074233,STARTCOOP_SUCCESS,0101c200_01043c00
190703074233,TAG_DEPARTED_A,01043c00
190703074233,TAG_ARRIVED_A,01d41b00
190703074234,STARTCOOP_SUCCESS,0101c200_01d41b00
190703074235,ENDCOOP_SUCCESS,0101c200_01d41b00
190703074235,TAG_DEPARTED_B,0101c200
190703074236,TAG_ARRIVED_B,0101c200
190703074237,STARTCOOP_SUCCESS,01d41b00_0101c200
190703074238,ENDCOOP_SUCCESS,0101c200_01d41b00
190703074238,TAG_DEPARTED_B,0101c200
190703074241,TAG_ARRIVED_B,0101c200
190703074242,STARTCOOP_SUCCESS,01d41b00_0101c200
190703074243,ENDCOOP_SUCCESS,0101c200_01d41b00
190703074243,TAG_DEPARTED_B,0101c200
190703074244,TAG_ARRIVED_B,0101c200
190703074245,STARTCOOP_SUCCESS,01d41b00_0101c200
190703074250,ENDCOOP_SUCCESS,0101c200_01d41b00
190703074250,TAG_DEPARTED_B,0101c200
190703074251,TAG_ARRIVED_B,0101c200
190703074252,STARTCOOP_SUCCESS,01d41b00_0101c200
190703074256,ENDCOOP_SUCCESS,0101c200_01d41b00
190703074256,TAG_DEPARTED_B,0101c200
190703074301,TAG_ARRIVED_B,0101c200
190703074302,STARTCOOP_SUCCESS,01d41b00_0101c200
190703074305,ENDCOOP_SUCCESS,0101c200_01d41b00
190703074306,TAG_DEPARTED_B,0101c200
190703074306,TAG_ARRIVED_B,0101c200
190703074307,STARTCOOP_SUCCESS,01d41b00_0101c200
190703074311,ENDCOOP_SUCCESS,0101c200_01d41b00
190703074311,TAG_DEPARTED_B,0101c200
190703074312,TAG_ARRIVED_B,0101c200
190703074313,STARTCOOP_SUCCESS,01d41b00_0101c200
190703074313,TAG_DEPARTED_A,01d41b00
190703074313,TAG_ARRIVED_A,01d41b00
190703074314,STARTCOOP_SUCCESS,0101c200_01d41b00
190703074315,ENDCOOP_SUCCESS,0101c200_01d41b00
190703074315,TAG_DEPARTED_B,0101c200
190703074327,TAG_ARRIVED_B,01050400
190703074327,STARTCOOP_FAIL,01d41b00_01050400
190703074329,ENDCOOP_FAIL,01050400_01d41b00
190703074329,TAG_DEPARTED_B,01050400
190703074331,TAG_ARRIVED_B,0101c200
190703074332,STARTCOOP_SUCCESS,01d41b00_0101c200
190703074332,TAG_DEPARTED_A,01d41b00
190703074334,ENDCOOP_SUCCESS,0101c200_
190703074334,TAG_DEPARTED_B,0101c200
190703074337,TAG_ARRIVED_A,01d41b00
190703074338,SOLO_FAIL,01d41b00
190703074344,TAG_ARRIVED_B,0101c200
190703074345,STARTCOOP_SUCCESS,01d41b00_0101c200
190703074346,ENDCOOP_SUCCESS,0101c200_01d41b00
190703074346,TAG_DEPARTED_B,0101c200
190703074347,TAG_DEPARTED_A,01d41b00
190703074347,TAG_ARRIVED_B,0101c200
190703074348,SOLO_FAIL,0101c200
190703074349,TAG_ARRIVED_A,01d41b00
190703074350,STARTCOOP_SUCCESS,0101c200_01d41b00
190703074351,ENDCOOP_SUCCESS,0101c200_01d41b00
190703074351,TAG_DEPARTED_B,0101c200
190703074354,TAG_DEPARTED_A,01d41b00
190703074355,TAG_ARRIVED_B,0101c200
190703074356,SOLO_FAIL,0101c200
190703074356,TAG_ARRIVED_A,01d41b00
190703074358,STARTCOOP_SUCCESS,0101c200_01d41b00
190703074359,ENDCOOP_SUCCESS,0101c200_01d41b00
190703074359,TAG_DEPARTED_B,0101c200
190703074402,TAG_ARRIVED_B,0101c200
190703074403,STARTCOOP_SUCCESS,01d41b00_0101c200
190703074404,ENDCOOP_SUCCESS,0101c200_01d41b00
190703074404,TAG_DEPARTED_B,0101c200
190703074404,TAG_ARRIVED_B,0101c200
190703074405,STARTCOOP_SUCCESS,01d41b00_0101c200
190703074406,ENDCOOP_SUCCESS,0101c200_01d41b00
190703074406,TAG_DEPARTED_B,0101c200
190703074407,TAG_ARRIVED_B,0101c200
190703074408,STARTCOOP_SUCCESS,01d41b00_0101c200
190703074408,ENDCOOP_SUCCESS,0101c200_01d41b00
190703074408,TAG_DEPARTED_B,0101c200
190703074412,TAG_ARRIVED_B,01050400
190703074412,STARTCOOP_FAIL,01d41b00_01050400
190703074414,ENDCOOP_FAIL,01050400_01d41b00
190703074414,TAG_DEPARTED_B,01050400
190703074416,TAG_DEPARTED_A,01d41b00
190703074418,TAG_ARRIVED_B,01050400
190703074419,SOLO_FAIL,01050400
190703074421,TAG_ARRIVED_A,01d41b00
190703074422,STARTCOOP_FAIL,01050400_01d41b00
190703074424,TAG_DEPARTED_A,01d41b00
190703074438,TAG_ARRIVED_A,01d41b00
190703074439,STARTCOOP_FAIL,01050400_01d41b00
190703074440,TAG_DEPARTED_A,01d41b00
190703074448,ENDCOOP_FAIL,01050400_
190703074449,TAG_DEPARTED_B,01050400
190703074449,TAG_ARRIVED_B,01df6400
190703074450,SOLO_FAIL,01df6400
190703074457,ENDCOOP_FAIL,01df6400_
190703074457,TAG_DEPARTED_B,01df6400
190703074504,TAG_ARRIVED_B,0101c200
190703074505,SOLO_FAIL,0101c200
190703074506,ENDCOOP_FAIL,0101c200_
190703074506,TAG_DEPARTED_B,0101c200
190703074509,TAG_ARRIVED_B,0101c200
190703074510,SOLO_FAIL,0101c200
190703074511,ENDCOOP_FAIL,0101c200_
190703074512,TAG_DEPARTED_B,0101c200
190703074515,TAG_ARRIVED_A,01016400
190703074515,SOLO_FAIL,01016400
190703074517,TAG_DEPARTED_A,01016400
190703074519,TAG_ARRIVED_B,0101c200
190703074520,SOLO_FAIL,0101c200
190703074523,TAG_ARRIVED_A,01d41b00
190703074524,STARTCOOP_SUCCESS,0101c200_01d41b00
190703074527,TAG_DEPARTED_A,01d41b00
190703074531,ENDCOOP_SUCCESS,0101c200_
190703074531,TAG_DEPARTED_B,0101c200
190703074533,TAG_ARRIVED_B,0101c200
190703074534,SOLO_FAIL,0101c200
190703074534,TAG_ARRIVED_A,01d41b00
190703074535,STARTCOOP_SUCCESS,0101c200_01d41b00
190703074535,ENDCOOP_SUCCESS,0101c200_01d41b00
190703074536,TAG_DEPARTED_B,0101c200
190703074537,TAG_ARRIVED_B,0101c200
190703074538,STARTCOOP_SUCCESS,01d41b00_0101c200
190703074541,ENDCOOP_SUCCESS,0101c200_01d41b00
190703074541,TAG_DEPARTED_B,0101c200
190703074546,TAG_ARRIVED_B,0101c200
190703074547,STARTCOOP_SUCCESS,01d41b00_0101c200
190703074548,ENDCOOP_SUCCESS,0101c200_01d41b00
190703074549,TAG_DEPARTED_B,0101c200
190703074549,TAG_ARRIVED_B,0101c200
190703074550,STARTCOOP_SUCCESS,01d41b00_0101c200
190703074550,TAG_DEPARTED_A,01d41b00
190703074551,TAG_ARRIVED_A,01d41b00
190703074552,STARTCOOP_SUCCESS,0101c200_01d41b00
190703074552,ENDCOOP_SUCCESS,0101c200_01d41b00
190703074552,TAG_DEPARTED_B,0101c200
190703074554,TAG_ARRIVED_B,0101c200
190703074555,STARTCOOP_SUCCESS,01d41b00_0101c200
190703074556,ENDCOOP_SUCCESS,0101c200_01d41b00
190703074557,TAG_DEPARTED_B,0101c200
190703074557,TAG_ARRIVED_B,01050400
190703074558,STARTCOOP_FAIL,01d41b00_01050400
190703074558,TAG_DEPARTED_A,01d41b00
190703074600,TAG_ARRIVED_A,01d41b00
190703074601,STARTCOOP_FAIL,01050400_01d41b00
190703074602,ENDCOOP_FAIL,01050400_01d41b00
190703074602,TAG_DEPARTED_B,01050400
190703074603,TAG_ARRIVED_B,01050400
190703074603,STARTCOOP_FAIL,01d41b00_01050400
190703074604,ENDCOOP_FAIL,01050400_01d41b00
190703074605,TAG_DEPARTED_B,01050400
190703074605,TAG_ARRIVED_B,01050400
190703074606,STARTCOOP_FAIL,01d41b00_01050400
190703074607,TAG_DEPARTED_A,01d41b00
190703074610,ENDCOOP_FAIL,01050400_
190703074611,TAG_DEPARTED_B,01050400
190703074618,TAG_ARRIVED_A,01d41b00
190703074619,SOLO_FAIL,01d41b00
190703074619,TAG_ARRIVED_B,01050400
190703074620,STARTCOOP_FAIL,01d41b00_01050400
190703074620,TAG_DEPARTED_A,01d41b00
190703074620,ENDCOOP_FAIL,01050400_
190703074621,TAG_DEPARTED_B,01050400
190703074621,TAG_ARRIVED_B,01d41b00
190703074622,SOLO_FAIL,01d41b00
190703074635,TAG_ARRIVED_A,01d41b00
190703074636,SOLO_FAIL,01d41b00
190703074636,ENDCOOP_FAIL,01d41b00_01d41b00
190703074637,TAG_DEPARTED_B,01d41b00
190703074638,TAG_ARRIVED_B,01016400
190703074638,STARTCOOP_FAIL,01d41b00_01016400
190703074642,ENDCOOP_FAIL,01016400_01d41b00
190703074642,TAG_DEPARTED_B,01016400
190703074644,TAG_ARRIVED_B,01016400
190703074645,STARTCOOP_FAIL,01d41b00_01016400
190703074649,ENDCOOP_FAIL,01016400_01d41b00
190703074649,TAG_DEPARTED_B,01016400
190703074651,TAG_DEPARTED_A,01d41b00
190703074651,TAG_ARRIVED_A,01d41b00
190703074652,SOLO_FAIL,01d41b00
190703074700,TAG_ARRIVED_B,01016400
190703074701,STARTCOOP_FAIL,01d41b00_01016400
190703074707,TAG_DEPARTED_A,01d41b00
190703074707,ENDCOOP_FAIL,01016400_
190703074708,TAG_DEPARTED_B,01016400
190703074711,TAG_ARRIVED_A,01016400
190703074711,SOLO_FAIL,01016400
190703074714,TAG_DEPARTED_A,01016400
190703074722,TAG_ARRIVED_B,01d41b00
190703074723,SOLO_FAIL,01d41b00
190703074724,ENDCOOP_FAIL,01d41b00_
190703074724,TAG_DEPARTED_B,01d41b00
190703074900,LOCKOUT_ENDED,
190703075124,TAG_ARRIVED_A,01050400
190703075124,SOLO_SUCCESS,01050400
190703075125,TAG_ARRIVED_B,0101c200
190703075126,STARTCOOP_FAIL,01050400_0101c200
190703075127,ENDCOOP_FAIL,0101c200_01050400
190703075127,TAG_DEPARTED_B,0101c200
190703075127,TAG_DEPARTED_A,01050400
190703075128,TAG_ARRIVED_A,01050400
190703075129,SOLO_FAIL,01050400
190703075130,TAG_ARRIVED_B,0101c200
190703075131,STARTCOOP_FAIL,01050400_0101c200
190703075132,TAG_DEPARTED_A,01050400
190703075134,ENDCOOP_FAIL,0101c200_
190703075135,TAG_DEPARTED_B,0101c200
190703075135,TAG_ARRIVED_A,01050400
190703075135,SOLO_FAIL,01050400
190703075139,TAG_ARRIVED_B,0101c200
190703075140,STARTCOOP_FAIL,01050400_0101c200
190703075206,ENDCOOP_FAIL,0101c200_01050400
190703075206,TAG_DEPARTED_B,0101c200
190703075218,TAG_DEPARTED_A,01050400
190703075220,TAG_ARRIVED_A,0101c200
190703075221,SOLO_FAIL,0101c200
190703075223,TAG_DEPARTED_A,0101c200
190703075223,TAG_ARRIVED_B,01c2e300
190703075224,SOLO_FAIL,01c2e300
190703075226,TAG_ARRIVED_A,0101c200
190703075227,STARTCOOP_SUCCESS,01c2e300_0101c200
190703075228,TAG_DEPARTED_A,0101c200
190703075230,ENDCOOP_SUCCESS,01c2e300_
190703075230,TAG_DEPARTED_B,01c2e300
190703075231,TAG_ARRIVED_A,0101c200
190703075232,SOLO_FAIL,0101c200
190703075233,TAG_DEPARTED_A,0101c200
190703075235,TAG_ARRIVED_A,0101c200
190703075236,SOLO_FAIL,0101c200
190703075236,TAG_ARRIVED_B,01c2e300
190703075237,STARTCOOP_SUCCESS,0101c200_01c2e300
190703075237,TAG_DEPARTED_A,0101c200
190703075238,TAG_ARRIVED_A,0101c200
190703075239,STARTCOOP_SUCCESS,01c2e300_0101c200
190703075241,ENDCOOP_SUCCESS,01c2e300_0101c200
190703075241,TAG_DEPARTED_B,01c2e300
190703075243,TAG_DEPARTED_A,0101c200
190703075249,TAG_ARRIVED_A,0101c200
190703075250,SOLO_FAIL,0101c200
190703075251,TAG_ARRIVED_B,01c2e300
190703075252,STARTCOOP_SUCCESS,0101c200_01c2e300
190703075253,ENDCOOP_SUCCESS,01c2e300_0101c200
190703075253,TAG_DEPARTED_B,01c2e300
190703075253,TAG_DEPARTED_A,0101c200
190703075313,TAG_ARRIVED_B,01c2e300
190703075314,SOLO_FAIL,01c2e300
190703075315,ENDCOOP_FAIL,01c2e300_
190703075316,TAG_DEPARTED_B,01c2e300
190703075321,TAG_ARRIVED_A,01c2e300
190703075322,SOLO_FAIL,01c2e300
190703075323,TAG_DEPARTED_A,01c2e300
190703075327,TAG_ARRIVED_A,01c2e300
190703075328,SOLO_FAIL,01c2e300
190703075331,TAG_DEPARTED_A,01c2e300
190703075339,TAG_ARRIVED_A,01c2e300
190703075340,SOLO_SUCCESS,01c2e300
190703075341,TAG_DEPARTED_A,01c2e300
190703075350,TAG_ARRIVED_A,01c2e300
190703075351,SOLO_SUCCESS,01c2e300
190703075357,TAG_DEPARTED_A,01c2e300
190703075402,TAG_ARRIVED_A,01c2e300
190703075403,SOLO_SUCCESS,01c2e300
190703075404,TAG_DEPARTED_A,01c2e300
190703075605,TAG_ARRIVED_B,07991800
190703075606,SOLO_SUCCESS,07991800
190703075613,TAG_DEPARTED_B,07991800
190703075645,TAG_ARRIVED_B,0103bf00
190703075646,SOLO_SUCCESS,0103bf00
190703075646,TAG_ARRIVED_B,07991800
190703075647,SOLO_SUCCESS,07991800
190703075648,TAG_DEPARTED_B,07991800
190703075709,TAG_ARRIVED_B,07991800
190703075710,SOLO_SUCCESS,07991800
190703075714,TAG_DEPARTED_B,07991800
190703075714,TAG_ARRIVED_B,07991800
190703075714,SOLO_SUCCESS,07991800
190703075720,TAG_DEPARTED_B,07991800
190703075723,TAG_ARRIVED_B,07991800
190703075724,SOLO_SUCCESS,07991800
190703075725,TAG_DEPARTED_B,07991800
190703075731,TAG_ARRIVED_B,07991800
190703075731,SOLO_SUCCESS,07991800
190703075733,TAG_DEPARTED_B,07991800
190703075746,TAG_ARRIVED_B,07991800
190703075746,SOLO_SUCCESS,07991800
190703075748,TAG_DEPARTED_B,07991800
190703075749,TAG_ARRIVED_B,07991800
190703075750,SOLO_SUCCESS,07991800
190703075759,TAG_DEPARTED_B,07991800
190703075801,TAG_ARRIVED_B,01050400
190703075802,SOLO_SUCCESS,01050400
190703075811,TAG_DEPARTED_B,01050400
190703075814,TAG_ARRIVED_B,01050400
190703075814,SOLO_SUCCESS,01050400
190703075816,TAG_DEPARTED_B,01050400
190703075819,TAG_ARRIVED_B,01021800
190703075820,SOLO_SUCCESS,01021800
190703075827,TAG_DEPARTED_B,01021800
190703075827,TAG_ARRIVED_B,01021800
190703075828,SOLO_SUCCESS,01021800
190703075831,TAG_DEPARTED_B,01021800
190703075847,TAG_ARRIVED_B,01021800
190703075847,SOLO_SUCCESS,01021800
190703075946,TAG_ARRIVED_A,01050400
190703075947,STARTCOOP_SUCCESS,01021800_01050400
190703075948,TAG_DEPARTED_A,01050400
190703075949,TAG_ARRIVED_A,01050400
190703075949,STARTCOOP_SUCCESS,01021800_01050400
190703075953,TAG_DEPARTED_A,01050400
190703075958,TAG_ARRIVED_A,01050400
190703075958,STARTCOOP_SUCCESS,01021800_01050400
190703080000,TAG_DEPARTED_A,01050400
190703080000,TAG_ARRIVED_A,01050400
190703080000,STARTCOOP_SUCCESS,01021800_01050400
190703080002,TAG_DEPARTED_A,01050400
190703080004,TAG_ARRIVED_A,01043c00
190703080005,STARTCOOP_FAIL,01021800_01043c00
190703080013,TAG_DEPARTED_A,01043c00
190703080015,TAG_ARRIVED_A,01043c00
190703080016,STARTCOOP_FAIL,01021800_01043c00
190703080017,ENDCOOP_FAIL,01021800_01043c00
190703080018,TAG_DEPARTED_B,01021800
190703080018,TAG_ARRIVED_B,0103bf00
190703080019,STARTCOOP_FAIL,01043c00_0103bf00
190703080019,TAG_DEPARTED_A,01043c00
190703080023,ENDCOOP_FAIL,0103bf00_
190703080024,TAG_DEPARTED_B,0103bf00
190703080025,TAG_ARRIVED_B,01753200
190703080026,SOLO_FAIL,01753200
190703080029,TAG_ARRIVED_A,01043c00
190703080030,STARTCOOP_SUCCESS,01753200_01043c00
190703080033,TAG_DEPARTED_A,01043c00
190703080035,TAG_ARRIVED_A,01043c00
190703080036,STARTCOOP_SUCCESS,01753200_01043c00
190703080036,ENDCOOP_SUCCESS,01753200_01043c00
190703080036,TAG_DEPARTED_B,01753200
190703080038,TAG_DEPARTED_A,01043c00
190703080044,TAG_ARRIVED_A,01043c00
190703080045,SOLO_FAIL,01043c00
190703080047,TAG_DEPARTED_A,01043c00
190703080048,TAG_ARRIVED_A,01043c00
190703080049,SOLO_FAIL,01043c00
190703080053,TAG_DEPARTED_A,01043c00
190703080056,TAG_ARRIVED_A,01653700
190703080057,SOLO_FAIL,01653700
190703080058,TAG_DEPARTED_A,01653700
190703080100,TAG_ARRIVED_A,01653700
190703080101,SOLO_FAIL,01653700
190703080108,TAG_DEPARTED_A,01653700
190703080141,TAG_ARRIVED_B,01043c00
190703080142,SOLO_FAIL,01043c00
190703080202,ENDCOOP_FAIL,01043c00_
190703080202,TAG_DEPARTED_B,01043c00
190703080203,TAG_ARRIVED_B,01043c00
190703080204,SOLO_FAIL,01043c00
190703080208,ENDCOOP_FAIL,01043c00_
190703080208,TAG_DEPARTED_B,01043c00
190703080219,LOCKOUT_ENDED,
190703080220,TAG_ARRIVED_B,01043c00
190703080221,SOLO_SUCCESS,01043c00
190703080223,TAG_DEPARTED_B,01043c00
190703080233,TAG_ARRIVED_B,01043c00
190703080234,SOLO_SUCCESS,01043c00
190703080240,TAG_DEPARTED_B,01043c00
190703080241,TAG_ARRIVED_B,01043c00
190703080242,SOLO_SUCCESS,01043c00
190703080246,TAG_DEPARTED_B,01043c00
190703080247,TAG_ARRIVED_B,01043c00
190703080248,SOLO_SUCCESS,01043c00
190703080249,TAG_DEPARTED_B,01043c00
190703080249,TAG_ARRIVED_B,01043c00
190703080250,SOLO_SUCCESS,01043c00
190703080251,TAG_DEPARTED_B,01043c00
190703080251,TAG_ARRIVED_B,01043c00
190703080252,SOLO_SUCCESS,01043c00
190703080253,TAG_DEPARTED_B,01043c00
190703080254,TAG_ARRIVED_B,01043c00
190703080255,SOLO_SUCCESS,01043c00
190703080258,TAG_DEPARTED_B,01043c00
190703080309,TAG_ARRIVED_B,0101c200
190703080310,SOLO_SUCCESS,0101c200
190703080316,TAG_DEPARTED_B,0101c200
190703080318,TAG_ARRIVED_B,0101c200
190703080319,SOLO_SUCCESS,0101c200
190703080323,TAG_ARRIVED_B,01050400
190703080323,SOLO_SUCCESS,01050400
190703080433,TAG_ARRIVED_A,0101c200
190703080434,STARTCOOP_FAIL,01050400_0101c200
190703080436,TAG_DEPARTED_A,0101c200
190703080437,TAG_ARRIVED_A,0101c200
190703080438,STARTCOOP_FAIL,01050400_0101c200
190703080438,ENDCOOP_FAIL,01050400_0101c200
190703080438,TAG_DEPARTED_B,01050400
190703080439,TAG_DEPARTED_A,0101c200
190703080439,TAG_ARRIVED_B,0101c200
190703080440,SOLO_FAIL,0101c200
190703080441,ENDCOOP_FAIL,0101c200_
190703080442,TAG_DEPARTED_B,0101c200
190703080442,TAG_ARRIVED_A,01753200
190703080443,SOLO_FAIL,01753200
190703080445,TAG_DEPARTED_A,01753200
190703080446,TAG_ARRIVED_B,01653700
190703080447,SOLO_FAIL,01653700
190703080448,TAG_ARRIVED_A,0101c200
190703080449,STARTCOOP_SUCCESS,01653700_0101c200
190703080449,ENDCOOP_SUCCESS,01653700_0101c200
190703080449,TAG_DEPARTED_B,01653700
190703080450,TAG_DEPARTED_A,0101c200
190703080457,TAG_ARRIVED_A,0101c200
190703080458,SOLO_FAIL,0101c200
190703080500,TAG_ARRIVED_B,01653700
190703080501,STARTCOOP_SUCCESS,0101c200_01653700
190703080502,TAG_DEPARTED_A,0101c200
190703080503,TAG_ARRIVED_A,0101c200
190703080504,STARTCOOP_SUCCESS,01653700_0101c200
190703080504,ENDCOOP_SUCCESS,01653700_0101c200
190703080504,TAG_DEPARTED_B,01653700
190703080513,TAG_DEPARTED_A,0101c200
190703080534,TAG_ARRIVED_B,0101c200
190703080535,SOLO_FAIL,0101c200
190703080537,ENDCOOP_FAIL,0101c200_
190703080537,TAG_DEPARTED_B,0101c200
190703080538,TAG_ARRIVED_A,0101c200
190703080539,SOLO_FAIL,0101c200
190703080540,TAG_DEPARTED_A,0101c200
190703080541,TAG_ARRIVED_B,0101c200
190703080542,SOLO_FAIL,0101c200
190703080543,ENDCOOP_FAIL,0101c200_
190703080543,TAG_DEPARTED_B,0101c200
190703080558,TAG_ARRIVED_A,0101c200
190703080559,SOLO_FAIL,0101c200
190703080601,TAG_DEPARTED_A,0101c200
190703080612,TAG_ARRIVED_A,0101c200
190703080613,SOLO_FAIL,0101c200
190703080616,TAG_DEPARTED_A,0101c200
190703080619,TAG_ARRIVED_A,01c2e300
190703080620,SOLO_FAIL,01c2e300
190703080624,TAG_DEPARTED_A,01c2e300
190703080625,TAG_ARRIVED_A,01c2e300
190703080626,SOLO_FAIL,01c2e300
190703080627,TAG_DEPARTED_A,01c2e300
190703080632,TAG_ARRIVED_A,01c2e300
190703080633,SOLO_FAIL,01c2e300
190703080637,TAG_DEPARTED_A,01c2e300
190703080638,LOCKOUT_ENDED,
190703080650,TAG_ARRIVED_B,01cf0600
190703080651,SOLO_SUCCESS,01cf0600
190703080656,TAG_DEPARTED_B,01cf0600
190703080657,TAG_ARRIVED_B,01cf0600
190703080658,SOLO_SUCCESS,01cf0600
190703080659,TAG_DEPARTED_B,01cf0600
190703080703,TAG_ARRIVED_A,01cf0600
190703080703,SOLO_SUCCESS,01cf0600
190703080711,TAG_DEPARTED_A,01cf0600
190703080715,TAG_ARRIVED_B,01cf0600
190703080716,SOLO_SUCCESS,01cf0600
190703080718,TAG_DEPARTED_B,01cf0600
190703080725,TAG_ARRIVED_B,01cf0600
190703080726,SOLO_SUCCESS,01cf0600
190703080733,TAG_DEPARTED_B,01cf0600
190703080735,TAG_ARRIVED_A,01cf0600
190703080736,SOLO_SUCCESS,01cf0600
190703080738,TAG_DEPARTED_A,01cf0600
190703080742,TAG_ARRIVED_B,01cf0600
190703080743,SOLO_SUCCESS,01cf0600
190703080745,TAG_ARRIVED_B,01c2e300
190703080746,SOLO_SUCCESS,01c2e300
190703080757,TAG_ARRIVED_A,07991800
190703080757,STARTCOOP_FAIL,01c2e300_07991800
190703080757,ENDCOOP_FAIL,01c2e300_07991800
190703080758,TAG_DEPARTED_B,01c2e300
190703080809,TAG_DEPARTED_A,07991800
190703080812,TAG_ARRIVED_A,07991800
190703080812,SOLO_FAIL,07991800
190703080815,TAG_DEPARTED_A,07991800
190703080820,TAG_ARRIVED_B,01cf0600
190703080821,SOLO_FAIL,01cf0600
190703080823,ENDCOOP_FAIL,01cf0600_
190703080823,TAG_DEPARTED_B,01cf0600
190703080824,TAG_ARRIVED_A,01c2e300
190703080825,SOLO_FAIL,01c2e300
190703080833,TAG_DEPARTED_A,01c2e300
190703080839,TAG_ARRIVED_A,01c2e300
190703080840,SOLO_FAIL,01c2e300
190703080847,TAG_DEPARTED_A,01c2e300
190703080859,TAG_ARRIVED_A,01040300
190703080859,SOLO_FAIL,01040300
190703080859,TAG_ARRIVED_B,07991800
190703080900,STARTCOOP_SUCCESS,01040300_07991800
190703080901,TAG_DEPARTED_A,01040300
190703080901,ENDCOOP_SUCCESS,07991800_
190703080901,TAG_DEPARTED_B,07991800
190703080908,TAG_ARRIVED_B,07991800
190703080909,SOLO_FAIL,07991800
190703080910,ENDCOOP_FAIL,07991800_
190703080910,TAG_DEPARTED_B,07991800
190703080913,TAG_ARRIVED_A,01c2e300
190703080914,SOLO_FAIL,01c2e300
190703080917,TAG_ARRIVED_B,07991800
190703080918,STARTCOOP_FAIL,01c2e300_07991800
190703080922,ENDCOOP_FAIL,07991800_01c2e300
190703080922,TAG_DEPARTED_B,07991800
190703080926,TAG_DEPARTED_A,01c2e300
190703080935,TAG_ARRIVED_A,01c2e300
190703080936,SOLO_FAIL,01c2e300
190703081010,TAG_DEPARTED_A,01c2e300
190703081012,TAG_ARRIVED_B,07991800
190703081012,SOLO_FAIL,07991800
190703081014,ENDCOOP_FAIL,07991800_
190703081014,TAG_DEPARTED_B,07991800
190703081034,TAG_ARRIVED_A,01c2e300
190703081035,SOLO_FAIL,01c2e300
190703081036,TAG_DEPARTED_A,01c2e300
190703081042,TAG_ARRIVED_B,0102ee00
190703081044,SOLO_FAIL,0102ee00
190703081047,ENDCOOP_FAIL,0102ee00_
190703081047,TAG_DEPARTED_B,0102ee00
190703081050,TAG_ARRIVED_A,01c2e300
190703081051,SOLO_FAIL,01c2e300
190703081110,TAG_DEPARTED_A,01c2e300
190703081115,TAG_ARRIVED_A,01040300
190703081116,SOLO_FAIL,01040300
190703081117,TAG_DEPARTED_A,01040300
190703081118,LOCKOUT_ENDED,
190703081121,TAG_ARRIVED_A,0102ee00
190703081122,SOLO_SUCCESS,0102ee00
190703081129,TAG_DEPARTED_A,0102ee00
190703081133,TAG_ARRIVED_B,01040300
190703081133,SOLO_SUCCESS,01040300
190703081135,TAG_DEPARTED_B,01040300
190703081142,TAG_ARRIVED_B,0102ee00
190703081143,SOLO_SUCCESS,0102ee00
190703081144,TAG_ARRIVED_A,01040300
190703081144,STARTCOOP_FAIL,0102ee00_01040300
190703081156,TAG_DEPARTED_A,01040300
190703081157,ENDCOOP_FAIL,0102ee00_
190703081157,TAG_DEPARTED_B,0102ee00
190703081206,TAG_ARRIVED_A,01040300
190703081206,SOLO_FAIL,01040300
190703081212,TAG_DEPARTED_A,01040300
190703081224,TAG_ARRIVED_A,01040300
190703081225,SOLO_FAIL,01040300
190703081228,TAG_DEPARTED_A,01040300
190703081229,TAG_ARRIVED_A,01040300
190703081229,SOLO_FAIL,01040300
190703081242,TAG_DEPARTED_A,01040300
190703081244,TAG_ARRIVED_A,01040300
190703081244,SOLO_FAIL,01040300
190703081255,TAG_DEPARTED_A,01040300
190703081256,TAG_ARRIVED_A,01040300
190703081256,SOLO_FAIL,01040300
190703081301,TAG_DEPARTED_A,01040300
190703081302,TAG_ARRIVED_A,01040300
190703081302,SOLO_FAIL,01040300
190703081316,TAG_ARRIVED_A,0102ee00
190703081316,SOLO_FAIL,0102ee00
190703081317,TAG_ARRIVED_B,01040300
190703081317,STARTCOOP_FAIL,0102ee00_01040300
190703081318,ENDCOOP_FAIL,01040300_0102ee00
190703081318,TAG_DEPARTED_B,01040300
190703081319,TAG_ARRIVED_B,01040300
190703081319,STARTCOOP_FAIL,0102ee00_01040300
190703081319,TAG_DEPARTED_A,0102ee00
190703081329,ENDCOOP_FAIL,01040300_
190703081329,TAG_DEPARTED_B,01040300
190703081329,TAG_ARRIVED_B,01040300
190703081330,SOLO_FAIL,01040300
190703081331,ENDCOOP_FAIL,01040300_
190703081331,TAG_DEPARTED_B,01040300
190703081332,TAG_ARRIVED_B,01040300
190703081333,SOLO_FAIL,01040300
190703081334,ENDCOOP_FAIL,01040300_
190703081334,TAG_DEPARTED_B,01040300
190703081340,TAG_ARRIVED_B,01040300
190703081340,SOLO_FAIL,01040300
190703081404,ENDCOOP_FAIL,01040300_
190703081404,TAG_DEPARTED_B,01040300
190703081404,TAG_ARRIVED_A,0102ee00
190703081405,SOLO_FAIL,0102ee00
190703081406,TAG_ARRIVED_B,01040300
190703081406,STARTCOOP_FAIL,0102ee00_01040300
190703081406,TAG_DEPARTED_A,0102ee00
190703081407,TAG_ARRIVED_A,01040300
190703081407,SOLO_FAIL,01040300
190703081408,ENDCOOP_FAIL,01040300_01040300
190703081408,TAG_DEPARTED_B,01040300
190703081409,TAG_DEPARTED_A,01040300
190703081410,TAG_ARRIVED_A,01040300
190703081410,SOLO_FAIL,01040300
190703081412,TAG_DEPARTED_A,01040300
190703081412,TAG_ARRIVED_B,01040300
190703081413,SOLO_FAIL,01040300
190703081415,TAG_ARRIVED_B,01029a00
190703081415,SOLO_FAIL,01029a00
190703081416,TAG_ARRIVED_A,01029a00
190703081417,SOLO_FAIL,01029a00
190703081417,ENDCOOP_FAIL,01029a00_01029a00
190703081418,TAG_DEPARTED_B,01029a00
190703081418,TAG_ARRIVED_B,01029a00
190703081419,SOLO_FAIL,01029a00
190703081420,TAG_DEPARTED_A,01029a00
190703081422,TAG_ARRIVED_A,01029a00
190703081423,SOLO_FAIL,01029a00
190703081423,ENDCOOP_FAIL,01029a00_01029a00
190703081423,TAG_DEPARTED_B,01029a00
190703081429,TAG_ARRIVED_B,01029a00
190703081430,SOLO_FAIL,01029a00
190703081430,TAG_DEPARTED_A,01029a00
190703081437,ENDCOOP_FAIL,01029a00_
190703081438,TAG_DEPARTED_B,01029a00
190703081438,TAG_ARRIVED_A,01029a00
190703081439,SOLO_FAIL,01029a00
190703081444,TAG_ARRIVED_B,01029a00
190703081445,SOLO_FAIL,01029a00
190703081445,TAG_DEPARTED_A,01029a00
190703081456,ENDCOOP_FAIL,01029a00_
190703081457,TAG_DEPARTED_B,01029a00
190703081457,TAG_ARRIVED_A,01029a00
190703081458,SOLO_FAIL,01029a00
190703081513,TAG_ARRIVED_B,01029a00
190703081514,SOLO_FAIL,01029a00
190703081514,TAG_DEPARTED_A,01029a00
190703081516,ENDCOOP_FAIL,01029a00_
190703081516,TAG_DEPARTED_B,01029a00
190703081516,TAG_ARRIVED_A,01029a00
190703081517,SOLO_FAIL,01029a00
190703081525,TAG_DEPARTED_A,01029a00
190703081525,TAG_ARRIVED_B,01029a00
190703081526,SOLO_FAIL,01029a00
190703081528,ENDCOOP_FAIL,01029a00_
190703081528,TAG_DEPARTED_B,01029a00
190703081528,TAG_ARRIVED_A,01029a00
190703081529,SOLO_FAIL,01029a00
190703081538,TAG_DEPARTED_A,01029a00
190703081542,TAG_ARRIVED_A,01029a00
190703081543,SOLO_FAIL,01029a00
190703081544,TAG_ARRIVED_B,01029a00
190703081544,SOLO_FAIL,01029a00
190703081545,TAG_DEPARTED_A,01029a00
190703081549,ENDCOOP_FAIL,01029a00_
190703081549,TAG_DEPARTED_B,01029a00
190703081550,TAG_ARRIVED_A,01029a00
190703081550,SOLO_FAIL,01029a00
190703081551,TAG_ARRIVED_B,01029a00
190703081552,SOLO_FAIL,01029a00
190703081553,TAG_DEPARTED_A,01029a00
190703081555,ENDCOOP_FAIL,01029a00_
190703081555,TAG_DEPARTED_B,01029a00
190703081606,LOCKOUT_ENDED,
190703081631,TAG_ARRIVED_A,0103bf00
190703081632,SOLO_SUCCESS,0103bf00
190703081635,TAG_DEPARTED_A,0103bf00
190703081636,TAG_ARRIVED_A,0103bf00
190703081636,SOLO_SUCCESS,0103bf00
190703081638,TAG_DEPARTED_A,0103bf00
190703081640,TAG_ARRIVED_B,0103bf00
190703081641,SOLO_SUCCESS,0103bf00
190703081642,TAG_DEPARTED_B,0103bf00
190703081643,TAG_ARRIVED_B,0103bf00
190703081644,SOLO_SUCCESS,0103bf00
190703081645,TAG_DEPARTED_B,0103bf00
190703081648,TAG_ARRIVED_B,0103bf00
190703081649,SOLO_SUCCESS,0103bf00
190703081650,TAG_DEPARTED_B,0103bf00
190703081653,TAG_ARRIVED_B,0103bf00
190703081654,SOLO_SUCCESS,0103bf00
190703081654,TAG_ARRIVED_A,01029a00
190703081655,STARTCOOP_FAIL,0103bf00_01029a00
190703081656,TAG_DEPARTED_A,01029a00
190703081657,ENDCOOP_FAIL,0103bf00_
190703081657,TAG_DEPARTED_B,0103bf00
190703081657,TAG_ARRIVED_B,0103bf00
190703081658,SOLO_FAIL,0103bf00
190703081659,TAG_ARRIVED_A,01029a00
190703081700,STARTCOOP_FAIL,0103bf00_01029a00
190703081701,TAG_DEPARTED_A,01029a00
190703081703,TAG_ARRIVED_A,01029a00
190703081704,STARTCOOP_FAIL,0103bf00_01029a00
190703081704,ENDCOOP_FAIL,0103bf00_01029a00
190703081705,TAG_DEPARTED_B,0103bf00
190703081705,TAG_DEPARTED_A,01029a00
190703081708,TAG_ARRIVED_A,01029a00
190703081709,SOLO_FAIL,01029a00
190703081712,TAG_DEPARTED_A,01029a00
190703081713,TAG_ARRIVED_B,01029a00
190703081714,SOLO_FAIL,01029a00
190703081715,ENDCOOP_FAIL,01029a00_
190703081715,TAG_DEPARTED_B,01029a00
190703081716,TAG_ARRIVED_A,01029a00
190703081716,SOLO_FAIL,01029a00
190703081718,TAG_DEPARTED_A,01029a00
190703081718,TAG_ARRIVED_B,0101c200
190703081719,SOLO_FAIL,0101c200
190703081720,ENDCOOP_FAIL,0101c200_
190703081721,TAG_DEPARTED_B,0101c200
190703081722,TAG_ARRIVED_B,0101c200
190703081723,SOLO_FAIL,0101c200
190703081725,ENDCOOP_FAIL,0101c200_
190703081725,TAG_DEPARTED_B,0101c200
190703081727,TAG_ARRIVED_B,0101c200
190703081728,SOLO_FAIL,0101c200
190703081729,ENDCOOP_FAIL,0101c200_
190703081729,TAG_DEPARTED_B,0101c200
190703081742,TAG_ARRIVED_B,0101c200
190703081743,SOLO_FAIL,0101c200
190703081747,ENDCOOP_FAIL,0101c200_
190703081747,TAG_DEPARTED_B,0101c200
190703081749,TAG_ARRIVED_B,0101c200
190703081750,SOLO_FAIL,0101c200
190703081751,ENDCOOP_FAIL,0101c200_
190703081751,TAG_DEPARTED_B,0101c200
190703081801,TAG_ARRIVED_A,01029a00
190703081802,SOLO_FAIL,01029a00
190703081807,TAG_ARRIVED_B,0101c200
190703081808,STARTCOOP_SUCCESS,01029a00_0101c200
190703081813,ENDCOOP_SUCCESS,0101c200_01029a00
190703081813,TAG_DEPARTED_B,0101c200
190703081814,TAG_ARRIVED_B,0101c200
190703081815,STARTCOOP_SUCCESS,01029a00_0101c200
190703081816,ENDCOOP_SUCCESS,0101c200_01029a00
190703081816,TAG_DEPARTED_B,0101c200
190703081818,TAG_ARRIVED_B,0101c200
190703081819,STARTCOOP_SUCCESS,01029a00_0101c200
190703081820,ENDCOOP_SUCCESS,0101c200_01029a00
190703081820,TAG_DEPARTED_B,0101c200
190703081823,TAG_DEPARTED_A,01029a00
190703081826,TAG_ARRIVED_B,0101c200
190703081827,SOLO_FAIL,0101c200
190703081833,ENDCOOP_FAIL,0101c200_
190703081833,TAG_DEPARTED_B,0101c200
190703081833,TAG_ARRIVED_B,0101c200
190703081834,SOLO_FAIL,0101c200
190703081836,ENDCOOP_FAIL,0101c200_
190703081836,TAG_DEPARTED_B,0101c200
190703081837,TAG_ARRIVED_B,0101c200
190703081838,SOLO_FAIL,0101c200
190703081840,ENDCOOP_FAIL,0101c200_
190703081840,TAG_DEPARTED_B,0101c200
190703081841,TAG_ARRIVED_B,0101c200
190703081842,SOLO_FAIL,0101c200
190703081843,TAG_ARRIVED_A,01029a00
190703081844,STARTCOOP_SUCCESS,0101c200_01029a00
190703081845,TAG_DEPARTED_A,01029a00
190703081846,ENDCOOP_SUCCESS,0101c200_
190703081846,TAG_DEPARTED_B,0101c200
190703081852,TAG_ARRIVED_A,01029a00
190703081853,SOLO_FAIL,01029a00
190703081853,TAG_ARRIVED_A,0101c200
190703081854,SOLO_FAIL,0101c200
190703081855,TAG_DEPARTED_A,0101c200
190703081904,LOCKOUT_ENDED,
190703081907,TAG_ARRIVED_B,01029a00
190703081908,SOLO_SUCCESS,01029a00
190703081908,TAG_ARRIVED_A,0101c200
190703081909,STARTCOOP_SUCCESS,01029a00_0101c200
190703081910,TAG_DEPARTED_A,0101c200
190703081911,TAG_ARRIVED_A,0101c200
190703081912,STARTCOOP_SUCCESS,01029a00_0101c200
190703081912,TAG_DEPARTED_A,0101c200
190703081913,ENDCOOP_SUCCESS,01029a00_
190703081913,TAG_DEPARTED_B,01029a00
190703081916,TAG_ARRIVED_A,0101c200
190703081917,SOLO_SUCCESS,0101c200
190703081919,TAG_DEPARTED_A,0101c200
190703081926,TAG_ARRIVED_B,0101c200
190703081927,SOLO_SUCCESS,0101c200
190703081927,TAG_ARRIVED_A,01029a00
190703081928,STARTCOOP_SUCCESS,0101c200_01029a00
190703081928,ENDCOOP_SUCCESS,0101c200_01029a00
190703081928,TAG_DEPARTED_B,0101c200
190703081932,TAG_ARRIVED_B,01029a00
190703081933,SOLO_SUCCESS,01029a00
190703081933,TAG_DEPARTED_A,01029a00
190703081934,TAG_DEPARTED_B,01029a00
190703081935,TAG_ARRIVED_B,01c2e300
190703081936,SOLO_SUCCESS,01c2e300
190703081936,TAG_ARRIVED_A,01029a00
190703081937,STARTCOOP_SUCCESS,01c2e300_01029a00
190703081938,ENDCOOP_SUCCESS,01c2e300_01029a00
190703081938,TAG_DEPARTED_B,01c2e300
190703081939,TAG_DEPARTED_A,01029a00
190703081940,TAG_ARRIVED_A,01c2e300
190703081941,SOLO_SUCCESS,01c2e300
190703081943,TAG_ARRIVED_B,01029a00
190703081944,STARTCOOP_SUCCESS,01c2e300_01029a00
190703081945,TAG_DEPARTED_A,01c2e300
190703081945,ENDCOOP_SUCCESS,01029a00_
190703081945,TAG_DEPARTED_B,01029a00
190703081946,TAG_ARRIVED_B,01029a00
190703081946,SOLO_SUCCESS,01029a00
190703081948,TAG_ARRIVED_A,01c2e300
190703081949,STARTCOOP_SUCCESS,01029a00_01c2e300
190703081950,TAG_DEPARTED_A,01c2e300
190703081951,ENDCOOP_SUCCESS,01029a00_
190703081951,TAG_DEPARTED_B,01029a00
190703081951,TAG_ARRIVED_B,01029a00
190703081952,SOLO_SUCCESS,01029a00
190703081953,TAG_DEPARTED_B,01029a00
190703081955,TAG_ARRIVED_B,01029a00
190703081956,SOLO_SUCCESS,01029a00
190703081957,TAG_DEPARTED_B,01029a00
190703082015,TAG_ARRIVED_B,01c2e300
190703082016,SOLO_SUCCESS,01c2e300
190703082017,TAG_DEPARTED_B,01c2e300
190703082021,TAG_ARRIVED_A,01c2e300
190703082022,SOLO_SUCCESS,01c2e300
190703082041,TAG_DEPARTED_A,01c2e300
190703082046,TAG_ARRIVED_A,01653700
190703082047,SOLO_SUCCESS,01653700
190703082048,TAG_DEPARTED_A,01653700
190703082055,TAG_ARRIVED_A,01c2e300
190703082056,SOLO_SUCCESS,01c2e300
190703082101,TAG_DEPARTED_A,01c2e300
190703082104,TAG_ARRIVED_B,0104b000
190703082105,SOLO_SUCCESS,0104b000
190703082107,TAG_DEPARTED_B,0104b000
190703082108,TAG_ARRIVED_A,01653700
190703082108,SOLO_SUCCESS,01653700
190703082110,TAG_DEPARTED_A,01653700
190703082113,TAG_ARRIVED_B,01c2e300
190703082114,SOLO_SUCCESS,01c2e300
190703082118,TAG_ARRIVED_A,01029a00
190703082119,STARTCOOP_SUCCESS,01c2e300_01029a00
190703082123,ENDCOOP_SUCCESS,01c2e300_01029a00
190703082123,TAG_DEPARTED_B,01c2e300
190703082136,TAG_ARRIVED_B,01c2e300
190703082137,STARTCOOP_SUCCESS,01029a00_01c2e300
190703082138,ENDCOOP_SUCCESS,01c2e300_01029a00
190703082138,TAG_DEPARTED_B,01c2e300
190703082140,TAG_DEPARTED_A,01029a00
190703082141,TAG_ARRIVED_B,01971100
190703082143,TAG_MISSING_B,01971100
190703082143,SOLO_SUCCESS,01971100
190703082143,TAG_ARRIVED_A,01029a00
190703082144,SOLO_SUCCESS,01029a00
190703082144,TAG_DEPARTED_A,01029a00
190703082145,TAG_DEPARTED_B,01971100
190703082147,TAG_ARRIVED_A,01029a00
190703082148,SOLO_SUCCESS,01029a00
190703082149,TAG_ARRIVED_B,01c2e300
190703082150,STARTCOOP_SUCCESS,01029a00_01c2e300
190703082151,ENDCOOP_SUCCESS,01c2e300_01029a00
190703082151,TAG_DEPARTED_B,01c2e300
190703082154,TAG_ARRIVED_B,01c2e300
190703082155,STARTCOOP_SUCCESS,01029a00_01c2e300
190703082156,ENDCOOP_SUCCESS,01c2e300_01029a00
190703082156,TAG_DEPARTED_B,01c2e300
190703082157,TAG_ARRIVED_B,01c2e300
190703082158,STARTCOOP_SUCCESS,01029a00_01c2e300
190703082158,TAG_DEPARTED_A,01029a00
190703082200,TAG_ARRIVED_A,01029a00
190703082201,STARTCOOP_SUCCESS,01c2e300_01029a00
190703082204,TAG_DEPARTED_A,01029a00
190703082207,TAG_ARRIVED_A,01029a00
190703082208,STARTCOOP_SUCCESS,01c2e300_01029a00
190703082213,TAG_DEPARTED_A,01029a00
190703082214,TAG_ARRIVED_A,01029a00
190703082215,STARTCOOP_SUCCESS,01c2e300_01029a00
190703082218,TAG_DEPARTED_A,01029a00
190703082220,ENDCOOP_SUCCESS,01c2e300_
190703082221,TAG_DEPARTED_B,01c2e300
190703082229,TAG_ARRIVED_B,01c2e300
190703082230,SOLO_SUCCESS,01c2e300
190703082239,TAG_DEPARTED_B,01c2e300
190703082255,TAG_ARRIVED_B,01029a00
190703082256,SOLO_SUCCESS,01029a00
190703082301,TAG_DEPARTED_B,01029a00
190703082301,TAG_ARRIVED_B,01029a00
190703082302,SOLO_SUCCESS,01029a00
190703082303,TAG_ARRIVED_A,0103bf00
190703082304,STARTCOOP_FAIL,01029a00_0103bf00
190703082304,ENDCOOP_FAIL,01029a00_0103bf00
190703082305,TAG_DEPARTED_B,01029a00
190703082305,TAG_DEPARTED_A,0103bf00
190703082306,TAG_ARRIVED_B,01c2e300
190703082307,SOLO_FAIL,01c2e300
190703082308,ENDCOOP_FAIL,01c2e300_
190703082308,TAG_DEPARTED_B,01c2e300
190703082311,TAG_ARRIVED_A,01e01400
190703082312,SOLO_FAIL,01e01400
190703082313,TAG_ARRIVED_B,01c2e300
190703082314,STARTCOOP_SUCCESS,01e01400_01c2e300
190703082314,TAG_DEPARTED_A,01e01400
190703082318,ENDCOOP_SUCCESS,01c2e300_
190703082318,TAG_DEPARTED_B,01c2e300
190703082325,TAG_ARRIVED_B,01c2e300
190703082326,SOLO_FAIL,01c2e300
190703082330,TAG_ARRIVED_A,01e01400
190703082331,STARTCOOP_SUCCESS,01c2e300_01e01400
190703082332,TAG_DEPARTED_A,01e01400
190703082333,TAG_ARRIVED_A,01e01400
190703082334,STARTCOOP_SUCCESS,01c2e300_01e01400
190703082337,ENDCOOP_SUCCESS,01c2e300_01e01400
190703082337,TAG_DEPARTED_B,01c2e300
190703082338,TAG_DEPARTED_A,01e01400
190703082338,TAG_ARRIVED_B,01c2e300
190703082339,SOLO_FAIL,01c2e300
190703082340,ENDCOOP_FAIL,01c2e300_
190703082340,TAG_DEPARTED_B,01c2e300
190703082341,TAG_ARRIVED_B,01c2e300
190703082342,SOLO_FAIL,01c2e300
190703082345,ENDCOOP_FAIL,01c2e300_
190703082345,TAG_DEPARTED_B,01c2e300
190703082353,TAG_ARRIVED_B,01e01400
190703082354,SOLO_FAIL,01e01400
190703082355,ENDCOOP_FAIL,01e01400_
190703082356,TAG_DEPARTED_B,01e01400
190703082418,TAG_ARRIVED_B,07991800
190703082418,SOLO_FAIL,07991800
190703082421,ENDCOOP_FAIL,07991800_
190703082421,TAG_DEPARTED_B,07991800
190703082504,LOCKOUT_ENDED,
190703082533,TAG_ARRIVED_B,01ae2b00
190703082533,SOLO_SUCCESS,01ae2b00
190703082539,TAG_DEPARTED_B,01ae2b00
190703082541,TAG_ARRIVED_B,0102ee00
190703082542,SOLO_SUCCESS,0102ee00
190703082544,TAG_DEPARTED_B,0102ee00
190703082544,TAG_ARRIVED_A,0102ee00
190703082545,SOLO_SUCCESS,0102ee00
190703082547,TAG_ARRIVED_B,01ae2b00
190703082548,STARTCOOP_FAIL,0102ee00_01ae2b00
190703082552,TAG_DEPARTED_A,0102ee00
190703082553,TAG_ARRIVED_B,0102ee00
190703082554,SOLO_FAIL,0102ee00
190703082555,ENDCOOP_FAIL,0102ee00_
190703082555,TAG_DEPARTED_B,0102ee00
190703082605,TAG_ARRIVED_B,0102ee00
190703082606,SOLO_FAIL,0102ee00
190703082607,ENDCOOP_FAIL,0102ee00_
190703082607,TAG_DEPARTED_B,0102ee00
190703082608,TAG_ARRIVED_B,01ae2b00
190703082608,SOLO_FAIL,01ae2b00
190703082613,TAG_ARRIVED_A,01fe7600
190703082614,STARTCOOP_SUCCESS,01ae2b00_01fe7600
190703082615,TAG_DEPARTED_A,01fe7600
190703082616,ENDCOOP_SUCCESS,01ae2b00_
190703082617,TAG_DEPARTED_B,01ae2b00
190703082617,TAG_ARRIVED_B,07991800
190703082618,SOLO_FAIL,07991800
190703082619,ENDCOOP_FAIL,07991800_
190703082619,TAG_DEPARTED_B,07991800
190703082647,TAG_ARRIVED_B,01ae2b00
190703082647,SOLO_FAIL,01ae2b00
190703082702,ENDCOOP_FAIL,01ae2b00_
190703082702,TAG_DEPARTED_B,01ae2b00
190703082713,TAG_ARRIVED_A,01ae2b00
190703082714,SOLO_FAIL,01ae2b00
190703082747,LOCKOUT_ENDED,
190703082752,TAG_DEPARTED_A,01ae2b00
190703082753,TAG_ARRIVED_A,01753200
190703082754,SOLO_SUCCESS,01753200
190703082756,TAG_DEPARTED_A,01753200
190703082810,TAG_ARRIVED_A,01753200
190703082811,SOLO_SUCCESS,01753200
190703082813,TAG_DEPARTED_A,01753200
190703082823,TAG_ARRIVED_A,0102ee00
190703082825,SOLO_SUCCESS,0102ee00
190703082826,TAG_DEPARTED_A,0102ee00
190703082925,TAG_ARRIVED_A,0104a800
190703082926,SOLO_SUCCESS,0104a800
190703082927,TAG_DEPARTED_A,0104a800
190703082927,TAG_ARRIVED_B,01029a00
190703082928,SOLO_SUCCESS,01029a00
190703082929,TAG_DEPARTED_B,01029a00
190703082932,TAG_ARRIVED_B,01029a00
190703082933,SOLO_SUCCESS,01029a00
190703082935,TAG_DEPARTED_B,01029a00
190703082951,TAG_ARRIVED_A,01029a00
190703082952,SOLO_SUCCESS,01029a00
190703083004,TAG_DEPARTED_A,01029a00
190703083005,TAG_ARRIVED_B,01029a00
190703083006,SOLO_SUCCESS,01029a00
190703083009,TAG_DEPARTED_B,01029a00
190703083018,TAG_ARRIVED_A,01029a00
190703083019,SOLO_SUCCESS,01029a00
190703083020,TAG_DEPARTED_A,01029a00
190703083021,TAG_ARRIVED_A,01029a00
190703083022,SOLO_SUCCESS,01029a00
190703083033,TAG_DEPARTED_A,01029a00
190703083038,TAG_ARRIVED_A,01029a00
190703083039,SOLO_SUCCESS,01029a00
190703083040,TAG_DEPARTED_A,01029a00
190703083128,TAG_ARRIVED_A,01b57900
190703083128,SOLO_SUCCESS,01b57900
190703083130,TAG_DEPARTED_A,01b57900
190703083133,TAG_ARRIVED_A,07991800
190703083133,SOLO_SUCCESS,07991800
190703083141,TAG_DEPARTED_A,07991800
190703083154,TAG_ARRIVED_A,07991800
190703083154,SOLO_SUCCESS,07991800
190703083157,TAG_DEPARTED_A,07991800
190703083236,TAG_ARRIVED_A,07991800
190703083237,SOLO_SUCCESS,07991800
190703083238,TAG_DEPARTED_A,07991800
190703083241,TAG_ARRIVED_A,07991800
190703083241,SOLO_SUCCESS,07991800
190703083249,TAG_DEPARTED_A,07991800
190703083305,TAG_ARRIVED_A,07991800
190703083305,SOLO_SUCCESS,07991800
190703083309,TAG_DEPARTED_A,07991800
190703083310,TAG_ARRIVED_A,07991800
190703083311,SOLO_SUCCESS,07991800
190703083315,TAG_DEPARTED_A,07991800
190703083325,TAG_ARRIVED_A,07991800
190703083325,SOLO_SUCCESS,07991800
190703083328,TAG_DEPARTED_A,07991800
190703083335,TAG_ARRIVED_A,07991800
190703083336,SOLO_SUCCESS,07991800
190703083341,TAG_DEPARTED_A,07991800
190703083346,TAG_ARRIVED_A,07991800
190703083347,SOLO_SUCCESS,07991800
190703083355,TAG_DEPARTED_A,07991800
190703083357,TAG_ARRIVED_A,07991800
190703083358,SOLO_SUCCESS,07991800
190703083359,TAG_DEPARTED_A,07991800
190703083427,TAG_ARRIVED_A,01b57900
190703083427,SOLO_SUCCESS,01b57900
190703083429,TAG_DEPARTED_A,01b57900
190703083439,TAG_ARRIVED_A,07991800
190703083439,SOLO_SUCCESS,07991800
190703083441,TAG_DEPARTED_A,07991800
190703083449,TAG_ARRIVED_A,07991800
190703083450,SOLO_SUCCESS,07991800
190703083453,TAG_DEPARTED_A,07991800
190703083455,TAG_ARRIVED_A,07991800
190703083456,SOLO_SUCCESS,07991800
190703083459,TAG_DEPARTED_A,07991800
190703083505,TAG_ARRIVED_A,07991800
190703083505,SOLO_SUCCESS,07991800
190703083514,TAG_DEPARTED_A,07991800
190703083515,TAG_ARRIVED_A,07991800
190703083516,SOLO_SUCCESS,07991800
190703083517,TAG_DEPARTED_A,07991800
190703083524,TAG_ARRIVED_A,07991800
190703083524,SOLO_SUCCESS,07991800
190703083530,TAG_DEPARTED_A,07991800
190703083743,TAG_ARRIVED_B,01016400
190703083744,SOLO_SUCCESS,01016400
190703083745,TAG_DEPARTED_B,01016400
190703083848,TAG_ARRIVED_A,0139d100
190703083849,SOLO_SUCCESS,0139d100
190703083850,TAG_ARRIVED_B,01783900
190703083851,STARTCOOP_SUCCESS,0139d100_01783900
190703083854,TAG_DEPARTED_A,0139d100
190703083855,ENDCOOP_SUCCESS,01783900_
190703083855,TAG_DEPARTED_B,01783900
