190530061913,START_EXPERIMENT,
190530063553,TAG_ARRIVED_B,01c4ca00
190530063554,SOLO_SUCCESS,01c4ca00
190530063605,TAG_DEPARTED_B,01c4ca00
190530063612,TAG_ARRIVED_A,0102ae00
190530063613,SOLO_SUCCESS,0102ae00
190530063615,TAG_ARRIVED_B,01c4ca00
190530063616,STARTCOOP_FAIL,0102ae00_01c4ca00
190530063616,TAG_DEPARTED_A,0102ae00
190530063621,ENDCOOP_FAIL,01c4ca00_
190530063621,TAG_DEPARTED_B,01c4ca00
190530063652,TAG_ARRIVED_A,01c4ca00
190530063652,SOLO_FAIL,01c4ca00
190530063654,TAG_DEPARTED_A,01c4ca00
190530063816,LOCKOUT_ENDED,
190530063936,TAG_ARRIVED_A,01c4ca00
190530063937,SOLO_SUCCESS,01c4ca00
190530063938,TAG_DEPARTED_A,01c4ca00
190530063955,TAG_ARRIVED_A,01c4ca00
190530063956,SOLO_SUCCESS,01c4ca00
190530063958,TAG_DEPARTED_A,01c4ca00
190530064005,TAG_ARRIVED_A,01c4ca00
190530064006,SOLO_SUCCESS,01c4ca00
190530064009,TAG_DEPARTED_A,01c4ca00
190530064021,TAG_ARRIVED_A,01c4ca00
190530064022,SOLO_SUCCESS,01c4ca00
190530064024,TAG_DEPARTED_A,01c4ca00
190530064032,TAG_ARRIVED_A,01c4ca00
190530064033,SOLO_SUCCESS,01c4ca00
190530064034,TAG_DEPARTED_A,01c4ca00
190530064156,TAG_ARRIVED_A,01043c00
190530064157,SOLO_SUCCESS,01043c00
190530064158,TAG_DEPARTED_A,01043c00
190530064216,TAG_ARRIVED_A,01043c00
190530064217,SOLO_SUCCESS,01043c00
190530064245,TAG_DEPARTED_A,01043c00
190530064245,TAG_ARRIVED_A,01043c00
190530064246,SOLO_SUCCESS,01043c00
190530064317,TAG_DEPARTED_A,01043c00
190530064614,TAG_ARRIVED_B,01048700
190530064615,SOLO_SUCCESS,01048700
190530064616,TAG_DEPARTED_B,01048700
190530064621,TAG_ARRIVED_B,01048700
190530064621,SOLO_SUCCESS,01048700
190530064644,TAG_DEPARTED_B,01048700
190530064650,TAG_ARRIVED_B,01048700
190530064651,SOLO_SUCCESS,01048700
190530064720,TAG_DEPARTED_B,01048700
190530064738,TAG_ARRIVED_B,01048700
190530064739,SOLO_SUCCESS,01048700
190530064741,TAG_DEPARTED_B,01048700
190530064742,TAG_ARRIVED_B,01048700
190530064743,SOLO_SUCCESS,01048700
190530064744,TAG_DEPARTED_B,01048700
190530064745,TAG_ARRIVED_B,01048700
190530064746,SOLO_SUCCESS,01048700
190530064747,TAG_DEPARTED_B,01048700
190530064749,TAG_ARRIVED_B,01048700
190530064750,SOLO_SUCCESS,01048700
190530064751,TAG_DEPARTED_B,01048700
190530064752,TAG_ARRIVED_B,01048700
190530064752,SOLO_SUCCESS,01048700
190530064817,TAG_DEPARTED_B,01048700
190530064911,TAG_ARRIVED_A,01753200
190530064911,SOLO_SUCCESS,01753200
190530064918,TAG_DEPARTED_A,01753200
190530065623,TAG_ARRIVED_B,01c4ca00
190530065624,SOLO_SUCCESS,01c4ca00
190530065640,TAG_DEPARTED_B,01c4ca00
190530065709,TAG_ARRIVED_B,01c4ca00
190530065710,SOLO_SUCCESS,01c4ca00
190530065719,TAG_DEPARTED_B,01c4ca00
190530065733,TAG_ARRIVED_A,01653700
190530065734,SOLO_SUCCESS,01653700
190530065736,TAG_ARRIVED_B,01c4ca00
190530065737,STARTCOOP_SUCCESS,01653700_01c4ca00
190530065738,TAG_DEPARTED_A,01653700
190530065741,ENDCOOP_SUCCESS,01c4ca00_
190530065741,TAG_DEPARTED_B,01c4ca00
190530065759,TAG_ARRIVED_A,01653700
190530065800,SOLO_SUCCESS,01653700
190530065804,TAG_DEPARTED_A,01653700
190530065807,TAG_ARRIVED_B,01c4ca00
190530065808,SOLO_SUCCESS,01c4ca00
190530065809,TAG_DEPARTED_B,01c4ca00
190530065829,TAG_ARRIVED_B,01c4ca00
190530065830,SOLO_SUCCESS,01c4ca00
190530065832,TAG_DEPARTED_B,01c4ca00
190530065914,TAG_ARRIVED_B,01c4ca00
190530065914,SOLO_SUCCESS,01c4ca00
190530065920,TAG_DEPARTED_B,01c4ca00
190530065939,TAG_ARRIVED_B,01c4ca00
190530065940,SOLO_SUCCESS,01c4ca00
190530065950,TAG_DEPARTED_B,01c4ca00
190530065952,TAG_ARRIVED_A,01c4ca00
190530065952,SOLO_SUCCESS,01c4ca00
190530065954,TAG_DEPARTED_A,01c4ca00
190530065955,TAG_ARRIVED_A,01c4ca00
190530065956,SOLO_SUCCESS,01c4ca00
190530065957,TAG_DEPARTED_A,01c4ca00
190530065959,TAG_ARRIVED_B,01c4ca00
190530070000,SOLO_SUCCESS,01c4ca00
190530070002,TAG_DEPARTED_B,01c4ca00
190530070006,TAG_ARRIVED_B,01c4ca00
190530070007,SOLO_SUCCESS,01c4ca00
190530070019,TAG_DEPARTED_B,01c4ca00
190530070021,TAG_ARRIVED_B,01c4ca00
190530070022,SOLO_SUCCESS,01c4ca00
190530070032,TAG_DEPARTED_B,01c4ca00
190530070033,TAG_ARRIVED_B,01c4ca00
190530070034,SOLO_SUCCESS,01c4ca00
190530070044,TAG_DEPARTED_B,01c4ca00
190530070130,TAG_ARRIVED_B,01c4ca00
190530070131,SOLO_SUCCESS,01c4ca00
190530070141,TAG_DEPARTED_B,01c4ca00
190530070143,TAG_ARRIVED_B,01c4ca00
190530070144,SOLO_SUCCESS,01c4ca00
190530070156,TAG_DEPARTED_B,01c4ca00
190530070203,TAG_ARRIVED_B,01c4ca00
190530070204,SOLO_SUCCESS,01c4ca00
190530070215,TAG_DEPARTED_B,01c4ca00
190530070303,TAG_ARRIVED_B,01c4ca00
190530070304,SOLO_SUCCESS,01c4ca00
190530070310,TAG_DEPARTED_B,01c4ca00
190530071417,TAG_ARRIVED_B,01e14200
190530071417,SOLO_SUCCESS,01e14200
190530071434,TAG_DEPARTED_B,01e14200
190530071753,TAG_ARRIVED_B,01653700
190530071754,SOLO_SUCCESS,01653700
190530071800,TAG_DEPARTED_B,01653700
190530071945,TAG_ARRIVED_B,01653700
190530071946,SOLO_SUCCESS,01653700
190530072019,TAG_DEPARTED_B,01653700
190530072045,TAG_ARRIVED_B,01653700
190530072046,SOLO_SUCCESS,01653700
190530072047,TAG_DEPARTED_B,01653700
190530072106,TAG_ARRIVED_B,01653700
190530072107,SOLO_SUCCESS,01653700
190530072110,TAG_DEPARTED_B,01653700
190530073002,TAG_ARRIVED_A,01c4ca00
190530073003,SOLO_SUCCESS,01c4ca00
190530073009,TAG_DEPARTED_A,01c4ca00
190530073254,TAG_ARRIVED_A,01c4ca00
190530073255,SOLO_SUCCESS,01c4ca00
190530073304,TAG_DEPARTED_A,01c4ca00
190530073314,TAG_ARRIVED_A,01c4ca00
190530073315,SOLO_SUCCESS,01c4ca00
190530073318,TAG_DEPARTED_A,01c4ca00
190530073329,TAG_ARRIVED_A,01c4ca00
190530073330,SOLO_SUCCESS,01c4ca00
190530073335,TAG_DEPARTED_A,01c4ca00
190530073338,TAG_ARRIVED_A,01c4ca00
190530073339,SOLO_SUCCESS,01c4ca00
190530073350,TAG_DEPARTED_A,01c4ca00
190530073357,TAG_ARRIVED_A,01c4ca00
190530073358,SOLO_SUCCESS,01c4ca00
190530073401,TAG_DEPARTED_A,01c4ca00
190530073422,TAG_ARRIVED_A,01c4ca00
190530073423,SOLO_SUCCESS,01c4ca00
190530073427,TAG_DEPARTED_A,01c4ca00
190530073447,TAG_ARRIVED_A,01c4ca00
190530073448,SOLO_SUCCESS,01c4ca00
190530073501,TAG_DEPARTED_A,01c4ca00
190530073507,TAG_ARRIVED_A,01753200
190530073508,SOLO_SUCCESS,01753200
190530073517,TAG_DEPARTED_A,01753200
190530073522,TAG_ARRIVED_A,01753200
190530073523,SOLO_SUCCESS,01753200
190530073527,TAG_DEPARTED_A,01753200
190530074323,TAG_ARRIVED_A,01c4ca00
190530074323,SOLO_SUCCESS,01c4ca00
190530074333,TAG_ARRIVED_A,01050400
190530074333,SOLO_SUCCESS,01050400
190530074337,TAG_DEPARTED_A,01050400
190530074407,TAG_ARRIVED_A,01050400
190530074408,SOLO_SUCCESS,01050400
190530074411,TAG_DEPARTED_A,01050400
190530074422,TAG_ARRIVED_A,01bbe500
190530074422,SOLO_SUCCESS,01bbe500
190530074437,TAG_DEPARTED_A,01bbe500
190530074506,TAG_ARRIVED_A,01bbe500
190530074507,SOLO_SUCCESS,01bbe500
190530074509,TAG_DEPARTED_A,01bbe500
190530080856,TAG_ARRIVED_B,01c4ca00
190530080857,SOLO_SUCCESS,01c4ca00
190530080900,TAG_DEPARTED_B,01c4ca00
190530080907,TAG_ARRIVED_B,01c4ca00
190530080907,SOLO_SUCCESS,01c4ca00
190530080911,TAG_DEPARTED_B,01c4ca00
190530080911,TAG_ARRIVED_B,01c4ca00
190530080912,SOLO_SUCCESS,01c4ca00
190530080924,TAG_DEPARTED_B,01c4ca00
190530080946,TAG_ARRIVED_B,01c4ca00
190530080947,SOLO_SUCCESS,01c4ca00
190530081001,TAG_DEPARTED_B,01c4ca00
190530081007,TAG_ARRIVED_B,01c4ca00
190530081008,SOLO_SUCCESS,01c4ca00
190530081010,TAG_DEPARTED_B,01c4ca00
190530081016,TAG_ARRIVED_B,01c4ca00
190530081017,SOLO_SUCCESS,01c4ca00
190530081029,TAG_DEPARTED_B,01c4ca00
190530081307,TAG_ARRIVED_A,01043c00
190530081307,SOLO_SUCCESS,01043c00
190530081309,TAG_DEPARTED_A,01043c00
190530081310,TAG_ARRIVED_A,01043c00
190530081311,SOLO_SUCCESS,01043c00
190530081311,TAG_DEPARTED_A,01043c00
190530081427,TAG_ARRIVED_A,0102ae00
190530081427,SOLO_SUCCESS,0102ae00
190530081432,TAG_DEPARTED_A,0102ae00
190530081434,TAG_ARRIVED_A,0102ae00
190530081435,SOLO_SUCCESS,0102ae00
190530081440,TAG_DEPARTED_A,0102ae00
190530081441,TAG_ARRIVED_A,0102ae00
190530081441,SOLO_SUCCESS,0102ae00
190530081443,TAG_DEPARTED_A,0102ae00
190530081451,TAG_ARRIVED_A,0102ae00
190530081452,SOLO_SUCCESS,0102ae00
190530081504,TAG_DEPARTED_A,0102ae00
190530083445,TAG_ARRIVED_B,01c4ca00
190530083446,SOLO_SUCCESS,01c4ca00
190530083450,TAG_DEPARTED_B,01c4ca00
190530083504,TAG_ARRIVED_B,01c4ca00
190530083505,SOLO_SUCCESS,01c4ca00
190530083510,TAG_DEPARTED_B,01c4ca00
190530083517,TAG_ARRIVED_B,01c4ca00
190530083517,SOLO_SUCCESS,01c4ca00
190530083535,TAG_DEPARTED_B,01c4ca00
190530083536,TAG_ARRIVED_B,01c4ca00
190530083536,SOLO_SUCCESS,01c4ca00
190530083548,TAG_DEPARTED_B,01c4ca00
190530083549,TAG_ARRIVED_B,01c4ca00
190530083550,SOLO_SUCCESS,01c4ca00
190530083556,TAG_DEPARTED_B,01c4ca00
190530083557,TAG_ARRIVED_B,01c4ca00
190530083558,SOLO_SUCCESS,01c4ca00
190530083605,TAG_DEPARTED_B,01c4ca00
190530083610,TAG_ARRIVED_B,01c4ca00
190530083611,SOLO_SUCCESS,01c4ca00
190530083629,TAG_DEPARTED_B,01c4ca00
190530085143,TAG_ARRIVED_B,01c4ca00
190530085144,SOLO_SUCCESS,01c4ca00
190530085232,TAG_DEPARTED_B,01c4ca00
190530085236,TAG_ARRIVED_B,01c4ca00
190530085237,SOLO_SUCCESS,01c4ca00
190530085305,TAG_DEPARTED_B,01c4ca00
190530085309,TAG_ARRIVED_B,01c4ca00
190530085310,SOLO_SUCCESS,01c4ca00
190530085322,TAG_DEPARTED_B,01c4ca00
190530085413,TAG_ARRIVED_B,01c4ca00
190530085414,SOLO_SUCCESS,01c4ca00
190530085419,TAG_ARRIVED_A,07991800
190530085421,TAG_MISSING_A,07991800
190530085421,STARTCOOP_FAIL,01c4ca00_07991800
190530085421,TAG_DEPARTED_A,07991800
190530085422,ENDCOOP_FAIL,01c4ca00_
190530085422,TAG_DEPARTED_B,01c4ca00
190530085422,TAG_ARRIVED_B,01c4ca00
190530085423,SOLO_FAIL,01c4ca00
190530085426,ENDCOOP_FAIL,01c4ca00_
190530085426,TAG_DEPARTED_B,01c4ca00
190530085428,TAG_ARRIVED_B,01c4ca00
190530085429,SOLO_FAIL,01c4ca00
190530085429,TAG_ARRIVED_A,01c4ca00
190530085430,SOLO_FAIL,01c4ca00
190530085430,ENDCOOP_FAIL,01c4ca00_01c4ca00
190530085431,TAG_DEPARTED_B,01c4ca00
190530085431,TAG_DEPARTED_A,01c4ca00
190530085609,TAG_ARRIVED_B,01050400
190530085610,SOLO_FAIL,01050400
190530085620,LOCKOUT_ENDED,
190530085622,TAG_DEPARTED_B,01050400
190530090531,TAG_ARRIVED_A,01753200
190530090532,SOLO_SUCCESS,01753200
190530090534,TAG_DEPARTED_A,01753200
190530091405,TAG_ARRIVED_A,01fe7600
190530091405,SOLO_SUCCESS,01fe7600
190530091417,TAG_DEPARTED_A,01fe7600
190530091823,TAG_ARRIVED_A,01bbe500
190530091824,SOLO_SUCCESS,01bbe500
190530091825,TAG_DEPARTED_A,01bbe500
190530091827,TAG_ARRIVED_A,01bbe500
190530091827,SOLO_SUCCESS,01bbe500
190530091830,TAG_DEPARTED_A,01bbe500
190530091921,TAG_ARRIVED_B,01bbe500
190530091921,SOLO_SUCCESS,01bbe500
190530091923,TAG_DEPARTED_B,01bbe500
190530092150,TAG_ARRIVED_B,01bbe500
190530092150,SOLO_SUCCESS,01bbe500
190530092156,TAG_DEPARTED_B,01bbe500
190530092210,TAG_ARRIVED_A,01050400
190530092211,SOLO_SUCCESS,01050400
190530092212,TAG_DEPARTED_A,01050400
190530092339,TAG_ARRIVED_B,01bbe500
190530092339,SOLO_SUCCESS,01bbe500
190530092341,TAG_DEPARTED_B,01bbe500
190530094117,TAG_ARRIVED_A,01048700
190530094118,SOLO_SUCCESS,01048700
190530094122,TAG_DEPARTED_A,01048700
190530094132,TAG_ARRIVED_B,01048700
190530094133,SOLO_SUCCESS,01048700
190530094134,TAG_DEPARTED_B,01048700
190530094159,TAG_ARRIVED_B,01048700
190530094200,SOLO_SUCCESS,01048700
190530094210,TAG_DEPARTED_B,01048700
190530094211,TAG_ARRIVED_B,01048700
190530094211,SOLO_SUCCESS,01048700
190530094213,TAG_DEPARTED_B,01048700
190530094214,TAG_ARRIVED_B,01048700
190530094215,SOLO_SUCCESS,01048700
190530094235,TAG_DEPARTED_B,01048700
190530094240,TAG_ARRIVED_B,01048700
190530094241,SOLO_SUCCESS,01048700
190530094242,TAG_DEPARTED_B,01048700
190530094253,TAG_ARRIVED_B,01048700
190530094254,SOLO_SUCCESS,01048700
190530094301,TAG_DEPARTED_B,01048700
190530094302,TAG_ARRIVED_B,01048700
190530094303,SOLO_SUCCESS,01048700
190530094308,TAG_DEPARTED_B,01048700
190530094403,TAG_ARRIVED_B,01c4ca00
190530094404,SOLO_SUCCESS,01c4ca00
190530094425,TAG_DEPARTED_B,01c4ca00
190530094427,TAG_ARRIVED_B,01c4ca00
190530094427,SOLO_SUCCESS,01c4ca00
190530094433,TAG_DEPARTED_B,01c4ca00
190530094442,TAG_ARRIVED_B,01c4ca00
190530094443,SOLO_SUCCESS,01c4ca00
190530094453,TAG_DEPARTED_B,01c4ca00
190530094507,TAG_ARRIVED_B,01c4ca00
190530094507,SOLO_SUCCESS,01c4ca00
190530094511,TAG_DEPARTED_B,01c4ca00
190530094559,TAG_ARRIVED_A,01c4ca00
190530094600,SOLO_SUCCESS,01c4ca00
190530094601,TAG_DEPARTED_A,01c4ca00
190530094844,TAG_ARRIVED_B,01c4ca00
190530094845,SOLO_SUCCESS,01c4ca00
190530094855,TAG_DEPARTED_B,01c4ca00
190530094932,TAG_ARRIVED_B,01c4ca00
190530094933,SOLO_SUCCESS,01c4ca00
190530094959,TAG_DEPARTED_B,01c4ca00
190530095004,TAG_ARRIVED_A,01c4ca00
190530095004,SOLO_SUCCESS,01c4ca00
190530095016,TAG_DEPARTED_A,01c4ca00
190530095030,TAG_ARRIVED_A,01c4ca00
190530095031,SOLO_SUCCESS,01c4ca00
190530095034,TAG_DEPARTED_A,01c4ca00
190530095042,TAG_ARRIVED_A,01c4ca00
190530095043,SOLO_SUCCESS,01c4ca00
190530095050,TAG_DEPARTED_A,01c4ca00
190530095106,TAG_ARRIVED_A,01c4ca00
190530095107,SOLO_SUCCESS,01c4ca00
190530095123,TAG_DEPARTED_A,01c4ca00
190530095144,TAG_ARRIVED_B,01c4ca00
190530095144,SOLO_SUCCESS,01c4ca00
190530095146,TAG_DEPARTED_B,01c4ca00
190530095146,TAG_ARRIVED_B,01c4ca00
190530095147,SOLO_SUCCESS,01c4ca00
190530095148,TAG_DEPARTED_B,01c4ca00
190530095152,TAG_ARRIVED_A,01043c00
190530095153,SOLO_SUCCESS,01043c00
190530095154,TAG_DEPARTED_A,01043c00
190530095158,TAG_ARRIVED_A,01043c00
190530095159,SOLO_SUCCESS,01043c00
190530095200,TAG_DEPARTED_A,01043c00
190530095201,TAG_ARRIVED_A,01043c00
190530095201,SOLO_SUCCESS,01043c00
190530095202,TAG_ARRIVED_B,0102ae00
190530095202,STARTCOOP_FAIL,01043c00_0102ae00
190530095203,TAG_DEPARTED_A,01043c00
190530095203,TAG_ARRIVED_A,01043c00
190530095204,STARTCOOP_FAIL,0102ae00_01043c00
190530095205,ENDCOOP_FAIL,0102ae00_01043c00
190530095205,TAG_DEPARTED_B,0102ae00
190530095205,TAG_ARRIVED_B,0102ae00
190530095206,STARTCOOP_FAIL,01043c00_0102ae00
190530095210,ENDCOOP_FAIL,0102ae00_01043c00
190530095211,TAG_DEPARTED_B,0102ae00
190530095211,TAG_ARRIVED_B,0102ae00
190530095212,STARTCOOP_FAIL,01043c00_0102ae00
190530095212,TAG_DEPARTED_A,01043c00
190530095214,TAG_ARRIVED_A,01043c00
190530095215,STARTCOOP_FAIL,0102ae00_01043c00
190530095219,TAG_DEPARTED_A,01043c00
190530095220,ENDCOOP_FAIL,0102ae00_
190530095220,TAG_DEPARTED_B,0102ae00
190530095223,TAG_ARRIVED_B,01043c00
190530095224,SOLO_FAIL,01043c00
190530095225,ENDCOOP_FAIL,01043c00_
190530095225,TAG_DEPARTED_B,01043c00
190530095416,LOCKOUT_ENDED,
190530101321,TAG_ARRIVED_A,01bbe500
190530101321,SOLO_SUCCESS,01bbe500
190530101323,TAG_DEPARTED_A,01bbe500
190530101539,TAG_ARRIVED_B,01bbe500
190530101539,SOLO_SUCCESS,01bbe500
190530101548,TAG_DEPARTED_B,01bbe500
190530101549,TAG_ARRIVED_B,01bbe500
190530101550,SOLO_SUCCESS,01bbe500
190530101553,TAG_DEPARTED_B,01bbe500
190530101555,TAG_ARRIVED_B,01bbe500
190530101555,SOLO_SUCCESS,01bbe500
190530101559,TAG_DEPARTED_B,01bbe500
