190619055357,START_EXPERIMENT,
190619060532,TAG_ARRIVED_B,0102ee00
190619060533,SOLO_SUCCESS,0102ee00
190619060541,TAG_DEPARTED_B,0102ee00
190619060542,TAG_ARRIVED_B,0102ee00
190619060543,SOLO_SUCCESS,0102ee00
190619060628,TAG_DEPARTED_B,0102ee00
190619060637,TAG_ARRIVED_B,01043c00
190619060638,SOLO_SUCCESS,01043c00
190619060651,TAG_ARRIVED_B,0102ee00
190619060652,SOLO_SUCCESS,0102ee00
190619060654,TAG_DEPARTED_B,0102ee00
190619060658,TAG_ARRIVED_B,0102ee00
190619060658,SOLO_SUCCESS,0102ee00
190619060700,TAG_DEPARTED_B,0102ee00
190619060704,TAG_ARRIVED_A,0102ee00
190619060705,SOLO_SUCCESS,0102ee00
190619060708,TAG_ARRIVED_B,0102ae00
190619060709,STARTCOOP_FAIL,0102ee00_0102ae00
190619060711,ENDCOOP_FAIL,0102ae00_0102ee00
190619060711,TAG_DEPARTED_B,0102ae00
190619060807,TAG_DEPARTED_A,0102ee00
190619060808,TAG_ARRIVED_A,1653700
190619060809,SOLO_FAIL,1653700
190619060809,TAG_ARRIVED_B,0102ee00
190619060810,STARTCOOP_SUCCESS,01653700_0102ee00
190619060810,TAG_DEPARTED_A,1653700
190619060811,TAG_ARRIVED_A,1653700
190619060812,STARTCOOP_SUCCESS,0102ee00_01653700
190619060822,ENDCOOP_SUCCESS,0102ee00_01653700
190619060823,TAG_DEPARTED_B,0102ee00
190619060823,TAG_DEPARTED_A,1653700
190619060826,TAG_ARRIVED_B,0102ee00
190619060827,SOLO_FAIL,0102ee00
190619060837,TAG_ARRIVED_A,1653700
190619060838,STARTCOOP_SUCCESS,0102ee00_01653700
190619060840,TAG_DEPARTED_A,1653700
190619060853,ENDCOOP_FAIL,0102ee00_
190619060853,TAG_DEPARTED_B,0102ee00
190619060857,TAG_ARRIVED_B,0102ee00
190619060858,SOLO_FAIL,0102ee00
190619060900,ENDCOOP_FAIL,0102ee00_
190619060900,TAG_DEPARTED_B,0102ee00
190619060902,TAG_ARRIVED_B,0102ee00
190619060903,SOLO_FAIL,0102ee00
190619060904,ENDCOOP_FAIL,0102ee00_
190619060904,TAG_DEPARTED_B,0102ee00
190619060908,TAG_ARRIVED_B,1653700
190619060909,SOLO_SUCCESS,1653700
190619060910,TAG_ARRIVED_B,0102ee00
190619060911,SOLO_SUCCESS,0102ee00
190619060912,TAG_DEPARTED_B,0102ee00
190619060913,TAG_ARRIVED_A,0102ae00
190619060913,SOLO_SUCCESS,0102ae00
190619060916,TAG_ARRIVED_B,0102ee00
190619060917,STARTCOOP_FAIL,0102ae00_0102ee00
190619060918,ENDCOOP_FAIL,0102ee00_0102ae00
190619060918,TAG_DEPARTED_B,0102ee00
190619060919,TAG_DEPARTED_A,0102ae00
190619060919,TAG_ARRIVED_B,0102ee00
190619060920,SOLO_FAIL,0102ee00
190619060920,ENDCOOP_FAIL,0102ee00_
190619060920,TAG_DEPARTED_B,0102ee00
190619060924,TAG_ARRIVED_B,0102ee00
190619060925,SOLO_FAIL,0102ee00
190619060930,ENDCOOP_FAIL,0102ee00_
190619060930,TAG_DEPARTED_B,0102ee00
190619060937,TAG_ARRIVED_A,0102ae00
190619060937,SOLO_FAIL,0102ae00
190619060939,TAG_ARRIVED_B,0102ee00
190619060940,STARTCOOP_FAIL,0102ae00_0102ee00
190619060941,ENDCOOP_FAIL,0102ee00_0102ae00
190619060941,TAG_DEPARTED_B,0102ee00
190619060946,TAG_ARRIVED_B,0102ee00
190619060947,STARTCOOP_FAIL,0102ae00_0102ee00
190619060948,ENDCOOP_FAIL,0102ee00_0102ae00
190619060948,TAG_DEPARTED_B,0102ee00
190619060951,TAG_ARRIVED_B,0102ee00
190619060952,STARTCOOP_FAIL,0102ae00_0102ee00
190619060953,ENDCOOP_FAIL,0102ee00_0102ae00
190619060953,TAG_DEPARTED_B,0102ee00
190619060957,TAG_ARRIVED_B,0102ee00
190619060958,STARTCOOP_FAIL,0102ae00_0102ee00
190619060959,ENDCOOP_FAIL,0102ee00_0102ae00
190619060959,TAG_DEPARTED_B,0102ee00
190619061002,TAG_ARRIVED_A,0102ee00
190619061003,SOLO_FAIL,0102ee00
190619061003,TAG_ARRIVED_B,01e14200
190619061004,STARTCOOP_FAIL,0102ee00_01e14200
190619061004,TAG_DEPARTED_A,0102ee00
190619061005,TAG_ARRIVED_B,01043c00
190619061006,SOLO_FAIL,01043c00
190619061006,TAG_ARRIVED_A,0102ee00
190619061007,STARTCOOP_SUCCESS,01043c00_0102ee00
190619061007,TAG_DEPARTED_A,0102ee00
190619061009,ENDCOOP_SUCCESS,01043c00_
190619061010,TAG_DEPARTED_B,01043c00
190619061010,TAG_ARRIVED_A,0102ee00
190619061011,SOLO_FAIL,0102ee00
190619061011,TAG_ARRIVED_B,01043c00
190619061012,STARTCOOP_SUCCESS,0102ee00_01043c00
190619061012,ENDCOOP_SUCCESS,01043c00_0102ee00
190619061013,TAG_DEPARTED_B,01043c00
190619061013,TAG_ARRIVED_B,01043c00
190619061014,STARTCOOP_SUCCESS,0102ee00_01043c00
190619061022,TAG_DEPARTED_A,0102ee00
190619061022,TAG_ARRIVED_A,0102ee00
190619061023,STARTCOOP_SUCCESS,01043c00_0102ee00
190619061023,ENDCOOP_SUCCESS,01043c00_0102ee00
190619061023,TAG_DEPARTED_B,01043c00
190619061029,TAG_ARRIVED_B,0102ae00
190619061029,STARTCOOP_FAIL,0102ee00_0102ae00
190619061034,ENDCOOP_FAIL,0102ae00_0102ee00
190619061034,TAG_DEPARTED_B,0102ae00
190619061036,TAG_DEPARTED_A,0102ee00
190619061039,TAG_ARRIVED_A,0102ee00
190619061040,SOLO_FAIL,0102ee00
190619061049,TAG_DEPARTED_A,0102ee00
190619061053,TAG_ARRIVED_A,0102ee00
190619061053,SOLO_FAIL,0102ee00
190619061058,TAG_DEPARTED_A,0102ee00
190619061102,TAG_ARRIVED_A,01e14200
190619061103,SOLO_FAIL,01e14200
190619061106,TAG_DEPARTED_A,01e14200
190619061151,TAG_ARRIVED_A,01e14200
190619061151,SOLO_FAIL,01e14200
190619061153,TAG_DEPARTED_A,01e14200
190619061218,TAG_ARRIVED_A,0102ee00
190619061219,SOLO_FAIL,0102ee00
190619061221,TAG_DEPARTED_A,0102ee00
190619061229,LOCKOUT_ENDED,
190619061305,TAG_ARRIVED_A,0102ee00
190619061306,SOLO_SUCCESS,0102ee00
190619061310,TAG_DEPARTED_A,0102ee00
190619061311,TAG_ARRIVED_A,0102ee00
190619061312,SOLO_SUCCESS,0102ee00
190619061326,TAG_DEPARTED_A,0102ee00
190619061326,TAG_ARRIVED_A,0102ee00
190619061327,SOLO_SUCCESS,0102ee00
190619061328,TAG_DEPARTED_A,0102ee00
190619061330,TAG_ARRIVED_A,0102ee00
190619061331,SOLO_SUCCESS,0102ee00
190619061408,TAG_DEPARTED_A,0102ee00
190619061412,TAG_ARRIVED_A,0102ee00
190619061413,SOLO_SUCCESS,0102ee00
190619061417,TAG_DEPARTED_A,0102ee00
190619061438,TAG_ARRIVED_A,0102ee00
190619061439,SOLO_SUCCESS,0102ee00
190619061442,TAG_DEPARTED_A,0102ee00
190619061452,TAG_ARRIVED_A,01e14200
190619061453,SOLO_SUCCESS,01e14200
190619061455,TAG_DEPARTED_A,01e14200
190619061455,TAG_ARRIVED_A,01e14200
190619061456,SOLO_SUCCESS,01e14200
190619061458,TAG_DEPARTED_A,01e14200
190619061459,TAG_ARRIVED_A,01e14200
190619061459,SOLO_SUCCESS,01e14200
190619061502,TAG_ARRIVED_A,0102ee00
190619061503,SOLO_SUCCESS,0102ee00
190619061505,TAG_DEPARTED_A,0102ee00
190619061509,TAG_ARRIVED_A,0102ee00
190619061510,SOLO_SUCCESS,0102ee00
190619061519,TAG_DEPARTED_A,0102ee00
190619061531,TAG_ARRIVED_A,0102ee00
190619061532,SOLO_SUCCESS,0102ee00
190619061534,TAG_DEPARTED_A,0102ee00
190619061535,TAG_ARRIVED_B,0102ee00
190619061536,SOLO_SUCCESS,0102ee00
190619061537,TAG_DEPARTED_B,0102ee00
190619061543,TAG_ARRIVED_B,0102ee00
190619061544,SOLO_SUCCESS,0102ee00
190619061544,TAG_ARRIVED_A,01d41b00
190619061545,STARTCOOP_SUCCESS,0102ee00_01d41b00
190619061545,ENDCOOP_SUCCESS,0102ee00_01d41b00
190619061546,TAG_DEPARTED_B,0102ee00
190619061548,TAG_DEPARTED_A,01d41b00
190619061556,TAG_ARRIVED_A,01d41b00
190619061557,SOLO_SUCCESS,01d41b00
190619061558,TAG_DEPARTED_A,01d41b00
190619061602,TAG_ARRIVED_A,01d41b00
190619061603,SOLO_SUCCESS,01d41b00
190619061605,TAG_DEPARTED_A,01d41b00
190619061606,TAG_ARRIVED_A,01d41b00
190619061607,SOLO_SUCCESS,01d41b00
190619061614,TAG_DEPARTED_A,01d41b00
190619061619,TAG_ARRIVED_B,0102ee00
190619061620,SOLO_SUCCESS,0102ee00
190619061621,TAG_DEPARTED_B,0102ee00
190619061621,TAG_ARRIVED_B,0102ee00
190619061622,SOLO_SUCCESS,0102ee00
190619061623,TAG_DEPARTED_B,0102ee00
190619061625,TAG_ARRIVED_A,01d41b00
190619061626,SOLO_SUCCESS,01d41b00
190619061627,TAG_DEPARTED_A,01d41b00
190619061630,TAG_ARRIVED_A,01d41b00
190619061630,SOLO_SUCCESS,01d41b00
190619061646,TAG_ARRIVED_B,0102ee00
190619061647,STARTCOOP_SUCCESS,01d41b00_0102ee00
190619061649,TAG_DEPARTED_A,01d41b00
190619061651,ENDCOOP_SUCCESS,0102ee00_
190619061651,TAG_DEPARTED_B,0102ee00
190619061658,TAG_ARRIVED_B,0102ee00
190619061659,SOLO_SUCCESS,0102ee00
190619061701,TAG_DEPARTED_B,0102ee00
190619061715,TAG_ARRIVED_A,01d41b00
190619061716,SOLO_SUCCESS,01d41b00
190619061716,TAG_ARRIVED_B,0102ee00
190619061717,STARTCOOP_SUCCESS,01d41b00_0102ee00
190619061718,TAG_DEPARTED_A,01d41b00
190619061719,ENDCOOP_SUCCESS,0102ee00_
190619061719,TAG_DEPARTED_B,0102ee00
190619061743,TAG_ARRIVED_A,01d41b00
190619061744,SOLO_SUCCESS,01d41b00
190619061749,TAG_DEPARTED_A,01d41b00
190619061752,TAG_ARRIVED_B,0102ee00
190619061753,SOLO_SUCCESS,0102ee00
190619061754,TAG_DEPARTED_B,0102ee00
190619061759,TAG_ARRIVED_B,0102ee00
190619061800,SOLO_SUCCESS,0102ee00
190619061809,TAG_DEPARTED_B,0102ee00
190619061809,TAG_ARRIVED_B,0102ee00
190619061810,SOLO_SUCCESS,0102ee00
190619061812,TAG_DEPARTED_B,0102ee00
190619061817,TAG_ARRIVED_B,0102ee00
190619061818,SOLO_SUCCESS,0102ee00
190619061819,TAG_ARRIVED_A,01bf9c00
190619061820,STARTCOOP_SUCCESS,0102ee00_01bf9c00
190619061821,TAG_DEPARTED_A,01bf9c00
190619061824,TAG_ARRIVED_A,01bf9c00
190619061825,STARTCOOP_SUCCESS,0102ee00_01bf9c00
190619061825,ENDCOOP_SUCCESS,0102ee00_01bf9c00
190619061825,TAG_DEPARTED_B,0102ee00
190619061843,TAG_DEPARTED_A,01bf9c00
190619061844,TAG_ARRIVED_B,0102ee00
190619061845,SOLO_SUCCESS,0102ee00
190619061847,TAG_ARRIVED_A,01bf9c00
190619061849,STARTCOOP_SUCCESS,0102ee00_01bf9c00
190619061849,TAG_DEPARTED_A,01bf9c00
190619061850,TAG_ARRIVED_A,01bf9c00
190619061851,STARTCOOP_SUCCESS,0102ee00_01bf9c00
190619061852,ENDCOOP_SUCCESS,0102ee00_01bf9c00
190619061852,TAG_DEPARTED_B,0102ee00
190619061854,TAG_DEPARTED_A,01bf9c00
190619061855,TAG_ARRIVED_A,01bf9c00
190619061856,SOLO_SUCCESS,01bf9c00
190619061857,TAG_DEPARTED_A,01bf9c00
190619061858,TAG_ARRIVED_A,01bf9c00
190619061859,SOLO_SUCCESS,01bf9c00
190619061923,TAG_ARRIVED_A,1016400
190619061923,SOLO_SUCCESS,1016400
190619061925,TAG_ARRIVED_B,0102ee00
190619061926,STARTCOOP_FAIL,01016400_0102ee00
190619061927,ENDCOOP_FAIL,0102ee00_01016400
190619061927,TAG_DEPARTED_B,0102ee00
190619061928,TAG_DEPARTED_A,1016400
190619061935,TAG_ARRIVED_A,01bf9c00
190619061936,SOLO_FAIL,01bf9c00
190619061943,TAG_DEPARTED_A,01bf9c00
190619061944,TAG_ARRIVED_A,01bf9c00
190619061945,SOLO_FAIL,01bf9c00
190619061958,TAG_DEPARTED_A,01bf9c00
190619061959,TAG_ARRIVED_A,01bf9c00
190619062000,SOLO_FAIL,01bf9c00
190619062002,TAG_DEPARTED_A,01bf9c00
190619062017,TAG_ARRIVED_A,01bf9c00
190619062018,SOLO_FAIL,01bf9c00
190619062051,TAG_ARRIVED_B,1021800
190619062052,STARTCOOP_FAIL,01bf9c00_01021800
190619062108,ENDCOOP_FAIL,01021800_01bf9c00
190619062108,TAG_DEPARTED_B,1021800
190619062109,TAG_ARRIVED_B,0102ee00
190619062110,STARTCOOP_SUCCESS,01bf9c00_0102ee00
190619062112,ENDCOOP_SUCCESS,0102ee00_01bf9c00
190619062112,TAG_DEPARTED_B,0102ee00
190619062113,TAG_DEPARTED_A,01bf9c00
190619062144,TAG_ARRIVED_B,0102ee00
190619062145,SOLO_FAIL,0102ee00
190619062146,ENDCOOP_FAIL,0102ee00_
190619062146,TAG_DEPARTED_B,0102ee00
190619062150,TAG_ARRIVED_B,0102ee00
190619062151,SOLO_FAIL,0102ee00
190619062153,ENDCOOP_FAIL,0102ee00_
190619062153,TAG_DEPARTED_B,0102ee00
190619062154,TAG_ARRIVED_B,0102ee00
190619062155,SOLO_FAIL,0102ee00
190619062157,ENDCOOP_FAIL,0102ee00_
190619062157,TAG_DEPARTED_B,0102ee00
190619062158,TAG_ARRIVED_B,0102ee00
190619062159,SOLO_FAIL,0102ee00
190619062200,ENDCOOP_FAIL,0102ee00_
190619062200,TAG_DEPARTED_B,0102ee00
190619062205,TAG_ARRIVED_B,0102ee00
190619062206,SOLO_FAIL,0102ee00
190619062209,ENDCOOP_FAIL,0102ee00_
190619062209,TAG_DEPARTED_B,0102ee00
190619062213,TAG_ARRIVED_A,0102ee00
190619062214,SOLO_FAIL,0102ee00
190619062215,TAG_DEPARTED_A,0102ee00
190619062236,TAG_ARRIVED_A,0102ee00
190619062237,SOLO_FAIL,0102ee00
190619062238,TAG_DEPARTED_A,0102ee00
190619062248,TAG_ARRIVED_B,0102ee00
190619062248,SOLO_FAIL,0102ee00
190619062251,LOCKOUT_ENDED,
190619062326,TAG_DEPARTED_B,0102ee00
190619062327,TAG_ARRIVED_A,0102ee00
190619062328,SOLO_SUCCESS,0102ee00
190619062352,TAG_DEPARTED_A,0102ee00
190619062352,TAG_ARRIVED_A,01e14200
190619062353,SOLO_SUCCESS,01e14200
190619062354,TAG_DEPARTED_A,01e14200
190619062358,TAG_ARRIVED_B,0102ee00
190619062358,SOLO_SUCCESS,0102ee00
190619062400,TAG_DEPARTED_B,0102ee00
190619062401,TAG_ARRIVED_B,0102ee00
190619062402,SOLO_SUCCESS,0102ee00
190619062403,TAG_DEPARTED_B,0102ee00
190619062404,TAG_ARRIVED_B,0102ee00
190619062405,SOLO_SUCCESS,0102ee00
190619062406,TAG_DEPARTED_B,0102ee00
190619062419,TAG_ARRIVED_B,0102ee00
190619062419,SOLO_SUCCESS,0102ee00
190619062432,TAG_ARRIVED_A,0102ee00
190619062433,SOLO_SUCCESS,0102ee00
190619062434,TAG_DEPARTED_B,0102ee00
190619062435,TAG_DEPARTED_A,0102ee00
190619062445,TAG_ARRIVED_B,0102ee00
190619062445,SOLO_SUCCESS,0102ee00
190619062501,TAG_DEPARTED_B,0102ee00
190619062502,TAG_ARRIVED_B,01c2e300
190619062502,SOLO_SUCCESS,01c2e300
190619062504,TAG_ARRIVED_B,0102ee00
190619062504,SOLO_SUCCESS,0102ee00
190619062507,TAG_ARRIVED_A,0102ee00
190619062508,SOLO_SUCCESS,0102ee00
190619062508,TAG_DEPARTED_B,0102ee00
190619062511,TAG_DEPARTED_A,0102ee00
190619062512,TAG_ARRIVED_B,0102ee00
190619062513,SOLO_SUCCESS,0102ee00
190619062514,TAG_DEPARTED_B,0102ee00
190619062517,TAG_ARRIVED_A,0102ee00
190619062518,SOLO_SUCCESS,0102ee00
190619062521,TAG_DEPARTED_A,0102ee00
190619062522,TAG_ARRIVED_B,0102ee00
190619062523,SOLO_SUCCESS,0102ee00
190619062530,TAG_ARRIVED_A,1021800
190619062530,STARTCOOP_FAIL,0102ee00_01021800
190619062532,TAG_DEPARTED_A,1021800
190619062533,TAG_ARRIVED_A,1021800
190619062533,STARTCOOP_FAIL,0102ee00_01021800
190619062539,TAG_DEPARTED_A,1021800
190619062548,TAG_ARRIVED_A,01c2e300
190619062549,STARTCOOP_SUCCESS,0102ee00_01c2e300
190619062552,TAG_DEPARTED_A,01c2e300
190619062552,TAG_ARRIVED_A,01c2e300
190619062553,STARTCOOP_SUCCESS,0102ee00_01c2e300
190619062554,ENDCOOP_SUCCESS,0102ee00_01c2e300
190619062554,TAG_DEPARTED_B,0102ee00
190619062558,TAG_DEPARTED_A,01c2e300
190619062606,TAG_ARRIVED_A,01c2e300
190619062607,SOLO_FAIL,01c2e300
190619062608,TAG_DEPARTED_A,01c2e300
190619062609,TAG_ARRIVED_A,01c2e300
190619062610,SOLO_FAIL,01c2e300
190619062612,TAG_DEPARTED_A,01c2e300
190619062613,TAG_ARRIVED_A,01c2e300
190619062614,SOLO_FAIL,01c2e300
190619062615,TAG_ARRIVED_B,0102ee00
190619062616,STARTCOOP_SUCCESS,01c2e300_0102ee00
190619062619,TAG_DEPARTED_A,01c2e300
190619062619,ENDCOOP_SUCCESS,0102ee00_
190619062619,TAG_DEPARTED_B,0102ee00
190619062636,TAG_ARRIVED_B,0102ee00
190619062637,SOLO_FAIL,0102ee00
190619062637,TAG_ARRIVED_A,01c2e300
190619062638,STARTCOOP_SUCCESS,0102ee00_01c2e300
190619062638,ENDCOOP_SUCCESS,0102ee00_01c2e300
190619062638,TAG_DEPARTED_B,0102ee00
190619062639,TAG_ARRIVED_B,0102ee00
190619062640,STARTCOOP_SUCCESS,01c2e300_0102ee00
190619062640,TAG_DEPARTED_A,01c2e300
190619062640,TAG_ARRIVED_A,01c2e300
190619062641,STARTCOOP_SUCCESS,0102ee00_01c2e300
190619062642,TAG_DEPARTED_A,01c2e300
190619062642,TAG_ARRIVED_A,01c2e300
190619062643,STARTCOOP_SUCCESS,0102ee00_01c2e300
190619062643,ENDCOOP_SUCCESS,0102ee00_01c2e300
190619062644,TAG_DEPARTED_B,0102ee00
190619062647,TAG_DEPARTED_A,01c2e300
190619062659,TAG_ARRIVED_A,01c2e300
190619062700,SOLO_FAIL,01c2e300
190619062704,TAG_DEPARTED_A,01c2e300
190619062705,TAG_ARRIVED_A,01c2e300
190619062706,SOLO_FAIL,01c2e300
190619062707,TAG_DEPARTED_A,01c2e300
190619062717,TAG_ARRIVED_A,1021800
190619062718,SOLO_FAIL,1021800
190619062722,TAG_ARRIVED_B,0102ee00
190619062723,STARTCOOP_FAIL,01021800_0102ee00
190619062724,TAG_DEPARTED_A,1021800
190619062724,TAG_ARRIVED_A,1021800
190619062724,STARTCOOP_FAIL,0102ee00_01021800
190619062725,ENDCOOP_FAIL,0102ee00_01021800
190619062725,TAG_DEPARTED_B,0102ee00
190619062727,TAG_ARRIVED_B,0102ee00
190619062728,STARTCOOP_FAIL,01021800_0102ee00
190619062734,ENDCOOP_FAIL,0102ee00_01021800
190619062734,TAG_DEPARTED_B,0102ee00
190619062735,TAG_DEPARTED_A,1021800
190619062735,TAG_ARRIVED_B,0102ee00
190619062736,SOLO_FAIL,0102ee00
190619062736,TAG_ARRIVED_A,01c2e300
190619062737,STARTCOOP_SUCCESS,0102ee00_01c2e300
190619062737,TAG_DEPARTED_A,01c2e300
190619062738,TAG_ARRIVED_B,1021800
190619062738,SOLO_FAIL,1021800
190619062739,TAG_ARRIVED_A,0102ee00
190619062740,STARTCOOP_FAIL,01021800_0102ee00
190619062741,ENDCOOP_FAIL,01021800_0102ee00
190619062741,TAG_DEPARTED_B,1021800
190619062743,TAG_DEPARTED_A,0102ee00
190619062744,TAG_ARRIVED_B,1021800
190619062744,SOLO_FAIL,1021800
190619062746,ENDCOOP_FAIL,01021800_
190619062746,TAG_DEPARTED_B,1021800
190619062753,TAG_ARRIVED_A,0102ee00
190619062754,SOLO_FAIL,0102ee00
190619062755,TAG_DEPARTED_A,0102ee00
190619062759,TAG_ARRIVED_B,1021800
190619062759,SOLO_FAIL,1021800
190619062801,TAG_ARRIVED_A,0102ee00
190619062802,STARTCOOP_FAIL,01021800_0102ee00
190619062803,TAG_DEPARTED_A,0102ee00
190619062807,TAG_ARRIVED_A,0102ee00
190619062808,STARTCOOP_FAIL,01021800_0102ee00
190619062809,TAG_ARRIVED_B,1.81E+04
190619062810,TAG_MISSING_B,1.81E+04
190619062810,SOLO_FAIL,1.81E+04
190619062810,TAG_DEPARTED_A,0102ee00
190619062811,TAG_ARRIVED_B,ee130e00
190619062812,TAG_MISSING_B,ee130e00
190619062812,SOLO_FAIL,ee130e00
190619062812,ENDCOOP_FAIL,ee130e00_
190619062813,TAG_DEPARTED_B,ee130e00
190619062813,TAG_ARRIVED_B,0102ee00
190619062814,SOLO_FAIL,0102ee00
190619062814,TAG_ARRIVED_A,1653700
190619062815,STARTCOOP_SUCCESS,0102ee00_01653700
190619062816,TAG_DEPARTED_A,1653700
190619062816,TAG_DEPARTED_B,0102ee00
190619062816,TAG_ARRIVED_B,0102ee00
190619062817,SOLO_FAIL,0102ee00
190619062817,TAG_ARRIVED_A,01c2e300
190619062818,STARTCOOP_SUCCESS,0102ee00_01c2e300
190619062819,ENDCOOP_SUCCESS,0102ee00_01c2e300
190619062819,TAG_DEPARTED_B,0102ee00
190619062819,TAG_DEPARTED_A,01c2e300
190619062837,TAG_ARRIVED_B,0102ee00
190619062838,SOLO_FAIL,0102ee00
190619062839,TAG_ARRIVED_A,01c2e300
190619062840,STARTCOOP_SUCCESS,0102ee00_01c2e300
190619062842,ENDCOOP_SUCCESS,0102ee00_01c2e300
190619062842,TAG_DEPARTED_B,0102ee00
190619062844,TAG_DEPARTED_A,01c2e300
190619062851,TAG_ARRIVED_A,01c2e300
190619062852,SOLO_FAIL,01c2e300
190619062853,TAG_DEPARTED_A,01c2e300
190619062856,TAG_ARRIVED_A,01c2e300
190619062857,SOLO_FAIL,01c2e300
190619062900,TAG_DEPARTED_A,01c2e300
190619062902,TAG_ARRIVED_A,01c2e300
190619062903,SOLO_FAIL,01c2e300
190619062906,TAG_DEPARTED_A,01c2e300
190619062913,TAG_ARRIVED_A,01c2e300
190619062914,SOLO_FAIL,01c2e300
190619062918,TAG_DEPARTED_A,01c2e300
190619062922,TAG_ARRIVED_B,01c2e300
190619062923,SOLO_FAIL,01c2e300
190619062925,ENDCOOP_FAIL,01c2e300_
190619062925,TAG_DEPARTED_B,01c2e300
190619062944,TAG_ARRIVED_B,01c2e300
190619062945,SOLO_FAIL,01c2e300
190619062947,ENDCOOP_FAIL,01c2e300_
190619062947,TAG_DEPARTED_B,01c2e300
190619063008,LOCKOUT_ENDED,
190619063020,TAG_ARRIVED_A,1653700
190619063021,SOLO_SUCCESS,1653700
190619063022,TAG_DEPARTED_A,1653700
190619063022,TAG_ARRIVED_A,1653700
190619063023,SOLO_SUCCESS,1653700
190619063024,TAG_ARRIVED_A,01c2e300
190619063025,SOLO_SUCCESS,01c2e300
190619063029,TAG_DEPARTED_A,01c2e300
190619063112,TAG_ARRIVED_A,01c2e300
190619063113,SOLO_SUCCESS,01c2e300
190619063115,TAG_DEPARTED_A,01c2e300
190619063115,TAG_ARRIVED_B,1653700
190619063116,SOLO_SUCCESS,1653700
190619063117,TAG_DEPARTED_B,1653700
190619063129,TAG_ARRIVED_A,1653700
190619063130,SOLO_SUCCESS,1653700
190619063131,TAG_DEPARTED_A,1653700
190619063132,TAG_ARRIVED_A,1653700
190619063133,SOLO_SUCCESS,1653700
190619063134,TAG_DEPARTED_A,1653700
190619063135,TAG_ARRIVED_B,1653700
190619063136,SOLO_SUCCESS,1653700
190619063137,TAG_DEPARTED_B,1653700
190619063141,TAG_ARRIVED_B,1653700
190619063142,SOLO_SUCCESS,1653700
190619063145,TAG_DEPARTED_B,1653700
190619063145,TAG_ARRIVED_B,1653700
190619063146,SOLO_SUCCESS,1653700
190619063150,TAG_DEPARTED_B,1653700
190619063202,TAG_ARRIVED_B,1653700
190619063203,SOLO_SUCCESS,1653700
190619063205,TAG_DEPARTED_B,1653700
190619063215,TAG_ARRIVED_B,1653700
190619063216,SOLO_SUCCESS,1653700
190619063221,TAG_DEPARTED_B,1653700
190619063224,TAG_ARRIVED_B,1653700
190619063225,SOLO_SUCCESS,1653700
190619063228,TAG_DEPARTED_B,1653700
190619063229,TAG_ARRIVED_A,01c2e300
190619063229,SOLO_SUCCESS,01c2e300
190619063231,TAG_DEPARTED_A,01c2e300
190619063235,TAG_ARRIVED_B,1653700
190619063236,SOLO_SUCCESS,1653700
190619063241,TAG_DEPARTED_B,1653700
190619063242,TAG_ARRIVED_B,1653700
190619063243,SOLO_SUCCESS,1653700
190619063248,TAG_DEPARTED_B,1653700
190619063319,TAG_ARRIVED_A,01c2e300
190619063320,SOLO_SUCCESS,01c2e300
190619063326,TAG_DEPARTED_A,01c2e300
190619063330,TAG_ARRIVED_B,01043c00
190619063331,SOLO_SUCCESS,01043c00
190619063338,TAG_DEPARTED_B,01043c00
190619063340,TAG_ARRIVED_B,01043c00
190619063340,SOLO_SUCCESS,01043c00
190619063346,TAG_DEPARTED_B,01043c00
190619063400,TAG_ARRIVED_B,01043c00
190619063400,SOLO_SUCCESS,01043c00
190619063402,TAG_DEPARTED_B,01043c00
190619063403,TAG_ARRIVED_B,01043c00
190619063404,SOLO_SUCCESS,01043c00
190619063404,TAG_ARRIVED_A,01c2e300
190619063405,STARTCOOP_SUCCESS,01043c00_01c2e300
190619063405,ENDCOOP_SUCCESS,01043c00_01c2e300
190619063405,TAG_DEPARTED_B,01043c00
190619063406,TAG_ARRIVED_B,01043c00
190619063407,STARTCOOP_SUCCESS,01c2e300_01043c00
190619063407,TAG_DEPARTED_A,01c2e300
190619063407,TAG_ARRIVED_A,01c2e300
190619063408,STARTCOOP_SUCCESS,01043c00_01c2e300
190619063413,ENDCOOP_SUCCESS,01043c00_01c2e300
190619063414,TAG_DEPARTED_B,01043c00
190619063415,TAG_ARRIVED_B,01043c00
190619063416,STARTCOOP_SUCCESS,01c2e300_01043c00
190619063417,TAG_DEPARTED_A,01c2e300
190619063423,TAG_ARRIVED_A,01c2e300
190619063424,STARTCOOP_SUCCESS,01043c00_01c2e300
190619063424,ENDCOOP_SUCCESS,01043c00_01c2e300
190619063424,TAG_DEPARTED_B,01043c00
190619063426,TAG_ARRIVED_B,01043c00
190619063427,STARTCOOP_SUCCESS,01c2e300_01043c00
190619063428,TAG_DEPARTED_A,01c2e300
190619063430,TAG_ARRIVED_A,01c2e300
190619063431,STARTCOOP_SUCCESS,01043c00_01c2e300
190619063431,ENDCOOP_SUCCESS,01043c00_01c2e300
190619063432,TAG_DEPARTED_B,01043c00
190619063434,TAG_ARRIVED_B,01043c00
190619063435,STARTCOOP_SUCCESS,01c2e300_01043c00
190619063438,ENDCOOP_SUCCESS,01043c00_01c2e300
190619063438,TAG_DEPARTED_B,01043c00
190619063456,TAG_DEPARTED_A,01c2e300
190619063457,TAG_ARRIVED_A,018b0800
190619063457,SOLO_SUCCESS,018b0800
190619063458,TAG_ARRIVED_B,01c2e300
190619063459,STARTCOOP_FAIL,018b0800_01c2e300
190619063559,TAG_DEPARTED_A,018b0800
190619063515,ENDCOOP_FAIL,01c2e300_
190619063516,TAG_DEPARTED_B,01c2e300
190619063522,TAG_ARRIVED_B,01bf9c00
190619063523,SOLO_FAIL,01bf9c00
190619063523,TAG_ARRIVED_A,01c2e300
190619063524,STARTCOOP_SUCCESS,01bf9c00_01c2e300
190619063525,ENDCOOP_SUCCESS,01bf9c00_01c2e300
190619063525,TAG_DEPARTED_B,01bf9c00
190619063526,TAG_ARRIVED_B,01bf9c00
190619063527,STARTCOOP_SUCCESS,01c2e300_01bf9c00
190619063528,TAG_DEPARTED_A,01c2e300
190619063529,ENDCOOP_SUCCESS,01bf9c00_
190619063530,TAG_DEPARTED_B,01bf9c00
190619063530,TAG_ARRIVED_B,01bf9c00
190619063531,SOLO_FAIL,01bf9c00
190619063533,TAG_ARRIVED_A,01c2e300
190619063534,STARTCOOP_SUCCESS,01bf9c00_01c2e300
190619063540,TAG_DEPARTED_A,01c2e300
190619063602,ENDCOOP_FAIL,01bf9c00_
190619063602,TAG_DEPARTED_B,01bf9c00
190619063658,TAG_ARRIVED_A,018b0800
190619063659,SOLO_SUCCESS,018b0800
190619063704,TAG_DEPARTED_A,018b0800
190619063946,TAG_ARRIVED_A,01c2e300
190619063947,SOLO_SUCCESS,01c2e300
190619064013,TAG_DEPARTED_A,01c2e300
190619064102,TAG_ARRIVED_A,018b0800
190619064102,SOLO_SUCCESS,018b0800
190619064105,TAG_ARRIVED_B,01c2e300
190619064106,STARTCOOP_FAIL,018b0800_01c2e300
190619064106,TAG_DEPARTED_A,018b0800
190619064109,ENDCOOP_FAIL,01c2e300_
190619064109,TAG_DEPARTED_B,01c2e300
190619064109,TAG_ARRIVED_B,01c2e300
190619064110,SOLO_FAIL,01c2e300
190619064116,ENDCOOP_FAIL,01c2e300_
190619064116,TAG_DEPARTED_B,01c2e300
190619064117,TAG_ARRIVED_B,01c2e300
190619064118,SOLO_FAIL,01c2e300
190619064119,ENDCOOP_FAIL,01c2e300_
190619064120,TAG_DEPARTED_B,01c2e300
190619064120,TAG_ARRIVED_B,01c2e300
190619064121,SOLO_FAIL,01c2e300
190619064122,ENDCOOP_FAIL,01c2e300_
190619064122,TAG_DEPARTED_B,01c2e300
190619064157,TAG_ARRIVED_B,0102ae00
190619064158,SOLO_FAIL,0102ae00
190619064217,ENDCOOP_FAIL,0102ae00_
190619064217,TAG_DEPARTED_B,0102ae00
190619064218,TAG_ARRIVED_A,0102ae00
190619064218,SOLO_FAIL,0102ae00
190619064219,TAG_DEPARTED_A,0102ae00
190619064229,TAG_ARRIVED_A,0102ae00
190619064229,SOLO_FAIL,0102ae00
190619064231,TAG_DEPARTED_A,0102ae00
190619064232,TAG_ARRIVED_B,0102ae00
190619064232,SOLO_FAIL,0102ae00
190619064253,ENDCOOP_FAIL,0102ae00_
190619064253,TAG_DEPARTED_B,0102ae00
190619064254,TAG_ARRIVED_A,0102ae00
190619064254,SOLO_FAIL,0102ae00
190619064255,TAG_ARRIVED_B,018b0800
190619064255,STARTCOOP_SUCCESS,0102ae00_018b0800
190619064256,ENDCOOP_SUCCESS,018b0800_0102ae00
190619064257,TAG_DEPARTED_B,018b0800
190619064257,TAG_ARRIVED_B,018b0800
190619064258,STARTCOOP_SUCCESS,0102ae00_018b0800
190619064258,TAG_DEPARTED_A,0102ae00
190619064259,TAG_ARRIVED_A,0102ae00
190619064259,STARTCOOP_SUCCESS,018b0800_0102ae00
190619064300,ENDCOOP_SUCCESS,018b0800_0102ae00
190619064300,TAG_DEPARTED_B,018b0800
190619064302,TAG_DEPARTED_A,0102ae00
190619064305,TAG_ARRIVED_A,0102ae00
190619064306,SOLO_FAIL,0102ae00
190619064306,LOCKOUT_ENDED,
190619064307,TAG_DEPARTED_A,0102ae00
190619064308,TAG_ARRIVED_A,0102ae00
190619064308,SOLO_SUCCESS,0102ae00
190619064310,TAG_DEPARTED_A,0102ae00
190619064318,TAG_ARRIVED_A,018b0800
190619064318,SOLO_SUCCESS,018b0800
190619064319,TAG_ARRIVED_A,0102ae00
190619064319,SOLO_SUCCESS,0102ae00
190619064321,TAG_DEPARTED_A,0102ae00
190619064326,TAG_ARRIVED_A,0102ae00
190619064327,SOLO_SUCCESS,0102ae00
190619064330,TAG_DEPARTED_A,0102ae00
190619064332,TAG_ARRIVED_A,0102ae00
190619064333,SOLO_SUCCESS,0102ae00
190619064334,TAG_DEPARTED_A,0102ae00
190619064354,TAG_ARRIVED_B,0101c200
190619064355,SOLO_SUCCESS,0101c200
190619064357,TAG_ARRIVED_A,1050400
190619064358,STARTCOOP_FAIL,0101c200_01050400
190619064405,ENDCOOP_FAIL,0101c200_01050400
190619064405,TAG_DEPARTED_B,0101c200
190619064405,TAG_ARRIVED_B,0101c200
190619064406,STARTCOOP_FAIL,01050400_0101c200
190619064407,ENDCOOP_FAIL,0101c200_01050400
190619064407,TAG_DEPARTED_B,0101c200
190619064410,TAG_DEPARTED_A,1050400
190619064414,TAG_ARRIVED_A,0101c200
190619064415,SOLO_FAIL,0101c200
190619064424,TAG_ARRIVED_A,1050400
190619064424,SOLO_FAIL,1050400
190619064428,TAG_DEPARTED_A,1050400
190619064431,TAG_ARRIVED_A,1016400
190619064432,SOLO_FAIL,1016400
190619064440,TAG_DEPARTED_A,1016400
190619064443,TAG_ARRIVED_A,1050400
190619064443,SOLO_FAIL,1050400
190619064448,TAG_DEPARTED_A,1050400
190619064455,TAG_ARRIVED_A,1050400
190619064455,SOLO_FAIL,1050400
190619064504,TAG_DEPARTED_A,1050400
190619064529,TAG_ARRIVED_A,0101c200
190619064530,SOLO_FAIL,0101c200
190619064540,TAG_DEPARTED_A,0101c200
190619064543,TAG_ARRIVED_A,0101c200
190619064544,SOLO_FAIL,0101c200
190619064555,TAG_DEPARTED_A,0101c200
190619064556,TAG_ARRIVED_A,0101c200
190619064557,SOLO_FAIL,0101c200
190619064607,LOCKOUT_ENDED,
190619064623,TAG_DEPARTED_A,0101c200
190619064744,TAG_ARRIVED_B,1050400
190619064744,SOLO_SUCCESS,1050400
190619064750,TAG_DEPARTED_B,1050400
190619064754,TAG_ARRIVED_B,1050400
190619064755,SOLO_SUCCESS,1050400
190619064757,TAG_DEPARTED_B,1050400
190619064758,TAG_ARRIVED_B,018b0800
190619064759,SOLO_SUCCESS,018b0800
190619064804,TAG_DEPARTED_B,018b0800
190619064808,TAG_ARRIVED_B,018b0800
190619064809,SOLO_SUCCESS,018b0800
190619064811,TAG_DEPARTED_B,018b0800
190619064814,TAG_ARRIVED_B,018b0800
190619064815,SOLO_SUCCESS,018b0800
190619064816,TAG_ARRIVED_A,0101c200
190619064817,STARTCOOP_FAIL,018b0800_0101c200
190619064818,ENDCOOP_FAIL,018b0800_0101c200
190619064818,TAG_DEPARTED_B,018b0800
190619064818,TAG_ARRIVED_B,018b0800
190619064819,STARTCOOP_FAIL,0101c200_018b0800
190619064820,ENDCOOP_FAIL,018b0800_0101c200
190619064820,TAG_DEPARTED_B,018b0800
190619064823,TAG_DEPARTED_A,0101c200
190619064824,TAG_ARRIVED_A,0101c200
190619064825,SOLO_FAIL,0101c200
190619064831,TAG_DEPARTED_A,0101c200
190619064832,TAG_ARRIVED_B,018b0800
190619064832,SOLO_FAIL,018b0800
190619064834,TAG_ARRIVED_A,0101c200
190619064835,STARTCOOP_FAIL,018b0800_0101c200
190619064835,ENDCOOP_FAIL,018b0800_0101c200
190619064835,TAG_DEPARTED_B,018b0800
190619064836,TAG_DEPARTED_A,0101c200
190619064838,TAG_ARRIVED_A,0101c200
190619064839,SOLO_FAIL,0101c200
190619064842,TAG_ARRIVED_B,018b0800
190619064843,STARTCOOP_FAIL,0101c200_018b0800
190619064849,TAG_DEPARTED_A,0101c200
190619064853,ENDCOOP_FAIL,018b0800_
190619064853,TAG_DEPARTED_B,018b0800
190619064856,TAG_ARRIVED_B,018b0800
190619064857,SOLO_FAIL,018b0800
190619064858,ENDCOOP_FAIL,018b0800_
190619064858,TAG_DEPARTED_B,018b0800
190619064902,TAG_ARRIVED_A,0101c200
190619064903,SOLO_FAIL,0101c200
190619064907,TAG_DEPARTED_A,0101c200
190619064922,TAG_ARRIVED_A,0101c200
190619064923,SOLO_FAIL,0101c200
190619064927,TAG_DEPARTED_A,0101c200
190619064929,TAG_ARRIVED_A,0101c200
190619064930,SOLO_FAIL,0101c200
190619064931,TAG_ARRIVED_B,1050400
190619064931,STARTCOOP_FAIL,0101c200_01050400
190619064933,TAG_DEPARTED_A,0101c200
190619064934,TAG_ARRIVED_A,0101c200
190619064935,STARTCOOP_FAIL,01050400_0101c200
190619064941,TAG_DEPARTED_A,0101c200
190619064942,TAG_ARRIVED_A,0101c200
190619064943,STARTCOOP_FAIL,01050400_0101c200
190619064948,ENDCOOP_FAIL,01050400_0101c200
190619064948,TAG_DEPARTED_B,1050400
190619064948,TAG_ARRIVED_A,1050400
190619064949,SOLO_FAIL,1050400
190619064958,TAG_ARRIVED_B,018b0800
190619064958,STARTCOOP_SUCCESS,01050400_018b0800
190619065001,ENDCOOP_SUCCESS,018b0800_01050400
190619065001,TAG_DEPARTED_B,018b0800
190619065004,TAG_ARRIVED_B,018b0800
190619065005,STARTCOOP_SUCCESS,01050400_018b0800
190619065006,ENDCOOP_SUCCESS,018b0800_01050400
190619065006,TAG_DEPARTED_B,018b0800
190619065010,TAG_ARRIVED_B,01c2e300
190619065011,STARTCOOP_FAIL,01050400_01c2e300
190619065012,ENDCOOP_FAIL,01c2e300_01050400
190619065012,TAG_DEPARTED_B,01c2e300
190619065012,TAG_ARRIVED_B,01c2e300
190619065013,STARTCOOP_FAIL,01050400_01c2e300
190619065022,ENDCOOP_FAIL,01c2e300_01050400
190619065022,TAG_DEPARTED_B,01c2e300
190619065024,TAG_ARRIVED_B,01c2e300
190619065025,STARTCOOP_FAIL,01050400_01c2e300
190619065026,ENDCOOP_FAIL,01c2e300_01050400
190619065026,TAG_DEPARTED_B,01c2e300
190619065026,TAG_ARRIVED_B,01c2e300
190619065027,STARTCOOP_FAIL,01050400_01c2e300
190619065027,TAG_DEPARTED_A,1050400
190619065028,TAG_ARRIVED_A,1050400
190619065028,STARTCOOP_FAIL,01c2e300_01050400
190619065032,ENDCOOP_FAIL,01c2e300_01050400
190619065032,TAG_DEPARTED_B,01c2e300
190619065033,TAG_ARRIVED_B,01c2e300
190619065034,STARTCOOP_FAIL,01050400_01c2e300
190619065035,TAG_DEPARTED_A,1050400
190619065035,TAG_ARRIVED_A,1050400
190619065036,STARTCOOP_FAIL,01c2e300_01050400
190619065036,ENDCOOP_FAIL,01c2e300_01050400
190619065036,TAG_DEPARTED_B,01c2e300
190619065037,TAG_ARRIVED_B,01c2e300
190619065038,STARTCOOP_FAIL,01050400_01c2e300
190619065039,ENDCOOP_FAIL,01c2e300_01050400
190619065039,TAG_DEPARTED_B,01c2e300
190619065039,TAG_ARRIVED_A,01c2e300
190619065040,SOLO_FAIL,01c2e300
190619065057,TAG_DEPARTED_A,01c2e300
190619065058,TAG_ARRIVED_A,01c2e300
190619065058,SOLO_FAIL,01c2e300
190619065059,TAG_DEPARTED_A,01c2e300
190619065106,TAG_ARRIVED_A,01c4ca00
190619065107,SOLO_FAIL,01c4ca00
190619065129,TAG_DEPARTED_A,01c4ca00
190619065138,TAG_ARRIVED_A,01c2e300
190619065139,SOLO_FAIL,01c2e300
190619065144,TAG_DEPARTED_A,01c2e300
190619065145,TAG_ARRIVED_A,01c2e300
190619065145,SOLO_FAIL,01c2e300
190619065146,TAG_ARRIVED_B,01c4ca00
190619065147,STARTCOOP_SUCCESS,01c2e300_01c4ca00
190619065147,TAG_DEPARTED_A,01c2e300
190619065148,TAG_ARRIVED_A,01c2e300
190619065149,STARTCOOP_SUCCESS,01c4ca00_01c2e300
190619065150,TAG_DEPARTED_A,01c2e300
190619065155,ENDCOOP_SUCCESS,01c4ca00_
190619065155,TAG_DEPARTED_B,01c4ca00
190619065156,TAG_ARRIVED_A,1050400
190619065156,SOLO_FAIL,1050400
190619065202,TAG_ARRIVED_B,01c4ca00
190619065203,STARTCOOP_FAIL,01050400_01c4ca00
190619065204,TAG_DEPARTED_A,1050400
190619065205,TAG_ARRIVED_A,1050400
190619065205,STARTCOOP_FAIL,01c4ca00_01050400
190619065205,ENDCOOP_FAIL,01c4ca00_01050400
190619065206,TAG_DEPARTED_B,01c4ca00
190619065206,TAG_ARRIVED_B,01c4ca00
190619065207,STARTCOOP_FAIL,01050400_01c4ca00
190619065207,TAG_DEPARTED_A,1050400
190619065208,ENDCOOP_FAIL,01c4ca00_
190619065209,TAG_DEPARTED_B,01c4ca00
190619065210,TAG_ARRIVED_A,1050400
190619065210,SOLO_FAIL,1050400
190619065212,TAG_DEPARTED_A,1050400
190619065222,TAG_ARRIVED_A,1050400
190619065223,SOLO_FAIL,1050400
190619065235,TAG_ARRIVED_B,01c4ca00
190619065236,STARTCOOP_FAIL,01050400_01c4ca00
190619065239,ENDCOOP_FAIL,01c4ca00_01050400
190619065239,TAG_DEPARTED_B,01c4ca00
190619065240,TAG_ARRIVED_B,01c4ca00
190619065241,STARTCOOP_FAIL,01050400_01c4ca00
190619065241,TAG_DEPARTED_A,1050400
190619065242,TAG_ARRIVED_A,1050400
190619065243,STARTCOOP_FAIL,01c4ca00_01050400
190619065247,TAG_DEPARTED_A,1050400
190619065310,ENDCOOP_FAIL,01c4ca00_
190619065310,TAG_DEPARTED_B,01c4ca00
190619065313,TAG_ARRIVED_B,01df6400
190619065314,SOLO_FAIL,01df6400
190619065317,TAG_ARRIVED_A,1050400
190619065318,STARTCOOP_FAIL,01df6400_01050400
190619065319,ENDCOOP_FAIL,01df6400_01050400
190619065319,TAG_DEPARTED_B,01df6400
190619065320,TAG_DEPARTED_A,1050400
190619065320,TAG_ARRIVED_B,01df6400
190619065321,SOLO_FAIL,01df6400
190619065322,ENDCOOP_FAIL,01df6400_
190619065322,TAG_DEPARTED_B,01df6400
190619065323,TAG_ARRIVED_B,01c4ca00
190619065324,SOLO_FAIL,01c4ca00
190619065332,ENDCOOP_FAIL,01c4ca00_
190619065332,TAG_DEPARTED_B,01c4ca00
190619065343,TAG_ARRIVED_B,01c4ca00
190619065344,SOLO_FAIL,01c4ca00
190619065359,TAG_ARRIVED_A,01c4ca00
190619065400,SOLO_FAIL,01c4ca00
190619065400,ENDCOOP_FAIL,01c4ca00_01c4ca00
190619065400,TAG_DEPARTED_B,01c4ca00
190619065405,TAG_DEPARTED_A,01c4ca00
190619065423,TAG_ARRIVED_A,01c4ca00
190619065424,SOLO_FAIL,01c4ca00
190619065433,TAG_ARRIVED_A,1050400
190619065433,SOLO_FAIL,1050400
190619065435,TAG_DEPARTED_A,1050400
190619065435,TAG_ARRIVED_A,1050400
190619065436,SOLO_FAIL,1050400
190619065438,TAG_ARRIVED_B,01c4ca00
190619065439,STARTCOOP_FAIL,01050400_01c4ca00
190619065441,TAG_DEPARTED_A,1050400
190619065441,TAG_ARRIVED_A,1050400
190619065442,STARTCOOP_FAIL,01c4ca00_01050400
190619065448,TAG_DEPARTED_A,1050400
190619065449,TAG_ARRIVED_A,1050400
190619065449,STARTCOOP_FAIL,01c4ca00_01050400
190619065452,TAG_DEPARTED_A,1050400
190619065454,TAG_ARRIVED_A,1050400
190619065454,STARTCOOP_FAIL,01c4ca00_01050400
190619065549,TAG_DEPARTED_A,1050400
190619065550,ENDCOOP_FAIL,01c4ca00_
190619065550,TAG_DEPARTED_B,01c4ca00
190619065551,TAG_ARRIVED_A,01c4ca00
190619065551,SOLO_FAIL,01c4ca00
190619065559,TAG_DEPARTED_A,01c4ca00
190619065622,TAG_ARRIVED_A,01c4ca00
190619065623,SOLO_FAIL,01c4ca00
190619065655,LOCKOUT_ENDED,
190619065657,TAG_DEPARTED_A,01c4ca00
190619065700,TAG_ARRIVED_A,01c4ca00
190619065701,SOLO_SUCCESS,01c4ca00
190619065702,TAG_ARRIVED_B,01e14200
190619065703,STARTCOOP_FAIL,01c4ca00_01e14200
190619065714,TAG_DEPARTED_A,01c4ca00
190619065714,TAG_ARRIVED_A,01c4ca00
190619065715,STARTCOOP_FAIL,01e14200_01c4ca00
190619065719,TAG_DEPARTED_A,01c4ca00
190619065720,TAG_ARRIVED_A,01c4ca00
190619065721,STARTCOOP_FAIL,01e14200_01c4ca00
190619065723,ENDCOOP_FAIL,01e14200_01c4ca00
190619065724,TAG_DEPARTED_B,01e14200
190619065728,TAG_DEPARTED_A,01c4ca00
190619065755,TAG_ARRIVED_A,01c4ca00
190619065756,SOLO_FAIL,01c4ca00
190619065800,TAG_DEPARTED_A,01c4ca00
190619065807,TAG_ARRIVED_A,01c4ca00
190619065808,SOLO_FAIL,01c4ca00
190619065809,TAG_DEPARTED_A,01c4ca00
190619065823,TAG_ARRIVED_B,01c4ca00
190619065824,SOLO_FAIL,01c4ca00
190619065825,TAG_ARRIVED_A,01e14200
190619065826,STARTCOOP_FAIL,01c4ca00_01e14200
190619065826,ENDCOOP_FAIL,01c4ca00_01e14200
190619065827,TAG_DEPARTED_B,01c4ca00
190619065827,TAG_ARRIVED_A,01c4ca00
190619065828,SOLO_FAIL,01c4ca00
190619065834,TAG_DEPARTED_A,01c4ca00
190619065838,TAG_ARRIVED_A,01c4ca00
190619065839,SOLO_FAIL,01c4ca00
190619065921,TAG_ARRIVED_B,1753200
190619065922,STARTCOOP_SUCCESS,01c4ca00_01753200
190619065926,ENDCOOP_SUCCESS,01753200_01c4ca00
190619065927,TAG_DEPARTED_B,1753200
190619065930,TAG_ARRIVED_B,1753200
190619065931,STARTCOOP_SUCCESS,01c4ca00_01753200
190619065932,ENDCOOP_SUCCESS,01753200_01c4ca00
190619065932,TAG_DEPARTED_B,1753200
190619065940,TAG_ARRIVED_B,1753200
190619065941,STARTCOOP_SUCCESS,01c4ca00_01753200
190619065958,ENDCOOP_SUCCESS,01753200_01c4ca00
190619065959,TAG_DEPARTED_B,1753200
190619070000,TAG_ARRIVED_B,1753200
190619070001,STARTCOOP_SUCCESS,01c4ca00_01753200
190619070002,ENDCOOP_SUCCESS,01753200_01c4ca00
190619070002,TAG_DEPARTED_B,1753200
190619070003,TAG_DEPARTED_A,01c4ca00
190619070003,TAG_ARRIVED_B,1753200
190619070004,SOLO_FAIL,1753200
190619070004,ENDCOOP_FAIL,01753200_
190619070004,TAG_DEPARTED_B,1753200
190619070008,TAG_ARRIVED_A,01c4ca00
190619070009,SOLO_FAIL,01c4ca00
190619070013,TAG_ARRIVED_B,1753200
190619070014,STARTCOOP_SUCCESS,01c4ca00_01753200
190619070016,TAG_DEPARTED_A,01c4ca00
190619070017,TAG_ARRIVED_A,01c4ca00
190619070018,STARTCOOP_SUCCESS,01753200_01c4ca00
190619070030,ENDCOOP_SUCCESS,01753200_01c4ca00
190619070030,TAG_DEPARTED_B,1753200
190619070031,TAG_ARRIVED_B,1753200
190619070032,STARTCOOP_SUCCESS,01c4ca00_01753200
190619070035,ENDCOOP_SUCCESS,01753200_01c4ca00
190619070035,TAG_DEPARTED_B,1753200
190619070038,TAG_ARRIVED_B,1753200
190619070039,STARTCOOP_SUCCESS,01c4ca00_01753200
190619070041,ENDCOOP_SUCCESS,01753200_01c4ca00
190619070042,TAG_DEPARTED_B,1753200
190619070042,TAG_DEPARTED_A,01c4ca00
190619070043,TAG_ARRIVED_A,01c4ca00
190619070044,SOLO_SUCCESS,01c4ca00
190619070049,TAG_DEPARTED_A,01c4ca00
190619070050,TAG_ARRIVED_A,01c4ca00
190619070051,SOLO_SUCCESS,01c4ca00
190619070051,TAG_ARRIVED_A,0101c200
190619070052,SOLO_SUCCESS,0101c200
190619070102,TAG_DEPARTED_A,0101c200
190619070103,TAG_ARRIVED_B,0101c200
190619070104,SOLO_SUCCESS,0101c200
190619070105,TAG_ARRIVED_A,1050400
190619070106,STARTCOOP_FAIL,0101c200_01050400
190619070112,ENDCOOP_FAIL,0101c200_01050400
190619070112,TAG_DEPARTED_B,0101c200
190619070113,TAG_ARRIVED_B,0101c200
190619070114,STARTCOOP_FAIL,01050400_0101c200
190619070115,TAG_DEPARTED_A,1050400
190619070117,TAG_ARRIVED_A,0101c200
190619070118,SOLO_FAIL,0101c200
190619070118,ENDCOOP_FAIL,0101c200_0101c200
190619070118,TAG_DEPARTED_B,0101c200
190619070119,TAG_ARRIVED_A,1050400
190619070119,SOLO_FAIL,1050400
190619070120,TAG_ARRIVED_B,1753200
190619070121,STARTCOOP_FAIL,01050400_01753200
190619070121,TAG_ARRIVED_B,0101c200
190619070122,STARTCOOP_FAIL,01050400_0101c200
190619070128,ENDCOOP_FAIL,0101c200_01050400
190619070128,TAG_DEPARTED_B,0101c200
190619070142,TAG_ARRIVED_B,0101c200
190619070143,STARTCOOP_FAIL,01050400_0101c200
190619070145,ENDCOOP_FAIL,0101c200_01050400
190619070145,TAG_DEPARTED_B,0101c200
190619070146,TAG_ARRIVED_B,0101c200
190619070147,STARTCOOP_FAIL,01050400_0101c200
190619070147,TAG_DEPARTED_A,1050400
190619070147,TAG_ARRIVED_A,1050400
190619070148,STARTCOOP_FAIL,0101c200_01050400
190619070150,ENDCOOP_FAIL,0101c200_01050400
190619070151,TAG_DEPARTED_B,0101c200
190619070151,TAG_ARRIVED_B,0101c200
190619070152,STARTCOOP_FAIL,01050400_0101c200
190619070156,ENDCOOP_FAIL,0101c200_01050400
190619070156,TAG_DEPARTED_B,0101c200
190619070156,TAG_ARRIVED_B,0101c200
190619070157,STARTCOOP_FAIL,01050400_0101c200
190619070200,TAG_DEPARTED_A,1050400
190619070201,TAG_ARRIVED_A,1050400
190619070201,STARTCOOP_FAIL,0101c200_01050400
190619070203,ENDCOOP_FAIL,0101c200_01050400
190619070203,TAG_DEPARTED_B,0101c200
190619070204,TAG_ARRIVED_B,0101c200
190619070205,STARTCOOP_FAIL,01050400_0101c200
190619070208,TAG_DEPARTED_A,1050400
190619070208,TAG_ARRIVED_A,1050400
190619070208,STARTCOOP_FAIL,0101c200_01050400
190619070231,ENDCOOP_FAIL,0101c200_01050400
190619070231,TAG_DEPARTED_B,0101c200
190619070232,TAG_ARRIVED_B,0101c200
190619070233,STARTCOOP_FAIL,01050400_0101c200
190619070234,ENDCOOP_FAIL,0101c200_01050400
190619070234,TAG_DEPARTED_B,0101c200
190619070241,TAG_ARRIVED_B,0101c200
190619070242,STARTCOOP_FAIL,01050400_0101c200
190619070243,ENDCOOP_FAIL,0101c200_01050400
190619070243,TAG_DEPARTED_B,0101c200
190619070244,TAG_ARRIVED_B,0101c200
190619070245,STARTCOOP_FAIL,01050400_0101c200
190619070249,ENDCOOP_FAIL,0101c200_01050400
190619070250,TAG_DEPARTED_B,0101c200
190619070252,TAG_ARRIVED_B,0101c200
190619070253,STARTCOOP_FAIL,01050400_0101c200
190619070254,ENDCOOP_FAIL,0101c200_01050400
190619070254,TAG_DEPARTED_B,0101c200
190619070255,TAG_ARRIVED_B,0101c200
190619070256,STARTCOOP_FAIL,01050400_0101c200
190619070256,TAG_DEPARTED_A,1050400
190619070305,TAG_ARRIVED_A,0101c200
190619070306,SOLO_FAIL,0101c200
190619070306,ENDCOOP_FAIL,0101c200_0101c200
190619070306,TAG_DEPARTED_B,0101c200
190619070312,TAG_DEPARTED_A,0101c200
190619070314,TAG_ARRIVED_A,0101c200
190619070315,SOLO_FAIL,0101c200
190619070318,TAG_DEPARTED_A,0101c200
190619070319,TAG_ARRIVED_A,0102ee00
190619070320,SOLO_FAIL,0102ee00
190619070321,TAG_DEPARTED_A,0102ee00
190619070321,TAG_ARRIVED_A,0102ee00
190619070322,SOLO_FAIL,0102ee00
190619070324,TAG_DEPARTED_A,0102ee00
190619070327,TAG_ARRIVED_B,0102ee00
190619070328,SOLO_FAIL,0102ee00
190619070329,ENDCOOP_FAIL,0102ee00_
190619070330,TAG_DEPARTED_B,0102ee00
190619070335,TAG_ARRIVED_B,0102ee00
190619070336,SOLO_FAIL,0102ee00
190619070342,ENDCOOP_FAIL,0102ee00_
190619070342,TAG_DEPARTED_B,0102ee00
190619070342,TAG_ARRIVED_A,1021800
190619070343,SOLO_FAIL,1021800
190619070344,TAG_ARRIVED_B,0102ee00
190619070345,STARTCOOP_FAIL,01021800_0102ee00
190619070345,TAG_DEPARTED_A,1021800
190619070351,ENDCOOP_FAIL,0102ee00_
190619070351,TAG_DEPARTED_B,0102ee00
190619070358,TAG_ARRIVED_B,0102ee00
190619070359,SOLO_FAIL,0102ee00
190619070405,TAG_ARRIVED_A,1753200
190619070406,STARTCOOP_SUCCESS,0102ee00_01753200
190619070410,ENDCOOP_SUCCESS,0102ee00_01753200
190619070410,TAG_DEPARTED_B,0102ee00
190619070433,TAG_DEPARTED_A,1753200
190619070448,TAG_ARRIVED_A,1753200
190619070449,SOLO_FAIL,1753200
190619070451,TAG_DEPARTED_A,1753200
190619070505,TAG_ARRIVED_B,0102ee00
190619070506,SOLO_FAIL,0102ee00
190619070510,TAG_ARRIVED_A,1753200
190619070511,STARTCOOP_SUCCESS,0102ee00_01753200
190619070513,TAG_DEPARTED_A,1753200
190619070519,ENDCOOP_SUCCESS,0102ee00_
190619070519,TAG_DEPARTED_B,0102ee00
190619070520,TAG_ARRIVED_B,0102ee00
190619070520,SOLO_FAIL,0102ee00
190619070524,ENDCOOP_FAIL,0102ee00_
190619070524,TAG_DEPARTED_B,0102ee00
190619070526,TAG_ARRIVED_B,0102ee00
190619070527,SOLO_FAIL,0102ee00
190619070527,TAG_ARRIVED_A,1753200
190619070528,STARTCOOP_SUCCESS,0102ee00_01753200
190619070528,TAG_DEPARTED_A,1753200
190619070529,TAG_ARRIVED_A,1753200
190619070530,STARTCOOP_SUCCESS,0102ee00_01753200
190619070530,TAG_DEPARTED_A,1753200
190619070534,ENDCOOP_SUCCESS,0102ee00_
190619070534,TAG_DEPARTED_B,0102ee00
190619070546,TAG_ARRIVED_A,1753200
190619070547,SOLO_SUCCESS,1753200
190619070548,TAG_ARRIVED_B,0102ee00
190619070549,STARTCOOP_SUCCESS,01753200_0102ee00
190619070550,ENDCOOP_SUCCESS,0102ee00_01753200
190619070550,TAG_DEPARTED_B,0102ee00
190619070557,TAG_DEPARTED_A,1753200
190619070609,TAG_ARRIVED_B,0102ee00
190619070610,SOLO_SUCCESS,0102ee00
190619070616,TAG_ARRIVED_A,0102ee00
190619070617,SOLO_SUCCESS,0102ee00
190619070617,TAG_DEPARTED_B,0102ee00
190619070618,TAG_DEPARTED_A,0102ee00
190619070619,TAG_ARRIVED_A,0102ee00
190619070620,SOLO_SUCCESS,0102ee00
190619070637,TAG_DEPARTED_A,0102ee00
190619070638,TAG_ARRIVED_B,0102ee00
190619070639,SOLO_SUCCESS,0102ee00
190619070725,TAG_DEPARTED_B,0102ee00
190619070725,TAG_ARRIVED_B,0102ee00
190619070726,SOLO_SUCCESS,0102ee00
190619070727,TAG_DEPARTED_B,0102ee00
190619070730,TAG_ARRIVED_B,0102ee00
190619070731,SOLO_SUCCESS,0102ee00
190619070736,TAG_ARRIVED_A,0101c200
190619070737,STARTCOOP_SUCCESS,0102ee00_0101c200
190619070738,ENDCOOP_SUCCESS,0102ee00_0101c200
190619070738,TAG_DEPARTED_B,0102ee00
190619070739,TAG_ARRIVED_A,0102ee00
190619070740,SOLO_SUCCESS,0102ee00
190619070743,TAG_ARRIVED_B,1753200
190619070744,STARTCOOP_SUCCESS,0102ee00_01753200
190619070744,TAG_DEPARTED_A,0102ee00
190619070744,TAG_ARRIVED_A,0102ee00
190619070745,STARTCOOP_SUCCESS,01753200_0102ee00
190619070746,ENDCOOP_SUCCESS,01753200_0102ee00
190619070746,TAG_DEPARTED_B,1753200
190619070746,TAG_ARRIVED_B,1753200
190619070747,STARTCOOP_SUCCESS,0102ee00_01753200
190619070753,TAG_DEPARTED_A,0102ee00
190619070753,TAG_ARRIVED_A,0102ee00
190619070755,STARTCOOP_SUCCESS,01753200_0102ee00
190619070755,TAG_DEPARTED_A,0102ee00
190619070757,ENDCOOP_SUCCESS,01753200_
190619070758,TAG_DEPARTED_B,1753200
190619070758,TAG_ARRIVED_B,0102ee00
190619070759,SOLO_SUCCESS,0102ee00
190619070802,TAG_DEPARTED_B,0102ee00
190619070829,TAG_ARRIVED_B,0102ee00
190619070830,SOLO_SUCCESS,0102ee00
190619070831,TAG_DEPARTED_B,0102ee00
190619070836,TAG_ARRIVED_A,01d41b00
190619070837,SOLO_SUCCESS,01d41b00
190619070839,TAG_DEPARTED_A,01d41b00
190619070842,TAG_ARRIVED_B,0102ee00
190619070843,SOLO_SUCCESS,0102ee00
190619070901,TAG_ARRIVED_A,01d41b00
190619070902,STARTCOOP_SUCCESS,0102ee00_01d41b00
190619070903,TAG_DEPARTED_A,01d41b00
190619070904,TAG_ARRIVED_A,01d41b00
190619070905,STARTCOOP_SUCCESS,0102ee00_01d41b00
190619071000,TAG_DEPARTED_B,0102ee00
190619071001,TAG_DEPARTED_A,01d41b00
190619071003,TAG_ARRIVED_A,0102ee00
190619071004,SOLO_SUCCESS,0102ee00
190619071010,TAG_DEPARTED_A,0102ee00
190619071010,TAG_ARRIVED_A,0102ee00
190619071011,SOLO_SUCCESS,0102ee00
190619071012,TAG_DEPARTED_A,0102ee00
190619071014,TAG_ARRIVED_A,0102ee00
190619071015,SOLO_SUCCESS,0102ee00
190619071025,TAG_ARRIVED_B,0102ee00
190619071026,SOLO_SUCCESS,0102ee00
190619071026,TAG_DEPARTED_A,0102ee00
190619071041,TAG_ARRIVED_A,1753200
190619071042,STARTCOOP_SUCCESS,0102ee00_01753200
190619071102,TAG_DEPARTED_A,1753200
190619071104,TAG_ARRIVED_A,01c2e300
190619071105,STARTCOOP_SUCCESS,0102ee00_01c2e300
190619071106,TAG_DEPARTED_A,01c2e300
190619071109,TAG_ARRIVED_A,01c2e300
190619071110,STARTCOOP_SUCCESS,0102ee00_01c2e300
190619071111,ENDCOOP_SUCCESS,0102ee00_01c2e300
190619071111,TAG_DEPARTED_B,0102ee00
190619071113,TAG_DEPARTED_A,01c2e300
190619071119,TAG_ARRIVED_B,0102ee00
190619071120,SOLO_SUCCESS,0102ee00
190619071121,TAG_ARRIVED_A,01c2e300
190619071122,STARTCOOP_SUCCESS,0102ee00_01c2e300
190619071141,TAG_DEPARTED_A,01c2e300
190619071144,TAG_ARRIVED_A,01c2e300
190619071145,STARTCOOP_SUCCESS,0102ee00_01c2e300
190619071146,TAG_DEPARTED_A,01c2e300
190619071149,TAG_ARRIVED_A,01c2e300
190619071150,STARTCOOP_SUCCESS,0102ee00_01c2e300
190619071151,TAG_DEPARTED_A,01c2e300
190619071201,TAG_ARRIVED_A,01c2e300
190619071202,STARTCOOP_SUCCESS,0102ee00_01c2e300
190619071203,ENDCOOP_SUCCESS,0102ee00_01c2e300
190619071203,TAG_DEPARTED_B,0102ee00
190619071204,TAG_DEPARTED_A,01c2e300
190619071211,TAG_ARRIVED_A,1753200
190619071212,SOLO_SUCCESS,1753200
190619071305,TAG_DEPARTED_A,1753200
190619071405,TAG_ARRIVED_B,01d41b00
190619071406,SOLO_SUCCESS,01d41b00
190619071412,TAG_ARRIVED_A,1048700
190619071413,STARTCOOP_SUCCESS,01d41b00_01048700
190619071414,ENDCOOP_SUCCESS,01d41b00_01048700
190619071414,TAG_DEPARTED_B,01d41b00
190619071415,TAG_DEPARTED_A,1048700
190619071449,TAG_ARRIVED_A,01d41b00
190619071450,SOLO_SUCCESS,01d41b00
190619071455,TAG_DEPARTED_A,01d41b00
190619071457,TAG_ARRIVED_A,01d41b00
190619071458,SOLO_SUCCESS,01d41b00
190619071509,TAG_DEPARTED_A,01d41b00
190619071510,TAG_ARRIVED_A,01d41b00
190619071511,SOLO_SUCCESS,01d41b00
190619071511,TAG_ARRIVED_B,01c2e300
190619071512,STARTCOOP_SUCCESS,01d41b00_01c2e300
190619071513,TAG_DEPARTED_A,01d41b00
190619071514,ENDCOOP_SUCCESS,01c2e300_
190619071514,TAG_DEPARTED_B,01c2e300
190619071517,TAG_ARRIVED_A,01e14200
190619071517,SOLO_SUCCESS,01e14200
190619071518,TAG_ARRIVED_B,01d41b00
190619071519,STARTCOOP_FAIL,01e14200_01d41b00
190619071519,TAG_DEPARTED_A,01e14200
190619071524,ENDCOOP_FAIL,01d41b00_
190619071525,TAG_DEPARTED_B,01d41b00
190619071537,TAG_ARRIVED_B,0140c700
190619071538,SOLO_FAIL,0140c700
190619071539,ENDCOOP_FAIL,0140c700_
190619071540,TAG_DEPARTED_B,0140c700
190619071603,TAG_ARRIVED_B,01c2e300
190619071604,SOLO_FAIL,01c2e300
190619071608,ENDCOOP_FAIL,01c2e300_
190619071608,TAG_DEPARTED_B,01c2e300
190619071615,TAG_ARRIVED_A,1016400
190619071615,SOLO_FAIL,1016400
190619071617,TAG_DEPARTED_A,1016400
190619071624,TAG_ARRIVED_B,01c2e300
190619071625,SOLO_FAIL,01c2e300
190619071627,TAG_ARRIVED_A,1016400
190619071627,STARTCOOP_FAIL,01c2e300_01016400
190619071627,ENDCOOP_FAIL,01c2e300_01016400
190619071628,TAG_DEPARTED_B,01c2e300
190619071631,TAG_DEPARTED_A,1016400
190619071632,TAG_ARRIVED_B,01c2e300
190619071633,SOLO_FAIL,01c2e300
190619071639,ENDCOOP_FAIL,01c2e300_
190619071639,TAG_DEPARTED_B,01c2e300
190619071641,TAG_ARRIVED_B,01c2e300
190619071642,SOLO_FAIL,01c2e300
190619071643,ENDCOOP_FAIL,01c2e300_
190619071643,TAG_DEPARTED_B,01c2e300
190619071723,TAG_ARRIVED_A,0140c700
190619071724,SOLO_FAIL,0140c700
190619071727,TAG_DEPARTED_A,0140c700
190619071748,TAG_ARRIVED_A,1753200
190619071749,SOLO_FAIL,1753200
190619071753,TAG_DEPARTED_A,1753200
190619071754,TAG_ARRIVED_A,1021800
190619071755,SOLO_FAIL,1021800
190619071800,TAG_DEPARTED_A,1021800
190619071827,LOCKOUT_ENDED,
190619071953,TAG_ARRIVED_A,1753200
190619071954,SOLO_SUCCESS,1753200
190619071955,TAG_DEPARTED_A,1753200
190619072203,TAG_ARRIVED_A,1048700
190619072204,SOLO_SUCCESS,1048700
190619072218,TAG_DEPARTED_A,1048700
190619072316,TAG_ARRIVED_A,01c4ca00
190619072317,SOLO_SUCCESS,01c4ca00
190619072356,TAG_DEPARTED_A,01c4ca00
190619072357,TAG_ARRIVED_A,01c4ca00
190619072358,SOLO_SUCCESS,01c4ca00
190619072403,TAG_ARRIVED_B,0101c200
190619072404,STARTCOOP_SUCCESS,01c4ca00_0101c200
190619072407,ENDCOOP_SUCCESS,0101c200_01c4ca00
190619072407,TAG_DEPARTED_B,0101c200
190619072408,TAG_ARRIVED_B,0101c200
190619072409,STARTCOOP_SUCCESS,01c4ca00_0101c200
190619072409,TAG_DEPARTED_A,01c4ca00
190619072416,TAG_ARRIVED_A,1050400
190619072416,STARTCOOP_FAIL,0101c200_01050400
190619072422,ENDCOOP_FAIL,0101c200_01050400
190619072422,TAG_DEPARTED_B,0101c200
190619072424,TAG_ARRIVED_B,0101c200
190619072425,STARTCOOP_FAIL,01050400_0101c200
190619072426,TAG_DEPARTED_A,1050400
190619072429,TAG_ARRIVED_A,1050400
190619072429,STARTCOOP_FAIL,0101c200_01050400
190619072435,ENDCOOP_FAIL,0101c200_01050400
190619072435,TAG_DEPARTED_B,0101c200
190619072436,TAG_ARRIVED_B,0101c200
190619072437,STARTCOOP_FAIL,01050400_0101c200
190619072437,TAG_DEPARTED_A,1050400
190619072444,ENDCOOP_FAIL,0101c200_
190619072444,TAG_DEPARTED_B,0101c200
190619072445,TAG_ARRIVED_B,1050400
190619072446,SOLO_FAIL,1050400
190619072450,TAG_ARRIVED_A,01c4ca00
190619072451,STARTCOOP_FAIL,01050400_01c4ca00
190619072510,TAG_DEPARTED_A,01c4ca00
190619072516,TAG_ARRIVED_A,01c4ca00
190619072517,STARTCOOP_FAIL,01050400_01c4ca00
190619072536,ENDCOOP_FAIL,01050400_01c4ca00
190619072536,TAG_DEPARTED_B,1050400
190619072537,TAG_ARRIVED_B,1050400
190619072538,STARTCOOP_FAIL,01c4ca00_01050400
190619072538,TAG_ARRIVED_B,0101c200
190619072539,STARTCOOP_SUCCESS,01c4ca00_0101c200
190619072540,ENDCOOP_SUCCESS,0101c200_01c4ca00
190619072540,TAG_DEPARTED_B,0101c200
190619072542,TAG_DEPARTED_A,01c4ca00
190619072544,TAG_ARRIVED_A,01c4ca00
190619072545,SOLO_FAIL,01c4ca00
190619072545,TAG_ARRIVED_B,0101c200
190619072546,STARTCOOP_SUCCESS,01c4ca00_0101c200
190619072547,TAG_DEPARTED_A,01c4ca00
190619072547,TAG_ARRIVED_A,0102ae00
190619072548,STARTCOOP_FAIL,0101c200_0102ae00
190619072600,ENDCOOP_FAIL,0101c200_0102ae00
190619072600,TAG_DEPARTED_B,0101c200
190619072602,TAG_DEPARTED_A,0102ae00
190619072602,TAG_ARRIVED_B,0102ae00
190619072603,SOLO_FAIL,0102ae00
190619072603,TAG_ARRIVED_A,01c4ca00
190619072604,STARTCOOP_FAIL,0102ae00_01c4ca00
190619072605,ENDCOOP_FAIL,0102ae00_01c4ca00
190619072605,TAG_DEPARTED_B,0102ae00
190619072607,TAG_ARRIVED_B,0102ae00
190619072607,STARTCOOP_FAIL,01c4ca00_0102ae00
190619072614,ENDCOOP_FAIL,0102ae00_01c4ca00
190619072614,TAG_DEPARTED_B,0102ae00
190619072632,TAG_DEPARTED_A,01c4ca00
190619072637,TAG_ARRIVED_A,01c4ca00
190619072638,SOLO_FAIL,01c4ca00
190619072747,TAG_DEPARTED_A,01c4ca00
190619072748,TAG_ARRIVED_A,0102ae00
190619072748,SOLO_FAIL,0102ae00
190619072807,LOCKOUT_ENDED,
190619072810,TAG_DEPARTED_A,0102ae00
190619072812,TAG_ARRIVED_A,0102ae00
190619072812,SOLO_SUCCESS,0102ae00
190619072822,TAG_DEPARTED_A,0102ae00
190619072829,TAG_ARRIVED_B,0102ae00
190619072829,SOLO_SUCCESS,0102ae00
190619072834,TAG_DEPARTED_B,0102ae00
190619072835,TAG_ARRIVED_B,0102ae00
190619072836,SOLO_SUCCESS,0102ae00
190619072837,TAG_DEPARTED_B,0102ae00
190619072840,TAG_ARRIVED_A,01043c00
190619072841,SOLO_SUCCESS,01043c00
190619072841,TAG_ARRIVED_B,0102ae00
190619072842,STARTCOOP_FAIL,01043c00_0102ae00
190619072842,TAG_DEPARTED_A,01043c00
190619072844,ENDCOOP_FAIL,0102ae00_
190619072844,TAG_DEPARTED_B,0102ae00
190619072848,TAG_ARRIVED_B,0102ae00
190619072848,SOLO_FAIL,0102ae00
190619072858,ENDCOOP_FAIL,0102ae00_
190619072858,TAG_DEPARTED_B,0102ae00
190619072859,TAG_ARRIVED_B,0102ae00
190619072859,SOLO_FAIL,0102ae00
190619072903,ENDCOOP_FAIL,0102ae00_
190619072903,TAG_DEPARTED_B,0102ae00
190619072903,TAG_ARRIVED_B,0102ae00
190619072904,SOLO_FAIL,0102ae00
190619072905,ENDCOOP_FAIL,0102ae00_
190619072905,TAG_DEPARTED_B,0102ae00
190619072919,TAG_ARRIVED_B,0102ae00
190619072919,SOLO_FAIL,0102ae00
190619072923,ENDCOOP_FAIL,0102ae00_
190619072924,TAG_DEPARTED_B,0102ae00
190619072924,TAG_ARRIVED_B,0102ae00
190619072924,SOLO_FAIL,0102ae00
190619073002,ENDCOOP_FAIL,0102ae00_
190619073003,TAG_DEPARTED_B,0102ae00
190619073042,LOCKOUT_ENDED,
190619073051,TAG_ARRIVED_A,01bf9c00
190619073052,SOLO_SUCCESS,01bf9c00
190619073114,TAG_ARRIVED_B,0102ae00
190619073115,STARTCOOP_FAIL,01bf9c00_0102ae00
190619073116,ENDCOOP_FAIL,0102ae00_01bf9c00
190619073117,TAG_DEPARTED_B,0102ae00
190619073117,TAG_ARRIVED_B,0102ae00
190619073118,STARTCOOP_FAIL,01bf9c00_0102ae00
190619073118,TAG_DEPARTED_A,01bf9c00
190619073119,TAG_ARRIVED_A,01bf9c00
190619073120,STARTCOOP_FAIL,0102ae00_01bf9c00
190619073120,ENDCOOP_FAIL,0102ae00_01bf9c00
190619073120,TAG_DEPARTED_B,0102ae00
190619073122,TAG_ARRIVED_B,0102ae00
190619073123,STARTCOOP_FAIL,01bf9c00_0102ae00
190619073129,ENDCOOP_FAIL,0102ae00_01bf9c00
190619073129,TAG_DEPARTED_B,0102ae00
190619073149,TAG_ARRIVED_B,0102ae00
190619073150,STARTCOOP_FAIL,01bf9c00_0102ae00
190619073204,TAG_DEPARTED_A,01bf9c00
190619073206,TAG_ARRIVED_A,01bf9c00
190619073207,STARTCOOP_FAIL,0102ae00_01bf9c00
190619073316,TAG_DEPARTED_A,01bf9c00
190619073331,TAG_ARRIVED_A,01bf9c00
190619073332,STARTCOOP_FAIL,0102ae00_01bf9c00
190619073345,ENDCOOP_FAIL,0102ae00_01bf9c00
190619073345,TAG_DEPARTED_B,0102ae00
190619073346,TAG_DEPARTED_A,01bf9c00
190619073347,TAG_ARRIVED_B,01bf9c00
190619073349,SOLO_FAIL,01bf9c00
190619073406,ENDCOOP_FAIL,01bf9c00_
190619073406,TAG_DEPARTED_B,01bf9c00
190619073514,TAG_ARRIVED_B,1048700
190619073515,SOLO_FAIL,1048700
190619073522,ENDCOOP_FAIL,01048700_
190619073522,TAG_DEPARTED_B,1048700
190619073524,TAG_ARRIVED_A,1048700
190619073525,SOLO_FAIL,1048700
190619073526,TAG_DEPARTED_A,1048700
190619073532,LOCKOUT_ENDED,
190619073623,TAG_ARRIVED_B,1048700
190619073624,SOLO_SUCCESS,1048700
190619073625,TAG_DEPARTED_B,1048700
190619073656,TAG_ARRIVED_B,1048700
190619073657,SOLO_SUCCESS,1048700
190619073658,TAG_DEPARTED_B,1048700
190619073701,TAG_ARRIVED_B,1048700
190619073701,SOLO_SUCCESS,1048700
190619073703,TAG_DEPARTED_B,1048700
190619073704,TAG_ARRIVED_B,1048700
190619073705,SOLO_SUCCESS,1048700
190619073708,TAG_DEPARTED_B,1048700
190619073736,TAG_ARRIVED_A,1048700
190619073737,SOLO_SUCCESS,1048700
190619073738,TAG_ARRIVED_B,1048700
190619073739,SOLO_SUCCESS,1048700
190619073740,TAG_DEPARTED_A,1048700
190619073740,TAG_DEPARTED_B,1048700
190619073808,TAG_ARRIVED_A,01c2e300
190619073809,SOLO_SUCCESS,01c2e300
190619073809,TAG_ARRIVED_B,1050400
190619073809,STARTCOOP_FAIL,01c2e300_01050400
190619073810,TAG_DEPARTED_A,01c2e300
190619073811,ENDCOOP_FAIL,01050400_
190619073812,TAG_DEPARTED_B,1050400
190619073812,TAG_ARRIVED_B,01c2e300
190619073813,SOLO_FAIL,01c2e300
190619073828,ENDCOOP_FAIL,01c2e300_
190619073829,TAG_DEPARTED_B,01c2e300
190619073838,TAG_ARRIVED_B,01c2e300
190619073839,SOLO_FAIL,01c2e300
190619073839,TAG_ARRIVED_A,1050400
190619073840,STARTCOOP_FAIL,01c2e300_01050400
190619073841,ENDCOOP_FAIL,01c2e300_01050400
190619073841,TAG_DEPARTED_B,01c2e300
190619073913,TAG_DEPARTED_A,1050400
190619073917,TAG_ARRIVED_A,01c2e300
190619073918,SOLO_FAIL,01c2e300
190619073927,TAG_DEPARTED_A,01c2e300
190619073930,TAG_ARRIVED_A,01c2e300
190619073931,SOLO_FAIL,01c2e300
190619073937,TAG_ARRIVED_B,1048700
190619073938,STARTCOOP_SUCCESS,01c2e300_01048700
190619073939,ENDCOOP_SUCCESS,01048700_01c2e300
190619073939,TAG_DEPARTED_B,1048700
190619073940,TAG_DEPARTED_A,01c2e300
190619073949,TAG_ARRIVED_A,1653700
190619073950,SOLO_FAIL,1653700
190619073951,TAG_DEPARTED_A,1653700
190619074019,TAG_ARRIVED_B,1653700
190619074020,SOLO_FAIL,1653700
190619074040,LOCKOUT_ENDED,
190619074042,TAG_DEPARTED_B,1653700
190619074059,TAG_ARRIVED_B,1653700
190619074100,SOLO_SUCCESS,1653700
190619074102,TAG_DEPARTED_B,1653700
190619074109,TAG_ARRIVED_B,1653700
190619074110,SOLO_SUCCESS,1653700
190619074113,TAG_DEPARTED_B,1653700
190619074118,TAG_ARRIVED_B,1653700
190619074119,SOLO_SUCCESS,1653700
190619074120,TAG_DEPARTED_B,1653700
190619074200,TAG_ARRIVED_A,1048700
190619074201,SOLO_SUCCESS,1048700
190619074204,TAG_DEPARTED_A,1048700
190619074217,TAG_ARRIVED_B,1653700
190619074218,SOLO_SUCCESS,1653700
190619074219,TAG_ARRIVED_A,1048700
190619074220,STARTCOOP_SUCCESS,01653700_01048700
190619074224,TAG_DEPARTED_A,1048700
190619074227,TAG_ARRIVED_A,1048700
190619074228,STARTCOOP_SUCCESS,01653700_01048700
190619074239,TAG_DEPARTED_A,1048700
190619074241,TAG_ARRIVED_A,1048700
190619074242,STARTCOOP_SUCCESS,01653700_01048700
190619074246,ENDCOOP_SUCCESS,01653700_01048700
190619074246,TAG_DEPARTED_B,1653700
190619074249,TAG_ARRIVED_B,1653700
190619074250,STARTCOOP_SUCCESS,01048700_01653700
190619074252,ENDCOOP_SUCCESS,01653700_01048700
190619074253,TAG_DEPARTED_B,1653700
190619074253,TAG_ARRIVED_B,1653700
190619074254,STARTCOOP_SUCCESS,01048700_01653700
190619074300,ENDCOOP_SUCCESS,01653700_01048700
190619074300,TAG_DEPARTED_B,1653700
190619074303,TAG_ARRIVED_B,1653700
190619074305,STARTCOOP_SUCCESS,01048700_01653700
190619074312,ENDCOOP_SUCCESS,01653700_01048700
190619074313,TAG_DEPARTED_B,1653700
190619074315,TAG_ARRIVED_B,1653700
190619074316,STARTCOOP_SUCCESS,01048700_01653700
190619074317,ENDCOOP_SUCCESS,01653700_01048700
190619074317,TAG_DEPARTED_B,1653700
190619074318,TAG_ARRIVED_B,1653700
190619074319,STARTCOOP_SUCCESS,01048700_01653700
190619074320,ENDCOOP_SUCCESS,01653700_01048700
190619074320,TAG_DEPARTED_B,1653700
190619074321,TAG_ARRIVED_B,1653700
190619074322,STARTCOOP_SUCCESS,01048700_01653700
190619074322,TAG_DEPARTED_A,1048700
190619074322,TAG_ARRIVED_A,1048700
190619074323,STARTCOOP_SUCCESS,01653700_01048700
190619074325,ENDCOOP_SUCCESS,01653700_01048700
190619074325,TAG_DEPARTED_B,1653700
190619074330,TAG_ARRIVED_B,1653700
190619074331,STARTCOOP_SUCCESS,01048700_01653700
190619074338,ENDCOOP_SUCCESS,01653700_01048700
190619074339,TAG_DEPARTED_B,1653700
190619074346,TAG_DEPARTED_A,1048700
190619074346,TAG_ARRIVED_A,1653700
190619074347,SOLO_SUCCESS,1653700
190619074348,TAG_DEPARTED_A,1653700
190619074349,TAG_ARRIVED_A,1653700
190619074350,SOLO_SUCCESS,1653700
190619074357,TAG_ARRIVED_B,1048700
190619074358,STARTCOOP_SUCCESS,01653700_01048700
190619074359,TAG_DEPARTED_A,1653700
190619074359,TAG_ARRIVED_A,1653700
190619074400,STARTCOOP_SUCCESS,01048700_01653700
190619074405,ENDCOOP_SUCCESS,01048700_01653700
190619074405,TAG_DEPARTED_B,1048700
190619074405,TAG_DEPARTED_A,1653700
190619074409,TAG_ARRIVED_A,1653700
190619074410,SOLO_SUCCESS,1653700
190619074414,TAG_DEPARTED_A,1653700
190619074416,TAG_ARRIVED_A,1653700
190619074417,SOLO_SUCCESS,1653700
190619074420,TAG_DEPARTED_A,1653700
190619074430,TAG_ARRIVED_B,1653700
190619074431,SOLO_SUCCESS,1653700
190619074433,TAG_ARRIVED_B,0102ae00
190619074434,SOLO_SUCCESS,0102ae00
190619074435,TAG_DEPARTED_B,0102ae00
190619074438,TAG_ARRIVED_B,0102ae00
190619074438,SOLO_SUCCESS,0102ae00
190619074440,TAG_DEPARTED_B,0102ae00
190619074440,TAG_ARRIVED_B,0102ae00
190619074441,SOLO_SUCCESS,0102ae00
190619074445,TAG_DEPARTED_B,0102ae00
190619074452,TAG_ARRIVED_B,0102ae00
190619074453,SOLO_SUCCESS,0102ae00
190619074454,TAG_DEPARTED_B,0102ae00
190619074503,TAG_ARRIVED_B,0102ae00
190619074503,SOLO_SUCCESS,0102ae00
190619074507,TAG_DEPARTED_B,0102ae00
190619074513,TAG_ARRIVED_B,0102ae00
190619074513,SOLO_SUCCESS,0102ae00
190619074515,TAG_DEPARTED_B,0102ae00
190619074522,TAG_ARRIVED_A,0102ae00
190619074522,SOLO_SUCCESS,0102ae00
190619074526,TAG_DEPARTED_A,0102ae00
190619074537,TAG_ARRIVED_A,0102ae00
190619074537,SOLO_SUCCESS,0102ae00
190619074544,TAG_DEPARTED_A,0102ae00
190619074547,TAG_ARRIVED_A,0102ae00
190619074548,SOLO_SUCCESS,0102ae00
190619074559,TAG_DEPARTED_A,0102ae00
190619074603,TAG_ARRIVED_A,0102ae00
190619074603,SOLO_SUCCESS,0102ae00
190619074608,TAG_DEPARTED_A,0102ae00
190619074612,TAG_ARRIVED_A,0102ae00
190619074613,SOLO_SUCCESS,0102ae00
190619074629,TAG_DEPARTED_A,0102ae00
190619074629,TAG_ARRIVED_A,0102ae00
190619074630,SOLO_SUCCESS,0102ae00
190619074631,TAG_DEPARTED_A,0102ae00
190619074643,TAG_ARRIVED_A,0102ae00
190619074643,SOLO_SUCCESS,0102ae00
190619074654,TAG_DEPARTED_A,0102ae00
190619074704,TAG_ARRIVED_A,1048700
190619074705,SOLO_SUCCESS,1048700
190619074708,TAG_DEPARTED_A,1048700
190619074710,TAG_ARRIVED_A,1048700
190619074711,SOLO_SUCCESS,1048700
190619074713,TAG_DEPARTED_A,1048700
190619074714,TAG_ARRIVED_A,1048700
190619074715,SOLO_SUCCESS,1048700
190619074716,TAG_DEPARTED_A,1048700
190619074817,TAG_ARRIVED_A,1783900
190619074818,SOLO_SUCCESS,1783900
190619074820,TAG_ARRIVED_B,0139d100
190619074821,STARTCOOP_SUCCESS,01783900_0139d100
190619074825,TAG_DEPARTED_A,1783900
190619074825,ENDCOOP_SUCCESS,0139d100_
190619074825,TAG_DEPARTED_B,0139d100
190619080428,TAG_ARRIVED_A,0102ee00
190619080429,SOLO_SUCCESS,0102ee00
190619080432,TAG_DEPARTED_A,0102ee00
190619080446,TAG_ARRIVED_A,0102ee00
190619080447,SOLO_SUCCESS,0102ee00
190619080451,TAG_DEPARTED_A,0102ee00
190619080452,TAG_ARRIVED_A,0102ee00
190619080453,SOLO_SUCCESS,0102ee00
190619080456,TAG_DEPARTED_A,0102ee00
190619080617,TAG_ARRIVED_A,0102ee00
190619080618,SOLO_SUCCESS,0102ee00
190619080619,TAG_DEPARTED_A,0102ee00
190619080625,TAG_ARRIVED_A,0102ee00
190619080626,SOLO_SUCCESS,0102ee00
190619080628,TAG_DEPARTED_A,0102ee00
190619081019,TAG_ARRIVED_B,0102ee00
190619081020,SOLO_SUCCESS,0102ee00
190619081022,TAG_DEPARTED_B,0102ee00
190619081050,TAG_ARRIVED_B,1050400
190619081050,SOLO_SUCCESS,1050400
190619081052,TAG_DEPARTED_B,1050400
190619081058,TAG_ARRIVED_A,1050400
190619081058,SOLO_SUCCESS,1050400
190619081100,TAG_DEPARTED_A,1050400
190619081246,TAG_ARRIVED_A,0102ee00
190619081247,SOLO_SUCCESS,0102ee00
190619081248,TAG_DEPARTED_A,0102ee00
190619081817,TAG_ARRIVED_A,01c2e300
190619081818,SOLO_SUCCESS,01c2e300
190619081825,TAG_DEPARTED_A,01c2e300
190619081853,TAG_ARRIVED_A,018b0800
190619081854,SOLO_SUCCESS,018b0800
190619081855,TAG_ARRIVED_A,1753200
190619081856,SOLO_SUCCESS,1753200
190619081859,TAG_ARRIVED_A,01c2e300
190619081900,SOLO_SUCCESS,01c2e300
190619081901,TAG_DEPARTED_A,01c2e300
190619081906,TAG_ARRIVED_A,01c2e300
190619081907,SOLO_SUCCESS,01c2e300
190619081911,TAG_DEPARTED_A,01c2e300
190619081952,TAG_ARRIVED_A,0101c200
190619081953,SOLO_SUCCESS,0101c200
190619081953,TAG_ARRIVED_A,1050400
190619081953,SOLO_SUCCESS,1050400
190619081955,TAG_DEPARTED_A,1050400
190619081957,TAG_ARRIVED_A,1050400
190619081957,SOLO_SUCCESS,1050400
190619082008,TAG_DEPARTED_A,1050400
190619084855,TAG_ARRIVED_A,01c4ca00
190619084855,SOLO_SUCCESS,01c4ca00
190619084857,TAG_DEPARTED_A,01c4ca00
190619085251,TAG_ARRIVED_B,1050400
190619085252,SOLO_SUCCESS,1050400
190619085253,TAG_DEPARTED_B,1050400
190619085310,TAG_ARRIVED_B,1050400
190619085310,SOLO_SUCCESS,1050400
190619085323,TAG_DEPARTED_B,1050400
190619085329,TAG_ARRIVED_B,01c4ca00
190619085330,SOLO_SUCCESS,01c4ca00
190619085331,TAG_DEPARTED_B,01c4ca00
190619085339,TAG_ARRIVED_B,0102ae00
190619085340,SOLO_SUCCESS,0102ae00
190619085346,TAG_DEPARTED_B,0102ae00
190619085550,TAG_ARRIVED_B,0102ae00
190619085551,SOLO_SUCCESS,0102ae00
190619085553,TAG_DEPARTED_B,0102ae00
190619091417,TAG_ARRIVED_B,1050400
190619091417,SOLO_SUCCESS,1050400
190619091420,TAG_DEPARTED_B,1050400
190619091825,TAG_ARRIVED_A,018b0800
190619091826,SOLO_SUCCESS,018b0800
190619091829,TAG_DEPARTED_A,018b0800
190619091840,TAG_ARRIVED_A,018b0800
190619091841,SOLO_SUCCESS,018b0800
190619091847,TAG_DEPARTED_A,018b0800
190619091851,TAG_ARRIVED_A,018b0800
190619091852,SOLO_SUCCESS,018b0800
190619091855,TAG_DEPARTED_A,018b0800
190619092014,TAG_ARRIVED_A,018b0800
190619092014,SOLO_SUCCESS,018b0800
190619092035,TAG_DEPARTED_A,018b0800
190619092044,TAG_ARRIVED_A,018b0800
190619092045,SOLO_SUCCESS,018b0800
190619092050,TAG_DEPARTED_A,018b0800
190619093134,TAG_ARRIVED_A,1050400
190619093135,SOLO_SUCCESS,1050400
190619093136,TAG_DEPARTED_A,1050400
190619093405,TAG_ARRIVED_A,01b57900
190619093406,SOLO_SUCCESS,01b57900
190619093407,TAG_DEPARTED_A,01b57900
190619093415,TAG_ARRIVED_A,01b57900
190619093415,SOLO_SUCCESS,01b57900
190619093426,TAG_DEPARTED_A,01b57900
190619093659,TAG_ARRIVED_A,0195b300
190619093700,SOLO_SUCCESS,0195b300
190619093706,TAG_DEPARTED_A,0195b300
190619093707,TAG_ARRIVED_A,0195b300
190619093708,SOLO_SUCCESS,0195b300
190619093719,TAG_DEPARTED_A,0195b300
190619093922,TAG_ARRIVED_A,0195b300
190619093923,SOLO_SUCCESS,0195b300
190619093924,TAG_DEPARTED_A,0195b300
190619093927,TAG_ARRIVED_A,0195b300
190619093928,SOLO_SUCCESS,0195b300
190619093930,TAG_DEPARTED_A,0195b300
190619094319,TAG_ARRIVED_A,0102ee00
190619094320,SOLO_SUCCESS,0102ee00
190619094324,TAG_DEPARTED_A,0102ee00
190619094325,TAG_ARRIVED_A,0102ee00
190619094326,SOLO_SUCCESS,0102ee00
190619094331,TAG_DEPARTED_A,0102ee00
190619094357,TAG_ARRIVED_A,0102ae00
190619094358,SOLO_SUCCESS,0102ae00
190619094401,TAG_DEPARTED_A,0102ae00
190619094404,TAG_ARRIVED_A,0102ae00
190619094405,SOLO_SUCCESS,0102ae00
190619094417,TAG_DEPARTED_A,0102ae00
190619094418,TAG_ARRIVED_A,0102ae00
190619094418,SOLO_SUCCESS,0102ae00
190619094421,TAG_DEPARTED_A,0102ae00
190619094528,TAG_ARRIVED_A,1050400
190619094529,SOLO_SUCCESS,1050400
190619094533,TAG_DEPARTED_A,1050400
190619094755,TAG_ARRIVED_A,01d41b00
190619094756,SOLO_SUCCESS,01d41b00
190619094757,TAG_DEPARTED_A,01d41b00
190619094809,TAG_ARRIVED_A,01d41b00
190619094810,SOLO_SUCCESS,01d41b00
190619094811,TAG_DEPARTED_A,01d41b00
190619095224,TAG_ARRIVED_A,1048700
190619095225,SOLO_SUCCESS,1048700
190619095227,TAG_DEPARTED_A,1048700
190619095510,TAG_ARRIVED_A,0102ee00
190619095511,SOLO_SUCCESS,0102ee00
190619095512,TAG_DEPARTED_A,0102ee00
190619095540,TAG_ARRIVED_A,0102ee00
190619095541,SOLO_SUCCESS,0102ee00
190619095542,TAG_DEPARTED_A,0102ee00
190619095804,TAG_ARRIVED_A,01e14200
190619095804,SOLO_SUCCESS,01e14200
190619095806,TAG_DEPARTED_A,01e14200
