190610045933,START_EXPERIMENT,
190610052015,TAG_ARRIVED_A,01050400
190610052015,SOLO_SUCCESS,01050400
190610052027,TAG_DEPARTED_A,01050400
190610054402,TAG_ARRIVED_B,01e14200
190610054403,SOLO_SUCCESS,01e14200
190610054404,TAG_DEPARTED_B,01e14200
190610054427,TAG_ARRIVED_B,01e14200
190610054428,SOLO_SUCCESS,01e14200
190610054436,TAG_DEPARTED_B,01e14200
190610054439,TAG_ARRIVED_B,01e14200
190610054440,SOLO_SUCCESS,01e14200
190610054453,TAG_DEPARTED_B,01e14200
190610054456,TAG_ARRIVED_B,01e14200
190610054457,SOLO_SUCCESS,01e14200
190610054458,TAG_ARRIVED_A,01e14200
190610054459,SOLO_SUCCESS,01e14200
190610054459,TAG_DEPARTED_B,01e14200
190610054507,TAG_DEPARTED_A,01e14200
190610054508,TAG_ARRIVED_B,01e14200
190610054509,SOLO_SUCCESS,01e14200
190610054510,TAG_ARRIVED_A,01e14200
190610054511,SOLO_SUCCESS,01e14200
190610054511,TAG_DEPARTED_B,01e14200
190610054512,TAG_DEPARTED_A,01e14200
190610054515,TAG_ARRIVED_A,01e14200
190610054516,SOLO_SUCCESS,01e14200
190610054611,TAG_DEPARTED_A,01e14200
190610054715,TAG_ARRIVED_A,01e14200
190610054716,SOLO_SUCCESS,01e14200
190610054757,TAG_DEPARTED_A,01e14200
190610054810,TAG_ARRIVED_B,01e14200
190610054810,SOLO_SUCCESS,01e14200
190610054829,TAG_DEPARTED_B,01e14200
190610054837,TAG_ARRIVED_B,0102d900
190610054838,SOLO_SUCCESS,0102d900
190610054839,TAG_DEPARTED_B,0102d900
190610054851,TAG_ARRIVED_B,0102d900
190610054852,SOLO_SUCCESS,0102d900
190610054913,TAG_DEPARTED_B,0102d900
190610054918,TAG_ARRIVED_A,0102d900
190610054919,SOLO_SUCCESS,0102d900
190610054921,TAG_DEPARTED_A,0102d900
190610054924,TAG_ARRIVED_A,0102d900
190610054925,SOLO_SUCCESS,0102d900
190610054931,TAG_DEPARTED_A,0102d900
190610054959,TAG_ARRIVED_A,0102d900
190610055000,SOLO_SUCCESS,0102d900
190610055008,TAG_DEPARTED_A,0102d900
190610055439,TAG_ARRIVED_A,01653700
190610055440,SOLO_SUCCESS,01653700
190610055457,TAG_DEPARTED_A,01653700
190610055518,TAG_ARRIVED_A,01653700
190610055519,SOLO_SUCCESS,01653700
190610055525,TAG_DEPARTED_A,01653700
190610055539,TAG_ARRIVED_A,01653700
190610055540,SOLO_SUCCESS,01653700
190610055613,TAG_DEPARTED_A,01653700
190610055614,TAG_ARRIVED_A,01653700
190610055615,SOLO_SUCCESS,01653700
190610055616,TAG_DEPARTED_A,01653700
190610055619,TAG_ARRIVED_A,01653700
190610055620,SOLO_SUCCESS,01653700
190610055621,TAG_DEPARTED_A,01653700
190610055625,TAG_ARRIVED_A,01653700
190610055626,SOLO_SUCCESS,01653700
190610055628,TAG_ARRIVED_A,01050400
190610055628,SOLO_SUCCESS,01050400
190610055633,TAG_DEPARTED_A,01050400
190610055725,TAG_ARRIVED_A,01653700
190610055726,SOLO_SUCCESS,01653700
190610055733,TAG_DEPARTED_A,01653700
190610055735,TAG_ARRIVED_A,01653700
190610055736,SOLO_SUCCESS,01653700
190610055738,TAG_DEPARTED_A,01653700
190610055750,TAG_ARRIVED_A,01653700
190610055751,SOLO_SUCCESS,01653700
190610055758,TAG_ARRIVED_B,01048700
190610055759,STARTCOOP_SUCCESS,01653700_01048700
190610055759,TAG_DEPARTED_A,01653700
190610055801,TAG_ARRIVED_A,01653700
190610055802,STARTCOOP_SUCCESS,01048700_01653700
190610055809,ENDCOOP_SUCCESS,01048700_01653700
190610055809,TAG_DEPARTED_B,01048700
190610055810,TAG_DEPARTED_A,01653700
190610055811,TAG_ARRIVED_A,01653700
190610055812,SOLO_SUCCESS,01653700
190610055814,TAG_DEPARTED_A,01653700
190610055823,TAG_ARRIVED_A,01653700
190610055824,SOLO_SUCCESS,01653700
190610055829,TAG_DEPARTED_A,01653700
190610055837,TAG_ARRIVED_A,01653700
190610055838,SOLO_SUCCESS,01653700
190610055846,TAG_DEPARTED_A,01653700
190610055900,TAG_ARRIVED_A,01653700
190610055901,SOLO_SUCCESS,01653700
190610055924,TAG_DEPARTED_A,01653700
190610055927,TAG_ARRIVED_A,01653700
190610055928,SOLO_SUCCESS,01653700
190610055940,TAG_DEPARTED_A,01653700
190610055942,TAG_ARRIVED_A,01653700
190610055943,SOLO_SUCCESS,01653700
190610055946,TAG_DEPARTED_A,01653700
190610060036,TAG_ARRIVED_A,01653700
190610060037,SOLO_SUCCESS,01653700
190610060040,TAG_DEPARTED_A,01653700
190610060050,TAG_ARRIVED_A,01653700
190610060051,SOLO_SUCCESS,01653700
190610060052,TAG_DEPARTED_A,01653700
190610060100,TAG_ARRIVED_A,01653700
190610060101,SOLO_SUCCESS,01653700
190610060108,TAG_DEPARTED_A,01653700
190610060132,TAG_ARRIVED_A,01653700
190610060133,SOLO_SUCCESS,01653700
190610060151,TAG_DEPARTED_A,01653700
190610060205,TAG_ARRIVED_A,01653700
190610060206,SOLO_SUCCESS,01653700
190610060207,TAG_DEPARTED_A,01653700
190610060207,TAG_ARRIVED_A,01653700
190610060208,SOLO_SUCCESS,01653700
190610060217,TAG_DEPARTED_A,01653700
190610060423,TAG_ARRIVED_A,01048700
190610060424,SOLO_SUCCESS,01048700
190610060453,TAG_DEPARTED_A,01048700
190610060615,TAG_ARRIVED_B,01048700
190610060616,SOLO_SUCCESS,01048700
190610060643,TAG_DEPARTED_B,01048700
190610060700,TAG_ARRIVED_A,01048700
190610060701,SOLO_SUCCESS,01048700
190610060705,TAG_DEPARTED_A,01048700
190610060708,TAG_ARRIVED_A,01048700
190610060709,SOLO_SUCCESS,01048700
190610060720,TAG_DEPARTED_A,01048700
190610060727,TAG_ARRIVED_A,01048700
190610060728,SOLO_SUCCESS,01048700
190610060745,TAG_DEPARTED_A,01048700
190610060753,TAG_ARRIVED_A,01048700
190610060754,SOLO_SUCCESS,01048700
190610060755,TAG_DEPARTED_A,01048700
190610060806,TAG_ARRIVED_A,01048700
190610060807,SOLO_SUCCESS,01048700
190610060809,TAG_DEPARTED_A,01048700
190610060818,TAG_ARRIVED_A,01048700
190610060819,SOLO_SUCCESS,01048700
190610060823,TAG_DEPARTED_A,01048700
190610060842,TAG_ARRIVED_A,01048700
190610060843,SOLO_SUCCESS,01048700
190610060849,TAG_DEPARTED_A,01048700
190610060855,TAG_ARRIVED_A,01048700
190610060856,SOLO_SUCCESS,01048700
190610060922,TAG_DEPARTED_A,01048700
190610060923,TAG_ARRIVED_A,01048700
190610060924,SOLO_SUCCESS,01048700
190610060932,TAG_DEPARTED_A,01048700
190610060933,TAG_ARRIVED_A,01048700
190610060934,SOLO_SUCCESS,01048700
190610060943,TAG_DEPARTED_A,01048700
190610060944,TAG_ARRIVED_B,01048700
190610060945,SOLO_SUCCESS,01048700
190610060950,TAG_DEPARTED_B,01048700
190610061738,TAG_ARRIVED_A,01050400
190610061738,SOLO_SUCCESS,01050400
190610061743,TAG_DEPARTED_A,01050400
190610062706,TAG_ARRIVED_A,01e14200
190610062707,SOLO_SUCCESS,01e14200
190610062711,TAG_DEPARTED_A,01e14200
190610062717,TAG_ARRIVED_A,01e14200
190610062718,SOLO_SUCCESS,01e14200
190610062854,TAG_DEPARTED_A,01e14200
190610062856,TAG_ARRIVED_A,01e14200
190610062857,SOLO_SUCCESS,01e14200
190610062858,TAG_DEPARTED_A,01e14200
190610062859,TAG_ARRIVED_B,01e14200
190610062900,SOLO_SUCCESS,01e14200
190610062902,TAG_ARRIVED_A,01021800
190610062902,STARTCOOP_SUCCESS,01e14200_01021800
190610062904,TAG_DEPARTED_A,01021800
190610062914,ENDCOOP_SUCCESS,01e14200_
190610062914,TAG_DEPARTED_B,01e14200
190610062925,TAG_ARRIVED_B,01e14200
190610062926,SOLO_SUCCESS,01e14200
190610062927,TAG_DEPARTED_B,01e14200
190610063008,TAG_ARRIVED_A,01e14200
190610063009,SOLO_SUCCESS,01e14200
190610063107,TAG_DEPARTED_A,01e14200
190610063211,TAG_ARRIVED_A,01e14200
190610063212,SOLO_SUCCESS,01e14200
190610063253,TAG_DEPARTED_A,01e14200
190610063253,TAG_ARRIVED_A,01050400
190610063254,SOLO_SUCCESS,01050400
190610063259,TAG_DEPARTED_A,01050400
190610063302,TAG_ARRIVED_A,01050400
190610063302,SOLO_SUCCESS,01050400
190610063304,TAG_DEPARTED_A,01050400
190610064916,TAG_ARRIVED_A,01753200
190610064917,SOLO_SUCCESS,01753200
190610064918,TAG_DEPARTED_A,01753200
190610064922,TAG_ARRIVED_A,01753200
190610064923,SOLO_SUCCESS,01753200
190610064926,TAG_DEPARTED_A,01753200
190610064931,TAG_ARRIVED_A,01753200
190610064932,SOLO_SUCCESS,01753200
190610064933,TAG_DEPARTED_A,01753200
190610071507,TAG_ARRIVED_A,0102d900
190610071508,SOLO_SUCCESS,0102d900
190610071523,TAG_DEPARTED_A,0102d900
190610072341,TAG_ARRIVED_B,01b57900
190610072341,SOLO_SUCCESS,01b57900
190610072348,TAG_DEPARTED_B,01b57900
190610072349,TAG_ARRIVED_B,01b57900
190610072349,SOLO_SUCCESS,01b57900
190610072351,TAG_DEPARTED_B,01b57900
190610072443,TAG_ARRIVED_B,01050400
190610072443,SOLO_SUCCESS,01050400
190610072450,TAG_DEPARTED_B,01050400
190610072708,TAG_ARRIVED_A,01041100
190610072709,SOLO_SUCCESS,01041100
190610072713,TAG_DEPARTED_A,01041100
190610072743,TAG_ARRIVED_A,01753200
190610072744,SOLO_SUCCESS,01753200
190610072748,TAG_DEPARTED_A,01753200
190610072755,TAG_ARRIVED_A,01753200
190610072756,SOLO_SUCCESS,01753200
190610072757,TAG_DEPARTED_A,01753200
190610072759,TAG_ARRIVED_A,01753200
190610072800,SOLO_SUCCESS,01753200
190610072802,TAG_DEPARTED_A,01753200
190610072803,TAG_ARRIVED_A,01753200
190610072804,SOLO_SUCCESS,01753200
190610072806,TAG_DEPARTED_A,01753200
190610072808,TAG_ARRIVED_A,01753200
190610072809,SOLO_SUCCESS,01753200
190610072810,TAG_DEPARTED_A,01753200
190610072811,TAG_ARRIVED_A,01753200
190610072812,SOLO_SUCCESS,01753200
190610072821,TAG_DEPARTED_A,01753200
190610072823,TAG_ARRIVED_A,01e14200
190610072824,SOLO_SUCCESS,01e14200
190610072825,TAG_ARRIVED_B,01753200
190610072826,STARTCOOP_FAIL,01e14200_01753200
190610072826,TAG_DEPARTED_A,01e14200
190610072827,ENDCOOP_FAIL,01753200_
190610072827,TAG_DEPARTED_B,01753200
190610072833,TAG_ARRIVED_A,01753200
190610072834,SOLO_FAIL,01753200
190610072842,TAG_DEPARTED_A,01753200
190610073025,LOCKOUT_ENDED,
190610073049,TAG_ARRIVED_A,01050400
190610073050,SOLO_SUCCESS,01050400
190610073054,TAG_DEPARTED_A,01050400
190610073159,TAG_ARRIVED_B,0102d900
190610073159,SOLO_SUCCESS,0102d900
190610073223,TAG_DEPARTED_B,0102d900
190610073301,TAG_ARRIVED_B,0102d900
190610073302,SOLO_SUCCESS,0102d900
190610073304,TAG_DEPARTED_B,0102d900
190610073310,TAG_ARRIVED_B,0102d900
190610073311,SOLO_SUCCESS,0102d900
190610073315,TAG_DEPARTED_B,0102d900
190610073318,TAG_ARRIVED_B,0102d900
190610073319,SOLO_SUCCESS,0102d900
190610073337,TAG_DEPARTED_B,0102d900
190610073349,TAG_ARRIVED_B,01021800
190610073349,SOLO_SUCCESS,01021800
190610073354,TAG_DEPARTED_B,01021800
190610073510,TAG_ARRIVED_A,01e14200
190610073511,SOLO_SUCCESS,01e14200
190610073513,TAG_DEPARTED_A,01e14200
190610073729,TAG_ARRIVED_B,01e14200
190610073729,SOLO_SUCCESS,01e14200
190610073735,TAG_DEPARTED_B,01e14200
190610073931,TAG_ARRIVED_B,0140c700
190610073932,SOLO_SUCCESS,0140c700
190610073933,TAG_DEPARTED_B,0140c700
190610073935,TAG_ARRIVED_B,0140c700
190610073935,SOLO_SUCCESS,0140c700
190610073937,TAG_DEPARTED_B,0140c700
190610073957,TAG_ARRIVED_B,01021800
190610073957,SOLO_SUCCESS,01021800
190610073959,TAG_DEPARTED_B,01021800
190610074103,TAG_ARRIVED_A,0102ee00
190610074104,TAG_MISSING_A,0102ee00
190610074104,SOLO_SUCCESS,0102ee00
190610074105,TAG_DEPARTED_A,0102ee00
190610074425,TAG_ARRIVED_A,01048700
190610074426,SOLO_SUCCESS,01048700
190610074431,TAG_DEPARTED_A,01048700
190610074623,TAG_ARRIVED_A,01653700
190610074624,SOLO_SUCCESS,01653700
190610074625,TAG_DEPARTED_A,01653700
190610074635,TAG_ARRIVED_A,01653700
190610074636,SOLO_SUCCESS,01653700
190610074638,TAG_DEPARTED_A,01653700
190610074646,TAG_ARRIVED_A,01653700
190610074647,SOLO_SUCCESS,01653700
190610074650,TAG_DEPARTED_A,01653700
190610074650,TAG_ARRIVED_A,01653700
190610074651,SOLO_SUCCESS,01653700
190610074728,TAG_DEPARTED_A,01653700
190610074904,TAG_ARRIVED_A,01653700
190610074905,SOLO_SUCCESS,01653700
190610074906,TAG_DEPARTED_A,01653700
190610074909,TAG_ARRIVED_A,01653700
190610074910,SOLO_SUCCESS,01653700
190610074914,TAG_DEPARTED_A,01653700
190610074915,TAG_ARRIVED_A,01653700
190610074915,SOLO_SUCCESS,01653700
190610074926,TAG_DEPARTED_A,01653700
190610074927,TAG_ARRIVED_A,01048700
190610074928,SOLO_SUCCESS,01048700
190610074931,TAG_DEPARTED_A,01048700
190610075056,TAG_ARRIVED_A,0102ee00
190610075057,TAG_MISSING_A,0102ee00
190610075058,SOLO_SUCCESS,0102ee00
190610075105,TAG_DEPARTED_A,0102ee00
190610075557,TAG_ARRIVED_A,01048700
190610075558,SOLO_SUCCESS,01048700
190610075600,TAG_DEPARTED_A,01048700
190610075913,TAG_ARRIVED_A,0102ee00
190610075915,TAG_MISSING_A,0102ee00
190610075915,SOLO_SUCCESS,0102ee00
190610075918,TAG_DEPARTED_A,0102ee00
190610080207,TAG_ARRIVED_B,0102f000
190610080208,SOLO_SUCCESS,0102f000
190610080211,TAG_DEPARTED_B,0102f000
190610080221,TAG_ARRIVED_B,01c4ca00
190610080222,SOLO_SUCCESS,01c4ca00
190610080223,TAG_DEPARTED_B,01c4ca00
190610080244,TAG_ARRIVED_B,01c4ca00
190610080245,SOLO_SUCCESS,01c4ca00
190610080246,TAG_DEPARTED_B,01c4ca00
190610080254,TAG_ARRIVED_B,01c4ca00
190610080255,SOLO_SUCCESS,01c4ca00
190610080258,TAG_DEPARTED_B,01c4ca00
190610080341,TAG_ARRIVED_B,0102f000
190610080342,SOLO_SUCCESS,0102f000
190610080349,TAG_DEPARTED_B,0102f000
190610080431,TAG_ARRIVED_B,0102f000
190610080432,SOLO_SUCCESS,0102f000
190610080438,TAG_DEPARTED_B,0102f000
190610080440,TAG_ARRIVED_B,0102f000
190610080440,SOLO_SUCCESS,0102f000
190610080527,TAG_DEPARTED_B,0102f000
190610080624,TAG_ARRIVED_B,0102f000
190610080625,SOLO_SUCCESS,0102f000
190610080631,TAG_DEPARTED_B,0102f000
190610080633,TAG_ARRIVED_B,0102f000
190610080633,SOLO_SUCCESS,0102f000
190610080652,TAG_DEPARTED_B,0102f000
190610080659,TAG_ARRIVED_B,0102f000
190610080659,SOLO_SUCCESS,0102f000
190610080726,TAG_DEPARTED_B,0102f000
190610080754,TAG_ARRIVED_A,0102f000
190610080754,SOLO_SUCCESS,0102f000
190610080758,TAG_DEPARTED_A,0102f000
190610080800,TAG_ARRIVED_A,0102f000
190610080801,SOLO_SUCCESS,0102f000
190610080802,TAG_DEPARTED_A,0102f000
190610080835,TAG_ARRIVED_A,0102f000
190610080836,SOLO_SUCCESS,0102f000
190610080840,TAG_DEPARTED_A,0102f000
190610080843,TAG_ARRIVED_A,0102f000
190610080844,SOLO_SUCCESS,0102f000
190610080847,TAG_DEPARTED_A,0102f000
190610080850,TAG_ARRIVED_A,0102f000
190610080851,SOLO_SUCCESS,0102f000
190610080854,TAG_DEPARTED_A,0102f000
190610080901,TAG_ARRIVED_A,0102f000
190610080901,SOLO_SUCCESS,0102f000
190610080903,TAG_DEPARTED_A,0102f000
190610080910,TAG_ARRIVED_A,0102f000
190610080911,SOLO_SUCCESS,0102f000
190610080917,TAG_DEPARTED_A,0102f000
190610080922,TAG_ARRIVED_B,0102f000
190610080923,SOLO_SUCCESS,0102f000
190610080956,TAG_DEPARTED_B,0102f000
190610081130,TAG_ARRIVED_B,0140c700
190610081130,SOLO_SUCCESS,0140c700
190610081134,TAG_DEPARTED_B,0140c700
190610081301,TAG_ARRIVED_B,01c4ca00
190610081302,SOLO_SUCCESS,01c4ca00
190610081342,TAG_DEPARTED_B,01c4ca00
190610081513,TAG_ARRIVED_B,01fe7600
190610081513,SOLO_SUCCESS,01fe7600
190610081521,TAG_DEPARTED_B,01fe7600
190610081522,TAG_ARRIVED_B,01fe7600
190610081522,SOLO_SUCCESS,01fe7600
190610081559,TAG_DEPARTED_B,01fe7600
190610081606,TAG_ARRIVED_B,01fe7600
190610081607,SOLO_SUCCESS,01fe7600
190610081612,TAG_DEPARTED_B,01fe7600
190610081622,TAG_ARRIVED_B,01fe7600
190610081623,SOLO_SUCCESS,01fe7600
190610081625,TAG_DEPARTED_B,01fe7600
190610081627,TAG_ARRIVED_B,01fe7600
190610081627,SOLO_SUCCESS,01fe7600
190610081634,TAG_DEPARTED_B,01fe7600
190610081653,TAG_ARRIVED_A,01fe7600
190610081653,SOLO_SUCCESS,01fe7600
190610081655,TAG_DEPARTED_A,01fe7600
190610081742,TAG_ARRIVED_A,01fe7600
190610081743,SOLO_SUCCESS,01fe7600
190610081744,TAG_DEPARTED_A,01fe7600
190610083219,TAG_ARRIVED_A,01e14200
190610083220,SOLO_SUCCESS,01e14200
190610083222,TAG_DEPARTED_A,01e14200
190610083225,TAG_ARRIVED_A,01e14200
190610083225,SOLO_SUCCESS,01e14200
190610083228,TAG_DEPARTED_A,01e14200
190610083755,TAG_ARRIVED_A,0101c200
190610083755,SOLO_SUCCESS,0101c200
190610083757,TAG_DEPARTED_A,0101c200
190610084040,TAG_ARRIVED_A,01016400
190610084041,SOLO_SUCCESS,01016400
190610084043,TAG_DEPARTED_A,01016400
190610084225,TAG_ARRIVED_A,01fe7600
190610084226,SOLO_SUCCESS,01fe7600
190610084233,TAG_DEPARTED_A,01fe7600
190610084333,TAG_ARRIVED_B,01fe7600
190610084334,SOLO_SUCCESS,01fe7600
190610084336,TAG_DEPARTED_B,01fe7600
190610084340,TAG_ARRIVED_B,01fe7600
190610084340,SOLO_SUCCESS,01fe7600
190610084514,TAG_DEPARTED_B,01fe7600
190610084516,TAG_ARRIVED_B,01fe7600
190610084516,SOLO_SUCCESS,01fe7600
190610084518,TAG_DEPARTED_B,01fe7600
190610084546,TAG_ARRIVED_B,01c4ca00
190610084547,SOLO_SUCCESS,01c4ca00
190610084600,TAG_DEPARTED_B,01c4ca00
190610084647,TAG_ARRIVED_A,01050400
190610084648,SOLO_SUCCESS,01050400
190610084714,TAG_DEPARTED_A,01050400
190610084759,TAG_ARRIVED_A,0102ee00
190610084800,TAG_MISSING_A,0102ee00
190610084800,SOLO_SUCCESS,0102ee00
190610084813,TAG_DEPARTED_A,0102ee00
190610084814,TAG_ARRIVED_A,0102ee00
190610084815,TAG_MISSING_A,0102ee00
190610084815,SOLO_SUCCESS,0102ee00
190610084827,TAG_DEPARTED_A,0102ee00
190610084830,TAG_ARRIVED_A,01653700
190610084831,SOLO_SUCCESS,01653700
190610084833,TAG_DEPARTED_A,01653700
190610084833,TAG_ARRIVED_A,01653700
190610084834,SOLO_SUCCESS,01653700
190610084841,TAG_DEPARTED_A,01653700
190610084945,TAG_ARRIVED_A,01c4ca00
190610084946,SOLO_SUCCESS,01c4ca00
190610084949,TAG_DEPARTED_A,01c4ca00
190610085129,TAG_ARRIVED_A,0102ee00
190610085130,TAG_MISSING_A,0102ee00
190610085131,SOLO_SUCCESS,0102ee00
190610085140,TAG_DEPARTED_A,0102ee00
190610085144,TAG_ARRIVED_A,0102ee00
190610085145,TAG_MISSING_A,0102ee00
190610085145,SOLO_SUCCESS,0102ee00
190610085150,TAG_DEPARTED_A,0102ee00
190610085151,TAG_ARRIVED_A,0102ee00
190610085152,TAG_MISSING_A,0102ee00
190610085153,SOLO_SUCCESS,0102ee00
190610085154,TAG_DEPARTED_A,0102ee00
190610085210,TAG_ARRIVED_A,0140c700
190610085211,SOLO_SUCCESS,0140c700
190610085214,TAG_DEPARTED_A,0140c700
190610085220,TAG_ARRIVED_A,01048700
190610085220,SOLO_SUCCESS,01048700
190610085222,TAG_DEPARTED_A,01048700
190610085223,TAG_ARRIVED_A,01048700
190610085224,SOLO_SUCCESS,01048700
190610085229,TAG_DEPARTED_A,01048700
190610085232,TAG_ARRIVED_A,01048700
190610085233,SOLO_SUCCESS,01048700
190610085236,TAG_DEPARTED_A,01048700
190610085242,TAG_ARRIVED_A,01048700
190610085243,SOLO_SUCCESS,01048700
190610085245,TAG_DEPARTED_A,01048700
190610085247,TAG_ARRIVED_A,01048700
190610085248,SOLO_SUCCESS,01048700
190610085250,TAG_DEPARTED_A,01048700
190610085308,TAG_ARRIVED_A,01048700
190610085309,SOLO_SUCCESS,01048700
190610085310,TAG_DEPARTED_A,01048700
190610085310,TAG_ARRIVED_A,01048700
190610085311,SOLO_SUCCESS,01048700
190610085314,TAG_DEPARTED_A,01048700
190610085426,TAG_ARRIVED_A,01d41b00
190610085428,TAG_MISSING_A,01d41b00
190610085428,SOLO_SUCCESS,01d41b00
190610085428,TAG_DEPARTED_A,01d41b00
190610085430,TAG_ARRIVED_A,01048700
190610085430,SOLO_SUCCESS,01048700
190610085434,TAG_DEPARTED_A,01048700
190610085438,TAG_ARRIVED_A,01048700
190610085439,SOLO_SUCCESS,01048700
190610085444,TAG_DEPARTED_A,01048700
190610085540,TAG_ARRIVED_A,01d41b00
190610085541,TAG_MISSING_A,01d41b00
190610085542,SOLO_SUCCESS,01d41b00
190610085551,TAG_DEPARTED_A,01d41b00
190610085556,TAG_ARRIVED_A,01d41b00
190610085558,TAG_MISSING_A,01d41b00
190610085558,SOLO_SUCCESS,01d41b00
190610085558,TAG_DEPARTED_A,01d41b00
190610085601,TAG_ARRIVED_A,01d41b00
190610085602,TAG_MISSING_A,01d41b00
190610085602,SOLO_SUCCESS,01d41b00
190610085611,TAG_ARRIVED_A,01b57900
190610085612,SOLO_SUCCESS,01b57900
190610085616,TAG_DEPARTED_A,01b57900
190610085617,TAG_ARRIVED_A,01b57900
190610085617,SOLO_SUCCESS,01b57900
190610085637,TAG_ARRIVED_A,0140c700
190610085637,SOLO_SUCCESS,0140c700
190610085639,TAG_DEPARTED_A,0140c700
190610085704,TAG_ARRIVED_A,01048700
190610085705,SOLO_SUCCESS,01048700
190610085708,TAG_DEPARTED_A,01048700
190610085709,TAG_ARRIVED_A,01048700
190610085710,SOLO_SUCCESS,01048700
190610085719,TAG_DEPARTED_A,01048700
190610085741,TAG_ARRIVED_A,0101c200
190610085742,SOLO_SUCCESS,0101c200
190610085746,TAG_DEPARTED_A,0101c200
190610085834,TAG_ARRIVED_B,01c4ca00
190610085835,SOLO_SUCCESS,01c4ca00
190610085948,TAG_DEPARTED_B,01c4ca00
190610090000,TAG_ARRIVED_B,01c4ca00
190610090001,SOLO_SUCCESS,01c4ca00
190610090002,TAG_DEPARTED_B,01c4ca00
190610090314,TAG_ARRIVED_B,018b0800
190610090314,SOLO_SUCCESS,018b0800
190610090316,TAG_DEPARTED_B,018b0800
190610090316,TAG_ARRIVED_B,018b0800
190610090317,SOLO_SUCCESS,018b0800
190610090319,TAG_DEPARTED_B,018b0800
190610090325,TAG_ARRIVED_B,018b0800
190610090326,SOLO_SUCCESS,018b0800
190610090328,TAG_DEPARTED_B,018b0800
190610090337,TAG_ARRIVED_B,01026c00
190610090338,SOLO_SUCCESS,01026c00
190610090359,TAG_DEPARTED_B,01026c00
190610090401,TAG_ARRIVED_B,01026c00
190610090401,SOLO_SUCCESS,01026c00
190610090409,TAG_DEPARTED_B,01026c00
190610090415,TAG_ARRIVED_B,01026c00
190610090416,SOLO_SUCCESS,01026c00
190610090431,TAG_DEPARTED_B,01026c00
190610090916,TAG_ARRIVED_A,01016400
190610090916,SOLO_SUCCESS,01016400
190610090920,TAG_DEPARTED_A,01016400
190610090935,TAG_ARRIVED_A,0102ee00
190610090936,TAG_MISSING_A,0102ee00
190610090936,SOLO_SUCCESS,0102ee00
190610090949,TAG_DEPARTED_A,0102ee00
190610091246,TAG_ARRIVED_A,01026c00
190610091247,SOLO_SUCCESS,01026c00
190610091248,TAG_DEPARTED_A,01026c00
190610091651,TAG_ARRIVED_B,01d41b00
190610091652,TAG_MISSING_B,01d41b00
190610091652,SOLO_SUCCESS,01d41b00
190610091653,TAG_DEPARTED_B,01d41b00
190610091655,TAG_ARRIVED_B,01d41b00
190610091656,TAG_MISSING_B,01d41b00
190610091656,SOLO_SUCCESS,01d41b00
190610091730,TAG_DEPARTED_B,01d41b00
190610091840,TAG_ARRIVED_B,01fe7600
190610091840,SOLO_SUCCESS,01fe7600
190610091843,TAG_DEPARTED_B,01fe7600
190610091844,TAG_ARRIVED_B,01fe7600
190610091844,SOLO_SUCCESS,01fe7600
190610091902,TAG_DEPARTED_B,01fe7600
190610092529,TAG_ARRIVED_B,0102f000
190610092529,SOLO_SUCCESS,0102f000
190610092537,TAG_DEPARTED_B,0102f000
190610092540,TAG_ARRIVED_A,0102f000
190610092541,SOLO_SUCCESS,0102f000
190610092551,TAG_DEPARTED_A,0102f000
190610092855,TAG_ARRIVED_A,01050400
190610092855,SOLO_SUCCESS,01050400
190610092911,TAG_ARRIVED_B,01e14200
190610092912,STARTCOOP_SUCCESS,01050400_01e14200
190610092914,ENDCOOP_SUCCESS,01e14200_01050400
190610092915,TAG_DEPARTED_B,01e14200
190610092923,TAG_ARRIVED_B,01e14200
190610092924,STARTCOOP_SUCCESS,01050400_01e14200
190610092933,ENDCOOP_SUCCESS,01e14200_01050400
190610092934,TAG_DEPARTED_B,01e14200
190610092941,TAG_DEPARTED_A,01050400
190610092942,TAG_ARRIVED_A,01050400
190610092942,SOLO_SUCCESS,01050400
190610092953,TAG_DEPARTED_A,01050400
190610092955,TAG_ARRIVED_A,0102f000
190610092956,SOLO_SUCCESS,0102f000
190610092957,TAG_DEPARTED_A,0102f000
190610093010,TAG_ARRIVED_B,0102f000
190610093010,SOLO_SUCCESS,0102f000
190610093032,TAG_DEPARTED_B,0102f000
190610093038,TAG_ARRIVED_B,0102f000
190610093038,SOLO_SUCCESS,0102f000
190610093056,TAG_DEPARTED_B,0102f000
190610093057,TAG_ARRIVED_B,0102f000
190610093057,SOLO_SUCCESS,0102f000
190610093107,TAG_DEPARTED_B,0102f000
190610093157,TAG_ARRIVED_A,0102f000
190610093158,SOLO_SUCCESS,0102f000
190610093201,TAG_DEPARTED_A,0102f000
190610093243,TAG_ARRIVED_B,0102f000
190610093243,SOLO_SUCCESS,0102f000
190610093249,TAG_DEPARTED_B,0102f000
190610093259,TAG_ARRIVED_B,0102f000
190610093300,SOLO_SUCCESS,0102f000
190610093307,TAG_DEPARTED_B,0102f000
190610093308,TAG_ARRIVED_B,0102f000
190610093309,SOLO_SUCCESS,0102f000
190610093310,TAG_DEPARTED_B,0102f000
190610093311,TAG_ARRIVED_B,0102f000
190610093312,SOLO_SUCCESS,0102f000
190610093316,TAG_DEPARTED_B,0102f000
190610093318,TAG_ARRIVED_B,0102f000
190610093319,SOLO_SUCCESS,0102f000
190610093350,TAG_DEPARTED_B,0102f000
190610093356,TAG_ARRIVED_B,0102f000
190610093357,SOLO_SUCCESS,0102f000
190610093359,TAG_DEPARTED_B,0102f000
190610093404,TAG_ARRIVED_B,0102f000
190610093405,SOLO_SUCCESS,0102f000
190610093418,TAG_DEPARTED_B,0102f000
190610093424,TAG_ARRIVED_B,0102f000
190610093424,SOLO_SUCCESS,0102f000
190610093439,TAG_DEPARTED_B,0102f000
190610093440,TAG_ARRIVED_A,0102f000
190610093441,SOLO_SUCCESS,0102f000
190610093445,TAG_DEPARTED_A,0102f000
190610093457,TAG_ARRIVED_A,0102f000
190610093457,SOLO_SUCCESS,0102f000
190610093502,TAG_DEPARTED_A,0102f000
190610093504,TAG_ARRIVED_A,0102f000
190610093504,SOLO_SUCCESS,0102f000
190610093512,TAG_DEPARTED_A,0102f000
190610093515,TAG_ARRIVED_A,0102f000
190610093516,SOLO_SUCCESS,0102f000
190610093520,TAG_DEPARTED_A,0102f000
190610093521,TAG_ARRIVED_A,0102f000
190610093522,SOLO_SUCCESS,0102f000
190610093559,TAG_DEPARTED_A,0102f000
190610093559,TAG_ARRIVED_A,0102f000
190610093600,SOLO_SUCCESS,0102f000
190610093603,TAG_DEPARTED_A,0102f000
190610093606,TAG_ARRIVED_A,0102f000
190610093607,SOLO_SUCCESS,0102f000
190610093618,TAG_DEPARTED_A,0102f000
190610093619,TAG_ARRIVED_B,0102f000
190610093619,SOLO_SUCCESS,0102f000
190610093634,TAG_DEPARTED_B,0102f000
190610093636,TAG_ARRIVED_B,0102f000
190610093637,SOLO_SUCCESS,0102f000
190610093646,TAG_ARRIVED_A,0102f000
190610093647,SOLO_SUCCESS,0102f000
190610093647,TAG_DEPARTED_B,0102f000
190610093649,TAG_DEPARTED_A,0102f000
190610093649,TAG_ARRIVED_A,0102f000
190610093650,SOLO_SUCCESS,0102f000
190610093705,TAG_DEPARTED_A,0102f000
190610093710,TAG_ARRIVED_A,0102f000
190610093711,SOLO_SUCCESS,0102f000
190610093714,TAG_DEPARTED_A,0102f000
190610093716,TAG_ARRIVED_A,0102f000
190610093717,SOLO_SUCCESS,0102f000
190610093718,TAG_DEPARTED_A,0102f000
190610093724,TAG_ARRIVED_A,0102f000
190610093724,SOLO_SUCCESS,0102f000
190610093726,TAG_DEPARTED_A,0102f000
190610093735,TAG_ARRIVED_B,0102f000
190610093735,SOLO_SUCCESS,0102f000
190610093737,TAG_DEPARTED_B,0102f000
190610093746,TAG_ARRIVED_B,0102f000
190610093746,SOLO_SUCCESS,0102f000
190610093811,TAG_DEPARTED_B,0102f000
190610093813,TAG_ARRIVED_B,0102f000
190610093813,SOLO_SUCCESS,0102f000
190610093816,TAG_DEPARTED_B,0102f000
190610093841,TAG_ARRIVED_A,0102f000
190610093841,SOLO_SUCCESS,0102f000
190610093849,TAG_DEPARTED_A,0102f000
190610093904,TAG_ARRIVED_A,0102f000
190610093905,SOLO_SUCCESS,0102f000
190610093925,TAG_DEPARTED_A,0102f000
190610094115,TAG_ARRIVED_B,0102f000
190610094116,SOLO_SUCCESS,0102f000
190610094128,TAG_DEPARTED_B,0102f000
190610094138,TAG_ARRIVED_B,0102f000
190610094138,SOLO_SUCCESS,0102f000
190610094142,TAG_DEPARTED_B,0102f000
190610094202,TAG_ARRIVED_B,0102f000
190610094202,SOLO_SUCCESS,0102f000
190610094204,TAG_DEPARTED_B,0102f000
190610094205,TAG_ARRIVED_B,0102f000
190610094206,SOLO_SUCCESS,0102f000
190610094208,TAG_DEPARTED_B,0102f000
190610094208,TAG_ARRIVED_B,0102f000
190610094209,SOLO_SUCCESS,0102f000
190610094211,TAG_DEPARTED_B,0102f000
190610094212,TAG_ARRIVED_B,0102f000
190610094213,SOLO_SUCCESS,0102f000
190610094228,TAG_DEPARTED_B,0102f000
190610100105,TAG_ARRIVED_A,01043c00
190610100106,SOLO_SUCCESS,01043c00
190610100107,TAG_DEPARTED_A,01043c00
