190614050448,START_EXPERIMENT,
190614062858,TAG_ARRIVED_A,01043c00
190614062859,SOLO_SUCCESS,01043c00
190614062900,TAG_DEPARTED_A,01043c00
190614062931,TAG_ARRIVED_B,01026c00
190614062931,SOLO_SUCCESS,01026c00
190614062933,TAG_DEPARTED_B,01026c00
190614062948,TAG_ARRIVED_B,01026c00
190614062949,SOLO_SUCCESS,01026c00
190614062959,TAG_DEPARTED_B,01026c00
190614063011,TAG_ARRIVED_B,0103f300
190614063011,SOLO_SUCCESS,0103f300
190614063013,TAG_DEPARTED_B,0103f300
190614063017,TAG_ARRIVED_B,0103f300
190614063017,SOLO_SUCCESS,0103f300
190614063022,TAG_DEPARTED_B,0103f300
190614063206,TAG_ARRIVED_A,0102ae00
190614063206,SOLO_SUCCESS,0102ae00
190614063210,TAG_DEPARTED_A,0102ae00
190614063453,TAG_ARRIVED_A,01653700
190614063454,SOLO_SUCCESS,01653700
190614063457,TAG_DEPARTED_A,01653700
190614063516,TAG_ARRIVED_A,01653700
190614063517,SOLO_SUCCESS,01653700
190614063518,TAG_DEPARTED_A,01653700
190614063520,TAG_ARRIVED_A,01c4ca00
190614063521,SOLO_SUCCESS,01c4ca00
190614063523,TAG_DEPARTED_A,01c4ca00
190614063533,TAG_ARRIVED_A,0102ae00
190614063534,SOLO_SUCCESS,0102ae00
190614063535,TAG_DEPARTED_A,0102ae00
190614063536,TAG_ARRIVED_A,01043c00
190614063537,SOLO_SUCCESS,01043c00
190614063538,TAG_ARRIVED_A,0102ae00
190614063539,SOLO_SUCCESS,0102ae00
190614063546,TAG_DEPARTED_A,0102ae00
190614063549,TAG_ARRIVED_A,01043c00
190614063550,SOLO_SUCCESS,01043c00
190614063553,TAG_DEPARTED_A,01043c00
190614063603,TAG_ARRIVED_A,01043c00
190614063603,SOLO_SUCCESS,01043c00
190614063607,TAG_DEPARTED_A,01043c00
190614064858,TAG_ARRIVED_B,01e14200
190614064858,SOLO_SUCCESS,01e14200
190614064900,TAG_DEPARTED_B,01e14200
190614064931,TAG_ARRIVED_B,01c4ca00
190614064932,SOLO_SUCCESS,01c4ca00
190614064933,TAG_DEPARTED_B,01c4ca00
190614065019,TAG_ARRIVED_B,01e14200
190614065020,SOLO_SUCCESS,01e14200
190614065023,TAG_DEPARTED_B,01e14200
190614065049,TAG_ARRIVED_B,01c4ca00
190614065050,SOLO_SUCCESS,01c4ca00
190614065051,TAG_DEPARTED_B,01c4ca00
190614065638,TAG_ARRIVED_B,01e14200
190614065638,SOLO_SUCCESS,01e14200
190614065642,TAG_DEPARTED_B,01e14200
190614070001,TAG_ARRIVED_B,01e14200
190614070002,SOLO_SUCCESS,01e14200
190614070012,TAG_DEPARTED_B,01e14200
190614070414,TAG_ARRIVED_B,01b57900
190614070414,SOLO_SUCCESS,01b57900
190614070416,TAG_DEPARTED_B,01b57900
190614070507,TAG_ARRIVED_A,01b57900
190614070508,SOLO_SUCCESS,01b57900
190614070510,TAG_DEPARTED_A,01b57900
190614071614,TAG_ARRIVED_B,01050400
190614071614,SOLO_SUCCESS,01050400
190614071616,TAG_DEPARTED_B,01050400
190614071802,TAG_ARRIVED_A,0102ae00
190614071803,SOLO_SUCCESS,0102ae00
190614071807,TAG_DEPARTED_A,0102ae00
190614071812,TAG_ARRIVED_A,0102ae00
190614071812,SOLO_SUCCESS,0102ae00
190614071828,TAG_DEPARTED_A,0102ae00
190614072801,TAG_ARRIVED_A,01c4ca00
190614072802,SOLO_SUCCESS,01c4ca00
190614072821,TAG_DEPARTED_A,01c4ca00
190614072832,TAG_ARRIVED_A,01c4ca00
190614072833,SOLO_SUCCESS,01c4ca00
190614072835,TAG_DEPARTED_A,01c4ca00
190614072909,TAG_ARRIVED_B,01c4ca00
190614072910,SOLO_SUCCESS,01c4ca00
190614072913,TAG_DEPARTED_B,01c4ca00
190614072919,TAG_ARRIVED_B,01c4ca00
190614072920,SOLO_SUCCESS,01c4ca00
190614072926,TAG_DEPARTED_B,01c4ca00
190614072932,TAG_ARRIVED_B,01c4ca00
190614072933,SOLO_SUCCESS,01c4ca00
190614072935,TAG_ARRIVED_B,0102ae00
190614072936,SOLO_SUCCESS,0102ae00
190614072947,TAG_DEPARTED_B,0102ae00
190614072950,TAG_ARRIVED_B,0102ae00
190614072951,SOLO_SUCCESS,0102ae00
190614072953,TAG_DEPARTED_B,0102ae00
190614072959,TAG_ARRIVED_B,0102ae00
190614073000,SOLO_SUCCESS,0102ae00
190614073001,TAG_DEPARTED_B,0102ae00
190614073007,TAG_ARRIVED_B,0102ae00
190614073008,SOLO_SUCCESS,0102ae00
190614073015,TAG_DEPARTED_B,0102ae00
190614073018,TAG_ARRIVED_B,0102ae00
190614073018,SOLO_SUCCESS,0102ae00
190614073027,TAG_DEPARTED_B,0102ae00
190614073031,TAG_ARRIVED_B,0102ae00
190614073031,SOLO_SUCCESS,0102ae00
190614073034,TAG_DEPARTED_B,0102ae00
190614073041,TAG_ARRIVED_B,0102ae00
190614073041,SOLO_SUCCESS,0102ae00
190614073043,TAG_DEPARTED_B,0102ae00
190614073046,TAG_ARRIVED_B,0102ae00
190614073046,SOLO_SUCCESS,0102ae00
190614073056,TAG_DEPARTED_B,0102ae00
190614073103,TAG_ARRIVED_B,01050400
190614073104,SOLO_SUCCESS,01050400
190614073105,TAG_DEPARTED_B,01050400
190614073108,TAG_ARRIVED_B,01043c00
190614073108,SOLO_SUCCESS,01043c00
190614073110,TAG_ARRIVED_B,0102ae00
190614073110,SOLO_SUCCESS,0102ae00
190614073117,TAG_DEPARTED_B,0102ae00
190614073249,TAG_ARRIVED_B,01050400
190614073249,SOLO_SUCCESS,01050400
190614073257,TAG_DEPARTED_B,01050400
190614073405,TAG_ARRIVED_A,018b0800
190614073406,SOLO_SUCCESS,018b0800
190614073407,TAG_DEPARTED_A,018b0800
190614073408,TAG_ARRIVED_A,018b0800
190614073408,SOLO_SUCCESS,018b0800
190614073417,TAG_DEPARTED_A,018b0800
190614073419,TAG_ARRIVED_A,018b0800
190614073419,SOLO_SUCCESS,018b0800
190614073435,TAG_DEPARTED_A,018b0800
190614073435,TAG_ARRIVED_A,018b0800
190614073436,SOLO_SUCCESS,018b0800
190614073440,TAG_DEPARTED_A,018b0800
190614073442,TAG_ARRIVED_A,018b0800
190614073443,SOLO_SUCCESS,018b0800
190614073455,TAG_DEPARTED_A,018b0800
190614073456,TAG_ARRIVED_A,018b0800
190614073456,SOLO_SUCCESS,018b0800
190614073503,TAG_DEPARTED_A,018b0800
190614073507,TAG_ARRIVED_A,018b0800
190614073508,SOLO_SUCCESS,018b0800
190614073516,TAG_DEPARTED_A,018b0800
190614073517,TAG_ARRIVED_A,018b0800
190614073518,SOLO_SUCCESS,018b0800
190614073521,TAG_DEPARTED_A,018b0800
190614073522,TAG_ARRIVED_A,018b0800
190614073523,SOLO_SUCCESS,018b0800
190614073528,TAG_DEPARTED_A,018b0800
190614073528,TAG_ARRIVED_A,018b0800
190614073529,SOLO_SUCCESS,018b0800
190614073539,TAG_DEPARTED_A,018b0800
190614073545,TAG_ARRIVED_A,018b0800
190614073546,SOLO_SUCCESS,018b0800
190614073547,TAG_DEPARTED_A,018b0800
190614073549,TAG_ARRIVED_A,018b0800
190614073550,SOLO_SUCCESS,018b0800
190614073551,TAG_DEPARTED_A,018b0800
190614073552,TAG_ARRIVED_A,018b0800
190614073552,SOLO_SUCCESS,018b0800
190614073630,TAG_DEPARTED_A,018b0800
190614073631,TAG_ARRIVED_A,018b0800
190614073632,SOLO_SUCCESS,018b0800
190614073635,TAG_DEPARTED_A,018b0800
190614073649,TAG_ARRIVED_A,01048700
190614073650,SOLO_SUCCESS,01048700
190614073652,TAG_DEPARTED_A,01048700
190614073702,TAG_ARRIVED_A,0101c200
190614073703,SOLO_SUCCESS,0101c200
190614073710,TAG_DEPARTED_A,0101c200
190614073739,TAG_ARRIVED_A,0101c200
190614073740,SOLO_SUCCESS,0101c200
190614073749,TAG_DEPARTED_A,0101c200
190614073752,TAG_ARRIVED_A,01050400
190614073752,SOLO_SUCCESS,01050400
190614073756,TAG_ARRIVED_A,0102f000
190614073757,SOLO_SUCCESS,0102f000
190614073804,TAG_DEPARTED_A,0102f000
190614073811,TAG_ARRIVED_A,0102f000
190614073812,SOLO_SUCCESS,0102f000
190614073813,TAG_DEPARTED_A,0102f000
190614073823,TAG_ARRIVED_A,0102f000
190614073823,SOLO_SUCCESS,0102f000
190614073827,TAG_DEPARTED_A,0102f000
190614073829,TAG_ARRIVED_A,0102f000
190614073830,SOLO_SUCCESS,0102f000
190614073834,TAG_DEPARTED_A,0102f000
190614073846,TAG_ARRIVED_A,0102f000
190614073846,SOLO_SUCCESS,0102f000
190614073849,TAG_DEPARTED_A,0102f000
190614073858,TAG_ARRIVED_A,01653700
190614073859,SOLO_SUCCESS,01653700
190614073900,TAG_DEPARTED_A,01653700
190614073903,TAG_ARRIVED_A,01653700
190614073904,SOLO_SUCCESS,01653700
190614073907,TAG_DEPARTED_A,01653700
190614073908,TAG_ARRIVED_A,01653700
190614073909,SOLO_SUCCESS,01653700
190614073912,TAG_DEPARTED_A,01653700
190614073918,TAG_ARRIVED_A,01653700
190614073919,SOLO_SUCCESS,01653700
190614073925,TAG_DEPARTED_A,01653700
190614074007,TAG_ARRIVED_A,0102f000
190614074008,SOLO_SUCCESS,0102f000
190614074011,TAG_DEPARTED_A,0102f000
190614074017,TAG_ARRIVED_A,01653700
190614074018,SOLO_SUCCESS,01653700
190614074020,TAG_DEPARTED_A,01653700
190614074037,TAG_ARRIVED_A,01653700
190614074038,SOLO_SUCCESS,01653700
190614074039,TAG_DEPARTED_A,01653700
190614074039,TAG_ARRIVED_A,01653700
190614074040,SOLO_SUCCESS,01653700
190614074046,TAG_DEPARTED_A,01653700
190614074050,TAG_ARRIVED_A,0102f000
190614074050,SOLO_SUCCESS,0102f000
190614074053,TAG_DEPARTED_A,0102f000
190614074056,TAG_ARRIVED_A,0102f000
190614074057,SOLO_SUCCESS,0102f000
190614074103,TAG_DEPARTED_A,0102f000
190614074112,TAG_ARRIVED_A,0102f000
190614074112,SOLO_SUCCESS,0102f000
190614074117,TAG_DEPARTED_A,0102f000
190614074128,TAG_ARRIVED_A,0102f000
190614074129,SOLO_SUCCESS,0102f000
190614074131,TAG_DEPARTED_A,0102f000
190614074131,TAG_ARRIVED_A,0102f000
190614074132,SOLO_SUCCESS,0102f000
190614074133,TAG_DEPARTED_A,0102f000
190614074134,TAG_ARRIVED_A,0102f000
190614074135,SOLO_SUCCESS,0102f000
190614074140,TAG_DEPARTED_A,0102f000
190614074142,TAG_ARRIVED_A,0102f000
190614074142,SOLO_SUCCESS,0102f000
190614074151,TAG_DEPARTED_A,0102f000
190614074157,TAG_ARRIVED_A,0102f000
190614074158,SOLO_SUCCESS,0102f000
190614074209,TAG_DEPARTED_A,0102f000
190614074213,TAG_ARRIVED_A,0102f000
190614074214,SOLO_SUCCESS,0102f000
190614074218,TAG_DEPARTED_A,0102f000
190614074219,TAG_ARRIVED_A,0102f000
190614074220,SOLO_SUCCESS,0102f000
190614074222,TAG_DEPARTED_A,0102f000
190614074228,TAG_ARRIVED_A,0102f000
190614074228,SOLO_SUCCESS,0102f000
190614074235,TAG_DEPARTED_A,0102f000
190614074238,TAG_ARRIVED_A,0102f000
190614074239,SOLO_SUCCESS,0102f000
190614074240,TAG_DEPARTED_A,0102f000
190614074250,TAG_ARRIVED_A,0102f000
190614074251,SOLO_SUCCESS,0102f000
190614074305,TAG_DEPARTED_A,0102f000
190614074312,TAG_ARRIVED_A,0102f000
190614074312,SOLO_SUCCESS,0102f000
190614074314,TAG_DEPARTED_A,0102f000
190614074326,TAG_ARRIVED_A,0102f000
190614074326,SOLO_SUCCESS,0102f000
190614074329,TAG_DEPARTED_A,0102f000
190614074335,TAG_ARRIVED_A,0102f000
190614074336,SOLO_SUCCESS,0102f000
190614074350,TAG_DEPARTED_A,0102f000
190614074352,TAG_ARRIVED_A,0102f000
190614074353,SOLO_SUCCESS,0102f000
190614074401,TAG_DEPARTED_A,0102f000
190614074550,TAG_ARRIVED_B,01026c00
190614074551,SOLO_SUCCESS,01026c00
190614074559,TAG_DEPARTED_B,01026c00
190614074639,TAG_ARRIVED_A,01026c00
190614074640,SOLO_SUCCESS,01026c00
190614074656,TAG_DEPARTED_A,01026c00
190614074657,TAG_ARRIVED_A,01c4ca00
190614074658,SOLO_SUCCESS,01c4ca00
190614074707,TAG_DEPARTED_A,01c4ca00
190614074708,TAG_ARRIVED_A,01c4ca00
190614074709,SOLO_SUCCESS,01c4ca00
190614074716,TAG_DEPARTED_A,01c4ca00
190614074719,TAG_ARRIVED_A,01c4ca00
190614074720,SOLO_SUCCESS,01c4ca00
190614074723,TAG_DEPARTED_A,01c4ca00
190614074724,TAG_ARRIVED_A,01026c00
190614074725,SOLO_SUCCESS,01026c00
190614074728,TAG_DEPARTED_A,01026c00
190614074731,TAG_ARRIVED_A,01026c00
190614074732,SOLO_SUCCESS,01026c00
190614074735,TAG_DEPARTED_A,01026c00
190614074802,TAG_ARRIVED_A,01df6400
190614074802,SOLO_SUCCESS,01df6400
190614074805,TAG_DEPARTED_A,01df6400
190614074823,TAG_ARRIVED_A,01df6400
190614074824,SOLO_SUCCESS,01df6400
190614074825,TAG_DEPARTED_A,01df6400
190614074916,TAG_ARRIVED_A,01c4ca00
190614074917,SOLO_SUCCESS,01c4ca00
190614074924,TAG_DEPARTED_A,01c4ca00
190614074924,TAG_ARRIVED_A,01c4ca00
190614074925,SOLO_SUCCESS,01c4ca00
190614074930,TAG_DEPARTED_A,01c4ca00
190614074930,TAG_ARRIVED_A,01c4ca00
190614074931,SOLO_SUCCESS,01c4ca00
190614074932,TAG_DEPARTED_A,01c4ca00
190614074935,TAG_ARRIVED_A,01c4ca00
190614074936,SOLO_SUCCESS,01c4ca00
190614074937,TAG_DEPARTED_A,01c4ca00
190614074941,TAG_ARRIVED_A,01c4ca00
190614074942,SOLO_SUCCESS,01c4ca00
190614074956,TAG_DEPARTED_A,01c4ca00
190614074959,TAG_ARRIVED_A,01c4ca00
190614074959,SOLO_SUCCESS,01c4ca00
190614075005,TAG_DEPARTED_A,01c4ca00
190614075007,TAG_ARRIVED_A,01c4ca00
190614075008,SOLO_SUCCESS,01c4ca00
190614075020,TAG_DEPARTED_A,01c4ca00
