190503055729,START_EXPERIMENT,
190503064343,TAG_ARRIVED_A,01653700
190503064344,SOLO_SUCCESS,01653700
190503064346,TAG_DEPARTED_A,01653700
190503064347,TAG_ARRIVED_A,01653700
190503064348,SOLO_SUCCESS,01653700
190503064350,TAG_DEPARTED_A,01653700
190503064357,TAG_ARRIVED_A,01653700
190503064357,SOLO_SUCCESS,01653700
190503064359,TAG_DEPARTED_A,01653700
190503064401,TAG_ARRIVED_A,01653700
190503064402,SOLO_SUCCESS,01653700
190503064404,TAG_DEPARTED_A,01653700
190503064405,TAG_ARRIVED_A,01653700
190503064405,SOLO_SUCCESS,01653700
190503064406,TAG_DEPARTED_A,01653700
190503064408,TAG_ARRIVED_A,01653700
190503064409,SOLO_SUCCESS,01653700
190503064410,TAG_DEPARTED_A,01653700
190503070512,TAG_ARRIVED_A,01653700
190503070513,SOLO_SUCCESS,01653700
190503070530,TAG_DEPARTED_A,01653700
190503070535,TAG_ARRIVED_A,01653700
190503070535,SOLO_SUCCESS,01653700
190503070721,TAG_DEPARTED_A,01653700
190503073127,TAG_ARRIVED_A,01bbe500
190503073128,SOLO_SUCCESS,01bbe500
190503073131,TAG_DEPARTED_A,01bbe500
190503073146,TAG_ARRIVED_A,01bbe500
190503073147,SOLO_SUCCESS,01bbe500
190503073148,TAG_DEPARTED_A,01bbe500
190503073214,TAG_ARRIVED_B,01bbe500
190503073214,SOLO_SUCCESS,01bbe500
190503073216,TAG_DEPARTED_B,01bbe500
190503081028,TAG_ARRIVED_A,01bbe500
190503081028,SOLO_SUCCESS,01bbe500
190503081030,TAG_DEPARTED_A,01bbe500
190503092626,TAG_ARRIVED_B,01df6400
190503092626,SOLO_SUCCESS,01df6400
190503092628,TAG_DEPARTED_B,01df6400
190503092628,TAG_ARRIVED_B,01df6400
190503092629,SOLO_SUCCESS,01df6400
190503092630,TAG_DEPARTED_B,01df6400
190503092631,TAG_ARRIVED_B,01df6400
190503092632,SOLO_SUCCESS,01df6400
190503092637,TAG_DEPARTED_B,01df6400
190503092759,TAG_ARRIVED_B,01bbe500
190503092759,SOLO_SUCCESS,01bbe500
190503092801,TAG_DEPARTED_B,01bbe500
190503092841,TAG_ARRIVED_B,01bbe500
190503092841,SOLO_SUCCESS,01bbe500
190503092845,TAG_ARRIVED_A,01bbe500
190503092845,SOLO_SUCCESS,01bbe500
190503092845,TAG_DEPARTED_B,01bbe500
190503092847,TAG_DEPARTED_A,01bbe500
190503092938,TAG_ARRIVED_B,01bbe500
190503092939,SOLO_SUCCESS,01bbe500
190503092941,TAG_DEPARTED_B,01bbe500
190503094848,TAG_ARRIVED_A,01653700
190503094849,SOLO_SUCCESS,01653700
190503094856,TAG_DEPARTED_A,01653700
190503095006,TAG_ARRIVED_A,01653700
190503095007,SOLO_SUCCESS,01653700
190503095010,TAG_DEPARTED_A,01653700
190503100753,TAG_ARRIVED_B,01b47d00
190503100754,SOLO_SUCCESS,01b47d00
190503100801,TAG_DEPARTED_B,01b47d00
190503102656,TAG_ARRIVED_B,01bbe500
190503102656,SOLO_SUCCESS,01bbe500
190503102710,TAG_DEPARTED_B,01bbe500
190503103511,TAG_ARRIVED_B,01c74600
190503103511,SOLO_SUCCESS,01c74600
190503103515,TAG_DEPARTED_B,01c74600
190503103516,TAG_ARRIVED_B,01c74600
190503103516,SOLO_SUCCESS,01c74600
190503103518,TAG_DEPARTED_B,01c74600
190503104350,TAG_ARRIVED_A,01653700
190503104351,SOLO_SUCCESS,01653700
190503104357,TAG_ARRIVED_B,01c98500
190503104358,STARTCOOP_SUCCESS,01653700_01c98500
190503104359,ENDCOOP_SUCCESS,01c98500_01653700
190503104400,TAG_DEPARTED_B,01c98500
190503104402,TAG_DEPARTED_A,01653700
190503104415,TAG_ARRIVED_A,01fe7600
190503104415,SOLO_SUCCESS,01fe7600
190503104417,TAG_DEPARTED_A,01fe7600
190503104947,TAG_ARRIVED_A,01653700
190503104948,SOLO_SUCCESS,01653700
190503104957,TAG_DEPARTED_A,01653700
190503105006,TAG_ARRIVED_A,01653700
190503105007,SOLO_SUCCESS,01653700
190503105013,TAG_DEPARTED_A,01653700
190503105048,TAG_ARRIVED_A,01653700
190503105049,SOLO_SUCCESS,01653700
190503105051,TAG_DEPARTED_A,01653700
190503105101,TAG_ARRIVED_A,01653700
190503105101,SOLO_SUCCESS,01653700
190503105103,TAG_DEPARTED_A,01653700
