190625055905,START_EXPERIMENT,
190625060323,TAG_ARRIVED_B,0102ee00
190625060324,SOLO_SUCCESS,0102ee00
190625060325,TAG_ARRIVED_A,01050400
190625060326,STARTCOOP_FAIL,0102ee00_01050400
190625060330,ENDCOOP_FAIL,0102ee00_01050400
190625060331,TAG_DEPARTED_B,0102ee00
190625060340,TAG_DEPARTED_A,01050400
190625060343,TAG_ARRIVED_A,01050400
190625060343,SOLO_FAIL,01050400
190625060351,TAG_ARRIVED_B,01e14200
190625060352,STARTCOOP_SUCCESS,01050400_01e14200
190625060353,ENDCOOP_SUCCESS,01e14200_01050400
190625060353,TAG_DEPARTED_B,01e14200
190625060411,TAG_ARRIVED_A,01e14200
190625060411,SOLO_FAIL,01e14200
190625060413,TAG_ARRIVED_A,01050400
190625060414,SOLO_FAIL,01050400
190625060419,TAG_DEPARTED_A,01050400
190625060419,TAG_ARRIVED_B,01e14200
190625060420,SOLO_FAIL,01e14200
190625060437,ENDCOOP_FAIL,01e14200_
190625060438,TAG_DEPARTED_B,01e14200
190625060439,TAG_ARRIVED_B,01e14200
190625060440,SOLO_FAIL,01e14200
190625060450,ENDCOOP_FAIL,01e14200_
190625060450,TAG_DEPARTED_B,01e14200
190625060452,TAG_ARRIVED_A,01e14200
190625060453,SOLO_FAIL,01e14200
190625060516,TAG_DEPARTED_A,01e14200
190625060516,TAG_ARRIVED_A,01e14200
190625060517,SOLO_FAIL,01e14200
190625060520,TAG_DEPARTED_A,01e14200
190625060521,TAG_ARRIVED_A,01e14200
190625060522,SOLO_FAIL,01e14200
190625060523,TAG_DEPARTED_A,01e14200
190625060525,LOCKOUT_ENDED,
190625060529,TAG_ARRIVED_A,01e14200
190625060530,SOLO_SUCCESS,01e14200
190625060532,TAG_DEPARTED_A,01e14200
190625060535,TAG_ARRIVED_A,01e14200
190625060536,SOLO_SUCCESS,01e14200
190625060543,TAG_DEPARTED_A,01e14200
190625060543,TAG_ARRIVED_A,01e14200
190625060544,SOLO_SUCCESS,01e14200
190625060546,TAG_ARRIVED_B,0102ee00
190625060547,STARTCOOP_FAIL,01e14200_0102ee00
190625060548,ENDCOOP_FAIL,0102ee00_01e14200
190625060548,TAG_DEPARTED_B,0102ee00
190625060549,TAG_DEPARTED_A,01e14200
190625060549,TAG_ARRIVED_A,0102ee00
190625060550,SOLO_FAIL,0102ee00
190625060551,TAG_DEPARTED_A,0102ee00
190625060645,TAG_ARRIVED_A,0102ee00
190625060646,SOLO_FAIL,0102ee00
190625060647,TAG_DEPARTED_A,0102ee00
190625060655,TAG_ARRIVED_A,01e14200
190625060656,SOLO_FAIL,01e14200
190625060657,TAG_DEPARTED_A,01e14200
190625060658,TAG_ARRIVED_A,01e14200
190625060658,SOLO_FAIL,01e14200
190625060709,TAG_DEPARTED_A,01e14200
190625060714,TAG_ARRIVED_A,01e14200
190625060715,SOLO_FAIL,01e14200
190625060724,TAG_ARRIVED_A,0102ae00
190625060724,SOLO_FAIL,0102ae00
190625060734,TAG_DEPARTED_A,0102ae00
190625060737,TAG_ARRIVED_B,01e14200
190625060738,SOLO_FAIL,01e14200
190625060739,ENDCOOP_FAIL,01e14200_
190625060740,TAG_DEPARTED_B,01e14200
190625060743,TAG_ARRIVED_B,0101c200
190625060744,SOLO_FAIL,0101c200
190625060745,ENDCOOP_FAIL,0101c200_
190625060745,TAG_DEPARTED_B,0101c200
190625060746,TAG_ARRIVED_A,01050400
190625060746,SOLO_FAIL,01050400
190625060747,TAG_ARRIVED_B,0101c200
190625060748,STARTCOOP_FAIL,01050400_0101c200
190625060748,TAG_DEPARTED_A,01050400
190625060751,TAG_ARRIVED_A,01050400
190625060751,STARTCOOP_FAIL,0101c200_01050400
190625060751,ENDCOOP_FAIL,0101c200_01050400
190625060752,TAG_DEPARTED_B,0101c200
190625060753,TAG_ARRIVED_A,0101c200
190625060754,SOLO_FAIL,0101c200
190625060755,TAG_DEPARTED_A,0101c200
190625060804,TAG_ARRIVED_A,0101c200
190625060805,SOLO_FAIL,0101c200
190625060807,TAG_DEPARTED_A,0101c200
190625060810,TAG_ARRIVED_A,0101c200
190625060811,SOLO_FAIL,0101c200
190625060813,TAG_DEPARTED_A,0101c200
190625060817,TAG_ARRIVED_B,0101c200
190625060818,SOLO_FAIL,0101c200
190625060819,TAG_ARRIVED_A,01050400
190625060819,STARTCOOP_FAIL,0101c200_01050400
190625060819,ENDCOOP_FAIL,0101c200_01050400
190625060819,TAG_DEPARTED_B,0101c200
190625060820,TAG_ARRIVED_B,0101c200
190625060821,STARTCOOP_FAIL,01050400_0101c200
190625060821,TAG_DEPARTED_A,01050400
190625060822,TAG_ARRIVED_A,01050400
190625060822,STARTCOOP_FAIL,0101c200_01050400
190625060824,TAG_DEPARTED_A,01050400
190625060832,ENDCOOP_FAIL,0101c200_
190625060832,TAG_DEPARTED_B,0101c200
190625060835,TAG_ARRIVED_B,0101c200
190625060836,SOLO_FAIL,0101c200
190625060842,ENDCOOP_FAIL,0101c200_
190625060842,TAG_DEPARTED_B,0101c200
190625060842,TAG_ARRIVED_B,0101c200
190625060843,SOLO_FAIL,0101c200
190625060857,TAG_ARRIVED_A,0101c200
190625060858,SOLO_FAIL,0101c200
190625060858,ENDCOOP_FAIL,0101c200_0101c200
190625060858,TAG_DEPARTED_B,0101c200
190625060859,TAG_DEPARTED_A,0101c200
190625060904,TAG_ARRIVED_A,0101c200
190625060905,SOLO_FAIL,0101c200
190625060908,TAG_DEPARTED_A,0101c200
190625060910,TAG_ARRIVED_A,0101c200
190625060911,SOLO_FAIL,0101c200
190625060915,TAG_ARRIVED_A,0102ee00
190625060916,SOLO_FAIL,0102ee00
190625060917,TAG_DEPARTED_A,0102ee00
190625060933,TAG_ARRIVED_A,0102ee00
190625060934,SOLO_FAIL,0102ee00
190625060941,TAG_DEPARTED_A,0102ee00
190625060959,TAG_ARRIVED_B,0102ee00
190625061000,SOLO_FAIL,0102ee00
190625061003,ENDCOOP_FAIL,0102ee00_
190625061003,TAG_DEPARTED_B,0102ee00
190625061022,LOCKOUT_ENDED,
190625061023,TAG_ARRIVED_B,0102ee00
190625061024,SOLO_SUCCESS,0102ee00
190625061034,TAG_DEPARTED_B,0102ee00
190625061041,TAG_ARRIVED_B,0102ee00
190625061042,SOLO_SUCCESS,0102ee00
190625061104,TAG_DEPARTED_B,0102ee00
190625061107,TAG_ARRIVED_B,01050400
190625061108,SOLO_SUCCESS,01050400
190625061113,TAG_DEPARTED_B,01050400
190625061145,TAG_ARRIVED_B,07991800
190625061146,SOLO_SUCCESS,07991800
190625061151,TAG_DEPARTED_B,07991800
190625061152,TAG_ARRIVED_B,01050400
190625061152,SOLO_SUCCESS,01050400
190625061154,TAG_ARRIVED_B,07991800
190625061154,SOLO_SUCCESS,07991800
190625061156,TAG_DEPARTED_B,07991800
190625061205,TAG_ARRIVED_B,01050400
190625061206,SOLO_SUCCESS,01050400
190625061207,TAG_ARRIVED_B,0101c200
190625061208,SOLO_SUCCESS,0101c200
190625061211,TAG_DEPARTED_B,0101c200
190625061215,TAG_ARRIVED_A,0102ee00
190625061216,SOLO_SUCCESS,0102ee00
190625061231,TAG_DEPARTED_A,0102ee00
190625061236,TAG_ARRIVED_A,0102ee00
190625061237,SOLO_SUCCESS,0102ee00
190625061240,TAG_DEPARTED_A,0102ee00
190625061300,TAG_ARRIVED_B,01050400
190625061300,SOLO_SUCCESS,01050400
190625061302,TAG_DEPARTED_B,01050400
190625061500,TAG_ARRIVED_A,0102ee00
190625061501,SOLO_SUCCESS,0102ee00
190625061503,TAG_DEPARTED_A,0102ee00
190625061736,TAG_ARRIVED_A,0101c200
190625061737,SOLO_SUCCESS,0101c200
190625061742,TAG_DEPARTED_A,0101c200
190625061743,TAG_ARRIVED_A,0101c200
190625061744,SOLO_SUCCESS,0101c200
190625061748,TAG_DEPARTED_A,0101c200
190625061749,TAG_ARRIVED_A,0101c200
190625061750,SOLO_SUCCESS,0101c200
190625061754,TAG_ARRIVED_B,0102ee00
190625061755,STARTCOOP_SUCCESS,0101c200_0102ee00
190625061756,ENDCOOP_SUCCESS,0102ee00_0101c200
190625061756,TAG_DEPARTED_B,0102ee00
190625061758,TAG_DEPARTED_A,0101c200
190625061801,TAG_ARRIVED_A,0101c200
190625061801,SOLO_SUCCESS,0101c200
190625061803,TAG_DEPARTED_A,0101c200
190625061809,TAG_ARRIVED_A,07991800
190625061809,SOLO_SUCCESS,07991800
190625061822,TAG_DEPARTED_A,07991800
190625061824,TAG_ARRIVED_A,07991800
190625061824,SOLO_SUCCESS,07991800
190625061827,TAG_DEPARTED_A,07991800
190625061828,TAG_ARRIVED_A,07991800
190625061828,SOLO_SUCCESS,07991800
190625061838,TAG_DEPARTED_A,07991800
190625061842,TAG_ARRIVED_A,07991800
190625061842,SOLO_SUCCESS,07991800
190625061844,TAG_DEPARTED_A,07991800
190625061844,TAG_ARRIVED_A,07991800
190625061845,SOLO_SUCCESS,07991800
190625061846,TAG_DEPARTED_A,07991800
190625061847,TAG_ARRIVED_A,07991800
190625061847,SOLO_SUCCESS,07991800
190625061857,TAG_DEPARTED_A,07991800
190625061859,TAG_ARRIVED_A,07991800
190625061859,SOLO_SUCCESS,07991800
190625061915,TAG_DEPARTED_A,07991800
190625062009,TAG_ARRIVED_A,01050400
190625062010,SOLO_SUCCESS,01050400
190625062015,TAG_DEPARTED_A,01050400
190625062020,TAG_ARRIVED_A,01050400
190625062021,SOLO_SUCCESS,01050400
190625062027,TAG_DEPARTED_A,01050400
190625062036,TAG_ARRIVED_A,01c4ca00
190625062037,SOLO_SUCCESS,01c4ca00
190625062040,TAG_DEPARTED_A,01c4ca00
190625062042,TAG_ARRIVED_A,0140c700
190625062042,SOLO_SUCCESS,0140c700
190625062046,TAG_ARRIVED_A,0101c200
190625062047,SOLO_SUCCESS,0101c200
190625062056,TAG_DEPARTED_A,0101c200
190625062059,TAG_ARRIVED_A,01050400
190625062059,SOLO_SUCCESS,01050400
190625062107,TAG_DEPARTED_A,01050400
190625062108,TAG_ARRIVED_A,0102ee00
190625062109,SOLO_SUCCESS,0102ee00
190625062114,TAG_DEPARTED_A,0102ee00
190625062431,TAG_ARRIVED_A,0101c200
190625062432,SOLO_SUCCESS,0101c200
190625062453,TAG_DEPARTED_A,0101c200
190625062454,TAG_ARRIVED_A,0101c200
190625062455,SOLO_SUCCESS,0101c200
190625062458,TAG_DEPARTED_A,0101c200
190625062500,TAG_ARRIVED_A,0101c200
190625062500,SOLO_SUCCESS,0101c200
190625062508,TAG_DEPARTED_A,0101c200
190625062511,TAG_ARRIVED_A,0101c200
190625062512,SOLO_SUCCESS,0101c200
190625062522,TAG_DEPARTED_A,0101c200
190625062524,TAG_ARRIVED_B,01653700
190625062525,SOLO_SUCCESS,01653700
190625062526,TAG_DEPARTED_B,01653700
190625062643,TAG_ARRIVED_A,0101c200
190625062644,SOLO_SUCCESS,0101c200
190625062648,TAG_DEPARTED_A,0101c200
190625062650,TAG_ARRIVED_A,0101c200
190625062651,SOLO_SUCCESS,0101c200
190625062657,TAG_DEPARTED_A,0101c200
190625062856,TAG_ARRIVED_B,0102ee00
190625062857,SOLO_SUCCESS,0102ee00
190625062858,TAG_DEPARTED_B,0102ee00
190625062902,TAG_ARRIVED_B,0102ee00
190625062903,SOLO_SUCCESS,0102ee00
190625062904,TAG_DEPARTED_B,0102ee00
190625062906,TAG_ARRIVED_B,0102ee00
190625062907,SOLO_SUCCESS,0102ee00
190625062908,TAG_DEPARTED_B,0102ee00
190625063016,TAG_ARRIVED_B,0101c200
190625063017,SOLO_SUCCESS,0101c200
190625063023,TAG_DEPARTED_B,0101c200
190625063247,TAG_ARRIVED_B,01021800
190625063248,SOLO_SUCCESS,01021800
190625063255,TAG_DEPARTED_B,01021800
190625063255,TAG_ARRIVED_B,01021800
190625063256,SOLO_SUCCESS,01021800
190625063257,TAG_DEPARTED_B,01021800
190625063258,TAG_ARRIVED_B,01021800
190625063258,SOLO_SUCCESS,01021800
190625063323,TAG_ARRIVED_B,01c38c00
190625063325,TAG_MISSING_B,01c38c00
190625063325,SOLO_SUCCESS,01c38c00
190625063326,TAG_DEPARTED_B,01c38c00
190625063330,TAG_ARRIVED_B,01021800
190625063331,SOLO_SUCCESS,01021800
190625063356,TAG_ARRIVED_B,018ef600
190625063357,SOLO_SUCCESS,018ef600
190625063358,TAG_DEPARTED_B,018ef600
190625063359,TAG_ARRIVED_B,01021800
190625063359,SOLO_SUCCESS,01021800
190625063405,TAG_DEPARTED_B,01021800
190625063406,TAG_ARRIVED_B,01021800
190625063406,SOLO_SUCCESS,01021800
190625063423,TAG_DEPARTED_B,01021800
190625063959,TAG_ARRIVED_A,01026c00
190625063959,SOLO_SUCCESS,01026c00
190625064001,TAG_DEPARTED_A,01026c00
190625064002,TAG_ARRIVED_A,01026c00
190625064003,SOLO_SUCCESS,01026c00
190625064014,TAG_DEPARTED_A,01026c00
190625064022,TAG_ARRIVED_A,01026c00
190625064023,SOLO_SUCCESS,01026c00
190625064027,TAG_DEPARTED_A,01026c00
190625064258,TAG_ARRIVED_A,0102ee00
190625064259,SOLO_SUCCESS,0102ee00
190625064300,TAG_DEPARTED_A,0102ee00
190625064512,TAG_ARRIVED_A,0102ee00
190625064513,SOLO_SUCCESS,0102ee00
190625064608,TAG_DEPARTED_A,0102ee00
190625064636,TAG_ARRIVED_A,01043c00
190625064637,SOLO_SUCCESS,01043c00
190625064645,TAG_DEPARTED_A,01043c00
190625064833,TAG_ARRIVED_A,01c2e300
190625064834,SOLO_SUCCESS,01c2e300
190625064841,TAG_DEPARTED_A,01c2e300
190625065255,TAG_ARRIVED_A,01050400
190625065255,SOLO_SUCCESS,01050400
190625065257,TAG_DEPARTED_A,01050400
190625065259,TAG_ARRIVED_A,01050400
190625065259,SOLO_SUCCESS,01050400
190625065302,TAG_DEPARTED_A,01050400
190625065304,TAG_ARRIVED_B,0101c200
190625065305,SOLO_SUCCESS,0101c200
190625065308,TAG_DEPARTED_B,0101c200
190625065315,TAG_ARRIVED_B,0101c200
190625065315,SOLO_SUCCESS,0101c200
190625065318,TAG_DEPARTED_B,0101c200
190625065339,TAG_ARRIVED_B,0102ee00
190625065340,SOLO_SUCCESS,0102ee00
190625065343,TAG_DEPARTED_B,0102ee00
190625065343,TAG_ARRIVED_B,0102ee00
190625065344,SOLO_SUCCESS,0102ee00
190625065345,TAG_DEPARTED_B,0102ee00
190625065429,TAG_ARRIVED_A,0102ee00
190625065430,SOLO_SUCCESS,0102ee00
190625065431,TAG_DEPARTED_A,0102ee00
190625065506,TAG_ARRIVED_A,0102ee00
190625065506,SOLO_SUCCESS,0102ee00
190625065541,TAG_DEPARTED_A,0102ee00
190625065709,TAG_ARRIVED_B,01753200
190625065709,SOLO_SUCCESS,01753200
190625065714,TAG_DEPARTED_B,01753200
190625065719,TAG_ARRIVED_B,01753200
190625065720,SOLO_SUCCESS,01753200
190625065734,TAG_DEPARTED_B,01753200
190625065736,TAG_ARRIVED_B,01753200
190625065737,SOLO_SUCCESS,01753200
190625065738,TAG_DEPARTED_B,01753200
190625065743,TAG_ARRIVED_B,01753200
190625065744,SOLO_SUCCESS,01753200
190625065750,TAG_DEPARTED_B,01753200
190625065755,TAG_ARRIVED_B,01753200
190625065756,SOLO_SUCCESS,01753200
190625065800,TAG_DEPARTED_B,01753200
190625065835,TAG_ARRIVED_A,01653700
190625065836,SOLO_SUCCESS,01653700
190625065839,TAG_DEPARTED_A,01653700
190625065845,TAG_ARRIVED_A,01653700
190625065846,SOLO_SUCCESS,01653700
190625065847,TAG_DEPARTED_A,01653700
190625065848,TAG_ARRIVED_A,01653700
190625065849,SOLO_SUCCESS,01653700
190625065855,TAG_DEPARTED_A,01653700
190625070143,TAG_ARRIVED_B,0195b300
190625070145,SOLO_SUCCESS,0195b300
190625070151,TAG_DEPARTED_B,0195b300
190625070208,TAG_ARRIVED_B,01b57900
190625070209,SOLO_SUCCESS,01b57900
190625070215,TAG_DEPARTED_B,01b57900
190625070244,TAG_ARRIVED_B,01b57900
190625070244,SOLO_SUCCESS,01b57900
190625070246,TAG_DEPARTED_B,01b57900
190625070314,TAG_ARRIVED_A,01df6400
190625070315,SOLO_SUCCESS,01df6400
190625070317,TAG_DEPARTED_A,01df6400
190625070317,TAG_ARRIVED_B,01d41b00
190625070318,SOLO_SUCCESS,01d41b00
190625070319,TAG_ARRIVED_A,01df6400
190625070320,STARTCOOP_SUCCESS,01d41b00_01df6400
190625070321,ENDCOOP_SUCCESS,01d41b00_01df6400
190625070321,TAG_DEPARTED_B,01d41b00
190625070321,TAG_DEPARTED_A,01df6400
190625070329,TAG_ARRIVED_A,01df6400
190625070330,SOLO_SUCCESS,01df6400
190625070331,TAG_ARRIVED_B,01d41b00
190625070332,STARTCOOP_SUCCESS,01df6400_01d41b00
190625070332,TAG_DEPARTED_A,01df6400
190625070343,TAG_ARRIVED_A,01df6400
190625070344,STARTCOOP_SUCCESS,01d41b00_01df6400
190625070346,ENDCOOP_SUCCESS,01d41b00_01df6400
190625070346,TAG_DEPARTED_B,01d41b00
190625070347,TAG_ARRIVED_B,01d41b00
190625070348,STARTCOOP_SUCCESS,01df6400_01d41b00
190625070348,TAG_DEPARTED_A,01df6400
190625070351,ENDCOOP_SUCCESS,01d41b00_
190625070351,TAG_DEPARTED_B,01d41b00
190625070354,TAG_ARRIVED_A,01df6400
190625070355,SOLO_SUCCESS,01df6400
190625070356,TAG_ARRIVED_B,01d41b00
190625070357,STARTCOOP_SUCCESS,01df6400_01d41b00
190625070357,TAG_DEPARTED_A,01df6400
190625070400,TAG_ARRIVED_A,01df6400
190625070401,STARTCOOP_SUCCESS,01d41b00_01df6400
190625070402,ENDCOOP_SUCCESS,01d41b00_01df6400
190625070402,TAG_DEPARTED_B,01d41b00
190625070402,TAG_DEPARTED_A,01df6400
190625070403,TAG_ARRIVED_A,01df6400
190625070404,SOLO_SUCCESS,01df6400
190625070405,TAG_ARRIVED_B,01d41b00
190625070405,STARTCOOP_SUCCESS,01df6400_01d41b00
190625070407,TAG_DEPARTED_A,01df6400
190625070409,ENDCOOP_SUCCESS,01d41b00_
190625070409,TAG_DEPARTED_B,01d41b00
190625070409,TAG_ARRIVED_A,01df6400
190625070410,SOLO_SUCCESS,01df6400
190625070412,TAG_ARRIVED_B,01d41b00
190625070413,STARTCOOP_SUCCESS,01df6400_01d41b00
190625070415,ENDCOOP_SUCCESS,01d41b00_01df6400
190625070416,TAG_DEPARTED_B,01d41b00
190625070418,TAG_ARRIVED_B,01d41b00
190625070419,STARTCOOP_SUCCESS,01df6400_01d41b00
190625070425,TAG_DEPARTED_A,01df6400
190625070426,TAG_ARRIVED_A,01df6400
190625070427,STARTCOOP_SUCCESS,01d41b00_01df6400
190625070428,TAG_DEPARTED_A,01df6400
190625070440,ENDCOOP_SUCCESS,01d41b00_
190625070440,TAG_DEPARTED_B,01d41b00
190625070446,TAG_ARRIVED_B,01d41b00
190625070447,SOLO_SUCCESS,01d41b00
190625070459,TAG_DEPARTED_B,01d41b00
190625070500,TAG_ARRIVED_B,01d41b00
190625070501,SOLO_SUCCESS,01d41b00
190625070504,TAG_DEPARTED_B,01d41b00
190625070843,TAG_ARRIVED_A,01df6400
190625070844,SOLO_SUCCESS,01df6400
190625070845,TAG_DEPARTED_A,01df6400
190625070935,TAG_ARRIVED_A,01471d00
190625070935,SOLO_SUCCESS,01471d00
190625070939,TAG_DEPARTED_A,01471d00
190625070948,TAG_ARRIVED_A,01021800
190625070948,SOLO_SUCCESS,01021800
190625071002,TAG_DEPARTED_A,01021800
190625071002,TAG_ARRIVED_A,01021800
190625071003,SOLO_SUCCESS,01021800
190625071056,TAG_DEPARTED_A,01021800
190625071100,TAG_ARRIVED_A,01021800
190625071100,SOLO_SUCCESS,01021800
190625071105,TAG_DEPARTED_A,01021800
190625071731,TAG_ARRIVED_B,0101c200
190625071732,SOLO_SUCCESS,0101c200
190625071733,TAG_DEPARTED_B,0101c200
190625071735,TAG_ARRIVED_B,0101c200
190625071736,SOLO_SUCCESS,0101c200
190625071746,TAG_DEPARTED_B,0101c200
190625072009,TAG_ARRIVED_A,01d41b00
190625072010,SOLO_SUCCESS,01d41b00
190625072011,TAG_ARRIVED_A,01016400
190625072012,SOLO_SUCCESS,01016400
190625072013,TAG_DEPARTED_A,01016400
190625072017,TAG_ARRIVED_A,01016400
190625072018,SOLO_SUCCESS,01016400
190625072020,TAG_DEPARTED_A,01016400
190625072023,TAG_ARRIVED_A,01016400
190625072023,SOLO_SUCCESS,01016400
190625072027,TAG_DEPARTED_A,01016400
190625072029,TAG_ARRIVED_A,01d41b00
190625072030,SOLO_SUCCESS,01d41b00
190625072033,TAG_DEPARTED_A,01d41b00
190625072042,TAG_ARRIVED_A,01d41b00
190625072043,SOLO_SUCCESS,01d41b00
190625072045,TAG_DEPARTED_A,01d41b00
190625072046,TAG_ARRIVED_A,01d41b00
190625072047,SOLO_SUCCESS,01d41b00
190625072100,TAG_DEPARTED_A,01d41b00
190625072101,TAG_ARRIVED_A,01d41b00
190625072102,SOLO_SUCCESS,01d41b00
190625072103,TAG_DEPARTED_A,01d41b00
190625072108,TAG_ARRIVED_A,01d41b00
190625072108,SOLO_SUCCESS,01d41b00
190625072113,TAG_DEPARTED_A,01d41b00
190625072116,TAG_ARRIVED_A,01d41b00
190625072117,SOLO_SUCCESS,01d41b00
190625072121,TAG_DEPARTED_A,01d41b00
190625072121,TAG_ARRIVED_A,01d41b00
190625072122,SOLO_SUCCESS,01d41b00
190625072135,TAG_DEPARTED_A,01d41b00
190625072137,TAG_ARRIVED_A,01d41b00
190625072138,SOLO_SUCCESS,01d41b00
190625072140,TAG_DEPARTED_A,01d41b00
190625072152,TAG_ARRIVED_B,07991800
190625072152,SOLO_SUCCESS,07991800
190625072156,TAG_DEPARTED_B,07991800
190625072157,TAG_ARRIVED_B,07991800
190625072157,SOLO_SUCCESS,07991800
190625072200,TAG_DEPARTED_B,07991800
190625072216,TAG_ARRIVED_B,07991800
190625072217,SOLO_SUCCESS,07991800
190625072218,TAG_DEPARTED_B,07991800
190625072226,TAG_ARRIVED_A,01d41b00
190625072227,SOLO_SUCCESS,01d41b00
190625072228,TAG_DEPARTED_A,01d41b00
190625072228,TAG_ARRIVED_A,01d41b00
190625072229,SOLO_SUCCESS,01d41b00
190625072230,TAG_ARRIVED_A,01016400
190625072230,SOLO_SUCCESS,01016400
190625072232,TAG_DEPARTED_A,01016400
190625072714,TAG_ARRIVED_A,018b0800
190625072715,SOLO_SUCCESS,018b0800
190625072716,TAG_DEPARTED_A,018b0800
190625072730,TAG_ARRIVED_A,018b0800
190625072731,SOLO_SUCCESS,018b0800
190625072737,TAG_ARRIVED_A,01026c00
190625072738,SOLO_SUCCESS,01026c00
190625072739,TAG_DEPARTED_A,01026c00
190625072740,TAG_ARRIVED_A,01026c00
190625072741,SOLO_SUCCESS,01026c00
190625072742,TAG_DEPARTED_A,01026c00
190625072745,TAG_ARRIVED_A,01026c00
190625072745,SOLO_SUCCESS,01026c00
190625072752,TAG_DEPARTED_A,01026c00
190625072848,TAG_ARRIVED_A,018b0800
190625072848,SOLO_SUCCESS,018b0800
190625072851,TAG_DEPARTED_A,018b0800
190625072910,TAG_ARRIVED_B,018b0800
190625072911,SOLO_SUCCESS,018b0800
190625072912,TAG_DEPARTED_B,018b0800
190625073806,TAG_ARRIVED_A,01050400
190625073806,SOLO_SUCCESS,01050400
190625073813,TAG_DEPARTED_A,01050400
190625073816,TAG_ARRIVED_A,01050400
190625073816,SOLO_SUCCESS,01050400
190625073852,TAG_DEPARTED_A,01050400
190625073907,TAG_ARRIVED_A,01050400
190625073908,SOLO_SUCCESS,01050400
190625073911,TAG_DEPARTED_A,01050400
190625074008,TAG_ARRIVED_A,01050400
190625074008,SOLO_SUCCESS,01050400
190625074012,TAG_DEPARTED_A,01050400
190625074013,TAG_ARRIVED_A,01050400
190625074013,SOLO_SUCCESS,01050400
190625074023,TAG_ARRIVED_A,01e14200
190625074024,SOLO_SUCCESS,01e14200
190625074024,TAG_ARRIVED_A,01050400
190625074025,SOLO_SUCCESS,01050400
190625074032,TAG_DEPARTED_A,01050400
190625074035,TAG_ARRIVED_A,01050400
190625074035,SOLO_SUCCESS,01050400
190625074040,TAG_DEPARTED_A,01050400
190625074113,TAG_ARRIVED_A,0101c200
190625074114,SOLO_SUCCESS,0101c200
190625074115,TAG_DEPARTED_A,0101c200
190625074117,TAG_ARRIVED_A,01e14200
190625074117,SOLO_SUCCESS,01e14200
190625074119,TAG_DEPARTED_A,01e14200
190625074127,TAG_ARRIVED_B,0102ee00
190625074128,SOLO_SUCCESS,0102ee00
190625074201,TAG_DEPARTED_B,0102ee00
190625074218,TAG_ARRIVED_B,0102ee00
190625074219,SOLO_SUCCESS,0102ee00
190625074233,TAG_ARRIVED_A,01e14200
190625074233,STARTCOOP_FAIL,0102ee00_01e14200
190625074234,ENDCOOP_FAIL,0102ee00_01e14200
190625074234,TAG_DEPARTED_B,0102ee00
190625074243,TAG_DEPARTED_A,01e14200
190625074245,TAG_ARRIVED_A,01016400
190625074245,SOLO_FAIL,01016400
190625074247,TAG_DEPARTED_A,01016400
190625074248,TAG_ARRIVED_A,01016400
190625074249,SOLO_FAIL,01016400
190625074250,TAG_DEPARTED_A,01016400
190625074255,TAG_ARRIVED_A,01016400
190625074256,SOLO_FAIL,01016400
190625074257,TAG_DEPARTED_A,01016400
190625074258,TAG_ARRIVED_A,01e14200
190625074258,SOLO_FAIL,01e14200
190625074259,TAG_ARRIVED_A,01d41b00
190625074300,SOLO_FAIL,01d41b00
190625074301,TAG_DEPARTED_A,01d41b00
190625074404,TAG_ARRIVED_A,01d41b00
190625074405,SOLO_FAIL,01d41b00
190625074406,TAG_DEPARTED_A,01d41b00
190625074433,LOCKOUT_ENDED,
190625074433,TAG_ARRIVED_A,01d41b00
190625074434,SOLO_SUCCESS,01d41b00
190625074439,TAG_DEPARTED_A,01d41b00
190625074519,TAG_ARRIVED_B,01d41b00
190625074520,SOLO_SUCCESS,01d41b00
190625074525,TAG_DEPARTED_B,01d41b00
190625074528,TAG_ARRIVED_A,01c2e300
190625074529,SOLO_SUCCESS,01c2e300
190625074531,TAG_DEPARTED_A,01c2e300
190625074535,TAG_ARRIVED_A,01c2e300
190625074536,SOLO_SUCCESS,01c2e300
190625074550,TAG_DEPARTED_A,01c2e300
190625074553,TAG_ARRIVED_A,01021800
190625074553,SOLO_SUCCESS,01021800
190625074610,TAG_ARRIVED_B,07991800
190625074610,STARTCOOP_SUCCESS,01021800_07991800
190625074610,TAG_ARRIVED_A,01c2e300
190625074611,STARTCOOP_FAIL,07991800_01c2e300
190625074612,ENDCOOP_FAIL,07991800_01c2e300
190625074612,TAG_DEPARTED_B,07991800
190625074613,TAG_DEPARTED_A,01c2e300
190625074613,TAG_ARRIVED_B,07991800
190625074613,SOLO_FAIL,07991800
190625074618,TAG_ARRIVED_A,01009100
190625074619,STARTCOOP_FAIL,07991800_01009100
190625074619,ENDCOOP_FAIL,07991800_01009100
190625074620,TAG_DEPARTED_B,07991800
190625074620,TAG_DEPARTED_A,01009100
190625074627,TAG_ARRIVED_A,01c2e300
190625074628,SOLO_FAIL,01c2e300
190625074628,TAG_ARRIVED_B,07991800
190625074629,STARTCOOP_FAIL,01c2e300_07991800
190625074629,TAG_DEPARTED_A,01c2e300
190625074630,TAG_ARRIVED_A,01c2e300
190625074631,STARTCOOP_FAIL,07991800_01c2e300
190625074634,ENDCOOP_FAIL,07991800_01c2e300
190625074634,TAG_DEPARTED_B,07991800
190625074637,TAG_DEPARTED_A,01c2e300
190625074645,TAG_ARRIVED_A,01c2e300
190625074646,SOLO_FAIL,01c2e300
190625074649,TAG_DEPARTED_A,01c2e300
190625074651,TAG_ARRIVED_B,01d41b00
190625074652,SOLO_FAIL,01d41b00
190625074657,TAG_ARRIVED_A,01d41b00
190625074658,SOLO_FAIL,01d41b00
190625074658,ENDCOOP_FAIL,01d41b00_01d41b00
190625074658,TAG_DEPARTED_B,01d41b00
190625074659,TAG_ARRIVED_B,01016400
190625074659,STARTCOOP_FAIL,01d41b00_01016400
190625074700,TAG_DEPARTED_A,01d41b00
190625074701,TAG_ARRIVED_A,01d41b00
190625074702,STARTCOOP_FAIL,01016400_01d41b00
190625074702,ENDCOOP_FAIL,01016400_01d41b00
190625074702,TAG_DEPARTED_B,01016400
190625074707,TAG_DEPARTED_A,01d41b00
190625074720,TAG_ARRIVED_A,01d41b00
190625074721,SOLO_FAIL,01d41b00
190625074729,TAG_ARRIVED_A,01c2e300
190625074729,SOLO_FAIL,01c2e300
190625074730,TAG_ARRIVED_B,0103f300
190625074731,STARTCOOP_FAIL,01c2e300_0103f300
190625074732,ENDCOOP_FAIL,0103f300_01c2e300
190625074733,TAG_DEPARTED_B,0103f300
190625074735,TAG_ARRIVED_B,01016400
190625074735,STARTCOOP_FAIL,01c2e300_01016400
190625074738,ENDCOOP_FAIL,01016400_01c2e300
190625074738,TAG_DEPARTED_B,01016400
190625074742,TAG_DEPARTED_A,01c2e300
190625074824,TAG_ARRIVED_A,01653700
190625074825,SOLO_FAIL,01653700
190625074827,TAG_DEPARTED_A,01653700
190625074827,TAG_ARRIVED_B,01653700
190625074828,SOLO_FAIL,01653700
190625074829,ENDCOOP_FAIL,01653700_
190625074830,TAG_DEPARTED_B,01653700
190625074832,TAG_ARRIVED_A,01653700
190625074833,SOLO_FAIL,01653700
190625074857,TAG_DEPARTED_A,01653700
190625074859,TAG_ARRIVED_A,01653700
190625074900,SOLO_FAIL,01653700
190625074903,TAG_DEPARTED_A,01653700
190625074904,TAG_ARRIVED_A,01653700
190625074905,SOLO_FAIL,01653700
190625074906,TAG_DEPARTED_A,01653700
190625074909,TAG_ARRIVED_A,01653700
190625074909,SOLO_FAIL,01653700
190625074913,TAG_DEPARTED_A,01653700
190625074914,TAG_ARRIVED_A,01653700
190625074915,SOLO_FAIL,01653700
190625074925,TAG_DEPARTED_A,01653700
190625074931,TAG_ARRIVED_A,01653700
190625074932,SOLO_FAIL,01653700
190625074933,TAG_DEPARTED_A,01653700
190625074935,LOCKOUT_ENDED,
190625074937,TAG_ARRIVED_A,0102ee00
190625074938,SOLO_SUCCESS,0102ee00
190625074943,TAG_DEPARTED_A,0102ee00
190625074950,TAG_ARRIVED_A,0102ee00
190625074951,SOLO_SUCCESS,0102ee00
190625075012,TAG_DEPARTED_A,0102ee00
190625075012,TAG_ARRIVED_B,0102ee00
190625075013,SOLO_SUCCESS,0102ee00
190625075014,TAG_DEPARTED_B,0102ee00
190625075021,TAG_ARRIVED_B,0102ee00
190625075022,SOLO_SUCCESS,0102ee00
190625075037,TAG_DEPARTED_B,0102ee00
190625075041,TAG_ARRIVED_B,0102ee00
190625075042,SOLO_SUCCESS,0102ee00
190625075049,TAG_DEPARTED_B,0102ee00
190625080352,TAG_ARRIVED_A,0101c200
190625080353,SOLO_SUCCESS,0101c200
190625080355,TAG_ARRIVED_B,0102ee00
190625080356,STARTCOOP_SUCCESS,0101c200_0102ee00
190625080356,TAG_DEPARTED_A,0101c200
190625080357,ENDCOOP_SUCCESS,0102ee00_
190625080357,TAG_DEPARTED_B,0102ee00
190625080412,TAG_ARRIVED_A,0101c200
190625080413,SOLO_SUCCESS,0101c200
190625080415,TAG_DEPARTED_A,0101c200
190625080416,TAG_ARRIVED_B,0102ee00
190625080417,SOLO_SUCCESS,0102ee00
190625080419,TAG_DEPARTED_B,0102ee00
190625080420,TAG_ARRIVED_A,0102ee00
190625080421,SOLO_SUCCESS,0102ee00
190625080421,TAG_DEPARTED_A,0102ee00
190625080422,TAG_ARRIVED_B,0102ee00
190625080423,SOLO_SUCCESS,0102ee00
190625080424,TAG_ARRIVED_A,0101c200
190625080425,STARTCOOP_SUCCESS,0102ee00_0101c200
190625080425,ENDCOOP_SUCCESS,0102ee00_0101c200
190625080425,TAG_DEPARTED_B,0102ee00
190625080426,TAG_DEPARTED_A,0101c200
190625080430,TAG_ARRIVED_A,0101c200
190625080431,SOLO_SUCCESS,0101c200
190625080433,TAG_DEPARTED_A,0101c200
190625080448,TAG_ARRIVED_A,0101c200
190625080449,SOLO_SUCCESS,0101c200
190625080450,TAG_DEPARTED_A,0101c200
190625080517,TAG_ARRIVED_A,0101c200
190625080518,SOLO_SUCCESS,0101c200
190625080520,TAG_DEPARTED_A,0101c200
190625080521,TAG_ARRIVED_B,0102ee00
190625080521,SOLO_SUCCESS,0102ee00
190625080522,TAG_DEPARTED_B,0102ee00
190625080534,TAG_ARRIVED_B,0101c200
190625080535,SOLO_SUCCESS,0101c200
190625080536,TAG_ARRIVED_A,0101c200
190625080537,SOLO_SUCCESS,0101c200
190625080537,TAG_DEPARTED_B,0101c200
190625080539,TAG_ARRIVED_B,01021800
190625080539,STARTCOOP_FAIL,0101c200_01021800
190625080540,TAG_DEPARTED_A,0101c200
190625080541,ENDCOOP_FAIL,01021800_
190625080541,TAG_DEPARTED_B,01021800
190625080543,TAG_ARRIVED_A,0101c200
190625080544,SOLO_FAIL,0101c200
190625080545,TAG_DEPARTED_A,0101c200
190625080548,TAG_ARRIVED_A,0101c200
190625080549,SOLO_FAIL,0101c200
190625080550,TAG_DEPARTED_A,0101c200
190625080552,TAG_ARRIVED_A,0101c200
190625080552,SOLO_FAIL,0101c200
190625080608,TAG_ARRIVED_B,01021800
190625080609,STARTCOOP_FAIL,0101c200_01021800
190625080609,TAG_DEPARTED_A,0101c200
190625080609,TAG_ARRIVED_B,07991800
190625080609,SOLO_FAIL,07991800
190625080610,TAG_ARRIVED_A,0102ee00
190625080611,STARTCOOP_FAIL,07991800_0102ee00
190625080611,TAG_ARRIVED_B,0102ee00
190625080612,SOLO_FAIL,0102ee00
190625080612,TAG_DEPARTED_A,0102ee00
190625080612,ENDCOOP_FAIL,0102ee00_
190625080613,TAG_DEPARTED_B,0102ee00
190625080614,TAG_ARRIVED_A,07991800
190625080615,SOLO_FAIL,07991800
190625080616,TAG_DEPARTED_A,07991800
190625080626,TAG_ARRIVED_A,07991800
190625080626,SOLO_FAIL,07991800
190625080628,TAG_DEPARTED_A,07991800
190625080640,TAG_ARRIVED_B,0102ee00
190625080641,SOLO_FAIL,0102ee00
190625080644,TAG_ARRIVED_A,07991800
190625080644,STARTCOOP_FAIL,0102ee00_07991800
190625080646,ENDCOOP_FAIL,0102ee00_07991800
190625080647,TAG_DEPARTED_B,0102ee00
190625080647,TAG_ARRIVED_B,0102ee00
190625080648,STARTCOOP_FAIL,07991800_0102ee00
190625080649,ENDCOOP_FAIL,0102ee00_07991800
190625080649,TAG_DEPARTED_B,0102ee00
190625080650,TAG_DEPARTED_A,07991800
190625080652,TAG_ARRIVED_B,0102ee00
190625080653,SOLO_FAIL,0102ee00
190625080656,ENDCOOP_FAIL,0102ee00_
190625080656,TAG_DEPARTED_B,0102ee00
190625080700,TAG_ARRIVED_A,0102ee00
190625080701,SOLO_FAIL,0102ee00
190625080702,TAG_DEPARTED_A,0102ee00
190625080703,TAG_ARRIVED_B,07991800
190625080703,SOLO_FAIL,07991800
190625080703,TAG_ARRIVED_A,0102ee00
190625080704,STARTCOOP_FAIL,07991800_0102ee00
190625080705,ENDCOOP_FAIL,07991800_0102ee00
190625080705,TAG_DEPARTED_B,07991800
190625080705,TAG_DEPARTED_A,0102ee00
190625080706,TAG_ARRIVED_B,07991800
190625080706,SOLO_FAIL,07991800
190625080712,ENDCOOP_FAIL,07991800_
190625080712,TAG_DEPARTED_B,07991800
190625080726,TAG_ARRIVED_B,07991800
190625080727,SOLO_FAIL,07991800
190625080730,ENDCOOP_FAIL,07991800_
190625080730,TAG_DEPARTED_B,07991800
190625080735,TAG_ARRIVED_A,07991800
190625080735,SOLO_FAIL,07991800
190625080737,TAG_DEPARTED_A,07991800
190625080740,TAG_ARRIVED_A,07991800
190625080740,SOLO_FAIL,07991800
190625080742,TAG_DEPARTED_A,07991800
190625080828,TAG_ARRIVED_B,0101c200
190625080829,SOLO_FAIL,0101c200
190625080835,ENDCOOP_FAIL,0101c200_
190625080835,TAG_DEPARTED_B,0101c200
190625080835,TAG_ARRIVED_B,0101c200
190625080836,SOLO_FAIL,0101c200
190625080839,ENDCOOP_FAIL,0101c200_
190625080839,TAG_DEPARTED_B,0101c200
190625080840,TAG_ARRIVED_A,0101c200
190625080841,SOLO_FAIL,0101c200
190625080842,TAG_DEPARTED_A,0101c200
190625080846,TAG_ARRIVED_A,0101c200
190625080847,SOLO_FAIL,0101c200
190625080848,TAG_DEPARTED_A,0101c200
190625080852,TAG_ARRIVED_A,0101c200
190625080853,SOLO_FAIL,0101c200
190625080859,TAG_DEPARTED_A,0101c200
190625080905,LOCKOUT_ENDED,
190625080908,TAG_ARRIVED_A,0101c200
190625080909,SOLO_SUCCESS,0101c200
190625080919,TAG_DEPARTED_A,0101c200
190625080941,TAG_ARRIVED_A,01043c00
190625080942,SOLO_SUCCESS,01043c00
190625080953,TAG_DEPARTED_A,01043c00
190625081002,TAG_ARRIVED_A,01043c00
190625081003,SOLO_SUCCESS,01043c00
190625081006,TAG_ARRIVED_A,01c2e300
190625081007,SOLO_SUCCESS,01c2e300
190625081011,TAG_DEPARTED_A,01c2e300
190625081017,TAG_ARRIVED_A,01e01400
190625081018,SOLO_SUCCESS,01e01400
190625081103,TAG_DEPARTED_A,01e01400
190625081109,TAG_ARRIVED_A,01753200
190625081110,SOLO_SUCCESS,01753200
190625081113,TAG_DEPARTED_A,01753200
190625081245,TAG_ARRIVED_A,0102ee00
190625081246,SOLO_SUCCESS,0102ee00
190625081248,TAG_DEPARTED_A,0102ee00
190625081257,TAG_ARRIVED_A,0102ee00
190625081258,SOLO_SUCCESS,0102ee00
190625081308,TAG_DEPARTED_A,0102ee00
190625081322,TAG_ARRIVED_A,0102ee00
190625081323,SOLO_SUCCESS,0102ee00
190625081324,TAG_DEPARTED_A,0102ee00
190625081329,TAG_ARRIVED_A,0102ee00
190625081330,SOLO_SUCCESS,0102ee00
190625081331,TAG_DEPARTED_A,0102ee00
190625081457,TAG_ARRIVED_A,01021800
190625081457,SOLO_SUCCESS,01021800
190625081528,TAG_DEPARTED_A,01021800
190625081529,TAG_ARRIVED_A,01021800
190625081529,SOLO_SUCCESS,01021800
190625081536,TAG_DEPARTED_A,01021800
190625081536,TAG_ARRIVED_A,01021800
190625081537,SOLO_SUCCESS,01021800
190625081540,TAG_DEPARTED_A,01021800
190625081549,TAG_ARRIVED_A,01021800
190625081549,SOLO_SUCCESS,01021800
190625081553,TAG_DEPARTED_A,01021800
190625081555,TAG_ARRIVED_A,01c2e300
190625081556,SOLO_SUCCESS,01c2e300
190625081558,TAG_DEPARTED_A,01c2e300
190625081713,TAG_ARRIVED_A,01021800
190625081713,SOLO_SUCCESS,01021800
190625081727,TAG_DEPARTED_A,01021800
190625081729,TAG_ARRIVED_A,01021800
190625081729,SOLO_SUCCESS,01021800
190625081805,TAG_DEPARTED_A,01021800
190625081806,TAG_ARRIVED_A,01021800
190625081807,SOLO_SUCCESS,01021800
190625081820,TAG_ARRIVED_A,0102ee00
190625081821,SOLO_SUCCESS,0102ee00
190625081823,TAG_DEPARTED_A,0102ee00
190625081946,TAG_ARRIVED_A,01e01400
190625081947,SOLO_SUCCESS,01e01400
190625081951,TAG_DEPARTED_A,01e01400
190625082050,TAG_ARRIVED_A,01d41b00
190625082051,SOLO_SUCCESS,01d41b00
190625082101,TAG_DEPARTED_A,01d41b00
190625082104,TAG_ARRIVED_A,01016400
190625082104,SOLO_SUCCESS,01016400
190625082112,TAG_DEPARTED_A,01016400
190625082112,TAG_ARRIVED_A,01016400
190625082113,SOLO_SUCCESS,01016400
190625082118,TAG_DEPARTED_A,01016400
190625082119,TAG_ARRIVED_A,01d41b00
190625082120,SOLO_SUCCESS,01d41b00
190625082121,TAG_DEPARTED_A,01d41b00
190625082123,TAG_ARRIVED_A,01d41b00
190625082123,SOLO_SUCCESS,01d41b00
190625082126,TAG_DEPARTED_A,01d41b00
190625082134,TAG_ARRIVED_A,01d41b00
190625082135,SOLO_SUCCESS,01d41b00
190625082136,TAG_DEPARTED_A,01d41b00
190625082138,TAG_ARRIVED_A,01d41b00
190625082139,SOLO_SUCCESS,01d41b00
190625082141,TAG_DEPARTED_A,01d41b00
190625082144,TAG_ARRIVED_A,01d41b00
190625082145,SOLO_SUCCESS,01d41b00
190625082148,TAG_DEPARTED_A,01d41b00
190625082209,TAG_ARRIVED_A,01016400
190625082209,SOLO_SUCCESS,01016400
190625082211,TAG_DEPARTED_A,01016400
190625082216,TAG_ARRIVED_A,01016400
190625082216,SOLO_SUCCESS,01016400
190625082221,TAG_DEPARTED_A,01016400
190625082224,TAG_ARRIVED_A,01016400
190625082224,SOLO_SUCCESS,01016400
190625082236,TAG_DEPARTED_A,01016400
190625082237,TAG_ARRIVED_A,01016400
190625082238,SOLO_SUCCESS,01016400
190625082239,TAG_DEPARTED_A,01016400
190625082244,TAG_ARRIVED_A,01016400
190625082245,SOLO_SUCCESS,01016400
190625082302,TAG_DEPARTED_A,01016400
190625082359,TAG_ARRIVED_A,0101c200
190625082400,SOLO_SUCCESS,0101c200
190625082408,TAG_DEPARTED_A,0101c200
190625082419,TAG_ARRIVED_A,0101c200
190625082420,SOLO_SUCCESS,0101c200
190625082422,TAG_DEPARTED_A,0101c200
190625082500,TAG_ARRIVED_A,0101c200
190625082501,SOLO_SUCCESS,0101c200
190625082507,TAG_DEPARTED_A,0101c200
190625082510,TAG_ARRIVED_A,0101c200
190625082511,SOLO_SUCCESS,0101c200
190625082531,TAG_DEPARTED_A,0101c200
190625082532,TAG_ARRIVED_A,0101c200
190625082533,SOLO_SUCCESS,0101c200
190625082542,TAG_DEPARTED_A,0101c200
190625082733,TAG_ARRIVED_A,01050400
190625082733,SOLO_SUCCESS,01050400
190625082742,TAG_ARRIVED_A,07991800
190625082743,SOLO_SUCCESS,07991800
190625082744,TAG_DEPARTED_A,07991800
190625082749,TAG_ARRIVED_A,07991800
190625082749,SOLO_SUCCESS,07991800
190625082751,TAG_DEPARTED_A,07991800
190625082753,TAG_ARRIVED_A,07991800
190625082753,SOLO_SUCCESS,07991800
190625082756,TAG_DEPARTED_A,07991800
190625082759,TAG_ARRIVED_A,07991800
190625082759,SOLO_SUCCESS,07991800
190625082802,TAG_DEPARTED_A,07991800
190625082803,TAG_ARRIVED_A,07991800
190625082803,SOLO_SUCCESS,07991800
190625082806,TAG_DEPARTED_A,07991800
190625082808,TAG_ARRIVED_A,07991800
190625082809,SOLO_SUCCESS,07991800
190625082810,TAG_DEPARTED_A,07991800
190625082811,TAG_ARRIVED_A,07991800
190625082811,SOLO_SUCCESS,07991800
190625082814,TAG_DEPARTED_A,07991800
190625082815,TAG_ARRIVED_A,07991800
190625082815,SOLO_SUCCESS,07991800
190625082818,TAG_DEPARTED_A,07991800
190625082841,TAG_ARRIVED_A,0102ee00
190625082842,SOLO_SUCCESS,0102ee00
190625082843,TAG_DEPARTED_A,0102ee00
190625082906,TAG_ARRIVED_A,07991800
190625082906,SOLO_SUCCESS,07991800
190625082908,TAG_DEPARTED_A,07991800
190625082910,TAG_ARRIVED_A,07991800
190625082911,SOLO_SUCCESS,07991800
190625082914,TAG_DEPARTED_A,07991800
190625082915,TAG_ARRIVED_A,07991800
190625082916,SOLO_SUCCESS,07991800
190625082919,TAG_DEPARTED_A,07991800
190625082928,TAG_ARRIVED_A,07991800
190625082928,SOLO_SUCCESS,07991800
190625082930,TAG_DEPARTED_A,07991800
190625082935,TAG_ARRIVED_A,07991800
190625082935,SOLO_SUCCESS,07991800
190625082937,TAG_DEPARTED_A,07991800
190625082949,TAG_ARRIVED_A,07991800
190625082949,SOLO_SUCCESS,07991800
190625082955,TAG_DEPARTED_A,07991800
190625082956,TAG_ARRIVED_A,0102ee00
190625082957,SOLO_SUCCESS,0102ee00
190625082958,TAG_DEPARTED_A,0102ee00
190625083059,TAG_ARRIVED_A,0102ee00
190625083100,SOLO_SUCCESS,0102ee00
190625083102,TAG_DEPARTED_A,0102ee00
190625083114,TAG_ARRIVED_A,0102ee00
190625083115,SOLO_SUCCESS,0102ee00
190625083117,TAG_DEPARTED_A,0102ee00
190625083120,TAG_ARRIVED_A,0102ee00
190625083121,SOLO_SUCCESS,0102ee00
190625083123,TAG_DEPARTED_A,0102ee00
190625083602,TAG_ARRIVED_A,01c4ca00
190625083603,SOLO_SUCCESS,01c4ca00
190625083615,TAG_DEPARTED_A,01c4ca00
190625083623,TAG_ARRIVED_A,01c4ca00
190625083624,SOLO_SUCCESS,01c4ca00
190625083634,TAG_DEPARTED_A,01c4ca00
190625083635,TAG_ARRIVED_A,01c4ca00
190625083636,SOLO_SUCCESS,01c4ca00
190625083643,TAG_DEPARTED_A,01c4ca00
190625083820,TAG_ARRIVED_A,0102ee00
190625083820,SOLO_SUCCESS,0102ee00
190625083823,TAG_DEPARTED_A,0102ee00
190625083927,TAG_ARRIVED_A,0102ee00
190625083928,SOLO_SUCCESS,0102ee00
190625083948,TAG_DEPARTED_A,0102ee00
190625084114,TAG_ARRIVED_A,01753200
190625084115,SOLO_SUCCESS,01753200
190625084121,TAG_DEPARTED_A,01753200
190625084126,TAG_ARRIVED_A,01009100
190625084127,SOLO_SUCCESS,01009100
190625084130,TAG_DEPARTED_A,01009100
190625084135,TAG_ARRIVED_A,01009100
190625084136,SOLO_SUCCESS,01009100
190625084136,TAG_ARRIVED_A,01b57900
190625084137,SOLO_SUCCESS,01b57900
190625084142,TAG_DEPARTED_A,01b57900
190625084146,TAG_ARRIVED_A,01009100
190625084147,SOLO_SUCCESS,01009100
190625084224,TAG_DEPARTED_A,01009100
190625084225,TAG_ARRIVED_A,01009100
190625084226,SOLO_SUCCESS,01009100
190625084227,TAG_DEPARTED_A,01009100
190625084232,TAG_ARRIVED_A,01009100
190625084233,SOLO_SUCCESS,01009100
190625084238,TAG_DEPARTED_A,01009100
190625084242,TAG_ARRIVED_A,01009100
190625084243,SOLO_SUCCESS,01009100
190625084244,TAG_DEPARTED_A,01009100
190625084251,TAG_ARRIVED_A,01009100
190625084252,SOLO_SUCCESS,01009100
190625084254,TAG_DEPARTED_A,01009100
190625084259,TAG_ARRIVED_A,01009100
190625084300,SOLO_SUCCESS,01009100
190625084301,TAG_DEPARTED_A,01009100
190625084418,TAG_ARRIVED_B,0102ee00
190625084419,SOLO_SUCCESS,0102ee00
190625084420,TAG_ARRIVED_A,01050400
190625084420,STARTCOOP_FAIL,0102ee00_01050400
190625084421,ENDCOOP_FAIL,0102ee00_01050400
190625084421,TAG_DEPARTED_B,0102ee00
190625084422,TAG_DEPARTED_A,01050400
190625084428,TAG_ARRIVED_A,01050400
190625084428,SOLO_FAIL,01050400
190625084437,TAG_DEPARTED_A,01050400
190625084438,TAG_ARRIVED_A,01009100
190625084439,SOLO_FAIL,01009100
190625084440,TAG_DEPARTED_A,01009100
190625084510,TAG_ARRIVED_A,01050400
190625084511,SOLO_FAIL,01050400
190625084511,TAG_ARRIVED_B,0195b300
190625084512,STARTCOOP_FAIL,01050400_0195b300
190625084513,ENDCOOP_FAIL,0195b300_01050400
190625084513,TAG_DEPARTED_B,0195b300
190625084513,TAG_DEPARTED_A,01050400
190625084516,TAG_ARRIVED_A,01050400
190625084516,SOLO_FAIL,01050400
190625084537,TAG_ARRIVED_B,01753200
190625084538,STARTCOOP_FAIL,01050400_01753200
190625084539,ENDCOOP_FAIL,01753200_01050400
190625084539,TAG_DEPARTED_B,01753200
190625084541,TAG_DEPARTED_A,01050400
190625084552,TAG_ARRIVED_A,01e01400
190625084553,SOLO_FAIL,01e01400
190625084556,TAG_ARRIVED_B,01753200
190625084557,STARTCOOP_SUCCESS,01e01400_01753200
190625084558,TAG_DEPARTED_A,01e01400
190625084602,ENDCOOP_SUCCESS,01753200_
190625084603,TAG_DEPARTED_B,01753200
190625084605,TAG_ARRIVED_B,01753200
190625084606,SOLO_FAIL,01753200
190625084606,TAG_ARRIVED_B,0101c200
190625084607,SOLO_FAIL,0101c200
190625084610,TAG_ARRIVED_A,01e01400
190625084611,STARTCOOP_SUCCESS,0101c200_01e01400
190625084612,TAG_DEPARTED_A,01e01400
190625084617,ENDCOOP_SUCCESS,0101c200_
190625084617,TAG_DEPARTED_B,0101c200
190625084618,TAG_ARRIVED_A,01d41b00
190625084618,SOLO_FAIL,01d41b00
190625084619,TAG_ARRIVED_B,0101c200
190625084620,STARTCOOP_SUCCESS,01d41b00_0101c200
190625084620,ENDCOOP_SUCCESS,0101c200_01d41b00
190625084620,TAG_DEPARTED_B,0101c200
190625084622,TAG_DEPARTED_A,01d41b00
190625084626,TAG_ARRIVED_B,0101c200
190625084627,SOLO_FAIL,0101c200
190625084642,TAG_ARRIVED_A,01d41b00
190625084643,STARTCOOP_SUCCESS,0101c200_01d41b00
190625084644,TAG_DEPARTED_A,01d41b00
190625084723,TAG_ARRIVED_B,01d41b00
190625084724,SOLO_FAIL,01d41b00
190625084737,ENDCOOP_FAIL,01d41b00_
190625084737,TAG_DEPARTED_B,01d41b00
190625084738,LOCKOUT_ENDED,
190625084741,TAG_ARRIVED_A,01753200
190625084742,SOLO_SUCCESS,01753200
190625084744,TAG_DEPARTED_A,01753200
190625084747,TAG_ARRIVED_B,01d41b00
190625084748,SOLO_SUCCESS,01d41b00
190625084749,TAG_DEPARTED_B,01d41b00
190625084752,TAG_ARRIVED_B,01d41b00
190625084753,SOLO_SUCCESS,01d41b00
190625084754,TAG_DEPARTED_B,01d41b00
190625084757,TAG_ARRIVED_B,01d41b00
190625084758,SOLO_SUCCESS,01d41b00
190625084803,TAG_DEPARTED_B,01d41b00
190625084807,TAG_ARRIVED_B,01753200
190625084808,SOLO_SUCCESS,01753200
190625084817,TAG_DEPARTED_B,01753200
190625084841,TAG_ARRIVED_A,01753200
190625084842,SOLO_SUCCESS,01753200
190625084843,TAG_DEPARTED_A,01753200
190625084845,TAG_ARRIVED_A,01753200
190625084846,SOLO_SUCCESS,01753200
190625084849,TAG_DEPARTED_A,01753200
190625085259,TAG_ARRIVED_A,0102ee00
190625085300,SOLO_SUCCESS,0102ee00
190625085302,TAG_DEPARTED_A,0102ee00
190625085314,TAG_ARRIVED_A,0102ee00
190625085315,SOLO_SUCCESS,0102ee00
190625085317,TAG_DEPARTED_A,0102ee00
190625085401,TAG_ARRIVED_A,0102ee00
190625085402,SOLO_SUCCESS,0102ee00
190625085423,TAG_DEPARTED_A,0102ee00
190625085424,TAG_ARRIVED_A,0102ee00
190625085425,SOLO_SUCCESS,0102ee00
190625085441,TAG_DEPARTED_A,0102ee00
190625085443,TAG_ARRIVED_A,0102ee00
190625085444,SOLO_SUCCESS,0102ee00
190625085446,TAG_DEPARTED_A,0102ee00
190625085511,TAG_ARRIVED_A,01016400
190625085511,SOLO_SUCCESS,01016400
190625085521,TAG_DEPARTED_A,01016400
190625085524,TAG_ARRIVED_A,01016400
190625085524,SOLO_SUCCESS,01016400
190625085526,TAG_DEPARTED_A,01016400
190625085528,TAG_ARRIVED_A,01016400
190625085528,SOLO_SUCCESS,01016400
190625085535,TAG_DEPARTED_A,01016400
190625085537,TAG_ARRIVED_A,01016400
190625085538,SOLO_SUCCESS,01016400
190625085539,TAG_DEPARTED_A,01016400
190625085600,TAG_ARRIVED_A,01016400
190625085600,SOLO_SUCCESS,01016400
190625085602,TAG_DEPARTED_A,01016400
190625085606,TAG_ARRIVED_A,07991800
190625085607,SOLO_SUCCESS,07991800
190625085609,TAG_DEPARTED_A,07991800
190625085613,TAG_ARRIVED_A,07991800
190625085613,SOLO_SUCCESS,07991800
190625085615,TAG_DEPARTED_A,07991800
190625085617,TAG_ARRIVED_A,07991800
190625085617,SOLO_SUCCESS,07991800
190625085619,TAG_DEPARTED_A,07991800
190625085846,TAG_ARRIVED_A,01fd1700
190625085846,SOLO_SUCCESS,01fd1700
190625085849,TAG_DEPARTED_A,01fd1700
190625085852,TAG_ARRIVED_A,01fd1700
190625085852,SOLO_SUCCESS,01fd1700
190625085854,TAG_DEPARTED_A,01fd1700
190625085855,TAG_ARRIVED_A,01050400
190625085856,SOLO_SUCCESS,01050400
190625085901,TAG_DEPARTED_A,01050400
190625085903,TAG_ARRIVED_A,01050400
190625085904,SOLO_SUCCESS,01050400
190625085912,TAG_DEPARTED_A,01050400
190625085921,TAG_ARRIVED_A,01050400
190625085922,SOLO_SUCCESS,01050400
190625085929,TAG_DEPARTED_A,01050400
190625085932,TAG_ARRIVED_A,01050400
190625085933,SOLO_SUCCESS,01050400
190625085956,TAG_DEPARTED_A,01050400
190625090011,TAG_ARRIVED_A,01fd1700
190625090012,SOLO_SUCCESS,01fd1700
190625090013,TAG_DEPARTED_A,01fd1700
190625091230,TAG_ARRIVED_A,07991800
190625091231,SOLO_SUCCESS,07991800
190625091232,TAG_DEPARTED_A,07991800
190625091233,TAG_ARRIVED_A,07991800
190625091233,SOLO_SUCCESS,07991800
190625091235,TAG_DEPARTED_A,07991800
190625091237,TAG_ARRIVED_A,07991800
190625091237,SOLO_SUCCESS,07991800
190625091239,TAG_DEPARTED_A,07991800
190625091304,TAG_ARRIVED_A,01048700
190625091305,SOLO_SUCCESS,01048700
190625091308,TAG_DEPARTED_A,01048700
190625091349,TAG_ARRIVED_A,01016400
190625091349,SOLO_SUCCESS,01016400
190625091355,TAG_DEPARTED_A,01016400
190625091358,TAG_ARRIVED_A,01016400
190625091358,SOLO_SUCCESS,01016400
190625091428,TAG_DEPARTED_A,01016400
190625091430,TAG_ARRIVED_A,01d41b00
190625091431,SOLO_SUCCESS,01d41b00
190625091437,TAG_DEPARTED_A,01d41b00
190625091458,TAG_ARRIVED_A,01d41b00
190625091459,SOLO_SUCCESS,01d41b00
190625091517,TAG_DEPARTED_A,01d41b00
190625091548,TAG_ARRIVED_A,01d41b00
190625091549,SOLO_SUCCESS,01d41b00
190625091552,TAG_DEPARTED_A,01d41b00
190625091617,TAG_ARRIVED_A,01d41b00
190625091618,SOLO_SUCCESS,01d41b00
190625091624,TAG_ARRIVED_A,0101c200
190625091625,SOLO_SUCCESS,0101c200
190625091626,TAG_DEPARTED_A,0101c200
190625091724,TAG_ARRIVED_A,0101c200
190625091725,SOLO_SUCCESS,0101c200
190625091728,TAG_DEPARTED_A,0101c200
190625091729,TAG_ARRIVED_A,0101c200
190625091730,SOLO_SUCCESS,0101c200
190625091732,TAG_DEPARTED_A,0101c200
190625092706,TAG_ARRIVED_A,018b0800
190625092707,SOLO_SUCCESS,018b0800
190625092727,TAG_DEPARTED_A,018b0800
190625092730,TAG_ARRIVED_A,018b0800
190625092731,SOLO_SUCCESS,018b0800
190625092732,TAG_DEPARTED_A,018b0800
190625092734,TAG_ARRIVED_A,018b0800
190625092735,SOLO_SUCCESS,018b0800
190625092739,TAG_DEPARTED_A,018b0800
190625092741,TAG_ARRIVED_A,01043c00
190625092742,SOLO_SUCCESS,01043c00
190625092754,TAG_DEPARTED_A,01043c00
190625092804,TAG_ARRIVED_A,01043c00
190625092805,SOLO_SUCCESS,01043c00
190625092816,TAG_DEPARTED_A,01043c00
190625092945,TAG_ARRIVED_B,0102ee00
190625092946,SOLO_SUCCESS,0102ee00
190625092947,TAG_DEPARTED_B,0102ee00
190625093014,TAG_ARRIVED_B,0102ee00
190625093015,SOLO_SUCCESS,0102ee00
190625093016,TAG_DEPARTED_B,0102ee00
190625093026,TAG_ARRIVED_B,0102ee00
190625093027,SOLO_SUCCESS,0102ee00
190625093028,TAG_DEPARTED_B,0102ee00
190625093147,TAG_ARRIVED_B,0102ee00
190625093148,SOLO_SUCCESS,0102ee00
190625093151,TAG_DEPARTED_B,0102ee00
190625093239,TAG_ARRIVED_B,0101c200
190625093240,SOLO_SUCCESS,0101c200
190625093323,TAG_DEPARTED_B,0101c200
190625093326,TAG_ARRIVED_B,0101c200
190625093327,SOLO_SUCCESS,0101c200
190625093334,TAG_DEPARTED_B,0101c200
190625093414,TAG_ARRIVED_B,0101c200
190625093415,SOLO_SUCCESS,0101c200
190625093419,TAG_DEPARTED_B,0101c200
190625093427,TAG_ARRIVED_B,0101c200
190625093428,SOLO_SUCCESS,0101c200
190625093432,TAG_DEPARTED_B,0101c200
190625093452,TAG_ARRIVED_B,01c4ca00
190625093453,SOLO_SUCCESS,01c4ca00
190625093454,TAG_DEPARTED_B,01c4ca00
190625093458,TAG_ARRIVED_B,01c4ca00
190625093459,SOLO_SUCCESS,01c4ca00
190625093500,TAG_DEPARTED_B,01c4ca00
190625093528,TAG_ARRIVED_A,01050400
190625093529,SOLO_SUCCESS,01050400
190625093532,TAG_DEPARTED_A,01050400
190625093534,TAG_ARRIVED_A,01050400
190625093534,SOLO_SUCCESS,01050400
190625093603,TAG_DEPARTED_A,01050400
190625093742,TAG_ARRIVED_B,01e14200
190625093743,SOLO_SUCCESS,01e14200
190625093744,TAG_DEPARTED_B,01e14200
190625093833,TAG_ARRIVED_A,01df6400
190625093834,SOLO_SUCCESS,01df6400
190625093836,TAG_DEPARTED_A,01df6400
190625093838,TAG_ARRIVED_A,01df6400
190625093839,SOLO_SUCCESS,01df6400
190625093840,TAG_DEPARTED_A,01df6400
190625093844,TAG_ARRIVED_A,01df6400
190625093845,SOLO_SUCCESS,01df6400
190625093848,TAG_DEPARTED_A,01df6400
190625093940,TAG_ARRIVED_A,0140c700
190625093940,SOLO_SUCCESS,0140c700
190625093946,TAG_DEPARTED_A,0140c700
190625093947,TAG_ARRIVED_A,01c2e300
190625093948,SOLO_SUCCESS,01c2e300
190625093949,TAG_DEPARTED_A,01c2e300
190625093959,TAG_ARRIVED_A,01c2e300
190625094000,SOLO_SUCCESS,01c2e300
190625094013,TAG_DEPARTED_A,01c2e300
190625094038,TAG_ARRIVED_A,01c2e300
190625094039,SOLO_SUCCESS,01c2e300
190625094040,TAG_DEPARTED_A,01c2e300
190625094132,TAG_ARRIVED_A,01753200
190625094133,SOLO_SUCCESS,01753200
190625094134,TAG_DEPARTED_A,01753200
190625094316,TAG_ARRIVED_A,01050400
190625094316,SOLO_SUCCESS,01050400
190625094322,TAG_DEPARTED_A,01050400
190625094330,TAG_ARRIVED_A,01050400
190625094330,SOLO_SUCCESS,01050400
190625094333,TAG_DEPARTED_A,01050400
190625094403,TAG_ARRIVED_B,0101c200
190625094404,SOLO_SUCCESS,0101c200
190625094405,TAG_DEPARTED_B,0101c200
190625094406,TAG_ARRIVED_B,0101c200
190625094407,SOLO_SUCCESS,0101c200
190625094411,TAG_DEPARTED_B,0101c200
190625094412,TAG_ARRIVED_A,0101c200
190625094412,SOLO_SUCCESS,0101c200
190625094413,TAG_DEPARTED_A,0101c200
190625094423,TAG_ARRIVED_A,0101c200
190625094424,SOLO_SUCCESS,0101c200
190625094426,TAG_DEPARTED_A,0101c200
190625094426,TAG_ARRIVED_A,0101c200
190625094427,SOLO_SUCCESS,0101c200
190625094431,TAG_DEPARTED_A,0101c200
190625094435,TAG_ARRIVED_B,01c4ca00
190625094436,SOLO_SUCCESS,01c4ca00
190625094437,TAG_ARRIVED_A,0101c200
190625094438,STARTCOOP_SUCCESS,01c4ca00_0101c200
190625094439,TAG_DEPARTED_A,0101c200
190625094439,TAG_ARRIVED_A,0101c200
190625094440,STARTCOOP_SUCCESS,01c4ca00_0101c200
190625094441,TAG_DEPARTED_A,0101c200
190625094444,TAG_ARRIVED_A,0101c200
190625094445,STARTCOOP_SUCCESS,01c4ca00_0101c200
190625094446,TAG_DEPARTED_A,0101c200
190625094447,TAG_ARRIVED_A,0101c200
190625094448,STARTCOOP_SUCCESS,01c4ca00_0101c200
190625094449,TAG_DEPARTED_A,0101c200
190625094451,ENDCOOP_SUCCESS,01c4ca00_
190625094451,TAG_DEPARTED_B,01c4ca00
190625094452,TAG_ARRIVED_B,01050400
190625094452,SOLO_SUCCESS,01050400
190625094454,TAG_ARRIVED_A,0101c200
190625094455,STARTCOOP_FAIL,01050400_0101c200
190625094455,ENDCOOP_FAIL,01050400_0101c200
190625094455,TAG_DEPARTED_B,01050400
190625094500,TAG_DEPARTED_A,0101c200
190625094500,TAG_ARRIVED_A,0101c200
190625094501,SOLO_FAIL,0101c200
190625094503,TAG_DEPARTED_A,0101c200
190625094504,TAG_ARRIVED_B,01050400
190625094504,SOLO_FAIL,01050400
190625094510,TAG_ARRIVED_A,0101c200
190625094512,STARTCOOP_FAIL,01050400_0101c200
190625094512,ENDCOOP_FAIL,01050400_0101c200
190625094512,TAG_DEPARTED_B,01050400
190625094512,TAG_DEPARTED_A,0101c200
190625094523,TAG_ARRIVED_A,0101c200
190625094524,SOLO_FAIL,0101c200
190625094525,TAG_DEPARTED_A,0101c200
190625094528,TAG_ARRIVED_A,0101c200
190625094529,SOLO_FAIL,0101c200
190625094530,TAG_DEPARTED_A,0101c200
190625094533,TAG_ARRIVED_A,0101c200
190625094534,SOLO_FAIL,0101c200
190625094538,TAG_DEPARTED_A,0101c200
190625094539,TAG_ARRIVED_A,0101c200
190625094540,SOLO_FAIL,0101c200
190625094552,TAG_DEPARTED_A,0101c200
190625094559,TAG_ARRIVED_A,0101c200
190625094600,SOLO_FAIL,0101c200
190625094607,TAG_ARRIVED_B,01050400
190625094608,STARTCOOP_FAIL,0101c200_01050400
190625094609,ENDCOOP_FAIL,01050400_0101c200
190625094609,TAG_DEPARTED_B,01050400
190625094612,TAG_DEPARTED_A,0101c200
190625094613,TAG_ARRIVED_A,0101c200
190625094614,SOLO_FAIL,0101c200
190625094618,TAG_DEPARTED_A,0101c200
190625094620,TAG_ARRIVED_A,0101c200
190625094621,SOLO_FAIL,0101c200
190625094621,TAG_ARRIVED_B,01c4ca00
190625094622,STARTCOOP_SUCCESS,0101c200_01c4ca00
190625094622,TAG_DEPARTED_A,0101c200
190625094622,TAG_DEPARTED_B,01c4ca00
190625094628,TAG_ARRIVED_A,0101c200
190625094629,SOLO_FAIL,0101c200
190625094629,TAG_ARRIVED_B,01c4ca00
190625094630,STARTCOOP_SUCCESS,0101c200_01c4ca00
190625094631,TAG_DEPARTED_A,0101c200
190625094631,TAG_ARRIVED_A,01009100
190625094632,STARTCOOP_SUCCESS,01c4ca00_01009100
190625094633,TAG_DEPARTED_A,01009100
190625094633,TAG_ARRIVED_A,01009100
190625094634,STARTCOOP_SUCCESS,01c4ca00_01009100
190625094635,ENDCOOP_SUCCESS,01c4ca00_01009100
190625094635,TAG_DEPARTED_B,01c4ca00
190625094635,TAG_DEPARTED_A,01009100
190625094637,TAG_ARRIVED_B,01c4ca00
190625094638,SOLO_FAIL,01c4ca00
190625094641,TAG_ARRIVED_A,01050400
190625094641,STARTCOOP_FAIL,01c4ca00_01050400
190625094645,ENDCOOP_FAIL,01c4ca00_01050400
190625094646,TAG_DEPARTED_B,01c4ca00
190625094646,TAG_DEPARTED_A,01050400
190625094646,TAG_ARRIVED_B,01c4ca00
190625094647,SOLO_FAIL,01c4ca00
190625094648,ENDCOOP_FAIL,01c4ca00_
190625094648,TAG_DEPARTED_B,01c4ca00
190625094649,TAG_ARRIVED_B,01c4ca00
190625094650,SOLO_FAIL,01c4ca00
190625094652,TAG_ARRIVED_A,01050400
190625094652,STARTCOOP_FAIL,01c4ca00_01050400
190625094657,ENDCOOP_FAIL,01c4ca00_01050400
190625094658,TAG_DEPARTED_B,01c4ca00
190625094658,TAG_ARRIVED_B,0101c200
190625094659,STARTCOOP_FAIL,01050400_0101c200
190625094700,ENDCOOP_FAIL,0101c200_01050400
190625094700,TAG_DEPARTED_B,0101c200
190625094701,TAG_DEPARTED_A,01050400
190625094703,TAG_ARRIVED_B,0101c200
190625094704,SOLO_FAIL,0101c200
190625094705,ENDCOOP_FAIL,0101c200_
190625094705,TAG_DEPARTED_B,0101c200
190625094707,TAG_ARRIVED_A,01c4ca00
190625094708,SOLO_FAIL,01c4ca00
190625094711,TAG_DEPARTED_A,01c4ca00
190625094720,TAG_ARRIVED_A,0102ee00
190625094721,SOLO_FAIL,0102ee00
190625094722,TAG_DEPARTED_A,0102ee00
190625094734,TAG_ARRIVED_B,0101c200
190625094735,SOLO_FAIL,0101c200
190625094745,ENDCOOP_FAIL,0101c200_
190625094745,TAG_DEPARTED_B,0101c200
190625094745,TAG_ARRIVED_B,0101c200
190625094746,SOLO_FAIL,0101c200
190625094747,ENDCOOP_FAIL,0101c200_
190625094747,TAG_DEPARTED_B,0101c200
190625094753,TAG_ARRIVED_B,0101c200
190625094754,SOLO_FAIL,0101c200
190625094801,TAG_ARRIVED_B,0102ee00
190625094802,SOLO_FAIL,0102ee00
190625094804,ENDCOOP_FAIL,0102ee00_
190625094804,TAG_DEPARTED_B,0102ee00
190625094811,TAG_ARRIVED_B,0102ee00
190625094812,SOLO_FAIL,0102ee00
190625094813,TAG_ARRIVED_A,01050400
190625094813,STARTCOOP_FAIL,0102ee00_01050400
190625094814,TAG_ARRIVED_A,0102ee00
190625094815,SOLO_FAIL,0102ee00
190625094815,ENDCOOP_FAIL,0102ee00_0102ee00
190625094815,TAG_DEPARTED_B,0102ee00
190625094818,TAG_DEPARTED_A,0102ee00
190625094821,TAG_ARRIVED_B,0102ee00
190625094822,SOLO_FAIL,0102ee00
190625094824,ENDCOOP_FAIL,0102ee00_
190625094824,TAG_DEPARTED_B,0102ee00
190625094924,TAG_ARRIVED_A,0101c200
190625094925,SOLO_FAIL,0101c200
190625094926,TAG_ARRIVED_A,01050400
190625094927,SOLO_FAIL,01050400
190625094929,TAG_DEPARTED_A,01050400
190625094931,TAG_ARRIVED_A,0102ee00
190625094932,SOLO_FAIL,0102ee00
190625094933,TAG_DEPARTED_A,0102ee00
190625095013,LOCKOUT_ENDED,
190625095016,TAG_ARRIVED_A,01050400
190625095017,SOLO_SUCCESS,01050400
190625095020,TAG_ARRIVED_A,0101c200
190625095021,SOLO_SUCCESS,0101c200
190625095022,TAG_DEPARTED_A,0101c200
190625095027,TAG_ARRIVED_A,0101c200
190625095027,SOLO_SUCCESS,0101c200
190625095030,TAG_DEPARTED_A,0101c200
190625095047,TAG_ARRIVED_A,01050400
190625095048,SOLO_SUCCESS,01050400
190625095051,TAG_DEPARTED_A,01050400
190625095122,TAG_ARRIVED_A,01050400
190625095122,SOLO_SUCCESS,01050400
190625095125,TAG_DEPARTED_A,01050400
190625095125,TAG_ARRIVED_A,01050400
190625095126,SOLO_SUCCESS,01050400
190625095127,TAG_DEPARTED_A,01050400
190625095132,TAG_ARRIVED_A,01050400
190625095132,SOLO_SUCCESS,01050400
190625095152,TAG_DEPARTED_A,01050400
190625095154,TAG_ARRIVED_B,0103f300
190625095154,SOLO_SUCCESS,0103f300
190625095156,TAG_DEPARTED_B,0103f300
190625095157,TAG_ARRIVED_B,0103f300
190625095158,SOLO_SUCCESS,0103f300
190625095202,TAG_DEPARTED_B,0103f300
190625095203,TAG_ARRIVED_A,01016400
190625095203,SOLO_SUCCESS,01016400
190625095212,TAG_DEPARTED_A,01016400
190625095214,TAG_ARRIVED_B,0103f300
190625095214,SOLO_SUCCESS,0103f300
190625095218,TAG_DEPARTED_B,0103f300
190625095933,TAG_ARRIVED_B,01e01400
190625095934,SOLO_SUCCESS,01e01400
190625095940,TAG_DEPARTED_B,01e01400
190625100350,TAG_ARRIVED_B,0101c200
190625100351,SOLO_SUCCESS,0101c200
190625100352,TAG_DEPARTED_B,0101c200
190625100356,TAG_ARRIVED_B,0101c200
190625100357,SOLO_SUCCESS,0101c200
190625100359,TAG_DEPARTED_B,0101c200
190625100403,TAG_ARRIVED_A,0101c200
190625100404,SOLO_SUCCESS,0101c200
190625100405,TAG_DEPARTED_A,0101c200
190625100408,TAG_ARRIVED_B,0101c200
190625100409,SOLO_SUCCESS,0101c200
190625100410,TAG_DEPARTED_B,0101c200
190625100411,TAG_ARRIVED_B,0101c200
190625100412,SOLO_SUCCESS,0101c200
190625100413,TAG_DEPARTED_B,0101c200
190625100503,TAG_ARRIVED_A,0102ee00
190625100504,SOLO_SUCCESS,0102ee00
190625100510,TAG_DEPARTED_A,0102ee00
190625100543,TAG_ARRIVED_A,0102ee00
190625100544,SOLO_SUCCESS,0102ee00
190625100603,TAG_DEPARTED_A,0102ee00
190625100611,TAG_ARRIVED_A,0102ee00
190625100612,SOLO_SUCCESS,0102ee00
190625100615,TAG_DEPARTED_A,0102ee00
190625100616,TAG_ARRIVED_B,0102ee00
190625100617,SOLO_SUCCESS,0102ee00
190625100622,TAG_DEPARTED_B,0102ee00
190625100626,TAG_ARRIVED_B,0102ee00
190625100627,SOLO_SUCCESS,0102ee00
190625100634,TAG_DEPARTED_B,0102ee00
190625100634,TAG_ARRIVED_B,0102ee00
190625100635,SOLO_SUCCESS,0102ee00
190625100636,TAG_DEPARTED_B,0102ee00
190625100647,TAG_ARRIVED_B,0102ee00
190625100648,SOLO_SUCCESS,0102ee00
190625100650,TAG_DEPARTED_B,0102ee00
190625100656,TAG_ARRIVED_B,0102ee00
190625100657,SOLO_SUCCESS,0102ee00
190625100741,TAG_DEPARTED_B,0102ee00
190625100812,TAG_ARRIVED_B,0102ee00
190625100813,SOLO_SUCCESS,0102ee00
190625100845,TAG_DEPARTED_B,0102ee00
190625100853,TAG_ARRIVED_B,0102ee00
190625100854,SOLO_SUCCESS,0102ee00
190625100901,TAG_DEPARTED_B,0102ee00
190625100913,TAG_ARRIVED_B,0102ee00
190625100914,SOLO_SUCCESS,0102ee00
190625100915,TAG_DEPARTED_B,0102ee00
190625100916,TAG_ARRIVED_A,01016400
190625100916,SOLO_SUCCESS,01016400
190625100919,TAG_DEPARTED_A,01016400
190625100921,TAG_ARRIVED_A,0102ee00
190625100922,SOLO_SUCCESS,0102ee00
190625100923,TAG_DEPARTED_A,0102ee00
190625100931,TAG_ARRIVED_A,0102ee00
190625100932,SOLO_SUCCESS,0102ee00
190625100938,TAG_DEPARTED_A,0102ee00
190625101005,TAG_ARRIVED_A,01016400
190625101006,SOLO_SUCCESS,01016400
190625101011,TAG_DEPARTED_A,01016400
190625101023,TAG_ARRIVED_B,01016400
190625101023,SOLO_SUCCESS,01016400
190625101028,TAG_DEPARTED_B,01016400
190625101201,TAG_ARRIVED_A,01016400
190625101202,SOLO_SUCCESS,01016400
190625101203,TAG_DEPARTED_A,01016400
190625101212,TAG_ARRIVED_A,0101c200
190625101213,SOLO_SUCCESS,0101c200
190625101216,TAG_DEPARTED_A,0101c200
190625101249,TAG_ARRIVED_A,01016400
190625101250,SOLO_SUCCESS,01016400
190625101251,TAG_DEPARTED_A,01016400
190625101252,TAG_ARRIVED_A,0101c200
190625101253,SOLO_SUCCESS,0101c200
190625101259,TAG_DEPARTED_A,0101c200
190625101305,TAG_ARRIVED_A,0101c200
190625101306,SOLO_SUCCESS,0101c200
190625101320,TAG_DEPARTED_A,0101c200
190625101327,TAG_ARRIVED_A,07991800
190625101327,SOLO_SUCCESS,07991800
190625101333,TAG_DEPARTED_A,07991800
190625101334,TAG_ARRIVED_A,07991800
190625101334,SOLO_SUCCESS,07991800
190625101341,TAG_DEPARTED_A,07991800
190625101352,TAG_ARRIVED_A,07991800
190625101353,SOLO_SUCCESS,07991800
190625101359,TAG_DEPARTED_A,07991800
190625101402,TAG_ARRIVED_A,07991800
190625101402,SOLO_SUCCESS,07991800
190625101405,TAG_DEPARTED_A,07991800
190625101406,TAG_ARRIVED_A,07991800
190625101407,SOLO_SUCCESS,07991800
190625101409,TAG_DEPARTED_A,07991800
190625101416,TAG_ARRIVED_A,07991800
190625101416,SOLO_SUCCESS,07991800
190625101418,TAG_DEPARTED_A,07991800
190625101419,TAG_ARRIVED_A,07991800
190625101419,SOLO_SUCCESS,07991800
190625101421,TAG_DEPARTED_A,07991800
190625101433,TAG_ARRIVED_A,07991800
190625101433,SOLO_SUCCESS,07991800
190625101438,TAG_DEPARTED_A,07991800
