190613072500,START_EXPERIMENT,
190613072849,TAG_ARRIVED_A,01043c00
190613072850,SOLO_SUCCESS,01043c00
190613072851,TAG_DEPARTED_A,01043c00
190613072852,TAG_ARRIVED_B,0102ae00
190613072853,SOLO_SUCCESS,0102ae00
190613072859,TAG_DEPARTED_B,0102ae00
190613072859,TAG_ARRIVED_B,0102ae00
190613072900,SOLO_SUCCESS,0102ae00
190613072905,TAG_DEPARTED_B,0102ae00
190613072907,TAG_ARRIVED_B,0102ae00
190613072907,SOLO_SUCCESS,0102ae00
190613072909,TAG_ARRIVED_A,0101c200
190613072910,STARTCOOP_FAIL,0102ae00_0101c200
190613072913,TAG_DEPARTED_A,0101c200
190613072915,TAG_ARRIVED_A,0101c200
190613072916,STARTCOOP_FAIL,0102ae00_0101c200
190613072918,ENDCOOP_FAIL,0102ae00_0101c200
190613072918,TAG_DEPARTED_B,0102ae00
190613072923,TAG_DEPARTED_A,0101c200
190613072926,TAG_ARRIVED_A,0101c200
190613072927,SOLO_FAIL,0101c200
190613072941,TAG_DEPARTED_A,0101c200
190613072942,TAG_ARRIVED_B,0101c200
190613072943,SOLO_FAIL,0101c200
190613072948,ENDCOOP_FAIL,0101c200_
190613072948,TAG_DEPARTED_B,0101c200
190613072954,TAG_ARRIVED_A,0101c200
190613072955,SOLO_FAIL,0101c200
190613072956,TAG_ARRIVED_B,01043c00
190613072956,STARTCOOP_SUCCESS,0101c200_01043c00
190613072958,TAG_DEPARTED_A,0101c200
190613072959,ENDCOOP_SUCCESS,01043c00_
190613072959,TAG_DEPARTED_B,01043c00
190613073116,LOCKOUT_ENDED,
190613073208,TAG_ARRIVED_A,01e14200
190613073209,SOLO_SUCCESS,01e14200
190613073210,TAG_DEPARTED_A,01e14200
190613073221,TAG_ARRIVED_B,1050400
190613073222,SOLO_SUCCESS,1050400
190613073241,TAG_DEPARTED_B,1050400
190613073327,TAG_ARRIVED_B,1016400
190613073328,SOLO_SUCCESS,1016400
190613073343,TAG_ARRIVED_B,1050400
190613073343,SOLO_SUCCESS,1050400
190613073355,TAG_DEPARTED_B,1050400
190613073456,TAG_ARRIVED_A,01e14200
190613073457,SOLO_SUCCESS,01e14200
190613073458,TAG_DEPARTED_A,01e14200
190613073503,TAG_ARRIVED_A,01e14200
190613073504,SOLO_SUCCESS,01e14200
190613073510,TAG_DEPARTED_A,01e14200
190613073518,TAG_ARRIVED_A,01e14200
190613073519,SOLO_SUCCESS,01e14200
190613073531,TAG_DEPARTED_A,01e14200
190613073540,TAG_ARRIVED_A,01e14200
190613073541,SOLO_SUCCESS,01e14200
190613073543,TAG_DEPARTED_A,01e14200
190613073555,TAG_ARRIVED_A,01e14200
190613073556,SOLO_SUCCESS,01e14200
190613073650,TAG_DEPARTED_A,01e14200
190613073751,TAG_ARRIVED_B,1016400
190613073751,SOLO_SUCCESS,1016400
190613073753,TAG_DEPARTED_B,1016400
190613073754,TAG_ARRIVED_B,1016400
190613073755,SOLO_SUCCESS,1016400
190613073800,TAG_DEPARTED_B,1016400
190613073933,TAG_ARRIVED_A,01c4ca00
190613073934,SOLO_SUCCESS,01c4ca00
190613073937,TAG_ARRIVED_B,1016400
190613073938,STARTCOOP_FAIL,01c4ca00_01016400
190613073954,ENDCOOP_FAIL,01016400_01c4ca00
190613073954,TAG_DEPARTED_B,1016400
190613073954,TAG_ARRIVED_B,1016400
190613073955,STARTCOOP_FAIL,01c4ca00_01016400
190613073956,ENDCOOP_FAIL,01016400_01c4ca00
190613073956,TAG_DEPARTED_B,1016400
190613073957,TAG_DEPARTED_A,01c4ca00
190613073957,TAG_ARRIVED_B,1016400
190613073957,SOLO_FAIL,1016400
190613074001,ENDCOOP_FAIL,01016400_
190613074001,TAG_DEPARTED_B,1016400
190613074005,TAG_ARRIVED_B,01c4ca00
190613074006,SOLO_FAIL,01c4ca00
190613074013,ENDCOOP_FAIL,01c4ca00_
190613074013,TAG_DEPARTED_B,01c4ca00
190613074024,TAG_ARRIVED_A,01c4ca00
190613074024,SOLO_FAIL,01c4ca00
190613074030,TAG_DEPARTED_A,01c4ca00
190613074113,TAG_ARRIVED_B,01c4ca00
190613074114,SOLO_FAIL,01c4ca00
190613074116,ENDCOOP_FAIL,01c4ca00_
190613074116,TAG_DEPARTED_B,01c4ca00
190613074120,TAG_ARRIVED_B,01c4ca00
190613074121,SOLO_FAIL,01c4ca00
190613074122,ENDCOOP_FAIL,01c4ca00_
190613074122,TAG_DEPARTED_B,01c4ca00
190613074123,TAG_ARRIVED_A,01c4ca00
190613074124,SOLO_FAIL,01c4ca00
190613074140,TAG_DEPARTED_A,01c4ca00
190613074141,TAG_ARRIVED_A,01c4ca00
190613074142,SOLO_FAIL,01c4ca00
190613074142,TAG_DEPARTED_A,01c4ca00
190613074144,TAG_ARRIVED_A,01c4ca00
190613074144,SOLO_FAIL,01c4ca00
190613074154,LOCKOUT_ENDED,
190613074243,TAG_DEPARTED_A,01c4ca00
190613074324,TAG_ARRIVED_B,1050400
190613074324,SOLO_SUCCESS,1050400
190613074330,TAG_DEPARTED_B,1050400
190613074918,TAG_ARRIVED_B,1016400
190613074918,SOLO_SUCCESS,1016400
190613074923,TAG_DEPARTED_B,1016400
190613074925,TAG_ARRIVED_B,1016400
190613074925,SOLO_SUCCESS,1016400
190613074931,TAG_ARRIVED_B,1653700
190613074932,SOLO_SUCCESS,1653700
190613074936,TAG_DEPARTED_B,1653700
190613074957,TAG_ARRIVED_B,1653700
190613074958,SOLO_SUCCESS,1653700
190613075000,TAG_DEPARTED_B,1653700
190613075014,TAG_ARRIVED_B,1653700
190613075015,SOLO_SUCCESS,1653700
190613075017,TAG_DEPARTED_B,1653700
190613075019,TAG_ARRIVED_A,1653700
190613075020,SOLO_SUCCESS,1653700
190613075021,TAG_DEPARTED_A,1653700
190613075059,TAG_ARRIVED_A,0101c200
190613075100,SOLO_SUCCESS,0101c200
190613075130,TAG_ARRIVED_B,1041100
190613075131,STARTCOOP_SUCCESS,0101c200_01041100
190613075132,TAG_DEPARTED_A,0101c200
190613075134,TAG_ARRIVED_A,0101c200
190613075135,STARTCOOP_SUCCESS,01041100_0101c200
190613075136,TAG_DEPARTED_A,0101c200
190613075137,TAG_ARRIVED_B,1653700
190613075138,SOLO_SUCCESS,1653700
190613075139,TAG_DEPARTED_B,1653700
190613075140,TAG_ARRIVED_A,0101c200
190613075141,SOLO_SUCCESS,0101c200
190613075146,TAG_DEPARTED_A,0101c200
190613075147,TAG_ARRIVED_A,0101c200
190613075148,SOLO_SUCCESS,0101c200
190613075151,TAG_DEPARTED_A,0101c200
190613075152,TAG_ARRIVED_A,0101c200
190613075153,SOLO_SUCCESS,0101c200
190613075158,TAG_ARRIVED_A,1653700
190613075159,SOLO_SUCCESS,1653700
190613075200,TAG_ARRIVED_A,0101c200
190613075201,SOLO_SUCCESS,0101c200
190613075205,TAG_DEPARTED_A,0101c200
190613075208,TAG_ARRIVED_A,0101c200
190613075209,SOLO_SUCCESS,0101c200
190613075212,TAG_DEPARTED_A,0101c200
190613075215,TAG_ARRIVED_A,0101c200
190613075216,SOLO_SUCCESS,0101c200
190613075226,TAG_DEPARTED_A,0101c200
190613075227,TAG_ARRIVED_A,0101c200
190613075228,SOLO_SUCCESS,0101c200
190613075236,TAG_DEPARTED_A,0101c200
190613075245,TAG_ARRIVED_A,1653700
190613075246,SOLO_SUCCESS,1653700
190613075248,TAG_DEPARTED_A,1653700
190613075250,TAG_ARRIVED_A,1653700
190613075251,SOLO_SUCCESS,1653700
190613075303,TAG_DEPARTED_A,1653700
190613075316,TAG_ARRIVED_A,1653700
190613075316,SOLO_SUCCESS,1653700
190613075318,TAG_DEPARTED_A,1653700
190613075324,TAG_ARRIVED_A,1653700
190613075324,SOLO_SUCCESS,1653700
190613075328,TAG_DEPARTED_A,1653700
190613075329,TAG_ARRIVED_A,1653700
190613075330,SOLO_SUCCESS,1653700
190613075331,TAG_DEPARTED_A,1653700
190613075339,TAG_ARRIVED_A,0101c200
190613075340,SOLO_SUCCESS,0101c200
190613075350,TAG_ARRIVED_B,1653700
190613075351,STARTCOOP_SUCCESS,0101c200_01653700
190613075352,ENDCOOP_SUCCESS,01653700_0101c200
190613075352,TAG_DEPARTED_B,1653700
190613075353,TAG_ARRIVED_B,1653700
190613075354,STARTCOOP_SUCCESS,0101c200_01653700
190613075411,TAG_DEPARTED_A,0101c200
190613075413,TAG_DEPARTED_B,1653700
190613075413,TAG_ARRIVED_A,0101c200
190613075414,SOLO_SUCCESS,0101c200
190613075418,TAG_DEPARTED_A,0101c200
190613075421,TAG_ARRIVED_A,0101c200
190613075421,SOLO_SUCCESS,0101c200
190613075427,TAG_DEPARTED_A,0101c200
190613075430,TAG_ARRIVED_A,0101c200
190613075431,SOLO_SUCCESS,0101c200
190613075432,TAG_DEPARTED_A,0101c200
190613075435,TAG_ARRIVED_A,0101c200
190613075436,SOLO_SUCCESS,0101c200
190613075439,TAG_DEPARTED_A,0101c200
190613075442,TAG_ARRIVED_A,0101c200
190613075443,SOLO_SUCCESS,0101c200
190613075451,TAG_DEPARTED_A,0101c200
190613075454,TAG_ARRIVED_A,0101c200
190613075455,SOLO_SUCCESS,0101c200
190613075500,TAG_DEPARTED_A,0101c200
190613075505,TAG_ARRIVED_A,0101c200
190613075506,SOLO_SUCCESS,0101c200
190613075530,TAG_DEPARTED_A,0101c200
190613075539,TAG_ARRIVED_A,0101c200
190613075540,SOLO_SUCCESS,0101c200
190613075550,TAG_DEPARTED_A,0101c200
190613075553,TAG_ARRIVED_A,0101c200
190613075554,SOLO_SUCCESS,0101c200
190613075555,TAG_DEPARTED_A,0101c200
190613075556,TAG_ARRIVED_A,0101c200
190613075557,SOLO_SUCCESS,0101c200
190613075622,TAG_DEPARTED_A,0101c200
190613075625,TAG_ARRIVED_A,0101c200
190613075626,SOLO_SUCCESS,0101c200
190613075627,TAG_DEPARTED_A,0101c200
190613075643,TAG_ARRIVED_A,01043c00
190613075644,SOLO_SUCCESS,01043c00
190613075650,TAG_DEPARTED_A,01043c00
190613075651,TAG_ARRIVED_A,01043c00
190613075652,SOLO_SUCCESS,01043c00
190613075654,TAG_ARRIVED_B,01026c00
190613075655,STARTCOOP_SUCCESS,01043c00_01026c00
190613075659,TAG_DEPARTED_A,01043c00
190613075701,TAG_ARRIVED_A,01043c00
190613075702,STARTCOOP_SUCCESS,01026c00_01043c00
190613075703,ENDCOOP_SUCCESS,01026c00_01043c00
190613075703,TAG_DEPARTED_B,01026c00
190613075708,TAG_DEPARTED_A,01043c00
190613075708,TAG_ARRIVED_A,01043c00
190613075709,SOLO_SUCCESS,01043c00
190613075710,TAG_DEPARTED_A,01043c00
190613075713,TAG_ARRIVED_B,01026c00
190613075714,SOLO_SUCCESS,01026c00
190613075715,TAG_ARRIVED_A,01043c00
190613075716,STARTCOOP_SUCCESS,01026c00_01043c00
190613075720,TAG_DEPARTED_A,01043c00
190613075724,ENDCOOP_SUCCESS,01026c00_
190613075724,TAG_DEPARTED_B,01026c00
190613075731,TAG_ARRIVED_A,0101c200
190613075732,SOLO_SUCCESS,0101c200
190613075732,TAG_ARRIVED_B,01026c00
190613075733,STARTCOOP_SUCCESS,0101c200_01026c00
190613075733,TAG_DEPARTED_A,0101c200
190613075734,ENDCOOP_SUCCESS,01026c00_
190613075735,TAG_DEPARTED_B,01026c00
190613075735,TAG_ARRIVED_A,0101c200
190613075736,SOLO_SUCCESS,0101c200
190613075736,TAG_ARRIVED_B,01026c00
190613075737,STARTCOOP_SUCCESS,0101c200_01026c00
190613075737,ENDCOOP_SUCCESS,01026c00_0101c200
190613075737,TAG_DEPARTED_B,01026c00
190613075738,TAG_ARRIVED_B,01026c00
190613075739,STARTCOOP_SUCCESS,0101c200_01026c00
190613075739,TAG_DEPARTED_A,0101c200
190613075739,TAG_ARRIVED_A,0101c200
190613075740,STARTCOOP_SUCCESS,01026c00_0101c200
190613075744,ENDCOOP_SUCCESS,01026c00_0101c200
190613075745,TAG_DEPARTED_B,01026c00
190613075745,TAG_ARRIVED_B,01026c00
190613075746,STARTCOOP_SUCCESS,0101c200_01026c00
190613075746,TAG_DEPARTED_A,0101c200
190613075748,TAG_ARRIVED_A,0101c200
190613075749,STARTCOOP_SUCCESS,01026c00_0101c200
190613075750,ENDCOOP_SUCCESS,01026c00_0101c200
190613075750,TAG_DEPARTED_B,01026c00
190613075750,TAG_ARRIVED_B,01026c00
190613075751,STARTCOOP_SUCCESS,0101c200_01026c00
190613075752,ENDCOOP_SUCCESS,01026c00_0101c200
190613075752,TAG_DEPARTED_B,01026c00
190613075754,TAG_DEPARTED_A,0101c200
190613075803,TAG_ARRIVED_A,0101c200
190613075804,SOLO_SUCCESS,0101c200
190613075810,TAG_DEPARTED_A,0101c200
190613075812,TAG_ARRIVED_A,0101c200
190613075813,SOLO_SUCCESS,0101c200
190613075817,TAG_DEPARTED_A,0101c200
190613075818,TAG_ARRIVED_A,0101c200
190613075819,SOLO_SUCCESS,0101c200
190613075902,TAG_DEPARTED_A,0101c200
190613075905,TAG_ARRIVED_A,0101c200
190613075906,SOLO_SUCCESS,0101c200
190613075913,TAG_DEPARTED_A,0101c200
190613075914,TAG_ARRIVED_A,0101c200
190613075915,SOLO_SUCCESS,0101c200
190613075929,TAG_DEPARTED_A,0101c200
190613075930,TAG_ARRIVED_A,1753200
190613075931,SOLO_SUCCESS,1753200
190613075932,TAG_DEPARTED_A,1753200
190613080035,TAG_ARRIVED_A,1753200
190613080036,SOLO_SUCCESS,1753200
190613080047,TAG_DEPARTED_A,1753200
190613080049,TAG_ARRIVED_A,01026c00
190613080050,SOLO_SUCCESS,01026c00
190613080053,TAG_DEPARTED_A,01026c00
190613080054,TAG_ARRIVED_A,01026c00
190613080055,SOLO_SUCCESS,01026c00
190613080056,TAG_DEPARTED_A,01026c00
190613080100,TAG_ARRIVED_A,01026c00
190613080101,SOLO_SUCCESS,01026c00
190613080102,TAG_DEPARTED_A,01026c00
190613080116,TAG_ARRIVED_A,01026c00
190613080117,SOLO_SUCCESS,01026c00
190613080118,TAG_DEPARTED_A,01026c00
190613080120,TAG_ARRIVED_A,01026c00
190613080121,SOLO_SUCCESS,01026c00
190613080126,TAG_DEPARTED_A,01026c00
190613080127,TAG_ARRIVED_A,1050400
190613080128,SOLO_SUCCESS,1050400
190613080130,TAG_ARRIVED_A,0101c200
190613080131,SOLO_SUCCESS,0101c200
190613080208,TAG_DEPARTED_A,0101c200
190613080209,TAG_ARRIVED_A,0101c200
190613080210,SOLO_SUCCESS,0101c200
190613080211,TAG_DEPARTED_A,0101c200
190613080216,TAG_ARRIVED_A,0101c200
190613080217,SOLO_SUCCESS,0101c200
190613080230,TAG_DEPARTED_A,0101c200
190613080343,TAG_ARRIVED_A,1016400
190613080343,SOLO_SUCCESS,1016400
190613080345,TAG_DEPARTED_A,1016400
190613080348,TAG_ARRIVED_A,1016400
190613080349,SOLO_SUCCESS,1016400
190613080427,TAG_DEPARTED_A,1016400
190613080428,TAG_ARRIVED_A,1016400
190613080429,SOLO_SUCCESS,1016400
190613080432,TAG_DEPARTED_A,1016400
190613080437,TAG_ARRIVED_A,1016400
190613080437,SOLO_SUCCESS,1016400
190613080443,TAG_DEPARTED_A,1016400
190613080539,TAG_ARRIVED_B,1050400
190613080539,SOLO_SUCCESS,1050400
190613080554,TAG_DEPARTED_B,1050400
190613080605,TAG_ARRIVED_B,0101c200
190613080605,SOLO_SUCCESS,0101c200
190613080640,TAG_DEPARTED_B,0101c200
190613080641,TAG_ARRIVED_B,01df6400
190613080642,SOLO_SUCCESS,01df6400
190613080645,TAG_DEPARTED_B,01df6400
190613080653,TAG_ARRIVED_B,01df6400
190613080654,SOLO_SUCCESS,01df6400
190613080655,TAG_DEPARTED_B,01df6400
190613080657,TAG_ARRIVED_B,01df6400
190613080658,SOLO_SUCCESS,01df6400
190613080700,TAG_DEPARTED_B,01df6400
190613080703,TAG_ARRIVED_B,01df6400
190613080704,SOLO_SUCCESS,01df6400
190613080705,TAG_DEPARTED_B,01df6400
190613080718,TAG_ARRIVED_B,01df6400
190613080718,SOLO_SUCCESS,01df6400
190613080728,TAG_DEPARTED_B,01df6400
190613080729,TAG_ARRIVED_B,01df6400
190613080730,SOLO_SUCCESS,01df6400
190613080732,TAG_DEPARTED_B,01df6400
190613080918,TAG_ARRIVED_B,01df6400
190613080919,SOLO_SUCCESS,01df6400
190613080922,TAG_DEPARTED_B,01df6400
190613080925,TAG_ARRIVED_B,01df6400
190613080925,SOLO_SUCCESS,01df6400
190613080939,TAG_DEPARTED_B,01df6400
190613080950,TAG_ARRIVED_B,01df6400
190613080951,SOLO_SUCCESS,01df6400
190613081001,TAG_DEPARTED_B,01df6400
190613081008,TAG_ARRIVED_B,01df6400
190613081009,SOLO_SUCCESS,01df6400
190613081010,TAG_DEPARTED_B,01df6400
190613081147,TAG_ARRIVED_B,01df6400
190613081148,SOLO_SUCCESS,01df6400
190613081153,TAG_DEPARTED_B,01df6400
190613081237,TAG_ARRIVED_B,01df6400
190613081238,SOLO_SUCCESS,01df6400
190613081239,TAG_DEPARTED_B,01df6400
190613081339,TAG_ARRIVED_B,018ef600
190613081340,SOLO_SUCCESS,018ef600
190613081355,TAG_DEPARTED_B,018ef600
190613081357,TAG_ARRIVED_B,018ef600
190613081358,SOLO_SUCCESS,018ef600
190613081407,TAG_DEPARTED_B,018ef600
190613081409,TAG_ARRIVED_B,018ef600
190613081410,SOLO_SUCCESS,018ef600
190613081426,TAG_DEPARTED_B,018ef600
190613081601,TAG_ARRIVED_B,1050400
190613081601,SOLO_SUCCESS,1050400
190613081606,TAG_DEPARTED_B,1050400
190613081611,TAG_ARRIVED_B,1050400
190613081611,SOLO_SUCCESS,1050400
190613081616,TAG_DEPARTED_B,1050400
190613083700,TAG_ARRIVED_A,01c4ca00
190613083700,SOLO_SUCCESS,01c4ca00
190613083750,TAG_DEPARTED_A,01c4ca00
190613083753,TAG_ARRIVED_A,0102ee00
190613083754,SOLO_SUCCESS,0102ee00
190613083800,TAG_ARRIVED_A,1050400
190613083800,SOLO_SUCCESS,1050400
190613083806,TAG_ARRIVED_A,0102ee00
190613083806,SOLO_SUCCESS,0102ee00
190613083837,TAG_DEPARTED_A,0102ee00
190613083839,TAG_ARRIVED_A,0102ee00
190613083840,SOLO_SUCCESS,0102ee00
190613083850,TAG_DEPARTED_A,0102ee00
190613084037,TAG_ARRIVED_A,0102ee00
190613084038,SOLO_SUCCESS,0102ee00
190613084111,TAG_DEPARTED_A,0102ee00
190613084140,TAG_ARRIVED_A,0102ee00
190613084141,SOLO_SUCCESS,0102ee00
190613084142,TAG_ARRIVED_A,1050400
190613084142,SOLO_SUCCESS,1050400
190613084156,TAG_DEPARTED_A,1050400
190613084231,TAG_ARRIVED_A,0102ee00
190613084232,SOLO_SUCCESS,0102ee00
190613084240,TAG_DEPARTED_A,0102ee00
190613084240,TAG_ARRIVED_A,0102ee00
190613084241,SOLO_SUCCESS,0102ee00
190613084242,TAG_DEPARTED_A,0102ee00
190613084251,TAG_ARRIVED_A,0101c200
190613084252,SOLO_SUCCESS,0101c200
190613084301,TAG_DEPARTED_A,0101c200
190613084302,TAG_ARRIVED_A,0101c200
190613084303,SOLO_SUCCESS,0101c200
190613084311,TAG_DEPARTED_A,0101c200
190613084533,TAG_ARRIVED_B,0102ee00
190613084533,SOLO_SUCCESS,0102ee00
190613084546,TAG_DEPARTED_B,0102ee00
190613091008,TAG_ARRIVED_A,01c4ca00
190613091008,SOLO_SUCCESS,01c4ca00
190613091054,TAG_DEPARTED_A,01c4ca00
190613091103,TAG_ARRIVED_B,01c4ca00
190613091104,SOLO_SUCCESS,01c4ca00
190613091114,TAG_ARRIVED_A,0102ee00
190613091115,STARTCOOP_SUCCESS,01c4ca00_0102ee00
190613091118,TAG_DEPARTED_A,0102ee00
190613091122,ENDCOOP_SUCCESS,01c4ca00_
190613091122,TAG_DEPARTED_B,01c4ca00
190613091123,TAG_ARRIVED_A,0102ee00
190613091123,SOLO_SUCCESS,0102ee00
190613091128,TAG_DEPARTED_A,0102ee00
190613091131,TAG_ARRIVED_A,0102ee00
190613091132,SOLO_SUCCESS,0102ee00
190613091139,TAG_DEPARTED_A,0102ee00
190613091149,TAG_ARRIVED_A,0102ee00
190613091150,SOLO_SUCCESS,0102ee00
190613091157,TAG_DEPARTED_A,0102ee00
190613091205,TAG_ARRIVED_A,0102ee00
190613091206,SOLO_SUCCESS,0102ee00
190613091209,TAG_DEPARTED_A,0102ee00
190613091214,TAG_ARRIVED_A,01c4ca00
190613091215,SOLO_SUCCESS,01c4ca00
190613091220,TAG_DEPARTED_A,01c4ca00
190613091226,TAG_ARRIVED_A,01c4ca00
190613091227,SOLO_SUCCESS,01c4ca00
190613091232,TAG_DEPARTED_A,01c4ca00
190613091245,TAG_ARRIVED_A,01c4ca00
190613091246,SOLO_SUCCESS,01c4ca00
190613091247,TAG_ARRIVED_B,0102ee00
190613091248,STARTCOOP_SUCCESS,01c4ca00_0102ee00
190613091250,TAG_DEPARTED_A,01c4ca00
190613091251,ENDCOOP_SUCCESS,0102ee00_
190613091251,TAG_DEPARTED_B,0102ee00
190613091252,TAG_ARRIVED_B,0102ee00
190613091253,SOLO_SUCCESS,0102ee00
190613091306,TAG_DEPARTED_B,0102ee00
190613091315,TAG_ARRIVED_A,01c4ca00
190613091316,SOLO_SUCCESS,01c4ca00
190613091318,TAG_ARRIVED_B,0102ee00
190613091319,STARTCOOP_SUCCESS,01c4ca00_0102ee00
190613091321,TAG_DEPARTED_A,01c4ca00
190613091322,TAG_ARRIVED_A,01c4ca00
190613091323,STARTCOOP_SUCCESS,0102ee00_01c4ca00
190613091324,ENDCOOP_SUCCESS,0102ee00_01c4ca00
190613091324,TAG_DEPARTED_B,0102ee00
190613091325,TAG_DEPARTED_A,01c4ca00
190613091327,TAG_ARRIVED_B,0102ee00
190613091328,SOLO_SUCCESS,0102ee00
190613091329,TAG_ARRIVED_A,01c4ca00
190613091330,STARTCOOP_SUCCESS,0102ee00_01c4ca00
190613091348,ENDCOOP_SUCCESS,0102ee00_01c4ca00
190613091348,TAG_DEPARTED_B,0102ee00
190613091353,TAG_ARRIVED_B,0102ee00
190613091354,STARTCOOP_SUCCESS,01c4ca00_0102ee00
190613091356,TAG_DEPARTED_A,01c4ca00
190613091411,TAG_DEPARTED_B,0102ee00
190613091412,TAG_ARRIVED_B,0102ee00
190613091413,SOLO_SUCCESS,0102ee00
190613091414,TAG_ARRIVED_A,01c4ca00
190613091415,STARTCOOP_SUCCESS,0102ee00_01c4ca00
190613091419,ENDCOOP_SUCCESS,0102ee00_01c4ca00
190613091419,TAG_DEPARTED_B,0102ee00
190613091424,TAG_DEPARTED_A,01c4ca00
190613091425,TAG_ARRIVED_A,01c4ca00
190613091426,SOLO_SUCCESS,01c4ca00
190613091427,TAG_DEPARTED_A,01c4ca00
190613091429,TAG_ARRIVED_A,01026c00
190613091430,SOLO_SUCCESS,01026c00
190613091431,TAG_ARRIVED_B,0102ee00
190613091432,STARTCOOP_SUCCESS,01026c00_0102ee00
190613091435,TAG_DEPARTED_A,01026c00
190613091439,ENDCOOP_SUCCESS,0102ee00_
190613091439,TAG_DEPARTED_B,0102ee00
190613091444,TAG_ARRIVED_A,0102ee00
190613091444,SOLO_SUCCESS,0102ee00
190613091445,TAG_ARRIVED_B,01026c00
190613091446,STARTCOOP_SUCCESS,0102ee00_01026c00
190613091446,TAG_DEPARTED_A,0102ee00
190613091447,ENDCOOP_SUCCESS,01026c00_
190613091447,TAG_DEPARTED_B,01026c00
190613091453,TAG_ARRIVED_B,01026c00
190613091454,SOLO_SUCCESS,01026c00
190613091458,TAG_ARRIVED_A,0102ee00
190613091459,STARTCOOP_SUCCESS,01026c00_0102ee00
190613091500,ENDCOOP_SUCCESS,01026c00_0102ee00
190613091500,TAG_DEPARTED_B,01026c00
190613091501,TAG_ARRIVED_B,01026c00
190613091502,STARTCOOP_SUCCESS,0102ee00_01026c00
190613091503,TAG_DEPARTED_A,0102ee00
190613091505,TAG_ARRIVED_A,0102ee00
190613091506,STARTCOOP_SUCCESS,01026c00_0102ee00
190613091507,TAG_DEPARTED_A,0102ee00
190613091507,TAG_ARRIVED_A,0102ee00
190613091508,STARTCOOP_SUCCESS,01026c00_0102ee00
190613091509,TAG_DEPARTED_A,0102ee00
190613091511,ENDCOOP_SUCCESS,01026c00_
190613091511,TAG_DEPARTED_B,01026c00
190613091511,TAG_ARRIVED_B,01026c00
190613091512,SOLO_SUCCESS,01026c00
190613091513,TAG_DEPARTED_B,01026c00
190613091514,TAG_ARRIVED_B,01026c00
190613091515,SOLO_SUCCESS,01026c00
190613091524,TAG_DEPARTED_B,01026c00
190613091529,TAG_ARRIVED_B,0102ee00
190613091530,SOLO_SUCCESS,0102ee00
190613091531,TAG_ARRIVED_A,01c4ca00
190613091532,STARTCOOP_SUCCESS,0102ee00_01c4ca00
190613091533,TAG_DEPARTED_A,01c4ca00
190613091533,TAG_ARRIVED_A,0102ee00
190613091534,SOLO_SUCCESS,0102ee00
190613091535,TAG_DEPARTED_B,0102ee00
190613091540,TAG_DEPARTED_A,0102ee00
190613091541,TAG_ARRIVED_A,0102ee00
190613091541,SOLO_SUCCESS,0102ee00
190613091543,TAG_DEPARTED_A,0102ee00
190613091543,TAG_ARRIVED_B,01c4ca00
190613091544,SOLO_SUCCESS,01c4ca00
190613091545,TAG_DEPARTED_B,01c4ca00
190613091551,TAG_ARRIVED_B,0102ee00
190613091552,SOLO_SUCCESS,0102ee00
190613091552,TAG_ARRIVED_A,0102ee00
190613091553,SOLO_SUCCESS,0102ee00
190613091553,TAG_DEPARTED_B,0102ee00
190613091555,TAG_ARRIVED_B,01c4ca00
190613091556,STARTCOOP_SUCCESS,0102ee00_01c4ca00
190613091556,TAG_DEPARTED_A,0102ee00
190613091613,TAG_DEPARTED_B,01c4ca00
190613091620,TAG_ARRIVED_B,0102ee00
190613091621,SOLO_SUCCESS,0102ee00
190613091626,TAG_DEPARTED_B,0102ee00
190613091634,TAG_ARRIVED_A,0102ee00
190613091635,SOLO_SUCCESS,0102ee00
190613091641,TAG_DEPARTED_A,0102ee00
190613091649,TAG_ARRIVED_A,1016400
190613091649,SOLO_SUCCESS,1016400
190613091657,TAG_DEPARTED_A,1016400
190613091711,TAG_ARRIVED_B,0102ee00
190613091712,SOLO_SUCCESS,0102ee00
190613091715,TAG_ARRIVED_A,0102ee00
190613091716,SOLO_SUCCESS,0102ee00
190613091716,TAG_DEPARTED_B,0102ee00
190613091722,TAG_ARRIVED_B,0102ee00
190613091723,SOLO_SUCCESS,0102ee00
190613091723,TAG_DEPARTED_A,0102ee00
190613091730,TAG_DEPARTED_B,0102ee00
190613091731,TAG_ARRIVED_B,0102ee00
190613091732,SOLO_SUCCESS,0102ee00
190613091752,TAG_ARRIVED_A,0102ee00
190613091753,SOLO_SUCCESS,0102ee00
190613091753,TAG_DEPARTED_B,0102ee00
190613091758,TAG_DEPARTED_A,0102ee00
190613091816,TAG_ARRIVED_B,01c4ca00
190613091817,SOLO_SUCCESS,01c4ca00
190613091822,TAG_DEPARTED_B,01c4ca00
190613091834,TAG_ARRIVED_A,018b0800
190613091835,SOLO_SUCCESS,018b0800
190613091836,TAG_DEPARTED_A,018b0800
190613091842,TAG_ARRIVED_A,0102ee00
190613091842,SOLO_SUCCESS,0102ee00
190613091858,TAG_DEPARTED_A,0102ee00
190613092009,TAG_ARRIVED_B,0102ee00
190613092010,SOLO_SUCCESS,0102ee00
190613092016,TAG_DEPARTED_B,0102ee00
190613092016,TAG_ARRIVED_B,0102ee00
190613092017,SOLO_SUCCESS,0102ee00
190613092029,TAG_DEPARTED_B,0102ee00
190613092038,TAG_ARRIVED_A,0101c200
190613092039,SOLO_SUCCESS,0101c200
190613092042,TAG_DEPARTED_A,0101c200
190613092428,TAG_ARRIVED_B,01e14200
190613092429,SOLO_SUCCESS,01e14200
190613092443,TAG_DEPARTED_B,01e14200
190613092450,TAG_ARRIVED_B,01e14200
190613092451,SOLO_SUCCESS,01e14200
190613092452,TAG_DEPARTED_B,01e14200
190613092453,TAG_ARRIVED_B,01e14200
190613092453,SOLO_SUCCESS,01e14200
190613092505,TAG_DEPARTED_B,01e14200
190613095311,TAG_ARRIVED_A,1653700
190613095311,SOLO_SUCCESS,1653700
190613095313,TAG_DEPARTED_A,1653700
190613095316,TAG_ARRIVED_A,1653700
190613095317,SOLO_SUCCESS,1653700
190613095320,TAG_DEPARTED_A,1653700
190613095332,TAG_ARRIVED_A,1653700
190613095333,SOLO_SUCCESS,1653700
190613095342,TAG_DEPARTED_A,1653700
190613095409,TAG_ARRIVED_A,1653700
190613095410,SOLO_SUCCESS,1653700
190613095411,TAG_DEPARTED_A,1653700
190613095416,TAG_ARRIVED_A,1653700
190613095417,SOLO_SUCCESS,1653700
190613095418,TAG_DEPARTED_A,1653700
190613095425,TAG_ARRIVED_A,1653700
190613095426,SOLO_SUCCESS,1653700
190613095428,TAG_DEPARTED_A,1653700
190613095429,TAG_ARRIVED_A,1653700
190613095430,SOLO_SUCCESS,1653700
190613095432,TAG_DEPARTED_A,1653700
190613095442,TAG_ARRIVED_A,1653700
190613095443,SOLO_SUCCESS,1653700
190613095444,TAG_DEPARTED_A,1653700
190613095454,TAG_ARRIVED_A,1653700
190613095455,SOLO_SUCCESS,1653700
190613095501,TAG_DEPARTED_A,1653700
190613100351,TAG_ARRIVED_A,0101c200
190613100352,SOLO_SUCCESS,0101c200
190613100406,TAG_DEPARTED_A,0101c200
190613100407,TAG_ARRIVED_A,0101c200
190613100408,SOLO_SUCCESS,0101c200
190613100410,TAG_DEPARTED_A,0101c200
190613100414,TAG_ARRIVED_A,0101c200
190613100415,SOLO_SUCCESS,0101c200
190613100421,TAG_ARRIVED_B,1050400
190613100422,STARTCOOP_FAIL,0101c200_01050400
190613100423,TAG_ARRIVED_B,01026c00
190613100424,STARTCOOP_SUCCESS,0101c200_01026c00
190613100424,TAG_DEPARTED_A,0101c200
190613100424,TAG_ARRIVED_A,0101c200
190613100425,STARTCOOP_SUCCESS,01026c00_0101c200
190613100426,TAG_ARRIVED_A,1050400
190613100426,STARTCOOP_FAIL,01026c00_01050400
190613100427,ENDCOOP_FAIL,01026c00_01050400
190613100427,TAG_DEPARTED_B,01026c00
190613100433,TAG_DEPARTED_A,1050400
190613100433,TAG_ARRIVED_A,1016400
190613100434,SOLO_FAIL,1016400
190613100435,TAG_DEPARTED_A,1016400
190613100443,TAG_ARRIVED_B,01026c00
190613100444,SOLO_FAIL,01026c00
190613100458,ENDCOOP_FAIL,01026c00_
190613100459,TAG_DEPARTED_B,01026c00
190613100500,TAG_ARRIVED_B,01026c00
190613100501,SOLO_FAIL,01026c00
190613100506,ENDCOOP_FAIL,01026c00_
190613100507,TAG_DEPARTED_B,01026c00
190613100510,TAG_ARRIVED_B,01026c00
190613100511,SOLO_FAIL,01026c00
190613100519,ENDCOOP_FAIL,01026c00_
190613100520,TAG_DEPARTED_B,01026c00
190613100532,TAG_ARRIVED_A,01026c00
190613100533,SOLO_FAIL,01026c00
190613100609,TAG_DEPARTED_A,01026c00
190613100609,TAG_ARRIVED_B,01026c00
190613100610,SOLO_FAIL,01026c00
190613100617,ENDCOOP_FAIL,01026c00_
190613100617,TAG_DEPARTED_B,01026c00
190613100622,TAG_ARRIVED_B,01026c00
190613100623,SOLO_FAIL,01026c00
190613100627,ENDCOOP_FAIL,01026c00_
190613100627,TAG_DEPARTED_B,01026c00
190613100627,LOCKOUT_ENDED,
190613100628,TAG_ARRIVED_B,01026c00
190613100628,SOLO_SUCCESS,01026c00
190613100708,TAG_DEPARTED_B,01026c00
190613100714,TAG_ARRIVED_B,01026c00
190613100715,SOLO_SUCCESS,01026c00
190613100716,TAG_ARRIVED_A,01c4ca00
190613100717,STARTCOOP_SUCCESS,01026c00_01c4ca00
190613100719,ENDCOOP_SUCCESS,01026c00_01c4ca00
190613100719,TAG_DEPARTED_B,01026c00
190613100719,TAG_ARRIVED_B,01026c00
190613100720,STARTCOOP_SUCCESS,01c4ca00_01026c00
190613100720,TAG_DEPARTED_A,01c4ca00
190613100721,TAG_ARRIVED_A,01c4ca00
190613100722,STARTCOOP_SUCCESS,01026c00_01c4ca00
190613100733,TAG_DEPARTED_A,01c4ca00
190613100745,TAG_ARRIVED_A,01c4ca00
190613100746,STARTCOOP_SUCCESS,01026c00_01c4ca00
190613100747,TAG_ARRIVED_B,6c126500
190613100748,TAG_MISSING_B,6c126500
190613100748,SOLO_SUCCESS,6c126500
190613100749,TAG_DEPARTED_A,01c4ca00
190613100749,TAG_ARRIVED_B,01026c00
190613100750,SOLO_SUCCESS,01026c00
190613100752,TAG_ARRIVED_A,01c4ca00
190613100753,STARTCOOP_SUCCESS,01026c00_01c4ca00
190613100754,TAG_DEPARTED_A,01c4ca00
190613100754,TAG_ARRIVED_A,01c4ca00
190613100755,STARTCOOP_SUCCESS,01026c00_01c4ca00
190613100756,TAG_DEPARTED_A,01c4ca00
190613100802,ENDCOOP_SUCCESS,01026c00_
190613100803,TAG_DEPARTED_B,01026c00
190613100803,TAG_ARRIVED_A,01c4ca00
190613100804,SOLO_SUCCESS,01c4ca00
190613100805,TAG_ARRIVED_B,01026c00
190613100806,STARTCOOP_SUCCESS,01c4ca00_01026c00
190613100806,TAG_DEPARTED_A,01c4ca00
190613100807,TAG_ARRIVED_A,01c4ca00
190613100808,STARTCOOP_SUCCESS,01026c00_01c4ca00
190613100819,TAG_DEPARTED_A,01c4ca00
190613100819,TAG_ARRIVED_A,01c4ca00
190613100820,STARTCOOP_SUCCESS,01026c00_01c4ca00
190613100821,TAG_DEPARTED_A,01c4ca00
190613100821,ENDCOOP_SUCCESS,01026c00_
190613100822,TAG_DEPARTED_B,01026c00
190613100823,TAG_ARRIVED_B,01c4ca00
190613100824,SOLO_SUCCESS,01c4ca00
190613100825,TAG_ARRIVED_B,01026c00
190613100825,SOLO_SUCCESS,01026c00
190613100827,TAG_DEPARTED_B,01026c00
190613100832,TAG_ARRIVED_A,01c4ca00
190613100833,SOLO_SUCCESS,01c4ca00
190613100833,TAG_ARRIVED_B,01026c00
190613100834,STARTCOOP_SUCCESS,01c4ca00_01026c00
190613100834,TAG_DEPARTED_A,01c4ca00
190613100836,TAG_ARRIVED_A,01c4ca00
190613100837,STARTCOOP_SUCCESS,01026c00_01c4ca00
190613100838,TAG_DEPARTED_A,01c4ca00
190613100839,TAG_ARRIVED_A,01c4ca00
190613100840,STARTCOOP_SUCCESS,01026c00_01c4ca00
190613100840,ENDCOOP_SUCCESS,01026c00_01c4ca00
190613100840,TAG_DEPARTED_B,01026c00
190613100841,TAG_ARRIVED_B,01026c00
190613100842,STARTCOOP_SUCCESS,01c4ca00_01026c00
190613100842,TAG_DEPARTED_A,01c4ca00
190613100843,ENDCOOP_SUCCESS,01026c00_
190613100843,TAG_DEPARTED_B,01026c00
190613100844,TAG_ARRIVED_B,01026c00
190613100845,SOLO_SUCCESS,01026c00
190613100846,TAG_DEPARTED_B,01026c00
190613100847,TAG_ARRIVED_A,01c4ca00
190613100848,SOLO_SUCCESS,01c4ca00
190613100848,TAG_ARRIVED_B,01026c00
190613100849,STARTCOOP_SUCCESS,01c4ca00_01026c00
190613100850,ENDCOOP_SUCCESS,01026c00_01c4ca00
190613100850,TAG_DEPARTED_B,01026c00
190613100853,TAG_ARRIVED_B,01026c00
190613100854,STARTCOOP_SUCCESS,01c4ca00_01026c00
190613100902,TAG_ARRIVED_A,01026c00
190613100903,SOLO_SUCCESS,01026c00
190613100903,TAG_DEPARTED_B,01026c00
190613100905,TAG_DEPARTED_A,01026c00
190613100907,TAG_ARRIVED_B,01c4ca00
190613100907,SOLO_SUCCESS,01c4ca00
190613100908,TAG_ARRIVED_B,01026c00
190613100909,SOLO_SUCCESS,01026c00
190613100911,TAG_DEPARTED_B,01026c00
190613100912,TAG_ARRIVED_B,01c4ca00
190613100913,SOLO_SUCCESS,01c4ca00
190613100916,TAG_ARRIVED_A,01b57900
190613100916,STARTCOOP_FAIL,01c4ca00_01b57900
190613100918,ENDCOOP_FAIL,01c4ca00_01b57900
190613100918,TAG_DEPARTED_B,01c4ca00
190613100918,TAG_DEPARTED_A,01b57900
190613100920,TAG_ARRIVED_B,01c4ca00
190613100921,SOLO_FAIL,01c4ca00
190613100928,ENDCOOP_FAIL,01c4ca00_
190613100928,TAG_DEPARTED_B,01c4ca00
190613100929,TAG_ARRIVED_B,01c4ca00
190613100930,SOLO_FAIL,01c4ca00
190613100932,ENDCOOP_FAIL,01c4ca00_
190613100932,TAG_DEPARTED_B,01c4ca00
190613100943,TAG_ARRIVED_A,01b57900
190613100943,SOLO_FAIL,01b57900
190613100944,TAG_ARRIVED_A,01c4ca00
190613100945,SOLO_FAIL,01c4ca00
190613100947,TAG_DEPARTED_A,01c4ca00
190613101013,TAG_ARRIVED_B,01c4ca00
190613101014,SOLO_FAIL,01c4ca00
190613101025,ENDCOOP_FAIL,01c4ca00_
190613101026,TAG_DEPARTED_B,01c4ca00
190613101102,TAG_ARRIVED_A,01b57900
190613101103,SOLO_FAIL,01b57900
190613101105,TAG_DEPARTED_A,01b57900
190613101115,LOCKOUT_ENDED,
190613101143,TAG_ARRIVED_B,0102ae00
190613101143,SOLO_SUCCESS,0102ae00
190613101145,TAG_DEPARTED_B,0102ae00
190613101147,TAG_ARRIVED_B,0102ae00
190613101148,SOLO_SUCCESS,0102ae00
190613101151,TAG_ARRIVED_A,01c4ca00
190613101152,STARTCOOP_FAIL,0102ae00_01c4ca00
190613101152,ENDCOOP_FAIL,0102ae00_01c4ca00
190613101152,TAG_DEPARTED_B,0102ae00
190613101153,TAG_ARRIVED_B,0102ae00
190613101154,STARTCOOP_FAIL,01c4ca00_0102ae00
190613101210,ENDCOOP_FAIL,0102ae00_01c4ca00
190613101210,TAG_DEPARTED_B,0102ae00
190613101219,TAG_DEPARTED_A,01c4ca00
190613101230,TAG_ARRIVED_B,01c4ca00
190613101231,SOLO_FAIL,01c4ca00
190613101233,ENDCOOP_FAIL,01c4ca00_
190613101233,TAG_DEPARTED_B,01c4ca00
190613101233,TAG_ARRIVED_A,01b57900
190613101234,SOLO_FAIL,01b57900
190613101236,TAG_DEPARTED_A,01b57900
190613101256,TAG_ARRIVED_A,01c4ca00
190613101256,SOLO_FAIL,01c4ca00
190613101314,TAG_DEPARTED_A,01c4ca00
190613101314,TAG_ARRIVED_A,01c4ca00
190613101315,SOLO_FAIL,01c4ca00
190613101324,TAG_ARRIVED_B,01c4ca00
190613101325,SOLO_FAIL,01c4ca00
190613101325,TAG_DEPARTED_A,01c4ca00
190613101326,ENDCOOP_FAIL,01c4ca00_
190613101326,TAG_DEPARTED_B,01c4ca00
190613101337,TAG_ARRIVED_B,01c4ca00
190613101338,SOLO_FAIL,01c4ca00
190613101349,ENDCOOP_FAIL,01c4ca00_
190613101350,TAG_DEPARTED_B,01c4ca00
190613101354,LOCKOUT_ENDED,
190613101356,TAG_ARRIVED_B,01c4ca00
190613101357,SOLO_SUCCESS,01c4ca00
190613101405,TAG_DEPARTED_B,01c4ca00
190613101415,TAG_ARRIVED_B,01c4ca00
190613101416,SOLO_SUCCESS,01c4ca00
190613101424,TAG_DEPARTED_B,01c4ca00
190613101532,TAG_ARRIVED_A,01df6400
190613101533,SOLO_SUCCESS,01df6400
190613101536,TAG_DEPARTED_A,01df6400
190613101550,TAG_ARRIVED_A,01df6400
190613101551,SOLO_SUCCESS,01df6400
190613101555,TAG_DEPARTED_A,01df6400
190613101646,TAG_ARRIVED_A,01df6400
190613101647,SOLO_SUCCESS,01df6400
190613101648,TAG_DEPARTED_A,01df6400
190613101652,TAG_ARRIVED_A,01df6400
190613101653,SOLO_SUCCESS,01df6400
190613101655,TAG_DEPARTED_A,01df6400
190613103714,TAG_ARRIVED_B,0139d100
190613103714,SOLO_SUCCESS,0139d100
190613103715,TAG_ARRIVED_A,1783900
190613103715,STARTCOOP_SUCCESS,0139d100_01783900
190613103719,TAG_DEPARTED_A,1783900
190613103720,ENDCOOP_SUCCESS,0139d100_
190613103720,TAG_DEPARTED_B,0139d100
