190510055439,START_EXPERIMENT,
190510062943,TAG_ARRIVED_A,01c98500
190510062944,SOLO_SUCCESS,01c98500
190510062945,TAG_DEPARTED_A,01c98500
190510063009,TAG_ARRIVED_A,01c98500
190510063010,SOLO_SUCCESS,01c98500
190510063011,TAG_DEPARTED_A,01c98500
190510064608,TAG_ARRIVED_B,01df6400
190510064608,SOLO_SUCCESS,01df6400
190510064610,TAG_DEPARTED_B,01df6400
190510064610,TAG_ARRIVED_B,01df6400
190510064611,SOLO_SUCCESS,01df6400
190510064612,TAG_DEPARTED_B,01df6400
190510064616,TAG_ARRIVED_B,01df6400
190510064617,SOLO_SUCCESS,01df6400
190510064619,TAG_DEPARTED_B,01df6400
190510064732,TAG_ARRIVED_B,01df6400
190510064733,SOLO_SUCCESS,01df6400
190510064734,TAG_DEPARTED_B,01df6400
190510064813,TAG_ARRIVED_B,01df6400
190510064814,SOLO_SUCCESS,01df6400
190510064815,TAG_DEPARTED_B,01df6400
190510064819,TAG_ARRIVED_B,01df6400
190510064820,SOLO_SUCCESS,01df6400
190510064822,TAG_DEPARTED_B,01df6400
190510073400,TAG_ARRIVED_B,01df6400
190510073401,SOLO_SUCCESS,01df6400
190510073403,TAG_DEPARTED_B,01df6400
190510073403,TAG_ARRIVED_B,01df6400
190510073404,SOLO_SUCCESS,01df6400
190510073406,TAG_DEPARTED_B,01df6400
190510073411,TAG_ARRIVED_B,01df6400
190510073412,SOLO_SUCCESS,01df6400
190510073413,TAG_DEPARTED_B,01df6400
190510073535,TAG_ARRIVED_B,01df6400
190510073536,SOLO_SUCCESS,01df6400
190510073537,TAG_DEPARTED_B,01df6400
190510073546,TAG_ARRIVED_B,01df6400
190510073547,SOLO_SUCCESS,01df6400
190510073550,TAG_DEPARTED_B,01df6400
190510073551,TAG_ARRIVED_B,01df6400
190510073552,SOLO_SUCCESS,01df6400
190510073554,TAG_DEPARTED_B,01df6400
190510073556,TAG_ARRIVED_B,01df6400
190510073557,SOLO_SUCCESS,01df6400
190510073601,TAG_DEPARTED_B,01df6400
190510073700,TAG_ARRIVED_B,01df6400
190510073701,SOLO_SUCCESS,01df6400
190510073703,TAG_DEPARTED_B,01df6400
190510073709,TAG_ARRIVED_B,01df6400
190510073710,SOLO_SUCCESS,01df6400
190510073713,TAG_DEPARTED_B,01df6400
190510073716,TAG_ARRIVED_B,01df6400
190510073717,SOLO_SUCCESS,01df6400
190510073722,TAG_DEPARTED_B,01df6400
190510073722,TAG_ARRIVED_B,01df6400
190510073723,SOLO_SUCCESS,01df6400
190510073727,TAG_DEPARTED_B,01df6400
190510073817,TAG_ARRIVED_B,01df6400
190510073818,SOLO_SUCCESS,01df6400
190510073823,TAG_DEPARTED_B,01df6400
190510073824,TAG_ARRIVED_B,01df6400
190510073825,SOLO_SUCCESS,01df6400
190510073831,TAG_DEPARTED_B,01df6400
190510073832,TAG_ARRIVED_B,01df6400
190510073833,SOLO_SUCCESS,01df6400
190510073835,TAG_DEPARTED_B,01df6400
190510073838,TAG_ARRIVED_B,01df6400
190510073839,SOLO_SUCCESS,01df6400
190510073842,TAG_DEPARTED_B,01df6400
190510082846,TAG_ARRIVED_B,01df6400
190510082847,SOLO_SUCCESS,01df6400
190510082850,TAG_DEPARTED_B,01df6400
190510082852,TAG_ARRIVED_B,01df6400
190510082853,SOLO_SUCCESS,01df6400
190510082854,TAG_DEPARTED_B,01df6400
190510082856,TAG_ARRIVED_B,01df6400
190510082857,SOLO_SUCCESS,01df6400
190510082859,TAG_DEPARTED_B,01df6400
190510082900,TAG_ARRIVED_B,01df6400
190510082901,SOLO_SUCCESS,01df6400
190510082904,TAG_DEPARTED_B,01df6400
190510083737,TAG_ARRIVED_A,01653700
190510083737,SOLO_SUCCESS,01653700
190510083739,TAG_DEPARTED_A,01653700
