190719054722,START_EXPERIMENT,
190719054739,TAG_ARRIVED_A,01783900
190719054740,SOLO_FAIL,01783900
190719054741,TAG_ARRIVED_B,0139d100
190719054742,STARTCOOP_SUCCESS,01783900_0139d100
190719054744,TAG_DEPARTED_A,01783900
190719054745,ENDCOOP_SUCCESS,0139d100_
190719054745,TAG_DEPARTED_B,0139d100
190719054920,LOCKOUT_ENDED,
190719065813,TAG_ARRIVED_B,0104dd00
190719065814,SOLO_SUCCESS,0104dd00
190719065815,TAG_DEPARTED_B,0104dd00
190719065816,TAG_ARRIVED_B,0104dd00
190719065817,SOLO_SUCCESS,0104dd00
190719065821,TAG_DEPARTED_B,0104dd00
190719065821,TAG_ARRIVED_B,0104dd00
190719065822,SOLO_SUCCESS,0104dd00
190719065826,TAG_DEPARTED_B,0104dd00
190719065827,TAG_ARRIVED_B,0104dd00
190719065828,SOLO_SUCCESS,0104dd00
190719065839,TAG_DEPARTED_B,0104dd00
190719065839,TAG_ARRIVED_B,0104dd00
190719065840,SOLO_SUCCESS,0104dd00
190719065849,TAG_DEPARTED_B,0104dd00
190719065857,TAG_ARRIVED_A,0104dd00
190719065858,SOLO_SUCCESS,0104dd00
190719065906,TAG_DEPARTED_A,0104dd00
190719065908,TAG_ARRIVED_A,0104dd00
190719065909,SOLO_SUCCESS,0104dd00
190719065911,TAG_DEPARTED_A,0104dd00
190719065911,TAG_ARRIVED_A,0104dd00
190719065912,SOLO_SUCCESS,0104dd00
190719065914,TAG_DEPARTED_A,0104dd00
190719065914,TAG_ARRIVED_A,0104dd00
190719065915,SOLO_SUCCESS,0104dd00
190719065916,TAG_DEPARTED_A,0104dd00
190719065916,TAG_ARRIVED_A,0104dd00
190719065917,SOLO_SUCCESS,0104dd00
190719065928,TAG_DEPARTED_A,0104dd00
190719065929,TAG_ARRIVED_A,0104dd00
190719065929,SOLO_SUCCESS,0104dd00
190719065930,TAG_DEPARTED_A,0104dd00
190719065931,TAG_ARRIVED_A,0104dd00
190719065932,SOLO_SUCCESS,0104dd00
190719065938,TAG_DEPARTED_A,0104dd00
190719065938,TAG_ARRIVED_A,0104dd00
190719065939,SOLO_SUCCESS,0104dd00
190719065947,TAG_DEPARTED_A,0104dd00
190719065947,TAG_ARRIVED_A,0104dd00
190719065948,SOLO_SUCCESS,0104dd00
190719065954,TAG_DEPARTED_A,0104dd00
190719065954,TAG_ARRIVED_A,0104dd00
190719065955,SOLO_SUCCESS,0104dd00
190719065957,TAG_DEPARTED_A,0104dd00
190719065957,TAG_ARRIVED_A,0104dd00
190719065958,SOLO_SUCCESS,0104dd00
190719070005,TAG_DEPARTED_A,0104dd00
190719070006,TAG_ARRIVED_A,0104dd00
190719070006,SOLO_SUCCESS,0104dd00
190719070009,TAG_DEPARTED_A,0104dd00
190719070010,TAG_ARRIVED_A,0104dd00
190719070010,SOLO_SUCCESS,0104dd00
190719070011,TAG_DEPARTED_A,0104dd00
190719070012,TAG_ARRIVED_A,0104dd00
190719070013,SOLO_SUCCESS,0104dd00
190719070015,TAG_DEPARTED_A,0104dd00
190719070015,TAG_ARRIVED_A,0104dd00
190719070016,SOLO_SUCCESS,0104dd00
190719070034,TAG_DEPARTED_A,0104dd00
190719070034,TAG_ARRIVED_A,0104dd00
190719070035,SOLO_SUCCESS,0104dd00
190719070042,TAG_DEPARTED_A,0104dd00
190719070042,TAG_ARRIVED_A,0104dd00
190719070043,SOLO_SUCCESS,0104dd00
190719070046,TAG_DEPARTED_A,0104dd00
190719070046,TAG_ARRIVED_A,0104dd00
190719070047,SOLO_SUCCESS,0104dd00
190719070050,TAG_DEPARTED_A,0104dd00
190719070051,TAG_ARRIVED_A,0104dd00
190719070051,SOLO_SUCCESS,0104dd00
190719070054,TAG_DEPARTED_A,0104dd00
190719070055,TAG_ARRIVED_A,0104dd00
190719070055,SOLO_SUCCESS,0104dd00
190719070059,TAG_DEPARTED_A,0104dd00
190719070059,TAG_ARRIVED_A,0104dd00
190719070100,SOLO_SUCCESS,0104dd00
190719070106,TAG_DEPARTED_A,0104dd00
190719070106,TAG_ARRIVED_A,0104dd00
190719070107,SOLO_SUCCESS,0104dd00
190719070117,TAG_DEPARTED_A,0104dd00
190719070117,TAG_ARRIVED_A,0104dd00
190719070118,SOLO_SUCCESS,0104dd00
190719070129,TAG_DEPARTED_A,0104dd00
190719070130,TAG_ARRIVED_A,0104dd00
190719070130,SOLO_SUCCESS,0104dd00
190719070139,TAG_DEPARTED_A,0104dd00
190719070139,TAG_ARRIVED_A,0104dd00
190719070140,SOLO_SUCCESS,0104dd00
190719070155,TAG_DEPARTED_A,0104dd00
190719070155,TAG_ARRIVED_A,0104dd00
190719070156,SOLO_SUCCESS,0104dd00
190719070200,TAG_DEPARTED_A,0104dd00
190719070200,TAG_ARRIVED_A,0104dd00
190719070201,SOLO_SUCCESS,0104dd00
190719070207,TAG_DEPARTED_A,0104dd00
190719070207,TAG_ARRIVED_A,0104dd00
190719070208,SOLO_SUCCESS,0104dd00
190719070209,TAG_DEPARTED_A,0104dd00
190719070209,TAG_ARRIVED_A,0104dd00
190719070210,SOLO_SUCCESS,0104dd00
190719070220,TAG_DEPARTED_A,0104dd00
190719070221,TAG_ARRIVED_A,0104dd00
190719070222,SOLO_SUCCESS,0104dd00
190719070225,TAG_DEPARTED_A,0104dd00
190719070225,TAG_ARRIVED_A,0104dd00
190719070226,SOLO_SUCCESS,0104dd00
190719070231,TAG_DEPARTED_A,0104dd00
190719070232,TAG_ARRIVED_A,0104dd00
190719070233,SOLO_SUCCESS,0104dd00
190719070235,TAG_DEPARTED_A,0104dd00
190719070236,TAG_ARRIVED_A,0104dd00
190719070237,SOLO_SUCCESS,0104dd00
190719070245,TAG_DEPARTED_A,0104dd00
190719070245,TAG_ARRIVED_A,0104dd00
190719070246,SOLO_SUCCESS,0104dd00
190719070249,TAG_DEPARTED_A,0104dd00
190719070250,TAG_ARRIVED_A,0104dd00
190719070250,SOLO_SUCCESS,0104dd00
190719070255,TAG_DEPARTED_A,0104dd00
190719070255,TAG_ARRIVED_A,0104dd00
190719070256,SOLO_SUCCESS,0104dd00
190719070308,TAG_DEPARTED_A,0104dd00
190719070309,TAG_ARRIVED_A,0104dd00
190719070310,SOLO_SUCCESS,0104dd00
190719070319,TAG_DEPARTED_A,0104dd00
190719070320,TAG_ARRIVED_A,0104dd00
190719070320,SOLO_SUCCESS,0104dd00
190719070347,TAG_DEPARTED_A,0104dd00
190719070426,TAG_ARRIVED_A,0104dd00
190719070427,SOLO_SUCCESS,0104dd00
190719070428,TAG_DEPARTED_A,0104dd00
190719070429,TAG_ARRIVED_A,0104dd00
190719070430,SOLO_SUCCESS,0104dd00
190719070452,TAG_DEPARTED_A,0104dd00
190719070453,TAG_ARRIVED_A,0104dd00
190719070454,SOLO_SUCCESS,0104dd00
190719070521,TAG_DEPARTED_A,0104dd00
190719070522,TAG_ARRIVED_A,0104dd00
190719070522,SOLO_SUCCESS,0104dd00
190719070532,TAG_DEPARTED_A,0104dd00
190719070532,TAG_ARRIVED_A,0104dd00
190719070533,SOLO_SUCCESS,0104dd00
190719070544,TAG_DEPARTED_A,0104dd00
190719070544,TAG_ARRIVED_A,0104dd00
190719070545,SOLO_SUCCESS,0104dd00
190719070608,TAG_DEPARTED_A,0104dd00
190719070608,TAG_ARRIVED_A,0104dd00
190719070609,SOLO_SUCCESS,0104dd00
190719070610,TAG_DEPARTED_A,0104dd00
190719070611,TAG_ARRIVED_A,0104dd00
190719070611,SOLO_SUCCESS,0104dd00
190719070614,TAG_DEPARTED_A,0104dd00
190719070707,TAG_ARRIVED_B,0104dd00
190719070708,SOLO_SUCCESS,0104dd00
190719070745,TAG_DEPARTED_B,0104dd00
190719070745,TAG_ARRIVED_B,0104dd00
190719070746,SOLO_SUCCESS,0104dd00
190719070747,TAG_DEPARTED_B,0104dd00
190719070747,TAG_ARRIVED_B,0104dd00
190719070748,SOLO_SUCCESS,0104dd00
190719070751,TAG_DEPARTED_B,0104dd00
190719070751,TAG_ARRIVED_B,0104dd00
190719070752,SOLO_SUCCESS,0104dd00
190719070758,TAG_DEPARTED_B,0104dd00
190719070758,TAG_ARRIVED_B,0104dd00
190719070759,SOLO_SUCCESS,0104dd00
190719070800,TAG_DEPARTED_B,0104dd00
190719070800,TAG_ARRIVED_B,0104dd00
190719070801,SOLO_SUCCESS,0104dd00
190719070816,TAG_DEPARTED_B,0104dd00
190719070818,TAG_ARRIVED_B,0104dd00
190719070819,SOLO_SUCCESS,0104dd00
190719070823,TAG_DEPARTED_B,0104dd00
190719070831,TAG_ARRIVED_B,0104dd00
190719070832,SOLO_SUCCESS,0104dd00
190719070835,TAG_DEPARTED_B,0104dd00
190719070835,TAG_ARRIVED_B,0104dd00
190719070836,SOLO_SUCCESS,0104dd00
190719070839,TAG_DEPARTED_B,0104dd00
190719070854,TAG_ARRIVED_B,0104dd00
190719070854,SOLO_SUCCESS,0104dd00
190719071012,TAG_DEPARTED_B,0104dd00
190719071018,TAG_ARRIVED_B,0104dd00
190719071019,SOLO_SUCCESS,0104dd00
190719071025,TAG_DEPARTED_B,0104dd00
190719071026,TAG_ARRIVED_B,0104dd00
190719071026,SOLO_SUCCESS,0104dd00
190719071028,TAG_DEPARTED_B,0104dd00
190719071106,TAG_ARRIVED_B,0104dd00
190719071107,SOLO_SUCCESS,0104dd00
190719071222,TAG_DEPARTED_B,0104dd00
190719071223,TAG_ARRIVED_B,0104dd00
190719071223,SOLO_SUCCESS,0104dd00
190719071244,TAG_DEPARTED_B,0104dd00
190719071248,TAG_ARRIVED_B,0104dd00
190719071249,SOLO_SUCCESS,0104dd00
190719071251,TAG_DEPARTED_B,0104dd00
190719073836,TAG_ARRIVED_A,01045300
190719073837,SOLO_SUCCESS,01045300
190719073839,TAG_ARRIVED_A,01040300
190719073840,SOLO_SUCCESS,01040300
190719073842,TAG_DEPARTED_A,01040300
190719073844,TAG_ARRIVED_A,0102ae00
190719073845,SOLO_SUCCESS,0102ae00
190719073852,TAG_DEPARTED_A,0102ae00
190719073853,TAG_ARRIVED_A,0102ae00
190719073853,SOLO_SUCCESS,0102ae00
190719073902,TAG_DEPARTED_A,0102ae00
190719073903,TAG_ARRIVED_A,0102ae00
190719073903,SOLO_SUCCESS,0102ae00
190719073914,TAG_DEPARTED_A,0102ae00
190719073914,TAG_ARRIVED_A,0102ae00
190719073915,SOLO_SUCCESS,0102ae00
190719073922,TAG_DEPARTED_A,0102ae00
190719073923,TAG_ARRIVED_A,0102ae00
190719073924,SOLO_SUCCESS,0102ae00
190719073925,TAG_DEPARTED_A,0102ae00
190719073927,TAG_ARRIVED_A,0102ae00
190719073927,SOLO_SUCCESS,0102ae00
190719073934,TAG_DEPARTED_A,0102ae00
190719073935,TAG_ARRIVED_A,0102ae00
190719073935,SOLO_SUCCESS,0102ae00
190719073937,TAG_DEPARTED_A,0102ae00
190719073942,TAG_ARRIVED_A,0102ae00
190719073942,SOLO_SUCCESS,0102ae00
190719073946,TAG_DEPARTED_A,0102ae00
190719073949,TAG_ARRIVED_A,0102ae00
190719073950,SOLO_SUCCESS,0102ae00
190719073951,TAG_DEPARTED_A,0102ae00
190719073955,TAG_ARRIVED_A,0102ae00
190719073956,SOLO_SUCCESS,0102ae00
190719073957,TAG_DEPARTED_A,0102ae00
190719074000,TAG_ARRIVED_A,0102ae00
190719074001,SOLO_SUCCESS,0102ae00
190719074004,TAG_DEPARTED_A,0102ae00
190719074005,TAG_ARRIVED_A,0102ae00
190719074005,SOLO_SUCCESS,0102ae00
190719074006,TAG_ARRIVED_B,01ae2b00
190719074006,STARTCOOP_SUCCESS,0102ae00_01ae2b00
190719074010,ENDCOOP_SUCCESS,01ae2b00_0102ae00
190719074011,TAG_DEPARTED_B,01ae2b00
190719074023,TAG_ARRIVED_B,01026800
190719074023,STARTCOOP_SUCCESS,0102ae00_01026800
190719074042,ENDCOOP_SUCCESS,01026800_0102ae00
190719074042,TAG_DEPARTED_B,01026800
190719074043,TAG_ARRIVED_B,01026800
190719074043,STARTCOOP_SUCCESS,0102ae00_01026800
190719074044,ENDCOOP_SUCCESS,01026800_0102ae00
190719074044,TAG_DEPARTED_B,01026800
190719074102,TAG_ARRIVED_B,01026800
190719074102,STARTCOOP_SUCCESS,0102ae00_01026800
190719074107,ENDCOOP_SUCCESS,01026800_0102ae00
190719074107,TAG_DEPARTED_B,01026800
190719074108,TAG_ARRIVED_B,01026800
190719074109,STARTCOOP_SUCCESS,0102ae00_01026800
190719074120,ENDCOOP_SUCCESS,01026800_0102ae00
190719074120,TAG_DEPARTED_B,01026800
190719074125,TAG_ARRIVED_B,01026800
190719074125,STARTCOOP_SUCCESS,0102ae00_01026800
190719074136,ENDCOOP_SUCCESS,01026800_0102ae00
190719074137,TAG_DEPARTED_B,01026800
190719074137,TAG_ARRIVED_B,01026800
190719074137,STARTCOOP_SUCCESS,0102ae00_01026800
190719074138,ENDCOOP_SUCCESS,01026800_0102ae00
190719074139,TAG_DEPARTED_B,01026800
190719074139,TAG_ARRIVED_B,01026800
190719074139,STARTCOOP_SUCCESS,0102ae00_01026800
190719074141,ENDCOOP_SUCCESS,01026800_0102ae00
190719074141,TAG_DEPARTED_B,01026800
190719074141,TAG_ARRIVED_B,01026800
190719074142,STARTCOOP_SUCCESS,0102ae00_01026800
190719074143,ENDCOOP_SUCCESS,01026800_0102ae00
190719074143,TAG_DEPARTED_B,01026800
190719074143,TAG_ARRIVED_B,01026800
190719074144,STARTCOOP_SUCCESS,0102ae00_01026800
190719074153,ENDCOOP_SUCCESS,01026800_0102ae00
190719074153,TAG_DEPARTED_B,01026800
190719074154,TAG_ARRIVED_B,01026800
190719074155,STARTCOOP_SUCCESS,0102ae00_01026800
190719074237,ENDCOOP_SUCCESS,01026800_0102ae00
190719074237,TAG_DEPARTED_B,01026800
190719074239,TAG_ARRIVED_B,01026800
190719074239,STARTCOOP_SUCCESS,0102ae00_01026800
190719074255,ENDCOOP_SUCCESS,01026800_0102ae00
190719074255,TAG_DEPARTED_B,01026800
190719074255,TAG_ARRIVED_B,01026800
190719074255,STARTCOOP_SUCCESS,0102ae00_01026800
190719074257,ENDCOOP_SUCCESS,01026800_0102ae00
190719074257,TAG_DEPARTED_B,01026800
190719074257,TAG_ARRIVED_B,01026800
190719074258,STARTCOOP_SUCCESS,0102ae00_01026800
190719074316,ENDCOOP_SUCCESS,01026800_0102ae00
190719074316,TAG_DEPARTED_B,01026800
190719074319,TAG_ARRIVED_B,01026800
190719074320,STARTCOOP_SUCCESS,0102ae00_01026800
190719074332,ENDCOOP_SUCCESS,01026800_0102ae00
190719074332,TAG_DEPARTED_B,01026800
190719074332,TAG_ARRIVED_B,01026800
190719074333,STARTCOOP_SUCCESS,0102ae00_01026800
190719074339,TAG_DEPARTED_A,0102ae00
190719074339,TAG_ARRIVED_A,0102ae00
190719074339,STARTCOOP_SUCCESS,01026800_0102ae00
190719074342,ENDCOOP_SUCCESS,01026800_0102ae00
190719074342,TAG_DEPARTED_B,01026800
190719074343,TAG_ARRIVED_B,01026800
190719074344,STARTCOOP_SUCCESS,0102ae00_01026800
190719074345,ENDCOOP_SUCCESS,01026800_0102ae00
190719074346,TAG_DEPARTED_B,01026800
190719074351,TAG_ARRIVED_B,01026800
190719074351,STARTCOOP_SUCCESS,0102ae00_01026800
190719074359,ENDCOOP_SUCCESS,01026800_0102ae00
190719074359,TAG_DEPARTED_B,01026800
190719074400,TAG_ARRIVED_B,01026800
190719074400,STARTCOOP_SUCCESS,0102ae00_01026800
190719074401,TAG_DEPARTED_A,0102ae00
190719074403,ENDCOOP_SUCCESS,01026800_
190719074403,TAG_DEPARTED_B,01026800
190719074405,TAG_ARRIVED_A,01026800
190719074405,SOLO_SUCCESS,01026800
190719074405,TAG_ARRIVED_B,0125d900
190719074406,STARTCOOP_SUCCESS,01026800_0125d900
190719074407,TAG_DEPARTED_A,01026800
190719074407,ENDCOOP_SUCCESS,0125d900_
190719074408,TAG_DEPARTED_B,0125d900
190719074408,TAG_ARRIVED_A,01026800
190719074408,SOLO_SUCCESS,01026800
190719074409,TAG_ARRIVED_B,0125d900
190719074410,STARTCOOP_SUCCESS,01026800_0125d900
190719074410,TAG_DEPARTED_A,01026800
190719074412,TAG_ARRIVED_A,01026800
190719074413,STARTCOOP_SUCCESS,0125d900_01026800
190719074413,ENDCOOP_SUCCESS,0125d900_01026800
190719074414,TAG_DEPARTED_B,0125d900
190719074438,TAG_ARRIVED_B,01026800
190719074438,SOLO_SUCCESS,01026800
190719074438,TAG_DEPARTED_A,01026800
190719074440,TAG_DEPARTED_B,01026800
190719074441,TAG_ARRIVED_A,01045300
190719074441,SOLO_SUCCESS,01045300
190719074443,TAG_DEPARTED_A,01045300
190719074504,TAG_ARRIVED_B,01ae2b00
190719074504,SOLO_SUCCESS,01ae2b00
190719074506,TAG_ARRIVED_A,01026800
190719074506,STARTCOOP_SUCCESS,01ae2b00_01026800
190719074508,TAG_DEPARTED_A,01026800
190719074512,TAG_ARRIVED_B,01021800
190719074513,SOLO_SUCCESS,01021800
190719074517,TAG_ARRIVED_A,01026800
190719074517,STARTCOOP_SUCCESS,01021800_01026800
190719074519,TAG_DEPARTED_A,01026800
190719074520,ENDCOOP_SUCCESS,01021800_
190719074520,TAG_DEPARTED_B,01021800
190719074520,TAG_ARRIVED_A,01026800
190719074521,SOLO_SUCCESS,01026800
190719074525,TAG_DEPARTED_A,01026800
190719074527,TAG_ARRIVED_A,01026800
190719074527,SOLO_SUCCESS,01026800
190719074529,TAG_ARRIVED_B,01021800
190719074529,STARTCOOP_SUCCESS,01026800_01021800
190719074531,TAG_DEPARTED_A,01026800
190719074532,TAG_ARRIVED_A,01026800
190719074532,STARTCOOP_SUCCESS,01021800_01026800
190719074534,ENDCOOP_SUCCESS,01021800_01026800
190719074534,TAG_DEPARTED_B,01021800
190719074541,TAG_ARRIVED_B,01021800
190719074541,STARTCOOP_SUCCESS,01026800_01021800
190719074548,TAG_DEPARTED_A,01026800
190719074551,TAG_ARRIVED_A,01026800
190719074551,STARTCOOP_SUCCESS,01021800_01026800
190719074559,ENDCOOP_SUCCESS,01021800_01026800
190719074600,TAG_DEPARTED_B,01021800
190719074603,TAG_DEPARTED_A,01026800
190719074606,TAG_ARRIVED_A,01026800
190719074606,SOLO_SUCCESS,01026800
190719074610,TAG_DEPARTED_A,01026800
190719074610,TAG_ARRIVED_B,01021800
190719074611,SOLO_SUCCESS,01021800
190719074752,TAG_DEPARTED_B,01021800
190719074752,TAG_ARRIVED_B,01021800
190719074753,SOLO_SUCCESS,01021800
190719074819,TAG_DEPARTED_B,01021800
190719074838,TAG_ARRIVED_B,0104dd00
190719074839,SOLO_SUCCESS,0104dd00
190719074916,TAG_DEPARTED_B,0104dd00
190719074916,TAG_ARRIVED_B,0104dd00
190719074917,SOLO_SUCCESS,0104dd00
190719074933,TAG_DEPARTED_B,0104dd00
190719074935,TAG_ARRIVED_B,0104dd00
190719074935,SOLO_SUCCESS,0104dd00
190719074944,TAG_DEPARTED_B,0104dd00
190719074944,TAG_ARRIVED_B,0104dd00
190719074945,SOLO_SUCCESS,0104dd00
190719074949,TAG_DEPARTED_B,0104dd00
190719075005,TAG_ARRIVED_B,0104dd00
190719075006,SOLO_SUCCESS,0104dd00
190719075035,TAG_DEPARTED_B,0104dd00
190719075035,TAG_ARRIVED_B,0104dd00
190719075036,SOLO_SUCCESS,0104dd00
190719075137,TAG_DEPARTED_B,0104dd00
190719075138,TAG_ARRIVED_B,0104dd00
190719075138,SOLO_SUCCESS,0104dd00
190719075139,TAG_DEPARTED_B,0104dd00
190719075140,TAG_ARRIVED_B,0104dd00
190719075140,SOLO_SUCCESS,0104dd00
190719075217,TAG_DEPARTED_B,0104dd00
190719075218,TAG_ARRIVED_B,0104dd00
190719075219,SOLO_SUCCESS,0104dd00
190719075223,TAG_DEPARTED_B,0104dd00
190719075223,TAG_ARRIVED_B,0104dd00
190719075224,SOLO_SUCCESS,0104dd00
190719075225,TAG_DEPARTED_B,0104dd00
190719075225,TAG_ARRIVED_B,0104dd00
190719075226,SOLO_SUCCESS,0104dd00
190719075535,TAG_DEPARTED_B,0104dd00
190719075536,TAG_ARRIVED_B,0104dd00
190719075537,SOLO_SUCCESS,0104dd00
190719075541,TAG_DEPARTED_B,0104dd00
190719075541,TAG_ARRIVED_B,0104dd00
190719075542,SOLO_SUCCESS,0104dd00
190719075545,TAG_DEPARTED_B,0104dd00
190719075545,TAG_ARRIVED_B,0104dd00
190719075546,SOLO_SUCCESS,0104dd00
190719075609,TAG_DEPARTED_B,0104dd00
190719075615,TAG_ARRIVED_A,0104a700
190719075615,SOLO_SUCCESS,0104a700
190719075625,TAG_ARRIVED_B,0104dd00
190719075626,STARTCOOP_FAIL,0104a700_0104dd00
190719075627,ENDCOOP_FAIL,0104dd00_0104a700
190719075627,TAG_DEPARTED_B,0104dd00
190719075627,TAG_DEPARTED_A,0104a700
190719075627,TAG_ARRIVED_B,0104dd00
190719075628,SOLO_FAIL,0104dd00
190719075629,ENDCOOP_FAIL,0104dd00_
190719075629,TAG_DEPARTED_B,0104dd00
190719075632,TAG_ARRIVED_A,0104dd00
190719075633,SOLO_FAIL,0104dd00
190719075635,TAG_ARRIVED_B,01ae2b00
190719075635,STARTCOOP_FAIL,0104dd00_01ae2b00
190719075644,TAG_ARRIVED_B,01c23400
190719075645,STARTCOOP_FAIL,0104dd00_01c23400
190719075654,ENDCOOP_FAIL,01c23400_0104dd00
190719075654,TAG_DEPARTED_B,01c23400
190719075655,TAG_ARRIVED_B,01c23400
190719075656,STARTCOOP_FAIL,0104dd00_01c23400
190719075657,ENDCOOP_FAIL,01c23400_0104dd00
190719075657,TAG_DEPARTED_B,01c23400
190719075713,TAG_ARRIVED_B,01ae2b00
190719075714,STARTCOOP_FAIL,0104dd00_01ae2b00
190719075715,TAG_DEPARTED_A,0104dd00
190719075715,TAG_ARRIVED_A,0104dd00
190719075716,STARTCOOP_FAIL,01ae2b00_0104dd00
190719075727,ENDCOOP_FAIL,01ae2b00_0104dd00
190719075728,TAG_DEPARTED_B,01ae2b00
190719075733,TAG_DEPARTED_A,0104dd00
190719075734,TAG_ARRIVED_A,0104dd00
190719075735,SOLO_FAIL,0104dd00
190719075736,TAG_DEPARTED_A,0104dd00
190719075737,TAG_ARRIVED_A,0104dd00
190719075738,SOLO_FAIL,0104dd00
190719075741,TAG_DEPARTED_A,0104dd00
190719075741,TAG_ARRIVED_A,0104dd00
190719075742,SOLO_FAIL,0104dd00
190719075744,TAG_DEPARTED_A,0104dd00
190719075745,TAG_ARRIVED_A,0104dd00
190719075746,SOLO_FAIL,0104dd00
190719075750,TAG_DEPARTED_A,0104dd00
190719075751,TAG_ARRIVED_A,0104dd00
190719075751,SOLO_FAIL,0104dd00
190719075759,TAG_ARRIVED_B,01ae2b00
190719075759,STARTCOOP_FAIL,0104dd00_01ae2b00
190719075824,TAG_DEPARTED_A,0104dd00
190719075824,TAG_ARRIVED_A,0104dd00
190719075825,STARTCOOP_FAIL,01ae2b00_0104dd00
190719075835,TAG_DEPARTED_A,0104dd00
190719075843,ENDCOOP_FAIL,01ae2b00_
190719075843,TAG_DEPARTED_B,01ae2b00
190719075847,TAG_ARRIVED_B,01ae2b00
190719075847,SOLO_FAIL,01ae2b00
190719075850,ENDCOOP_FAIL,01ae2b00_
190719075851,TAG_DEPARTED_B,01ae2b00
190719075856,TAG_ARRIVED_A,0104dd00
190719075857,SOLO_FAIL,0104dd00
190719075906,TAG_DEPARTED_A,0104dd00
190719075906,TAG_ARRIVED_A,0104dd00
190719075907,SOLO_FAIL,0104dd00
190719075907,TAG_ARRIVED_B,01ae2b00
190719075908,STARTCOOP_FAIL,0104dd00_01ae2b00
190719075911,ENDCOOP_FAIL,01ae2b00_0104dd00
190719075911,TAG_DEPARTED_B,01ae2b00
190719075911,TAG_ARRIVED_B,01ae2b00
190719075912,STARTCOOP_FAIL,0104dd00_01ae2b00
190719075918,ENDCOOP_FAIL,01ae2b00_0104dd00
190719075919,TAG_DEPARTED_B,01ae2b00
190719075923,TAG_ARRIVED_B,01ae2b00
190719075924,STARTCOOP_FAIL,0104dd00_01ae2b00
190719075925,ENDCOOP_FAIL,01ae2b00_0104dd00
190719075926,TAG_DEPARTED_B,01ae2b00
190719075952,TAG_ARRIVED_B,01ae2b00
190719075953,STARTCOOP_FAIL,0104dd00_01ae2b00
190719080008,ENDCOOP_FAIL,01ae2b00_0104dd00
190719080008,TAG_DEPARTED_B,01ae2b00
190719080010,TAG_ARRIVED_B,01045300
190719080010,STARTCOOP_FAIL,0104dd00_01045300
190719080015,TAG_DEPARTED_A,0104dd00
190719080015,TAG_ARRIVED_A,0104dd00
190719080016,STARTCOOP_FAIL,01045300_0104dd00
190719080017,TAG_DEPARTED_A,0104dd00
190719080017,TAG_ARRIVED_A,0104dd00
190719080018,STARTCOOP_FAIL,01045300_0104dd00
190719080019,ENDCOOP_FAIL,01045300_0104dd00
190719080019,TAG_DEPARTED_B,01045300
190719080019,TAG_ARRIVED_B,01045300
190719080020,STARTCOOP_FAIL,0104dd00_01045300
190719080022,TAG_DEPARTED_A,0104dd00
190719080023,TAG_ARRIVED_A,0104dd00
190719080024,STARTCOOP_FAIL,01045300_0104dd00
190719080029,TAG_DEPARTED_A,0104dd00
190719080030,TAG_ARRIVED_A,0104dd00
190719080030,STARTCOOP_FAIL,01045300_0104dd00
190719080032,TAG_DEPARTED_A,0104dd00
190719080032,TAG_ARRIVED_A,0104dd00
190719080033,STARTCOOP_FAIL,01045300_0104dd00
190719080033,ENDCOOP_FAIL,01045300_0104dd00
190719080033,TAG_DEPARTED_B,01045300
190719080034,TAG_ARRIVED_B,01038a00
190719080035,STARTCOOP_SUCCESS,0104dd00_01038a00
190719080036,ENDCOOP_SUCCESS,01038a00_0104dd00
190719080036,TAG_DEPARTED_B,01038a00
190719080041,TAG_ARRIVED_B,01045300
190719080042,STARTCOOP_FAIL,0104dd00_01045300
190719080043,TAG_DEPARTED_A,0104dd00
190719080044,TAG_ARRIVED_A,0104dd00
190719080045,STARTCOOP_FAIL,01045300_0104dd00
190719080046,TAG_DEPARTED_A,0104dd00
190719080047,TAG_ARRIVED_A,0104dd00
190719080048,STARTCOOP_FAIL,01045300_0104dd00
190719080056,ENDCOOP_FAIL,01045300_0104dd00
190719080057,TAG_DEPARTED_B,01045300
190719080057,TAG_ARRIVED_B,01045300
190719080058,STARTCOOP_FAIL,0104dd00_01045300
190719080103,TAG_DEPARTED_A,0104dd00
190719080103,TAG_ARRIVED_A,0104dd00
190719080104,STARTCOOP_FAIL,01045300_0104dd00
190719080105,TAG_DEPARTED_A,0104dd00
190719080105,TAG_ARRIVED_A,0104dd00
190719080106,STARTCOOP_FAIL,01045300_0104dd00
190719080115,TAG_DEPARTED_A,0104dd00
190719080115,TAG_ARRIVED_A,0104dd00
190719080116,STARTCOOP_FAIL,01045300_0104dd00
190719080117,ENDCOOP_FAIL,01045300_0104dd00
190719080117,TAG_DEPARTED_B,01045300
190719080118,TAG_ARRIVED_B,01045300
190719080119,STARTCOOP_FAIL,0104dd00_01045300
190719080120,ENDCOOP_FAIL,01045300_0104dd00
190719080120,TAG_DEPARTED_B,01045300
190719080122,TAG_ARRIVED_B,01045300
190719080123,STARTCOOP_FAIL,0104dd00_01045300
190719080137,TAG_DEPARTED_A,0104dd00
190719080137,TAG_ARRIVED_A,0104dd00
190719080138,STARTCOOP_FAIL,01045300_0104dd00
190719080142,TAG_DEPARTED_A,0104dd00
190719080142,TAG_ARRIVED_A,0104dd00
190719080143,STARTCOOP_FAIL,01045300_0104dd00
190719080150,ENDCOOP_FAIL,01045300_0104dd00
190719080150,TAG_DEPARTED_B,01045300
190719080152,TAG_ARRIVED_B,01045300
190719080153,STARTCOOP_FAIL,0104dd00_01045300
190719080154,ENDCOOP_FAIL,01045300_0104dd00
190719080155,TAG_DEPARTED_B,01045300
190719080155,TAG_ARRIVED_B,01045300
190719080156,STARTCOOP_FAIL,0104dd00_01045300
190719080157,ENDCOOP_FAIL,01045300_0104dd00
190719080157,TAG_DEPARTED_B,01045300
190719080202,TAG_DEPARTED_A,0104dd00
190719080203,TAG_ARRIVED_A,0104dd00
190719080204,SOLO_FAIL,0104dd00
190719080208,TAG_DEPARTED_A,0104dd00
190719080246,TAG_ARRIVED_A,01031b00
190719080248,TAG_MISSING_A,01031b00
190719080248,SOLO_FAIL,01031b00
190719080254,TAG_ARRIVED_B,0104dd00
190719080254,SOLO_FAIL,0104dd00
190719080257,ENDCOOP_FAIL,0104dd00_01031b00
190719080257,TAG_DEPARTED_B,0104dd00
190719080315,TAG_ARRIVED_B,0104dd00
190719080316,SOLO_FAIL,0104dd00
190719080318,ENDCOOP_FAIL,0104dd00_01031b00
190719080318,TAG_DEPARTED_B,0104dd00
190719080319,TAG_DEPARTED_A,01031b00
190719080355,LOCKOUT_ENDED,
