190430062640,START_EXPERIMENT,
190430065820,TAG_ARRIVED_B,01bbe500
190430065820,SOLO_SUCCESS,01bbe500
190430065822,TAG_DEPARTED_B,01bbe500
190430065823,TAG_ARRIVED_B,01bbe500
190430065823,SOLO_SUCCESS,01bbe500
190430065831,TAG_DEPARTED_B,01bbe500
190430073323,TAG_ARRIVED_A,01653700
190430073324,SOLO_SUCCESS,01653700
190430073326,TAG_DEPARTED_A,01653700
190430073328,TAG_ARRIVED_A,01653700
190430073329,SOLO_SUCCESS,01653700
190430073331,TAG_DEPARTED_A,01653700
190430073334,TAG_ARRIVED_A,01653700
190430073335,SOLO_SUCCESS,01653700
190430073339,TAG_DEPARTED_A,01653700
190430073340,TAG_ARRIVED_A,01653700
190430073341,SOLO_SUCCESS,01653700
190430073354,TAG_DEPARTED_A,01653700
190430073356,TAG_ARRIVED_A,01653700
190430073357,SOLO_SUCCESS,01653700
190430073403,TAG_DEPARTED_A,01653700
190430073404,TAG_ARRIVED_A,01653700
190430073405,SOLO_SUCCESS,01653700
190430073406,TAG_DEPARTED_A,01653700
190430073407,TAG_ARRIVED_A,01653700
190430073408,SOLO_SUCCESS,01653700
190430073417,TAG_DEPARTED_A,01653700
190430080122,TAG_ARRIVED_B,01bbe500
190430080122,SOLO_SUCCESS,01bbe500
190430080124,TAG_DEPARTED_B,01bbe500
190430080849,TAG_ARRIVED_A,01c2e300
190430080849,SOLO_SUCCESS,01c2e300
190430080851,TAG_DEPARTED_A,01c2e300
190430083253,TAG_ARRIVED_B,01b47d00
190430083254,SOLO_SUCCESS,01b47d00
190430083336,TAG_DEPARTED_B,01b47d00
190430083534,TAG_ARRIVED_B,01653700
190430083534,SOLO_SUCCESS,01653700
190430083539,TAG_DEPARTED_B,01653700
190430083540,TAG_ARRIVED_B,01653700
190430083541,SOLO_SUCCESS,01653700
190430083542,TAG_DEPARTED_B,01653700
190430083542,TAG_ARRIVED_B,01653700
190430083543,SOLO_SUCCESS,01653700
190430083545,TAG_DEPARTED_B,01653700
190430083545,TAG_ARRIVED_B,01653700
190430083546,SOLO_SUCCESS,01653700
190430083546,TAG_ARRIVED_A,01bbe500
190430083547,STARTCOOP_FAIL,01653700_01bbe500
190430083547,ENDCOOP_FAIL,01653700_01bbe500
190430083548,TAG_DEPARTED_B,01653700
190430083548,TAG_DEPARTED_A,01bbe500
190430083747,LOCKOUT_ENDED,
190430084946,TAG_ARRIVED_A,01753200
190430084947,SOLO_SUCCESS,01753200
190430084951,TAG_DEPARTED_A,01753200
190430094354,TAG_ARRIVED_A,01653700
190430094355,SOLO_SUCCESS,01653700
190430094356,TAG_DEPARTED_A,01653700
190430094401,TAG_ARRIVED_A,01653700
190430094401,SOLO_SUCCESS,01653700
190430094403,TAG_DEPARTED_A,01653700
190430094404,TAG_ARRIVED_A,01653700
190430094405,SOLO_SUCCESS,01653700
190430094406,TAG_DEPARTED_A,01653700
190430094408,TAG_ARRIVED_A,01653700
190430094409,SOLO_SUCCESS,01653700
190430094414,TAG_DEPARTED_A,01653700
190430094422,TAG_ARRIVED_A,01653700
190430094422,SOLO_SUCCESS,01653700
190430094426,TAG_DEPARTED_A,01653700
190430094427,TAG_ARRIVED_A,01653700
190430094428,SOLO_SUCCESS,01653700
190430094436,TAG_DEPARTED_A,01653700
190430094436,TAG_ARRIVED_A,01653700
190430094437,SOLO_SUCCESS,01653700
190430094439,TAG_DEPARTED_A,01653700
190430094958,TAG_ARRIVED_A,01119200
190430094958,SOLO_SUCCESS,01119200
190430095001,TAG_DEPARTED_A,01119200
190430095003,TAG_ARRIVED_A,01119200
190430095004,SOLO_SUCCESS,01119200
190430095007,TAG_DEPARTED_A,01119200
190430095036,TAG_ARRIVED_A,01119200
190430095036,SOLO_SUCCESS,01119200
190430095038,TAG_DEPARTED_A,01119200
190430100132,TAG_ARRIVED_B,01bbe500
190430100133,SOLO_SUCCESS,01bbe500
190430100136,TAG_DEPARTED_B,01bbe500