190522055026,START_EXPERIMENT,
190522062425,TAG_ARRIVED_A,01016400
190522062426,SOLO_SUCCESS,01016400
190522062427,TAG_DEPARTED_A,01016400
190522062435,TAG_ARRIVED_A,01016400
190522062435,SOLO_SUCCESS,01016400
190522062440,TAG_DEPARTED_A,01016400
190522062444,TAG_ARRIVED_A,01016400
190522062444,SOLO_SUCCESS,01016400
190522062447,TAG_DEPARTED_A,01016400
190522062450,TAG_ARRIVED_A,01016400
190522062450,SOLO_SUCCESS,01016400
190522062454,TAG_DEPARTED_A,01016400
190522062459,TAG_ARRIVED_A,01016400
190522062500,SOLO_SUCCESS,01016400
190522062502,TAG_DEPARTED_A,01016400
190522063615,TAG_ARRIVED_A,01043c00
190522063616,SOLO_SUCCESS,01043c00
190522063623,TAG_DEPARTED_A,01043c00
190522064049,TAG_ARRIVED_A,01016400
190522064049,SOLO_SUCCESS,01016400
190522064109,TAG_DEPARTED_A,01016400
190522064124,TAG_ARRIVED_A,01bbe500
190522064125,SOLO_SUCCESS,01bbe500
190522064126,TAG_DEPARTED_A,01bbe500
190522064128,TAG_ARRIVED_A,01bbe500
190522064129,SOLO_SUCCESS,01bbe500
190522064131,TAG_DEPARTED_A,01bbe500
190522064913,TAG_ARRIVED_A,01653700
190522064914,SOLO_SUCCESS,01653700
190522064923,TAG_DEPARTED_A,01653700
190522064953,TAG_ARRIVED_A,01653700
190522064953,SOLO_SUCCESS,01653700
190522065000,TAG_DEPARTED_A,01653700
190522065007,TAG_ARRIVED_A,01653700
190522065007,SOLO_SUCCESS,01653700
190522065009,TAG_DEPARTED_A,01653700
190522065018,TAG_ARRIVED_A,01653700
190522065019,SOLO_SUCCESS,01653700
190522065020,TAG_DEPARTED_A,01653700
190522065023,TAG_ARRIVED_A,01653700
190522065024,SOLO_SUCCESS,01653700
190522065025,TAG_DEPARTED_A,01653700
190522065028,TAG_ARRIVED_A,01653700
190522065029,SOLO_SUCCESS,01653700
190522065030,TAG_DEPARTED_A,01653700
190522065032,TAG_ARRIVED_A,01653700
190522065033,SOLO_SUCCESS,01653700
190522065034,TAG_DEPARTED_A,01653700
190522065201,TAG_ARRIVED_A,01653700
190522065202,SOLO_SUCCESS,01653700
190522065203,TAG_DEPARTED_A,01653700
190522072826,TAG_ARRIVED_A,01c98500
190522072827,SOLO_SUCCESS,01c98500
190522072831,TAG_DEPARTED_A,01c98500
190522072839,TAG_ARRIVED_A,01c98500
190522072840,SOLO_SUCCESS,01c98500
190522072854,TAG_DEPARTED_A,01c98500
190522072855,TAG_ARRIVED_A,01c98500
190522072856,SOLO_SUCCESS,01c98500
190522072857,TAG_DEPARTED_A,01c98500
190522073949,TAG_ARRIVED_A,07991800
190522073950,TAG_MISSING_A,07991800
190522073951,SOLO_SUCCESS,07991800
190522073952,TAG_DEPARTED_A,07991800
190522073955,TAG_ARRIVED_A,07991800
190522073956,TAG_MISSING_A,07991800
190522073956,SOLO_SUCCESS,07991800
190522073957,TAG_DEPARTED_A,07991800
190522073958,TAG_ARRIVED_A,07991800
190522073959,TAG_MISSING_A,07991800
190522074000,SOLO_SUCCESS,07991800
190522074003,TAG_DEPARTED_A,07991800
190522074008,TAG_ARRIVED_A,07991800
190522074009,TAG_MISSING_A,07991800
190522074010,SOLO_SUCCESS,07991800
190522074025,TAG_DEPARTED_A,07991800
190522074213,TAG_ARRIVED_B,07991800
190522074214,TAG_MISSING_B,07991800
190522074214,SOLO_SUCCESS,07991800
190522074216,TAG_DEPARTED_B,07991800
190522074643,TAG_ARRIVED_A,01753200
190522074644,SOLO_SUCCESS,01753200
190522074652,TAG_DEPARTED_A,01753200
190522074700,TAG_ARRIVED_A,01753200
190522074701,SOLO_SUCCESS,01753200
190522074706,TAG_DEPARTED_A,01753200
190522074709,TAG_ARRIVED_A,01753200
190522074709,SOLO_SUCCESS,01753200
190522074711,TAG_DEPARTED_A,01753200
190522074711,TAG_ARRIVED_A,01753200
190522074712,SOLO_SUCCESS,01753200
190522074715,TAG_DEPARTED_A,01753200
190522074718,TAG_ARRIVED_A,01753200
190522074719,SOLO_SUCCESS,01753200
190522074722,TAG_DEPARTED_A,01753200
190522074730,TAG_ARRIVED_A,01753200
190522074731,SOLO_SUCCESS,01753200
190522074741,TAG_DEPARTED_A,01753200
190522074749,TAG_ARRIVED_A,01753200
190522074750,SOLO_SUCCESS,01753200
190522074802,TAG_DEPARTED_A,01753200
190522074803,TAG_ARRIVED_A,01753200
190522074804,SOLO_SUCCESS,01753200
190522074806,TAG_DEPARTED_A,01753200
190522074824,TAG_ARRIVED_A,07991800
190522074825,TAG_MISSING_A,07991800
190522074825,SOLO_SUCCESS,07991800
190522074826,TAG_DEPARTED_A,07991800
190522074827,TAG_ARRIVED_A,07991800
190522074828,TAG_MISSING_A,07991800
190522074828,SOLO_SUCCESS,07991800
190522074838,TAG_DEPARTED_A,07991800
190522074857,TAG_ARRIVED_A,07991800
190522074859,TAG_MISSING_A,07991800
190522074859,SOLO_SUCCESS,07991800
190522074859,TAG_DEPARTED_A,07991800
190522074923,TAG_ARRIVED_A,01753200
190522074924,SOLO_SUCCESS,01753200
190522074929,TAG_DEPARTED_A,01753200
190522074933,TAG_ARRIVED_A,01753200
190522074934,SOLO_SUCCESS,01753200
190522074936,TAG_DEPARTED_A,01753200
190522080218,TAG_ARRIVED_A,018b0800
190522080218,SOLO_SUCCESS,018b0800
190522080220,TAG_DEPARTED_A,018b0800
190522080357,TAG_ARRIVED_B,017e1f00
190522080358,SOLO_SUCCESS,017e1f00
190522080401,TAG_DEPARTED_B,017e1f00
190522080402,TAG_ARRIVED_B,017e1f00
190522080402,SOLO_SUCCESS,017e1f00
190522080406,TAG_DEPARTED_B,017e1f00
190522080410,TAG_ARRIVED_B,017e1f00
190522080411,SOLO_SUCCESS,017e1f00
190522080412,TAG_DEPARTED_B,017e1f00
190522080547,TAG_ARRIVED_B,018b0800
190522080548,SOLO_SUCCESS,018b0800
190522080549,TAG_DEPARTED_B,018b0800
190522080554,TAG_ARRIVED_A,017e1f00
190522080555,SOLO_SUCCESS,017e1f00
190522080555,TAG_ARRIVED_B,018b0800
190522080556,STARTCOOP_FAIL,017e1f00_018b0800
190522080557,ENDCOOP_FAIL,018b0800_017e1f00
190522080557,TAG_DEPARTED_B,018b0800
190522080558,TAG_DEPARTED_A,017e1f00
190522080605,TAG_ARRIVED_A,018b0800
190522080606,SOLO_FAIL,018b0800
190522080608,TAG_DEPARTED_A,018b0800
190522080616,TAG_ARRIVED_A,017e1f00
190522080616,SOLO_FAIL,017e1f00
190522080618,TAG_DEPARTED_A,017e1f00
190522080620,TAG_ARRIVED_B,017e1f00
190522080621,SOLO_FAIL,017e1f00
190522080622,ENDCOOP_FAIL,017e1f00_
190522080622,TAG_DEPARTED_B,017e1f00
190522080634,TAG_ARRIVED_B,017e1f00
190522080635,SOLO_FAIL,017e1f00
190522080639,ENDCOOP_FAIL,017e1f00_
190522080639,TAG_DEPARTED_B,017e1f00
190522080640,TAG_ARRIVED_B,017e1f00
190522080640,SOLO_FAIL,017e1f00
190522080643,ENDCOOP_FAIL,017e1f00_
190522080643,TAG_DEPARTED_B,017e1f00
190522080645,TAG_ARRIVED_B,017e1f00
190522080646,SOLO_FAIL,017e1f00
190522080647,ENDCOOP_FAIL,017e1f00_
190522080648,TAG_DEPARTED_B,017e1f00
190522080651,TAG_ARRIVED_B,017e1f00
190522080651,SOLO_FAIL,017e1f00
190522080654,ENDCOOP_FAIL,017e1f00_
190522080654,TAG_DEPARTED_B,017e1f00
190522080658,TAG_ARRIVED_B,017e1f00
190522080659,SOLO_FAIL,017e1f00
190522080705,ENDCOOP_FAIL,017e1f00_
190522080705,TAG_DEPARTED_B,017e1f00
190522080726,TAG_ARRIVED_B,017e1f00
190522080727,SOLO_FAIL,017e1f00
190522080730,ENDCOOP_FAIL,017e1f00_
190522080730,TAG_DEPARTED_B,017e1f00
190522080730,TAG_ARRIVED_A,017e1f00
190522080731,SOLO_FAIL,017e1f00
190522080733,TAG_DEPARTED_A,017e1f00
190522080756,LOCKOUT_ENDED,
190522082048,TAG_ARRIVED_A,01c98500
190522082049,SOLO_SUCCESS,01c98500
190522082052,TAG_DEPARTED_A,01c98500
190522082059,TAG_ARRIVED_A,01c98500
190522082100,SOLO_SUCCESS,01c98500
190522082103,TAG_DEPARTED_A,01c98500
190522082214,TAG_ARRIVED_A,07991800
190522082215,TAG_MISSING_A,07991800
190522082216,SOLO_SUCCESS,07991800
190522082220,TAG_DEPARTED_A,07991800
190522082237,TAG_ARRIVED_A,07991800
190522082238,TAG_MISSING_A,07991800
190522082238,SOLO_SUCCESS,07991800
190522082240,TAG_DEPARTED_A,07991800
190522082253,TAG_ARRIVED_B,07991800
190522082254,TAG_MISSING_B,07991800
190522082254,SOLO_SUCCESS,07991800
190522082305,TAG_DEPARTED_B,07991800
190522084140,TAG_ARRIVED_A,01bbe500
190522084140,SOLO_SUCCESS,01bbe500
190522084142,TAG_DEPARTED_A,01bbe500
190522084349,TAG_ARRIVED_A,07991800
190522084350,TAG_MISSING_A,07991800
190522084351,SOLO_SUCCESS,07991800
190522084359,TAG_DEPARTED_A,07991800
190522084403,TAG_ARRIVED_A,07991800
190522084404,TAG_MISSING_A,07991800
190522084404,SOLO_SUCCESS,07991800
190522084408,TAG_DEPARTED_A,07991800
190522084412,TAG_ARRIVED_A,07991800
190522084414,TAG_MISSING_A,07991800
190522084414,SOLO_SUCCESS,07991800
190522084414,TAG_DEPARTED_A,07991800
190522085110,TAG_ARRIVED_A,01c98500
190522085111,SOLO_SUCCESS,01c98500
190522085114,TAG_DEPARTED_A,01c98500
190522085115,TAG_ARRIVED_B,01c98500
190522085116,SOLO_SUCCESS,01c98500
190522085117,TAG_DEPARTED_B,01c98500
190522085119,TAG_ARRIVED_A,01c98500
190522085120,SOLO_SUCCESS,01c98500
190522085125,TAG_DEPARTED_A,01c98500
190522090746,TAG_ARRIVED_A,01753200
190522090747,SOLO_SUCCESS,01753200
190522090804,TAG_DEPARTED_A,01753200
190522090819,TAG_ARRIVED_A,01753200
190522090820,SOLO_SUCCESS,01753200
190522090822,TAG_DEPARTED_A,01753200
190522090837,TAG_ARRIVED_A,01753200
190522090838,SOLO_SUCCESS,01753200
190522090846,TAG_DEPARTED_A,01753200
190522092905,TAG_ARRIVED_A,01653700
190522092906,SOLO_SUCCESS,01653700
190522092946,TAG_DEPARTED_A,01653700
190522092948,TAG_ARRIVED_A,01653700
190522092949,SOLO_SUCCESS,01653700
190522093036,TAG_DEPARTED_A,01653700
190522093039,TAG_ARRIVED_A,01653700
190522093040,SOLO_SUCCESS,01653700
190522093108,TAG_DEPARTED_A,01653700
190522093721,TAG_ARRIVED_B,07991800
190522093722,TAG_MISSING_B,07991800
190522093722,SOLO_SUCCESS,07991800
190522093730,TAG_DEPARTED_B,07991800
190522094432,TAG_ARRIVED_A,018b0800
190522094432,SOLO_SUCCESS,018b0800
190522094434,TAG_DEPARTED_A,018b0800
190522094436,TAG_ARRIVED_A,018b0800
190522094437,SOLO_SUCCESS,018b0800
190522094438,TAG_DEPARTED_A,018b0800
190522094621,TAG_ARRIVED_A,01c98500
190522094622,SOLO_SUCCESS,01c98500
190522094626,TAG_DEPARTED_A,01c98500
190522094628,TAG_ARRIVED_A,01c98500
190522094629,SOLO_SUCCESS,01c98500
190522094630,TAG_DEPARTED_A,01c98500
190522094634,TAG_ARRIVED_A,01c98500
190522094635,SOLO_SUCCESS,01c98500
190522094637,TAG_DEPARTED_A,01c98500

