190705060357,START_EXPERIMENT,
190705060405,TAG_ARRIVED_A,1783900
190705060406,SOLO_FAIL,1783900
190705060406,TAG_ARRIVED_B,0139d100
190705060407,STARTCOOP_SUCCESS,01783900_0139d100
190705060411,ENDCOOP_SUCCESS,0139d100_01783900
190705060411,TAG_DEPARTED_B,0139d100
190705060411,TAG_DEPARTED_A,1783900
190705060555,LOCKOUT_ENDED,
190705061433,TAG_ARRIVED_B,0103bf00
190705061434,SOLO_SUCCESS,0103bf00
190705061435,TAG_DEPARTED_B,0103bf00
190705061439,TAG_ARRIVED_B,0103bf00
190705061440,SOLO_SUCCESS,0103bf00
190705061442,TAG_DEPARTED_B,0103bf00
190705061443,TAG_ARRIVED_B,0103bf00
190705061444,SOLO_SUCCESS,0103bf00
190705061446,TAG_DEPARTED_B,0103bf00
190705061447,TAG_ARRIVED_A,01ae2b00
190705061448,SOLO_SUCCESS,01ae2b00
190705061449,TAG_DEPARTED_A,01ae2b00
190705061452,TAG_ARRIVED_A,01cf0600
190705061453,SOLO_SUCCESS,01cf0600
190705061457,TAG_DEPARTED_A,01cf0600
190705061458,TAG_ARRIVED_A,01cf0600
190705061459,SOLO_SUCCESS,01cf0600
190705061501,TAG_DEPARTED_A,01cf0600
190705061502,TAG_ARRIVED_A,1026800
190705061502,SOLO_SUCCESS,1026800
190705061503,TAG_ARRIVED_A,01cf0600
190705061504,SOLO_SUCCESS,01cf0600
190705061513,TAG_DEPARTED_A,01cf0600
190705061515,TAG_ARRIVED_A,01cf0600
190705061516,SOLO_SUCCESS,01cf0600
190705061521,TAG_DEPARTED_A,01cf0600
190705061524,TAG_ARRIVED_A,01cf0600
190705061525,SOLO_SUCCESS,01cf0600
190705061526,TAG_DEPARTED_A,01cf0600
190705061528,TAG_ARRIVED_A,0102ae00
190705061529,SOLO_SUCCESS,0102ae00
190705061536,TAG_DEPARTED_A,0102ae00
190705061537,TAG_ARRIVED_A,0102ae00
190705061537,SOLO_SUCCESS,0102ae00
190705061539,TAG_DEPARTED_A,0102ae00
190705061539,TAG_ARRIVED_A,0102ae00
190705061540,SOLO_SUCCESS,0102ae00
190705061542,TAG_DEPARTED_A,0102ae00
190705061544,TAG_ARRIVED_A,0102ae00
190705061544,SOLO_SUCCESS,0102ae00
190705061548,TAG_DEPARTED_A,0102ae00
190705061549,TAG_ARRIVED_A,0102ae00
190705061550,SOLO_SUCCESS,0102ae00
190705061552,TAG_DEPARTED_A,0102ae00
190705061559,TAG_ARRIVED_A,0102ae00
190705061559,SOLO_SUCCESS,0102ae00
190705061601,TAG_DEPARTED_A,0102ae00
190705061734,TAG_ARRIVED_A,0102ee00
190705061735,SOLO_SUCCESS,0102ee00
190705061738,TAG_DEPARTED_A,0102ee00
190705061753,TAG_ARRIVED_A,0102ee00
190705061754,SOLO_SUCCESS,0102ee00
190705061757,TAG_DEPARTED_A,0102ee00
190705061819,TAG_ARRIVED_A,0102ee00
190705061820,SOLO_SUCCESS,0102ee00
190705061821,TAG_DEPARTED_A,0102ee00
190705061825,TAG_ARRIVED_A,0102ee00
190705061826,SOLO_SUCCESS,0102ee00
190705061827,TAG_DEPARTED_A,0102ee00
190705062240,TAG_ARRIVED_A,01c2e300
190705062241,SOLO_SUCCESS,01c2e300
190705062246,TAG_DEPARTED_A,01c2e300
190705062250,TAG_ARRIVED_A,01c2e300
190705062251,SOLO_SUCCESS,01c2e300
190705062257,TAG_DEPARTED_A,01c2e300
190705062312,TAG_ARRIVED_A,01c2e300
190705062313,SOLO_SUCCESS,01c2e300
190705062343,TAG_ARRIVED_A,7991800
190705062343,SOLO_SUCCESS,7991800
190705062348,TAG_ARRIVED_A,01043c00
190705062349,SOLO_SUCCESS,01043c00
190705062406,TAG_DEPARTED_A,01043c00
190705062407,TAG_ARRIVED_A,7991800
190705062408,SOLO_SUCCESS,7991800
190705062410,TAG_DEPARTED_A,7991800
190705062411,TAG_ARRIVED_A,7991800
190705062412,SOLO_SUCCESS,7991800
190705062415,TAG_DEPARTED_A,7991800
190705062508,TAG_ARRIVED_B,0102ee00
190705062509,SOLO_SUCCESS,0102ee00
190705062510,TAG_DEPARTED_B,0102ee00
190705062805,TAG_ARRIVED_B,0102ee00
190705062806,SOLO_SUCCESS,0102ee00
190705062813,TAG_DEPARTED_B,0102ee00
190705062814,TAG_ARRIVED_B,0102ee00
190705062815,SOLO_SUCCESS,0102ee00
190705062817,TAG_DEPARTED_B,0102ee00
190705062918,TAG_ARRIVED_B,0102ee00
190705062919,SOLO_SUCCESS,0102ee00
190705062920,TAG_DEPARTED_B,0102ee00
190705062921,TAG_ARRIVED_A,0102ee00
190705062922,SOLO_SUCCESS,0102ee00
190705062922,TAG_ARRIVED_B,7991800
190705062923,STARTCOOP_FAIL,0102ee00_07991800
190705062923,TAG_DEPARTED_A,0102ee00
190705062940,ENDCOOP_FAIL,07991800_
190705062940,TAG_DEPARTED_B,7991800
190705062941,TAG_ARRIVED_B,7991800
190705062941,SOLO_FAIL,7991800
190705062943,TAG_ARRIVED_B,1653700
190705062944,SOLO_FAIL,1653700
190705062945,ENDCOOP_FAIL,01653700_
190705062945,TAG_DEPARTED_B,1653700
190705062946,TAG_ARRIVED_B,1040300
190705062946,SOLO_FAIL,1040300
190705062950,ENDCOOP_FAIL,01040300_
190705062951,TAG_DEPARTED_B,1040300
190705063053,TAG_ARRIVED_B,1653700
190705063054,SOLO_FAIL,1653700
190705063105,ENDCOOP_FAIL,01653700_
190705063105,TAG_DEPARTED_B,1653700
190705063107,TAG_ARRIVED_B,1653700
190705063108,SOLO_FAIL,1653700
190705063123,LOCKOUT_ENDED,
190705063126,TAG_ARRIVED_A,0102ee00
190705063127,STARTCOOP_SUCCESS,01653700_0102ee00
190705063128,ENDCOOP_SUCCESS,01653700_0102ee00
190705063128,TAG_DEPARTED_B,1653700
190705063129,TAG_ARRIVED_B,1653700
190705063130,STARTCOOP_SUCCESS,0102ee00_01653700
190705063130,TAG_DEPARTED_A,0102ee00
190705063131,ENDCOOP_SUCCESS,01653700_
190705063131,TAG_DEPARTED_B,1653700
190705063137,TAG_ARRIVED_B,1040300
190705063137,SOLO_SUCCESS,1040300
190705063139,TAG_DEPARTED_B,1040300
190705063139,TAG_ARRIVED_B,0102ae00
190705063140,SOLO_SUCCESS,0102ae00
190705063147,TAG_DEPARTED_B,0102ae00
190705063152,TAG_ARRIVED_B,0102ae00
190705063152,SOLO_SUCCESS,0102ae00
190705063154,TAG_DEPARTED_B,0102ae00
190705063200,TAG_ARRIVED_B,0102ae00
190705063200,SOLO_SUCCESS,0102ae00
190705063202,TAG_DEPARTED_B,0102ae00
190705063207,TAG_ARRIVED_B,0102ae00
190705063207,SOLO_SUCCESS,0102ae00
190705063209,TAG_DEPARTED_B,0102ae00
190705063210,TAG_ARRIVED_B,0102ae00
190705063211,SOLO_SUCCESS,0102ae00
190705063215,TAG_DEPARTED_B,0102ae00
190705063216,TAG_ARRIVED_B,0102ae00
190705063216,SOLO_SUCCESS,0102ae00
190705063218,TAG_DEPARTED_B,0102ae00
190705063231,TAG_ARRIVED_B,0102ae00
190705063232,SOLO_SUCCESS,0102ae00
190705063234,TAG_ARRIVED_A,7991800
190705063235,STARTCOOP_SUCCESS,0102ae00_07991800
190705063235,ENDCOOP_SUCCESS,0102ae00_07991800
190705063235,TAG_DEPARTED_B,0102ae00
190705063238,TAG_ARRIVED_B,0102ae00
190705063239,STARTCOOP_SUCCESS,07991800_0102ae00
190705063241,TAG_DEPARTED_A,7991800
190705063241,ENDCOOP_SUCCESS,0102ae00_
190705063241,TAG_DEPARTED_B,0102ae00
190705063242,TAG_ARRIVED_A,7991800
190705063242,SOLO_SUCCESS,7991800
190705063246,TAG_DEPARTED_A,7991800
190705063247,TAG_ARRIVED_B,0102ae00
190705063248,SOLO_SUCCESS,0102ae00
190705063249,TAG_DEPARTED_B,0102ae00
190705063250,TAG_ARRIVED_A,7991800
190705063250,SOLO_SUCCESS,7991800
190705063258,TAG_DEPARTED_A,7991800
190705063301,TAG_ARRIVED_B,0102ae00
190705063301,SOLO_SUCCESS,0102ae00
190705063305,TAG_DEPARTED_B,0102ae00
190705063323,TAG_ARRIVED_B,0102ae00
190705063324,SOLO_SUCCESS,0102ae00
190705063333,TAG_ARRIVED_A,7991800
190705063334,STARTCOOP_SUCCESS,0102ae00_07991800
190705063336,ENDCOOP_SUCCESS,0102ae00_07991800
190705063336,TAG_DEPARTED_B,0102ae00
190705063336,TAG_ARRIVED_B,0102ae00
190705063337,STARTCOOP_SUCCESS,07991800_0102ae00
190705063338,TAG_DEPARTED_A,7991800
190705063341,ENDCOOP_SUCCESS,0102ae00_
190705063341,TAG_DEPARTED_B,0102ae00
190705063342,TAG_ARRIVED_B,0102ae00
190705063343,SOLO_SUCCESS,0102ae00
190705063343,TAG_ARRIVED_A,7991800
190705063343,STARTCOOP_SUCCESS,0102ae00_07991800
190705063345,TAG_DEPARTED_A,7991800
190705063346,ENDCOOP_SUCCESS,0102ae00_
190705063347,TAG_DEPARTED_B,0102ae00
190705063354,TAG_ARRIVED_B,0102ae00
190705063354,SOLO_SUCCESS,0102ae00
190705063357,TAG_DEPARTED_B,0102ae00
190705063359,TAG_ARRIVED_B,0102ae00
190705063359,SOLO_SUCCESS,0102ae00
190705063401,TAG_DEPARTED_B,0102ae00
190705063407,TAG_ARRIVED_B,0102ae00
190705063407,SOLO_SUCCESS,0102ae00
190705063411,TAG_DEPARTED_B,0102ae00
190705063415,TAG_ARRIVED_B,0102ae00
190705063415,SOLO_SUCCESS,0102ae00
190705063425,TAG_DEPARTED_B,0102ae00
190705063426,TAG_ARRIVED_B,0101c200
190705063427,SOLO_SUCCESS,0101c200
190705063435,TAG_DEPARTED_B,0101c200
190705063436,TAG_ARRIVED_B,0101c200
190705063437,SOLO_SUCCESS,0101c200
190705063437,TAG_DEPARTED_B,0101c200
190705063449,TAG_ARRIVED_B,0101c200
190705063450,SOLO_SUCCESS,0101c200
190705063501,TAG_DEPARTED_B,0101c200
190705063504,TAG_ARRIVED_B,0101c200
190705063504,SOLO_SUCCESS,0101c200
190705063506,TAG_DEPARTED_B,0101c200
190705063521,TAG_ARRIVED_B,0101c200
190705063522,SOLO_SUCCESS,0101c200
190705063525,TAG_DEPARTED_B,0101c200
190705063529,TAG_ARRIVED_B,0101c200
190705063530,SOLO_SUCCESS,0101c200
190705063531,TAG_DEPARTED_B,0101c200
190705063535,TAG_ARRIVED_B,0101c200
190705063536,SOLO_SUCCESS,0101c200
190705063537,TAG_DEPARTED_B,0101c200
190705063607,TAG_ARRIVED_B,0101c200
190705063608,SOLO_SUCCESS,0101c200
190705063613,TAG_DEPARTED_B,0101c200
190705063614,TAG_ARRIVED_B,0101c200
190705063615,SOLO_SUCCESS,0101c200
190705063616,TAG_DEPARTED_B,0101c200
190705063623,TAG_ARRIVED_B,0101c200
190705063624,SOLO_SUCCESS,0101c200
190705063625,TAG_DEPARTED_B,0101c200
190705063629,TAG_ARRIVED_B,01d41b00
190705063630,SOLO_SUCCESS,01d41b00
190705063634,TAG_DEPARTED_B,01d41b00
190705063635,TAG_ARRIVED_B,01d41b00
190705063636,SOLO_SUCCESS,01d41b00
190705063637,TAG_DEPARTED_B,01d41b00
190705063707,TAG_ARRIVED_B,01d41b00
190705063708,SOLO_SUCCESS,01d41b00
190705063714,TAG_DEPARTED_B,01d41b00
190705063714,TAG_ARRIVED_B,01c2e300
190705063715,SOLO_SUCCESS,01c2e300
190705063716,TAG_DEPARTED_B,01c2e300
190705063721,TAG_ARRIVED_B,01c2e300
190705063722,SOLO_SUCCESS,01c2e300
190705063723,TAG_DEPARTED_B,01c2e300
190705063735,TAG_ARRIVED_B,01c2e300
190705063735,SOLO_SUCCESS,01c2e300
190705063805,TAG_ARRIVED_A,7991800
190705063805,STARTCOOP_FAIL,01c2e300_07991800
190705063807,ENDCOOP_FAIL,01c2e300_07991800
190705063807,TAG_DEPARTED_B,01c2e300
190705063809,TAG_DEPARTED_A,7991800
190705063818,TAG_ARRIVED_A,7991800
190705063818,SOLO_FAIL,7991800
190705063824,TAG_DEPARTED_A,7991800
190705063827,TAG_ARRIVED_B,01d41b00
190705063828,SOLO_FAIL,01d41b00
190705063833,ENDCOOP_FAIL,01d41b00_
190705063833,TAG_DEPARTED_B,01d41b00
190705063837,TAG_ARRIVED_A,7991800
190705063838,SOLO_FAIL,7991800
190705063851,TAG_ARRIVED_B,01d41b00
190705063852,STARTCOOP_FAIL,07991800_01d41b00
190705063853,ENDCOOP_FAIL,01d41b00_07991800
190705063853,TAG_DEPARTED_B,01d41b00
190705063856,TAG_DEPARTED_A,7991800
190705063857,TAG_ARRIVED_B,7991800
190705063858,SOLO_FAIL,7991800
190705063859,ENDCOOP_FAIL,07991800_
190705063900,TAG_DEPARTED_B,7991800
190705063904,TAG_ARRIVED_B,7991800
190705063904,SOLO_FAIL,7991800
190705063913,ENDCOOP_FAIL,07991800_
190705063913,TAG_DEPARTED_B,7991800
190705063956,TAG_ARRIVED_B,7991800
190705063956,SOLO_FAIL,7991800
190705064006,ENDCOOP_FAIL,07991800_
190705064006,TAG_DEPARTED_B,7991800
190705064051,LOCKOUT_ENDED,
190705064137,TAG_ARRIVED_B,01044c00
190705064138,SOLO_SUCCESS,01044c00
190705064140,TAG_DEPARTED_B,01044c00
190705064551,TAG_ARRIVED_B,7991800
190705064551,SOLO_SUCCESS,7991800
190705064601,TAG_DEPARTED_B,7991800
190705064619,TAG_ARRIVED_A,0101c200
190705064620,SOLO_SUCCESS,0101c200
190705064621,TAG_DEPARTED_A,0101c200
190705064629,TAG_ARRIVED_B,01029a00
190705064630,SOLO_SUCCESS,01029a00
190705064631,TAG_DEPARTED_B,01029a00
190705064631,TAG_ARRIVED_B,01029a00
190705064632,SOLO_SUCCESS,01029a00
190705064635,TAG_DEPARTED_B,01029a00
190705064644,TAG_ARRIVED_A,0101c200
190705064645,SOLO_SUCCESS,0101c200
190705064646,TAG_DEPARTED_A,0101c200
190705064707,TAG_ARRIVED_A,0101c200
190705064708,SOLO_SUCCESS,0101c200
190705064709,TAG_DEPARTED_A,0101c200
190705064712,TAG_ARRIVED_A,0101c200
190705064713,SOLO_SUCCESS,0101c200
190705064719,TAG_DEPARTED_A,0101c200
190705064721,TAG_ARRIVED_A,0101c200
190705064721,SOLO_SUCCESS,0101c200
190705064724,TAG_DEPARTED_A,0101c200
190705064732,TAG_ARRIVED_A,0101c200
190705064733,SOLO_SUCCESS,0101c200
190705064736,TAG_ARRIVED_B,7991800
190705064737,STARTCOOP_FAIL,0101c200_07991800
190705064737,TAG_DEPARTED_A,0101c200
190705064739,ENDCOOP_FAIL,07991800_
190705064739,TAG_DEPARTED_B,7991800
190705064744,TAG_ARRIVED_B,01029a00
190705064744,SOLO_FAIL,01029a00
190705064746,ENDCOOP_FAIL,01029a00_
190705064746,TAG_DEPARTED_B,01029a00
190705064746,TAG_ARRIVED_A,0101c200
190705064747,SOLO_FAIL,0101c200
190705064753,TAG_DEPARTED_A,0101c200
190705064755,TAG_ARRIVED_B,0101c200
190705064756,SOLO_FAIL,0101c200
190705064756,TAG_ARRIVED_A,1026800
190705064756,STARTCOOP_FAIL,0101c200_01026800
190705064757,ENDCOOP_FAIL,0101c200_01026800
190705064757,TAG_DEPARTED_B,0101c200
190705064758,TAG_ARRIVED_B,0101c200
190705064759,STARTCOOP_FAIL,01026800_0101c200
190705064759,TAG_DEPARTED_A,1026800
190705064759,REPLACEMENT,01029a00_01026800
190705064759,TAG_ARRIVED_A,01029a00
190705064800,STARTCOOP_SUCCESS,0101c200_01029a00
190705064800,ENDCOOP_SUCCESS,0101c200_01029a00
190705064800,TAG_DEPARTED_B,0101c200
190705064800,TAG_ARRIVED_B,0101c200
190705064801,STARTCOOP_SUCCESS,01029a00_0101c200
190705064802,TAG_DEPARTED_A,01029a00
190705064802,REPLACEMENT,1026800_01029a00
190705064802,TAG_ARRIVED_A,1026800
190705064802,STARTCOOP_FAIL,0101c200_01026800
190705064802,ENDCOOP_FAIL,0101c200_01026800
190705064802,TAG_DEPARTED_B,0101c200
190705064803,TAG_ARRIVED_B,0101c200
190705064804,STARTCOOP_FAIL,01026800_0101c200
190705064804,ENDCOOP_FAIL,0101c200_01026800
190705064805,TAG_DEPARTED_B,0101c200
190705064805,TAG_ARRIVED_B,0101c200
190705064806,STARTCOOP_FAIL,01026800_0101c200
190705064807,ENDCOOP_FAIL,0101c200_01026800
190705064807,TAG_DEPARTED_B,0101c200
190705064808,TAG_DEPARTED_A,1026800
190705064808,TAG_ARRIVED_B,0101c200
190705064809,SOLO_FAIL,0101c200
190705064819,ENDCOOP_FAIL,0101c200_
190705064819,TAG_DEPARTED_B,0101c200
190705064821,TAG_ARRIVED_B,0101c200
190705064822,SOLO_FAIL,0101c200
190705064827,ENDCOOP_FAIL,0101c200_
190705064827,TAG_DEPARTED_B,0101c200
190705064832,TAG_ARRIVED_B,0101c200
190705064833,SOLO_FAIL,0101c200
190705064840,ENDCOOP_FAIL,0101c200_
190705064840,TAG_DEPARTED_B,0101c200
190705064852,TAG_ARRIVED_B,0101c200
190705064853,SOLO_FAIL,0101c200
190705064859,ENDCOOP_FAIL,0101c200_
190705064859,TAG_DEPARTED_B,0101c200
190705064904,TAG_ARRIVED_B,1026800
190705064904,SOLO_FAIL,1026800
190705064908,ENDCOOP_FAIL,01026800_
190705064908,TAG_DEPARTED_B,1026800
190705064910,TAG_ARRIVED_B,1026800
190705064910,SOLO_FAIL,1026800
190705064918,TAG_ARRIVED_A,01029a00
190705064919,STARTCOOP_FAIL,01026800_01029a00
190705064919,ENDCOOP_FAIL,01026800_01029a00
190705064920,TAG_DEPARTED_B,1026800
190705064922,TAG_DEPARTED_A,01029a00
190705064925,TAG_ARRIVED_A,01029a00
190705064925,SOLO_FAIL,01029a00
190705064929,TAG_DEPARTED_A,01029a00
190705064929,TAG_ARRIVED_A,1026800
190705064929,SOLO_FAIL,1026800
190705064939,TAG_DEPARTED_A,1026800
190705064940,TAG_ARRIVED_A,1026800
190705064941,SOLO_FAIL,1026800
190705064949,TAG_DEPARTED_A,1026800
190705064950,TAG_ARRIVED_A,1026800
190705064951,SOLO_FAIL,1026800
190705065003,TAG_DEPARTED_A,1026800
190705065020,TAG_ARRIVED_A,1026800
190705065020,SOLO_FAIL,1026800
190705065028,TAG_ARRIVED_B,1026800
190705065028,SOLO_FAIL,1026800
190705065028,TAG_DEPARTED_A,1026800
190705065032,ENDCOOP_FAIL,01026800_
190705065032,TAG_DEPARTED_B,1026800
190705065032,TAG_ARRIVED_B,7991800
190705065033,SOLO_FAIL,7991800
190705065035,ENDCOOP_FAIL,07991800_
190705065035,TAG_DEPARTED_B,7991800
190705065036,TAG_ARRIVED_B,7991800
190705065036,SOLO_FAIL,7991800
190705065040,ENDCOOP_FAIL,07991800_
190705065040,TAG_DEPARTED_B,7991800
190705065045,TAG_ARRIVED_A,1045300
190705065046,SOLO_FAIL,1045300
190705065047,TAG_ARRIVED_B,7991800
190705065048,STARTCOOP_SUCCESS,01045300_07991800
190705065050,ENDCOOP_SUCCESS,07991800_01045300
190705065050,TAG_DEPARTED_B,7991800
190705065050,TAG_ARRIVED_A,1026800
190705065051,SOLO_FAIL,1026800
190705065101,TAG_ARRIVED_B,7991800
190705065101,STARTCOOP_SUCCESS,01026800_07991800
190705065105,ENDCOOP_SUCCESS,07991800_01026800
190705065105,TAG_DEPARTED_B,7991800
190705065114,TAG_ARRIVED_B,7991800
190705065115,STARTCOOP_SUCCESS,01026800_07991800
190705065116,ENDCOOP_SUCCESS,07991800_01026800
190705065117,TAG_DEPARTED_B,7991800
190705065117,TAG_DEPARTED_A,1026800
190705065133,TAG_ARRIVED_B,7991800
190705065134,SOLO_SUCCESS,7991800
190705065136,TAG_DEPARTED_B,7991800
190705065146,TAG_ARRIVED_A,1026800
190705065146,SOLO_SUCCESS,1026800
190705065156,TAG_DEPARTED_A,1026800
190705065207,TAG_ARRIVED_B,7991800
190705065208,SOLO_SUCCESS,7991800
190705065209,TAG_DEPARTED_B,7991800
190705065210,TAG_ARRIVED_B,7991800
190705065210,SOLO_SUCCESS,7991800
190705065212,TAG_DEPARTED_B,7991800
190705065213,TAG_ARRIVED_A,1026800
190705065214,SOLO_SUCCESS,1026800
190705065217,TAG_DEPARTED_A,1026800
190705065223,TAG_ARRIVED_A,1026800
190705065223,SOLO_SUCCESS,1026800
190705065227,TAG_DEPARTED_A,1026800
190705065228,TAG_ARRIVED_A,1026800
190705065228,SOLO_SUCCESS,1026800
190705065234,TAG_ARRIVED_B,01043c00
190705065235,STARTCOOP_FAIL,01026800_01043c00
190705065239,ENDCOOP_FAIL,01043c00_01026800
190705065239,TAG_DEPARTED_B,01043c00
190705065245,TAG_ARRIVED_B,01043c00
190705065246,STARTCOOP_FAIL,01026800_01043c00
190705065246,TAG_DEPARTED_A,1026800
190705065250,ENDCOOP_FAIL,01043c00_
190705065250,TAG_DEPARTED_B,01043c00
190705065300,TAG_ARRIVED_A,1045300
190705065301,SOLO_FAIL,1045300
190705065309,TAG_DEPARTED_A,1045300
190705065317,TAG_ARRIVED_A,1045300
190705065318,SOLO_FAIL,1045300
190705065323,TAG_DEPARTED_A,1045300
190705065328,TAG_ARRIVED_B,1045300
190705065328,SOLO_FAIL,1045300
190705065330,ENDCOOP_FAIL,01045300_
190705065330,TAG_DEPARTED_B,1045300
190705065331,TAG_ARRIVED_A,1045300
190705065331,SOLO_FAIL,1045300
190705065337,TAG_DEPARTED_A,1045300
190705065350,TAG_ARRIVED_B,01029a00
190705065351,SOLO_FAIL,01029a00
190705065351,TAG_ARRIVED_A,1045300
190705065352,STARTCOOP_FAIL,01029a00_01045300
190705065353,ENDCOOP_FAIL,01029a00_01045300
190705065353,TAG_DEPARTED_B,01029a00
190705065354,TAG_ARRIVED_A,01029a00
190705065354,SOLO_FAIL,01029a00
190705065355,TAG_ARRIVED_B,01029a00
190705065356,SOLO_FAIL,01029a00
190705065356,TAG_DEPARTED_A,01029a00
190705065358,ENDCOOP_FAIL,01029a00_
190705065359,TAG_DEPARTED_B,01029a00
190705065400,TAG_ARRIVED_B,01029a00
190705065400,SOLO_FAIL,01029a00
190705065406,TAG_ARRIVED_B,01c4ca00
190705065407,SOLO_FAIL,01c4ca00
190705065417,ENDCOOP_FAIL,01c4ca00_
190705065417,TAG_DEPARTED_B,01c4ca00
190705065418,TAG_ARRIVED_A,01c4ca00
190705065419,SOLO_FAIL,01c4ca00
190705065420,TAG_DEPARTED_A,01c4ca00
190705065421,TAG_ARRIVED_B,7991800
190705065421,SOLO_FAIL,7991800
190705065428,ENDCOOP_FAIL,07991800_
190705065428,TAG_DEPARTED_B,7991800
190705065429,TAG_ARRIVED_B,7991800
190705065430,SOLO_FAIL,7991800
190705065432,ENDCOOP_FAIL,07991800_
190705065432,TAG_DEPARTED_B,7991800
190705065433,TAG_ARRIVED_B,7991800
190705065433,SOLO_FAIL,7991800
190705065434,TAG_ARRIVED_A,01044c00
190705065435,STARTCOOP_FAIL,07991800_01044c00
190705065441,ENDCOOP_FAIL,07991800_01044c00
190705065442,TAG_DEPARTED_B,7991800
190705065446,TAG_ARRIVED_B,7991800
190705065446,STARTCOOP_FAIL,01044c00_07991800
190705065457,ENDCOOP_FAIL,07991800_01044c00
190705065457,TAG_DEPARTED_B,7991800
190705065457,TAG_ARRIVED_B,7991800
190705065458,STARTCOOP_FAIL,01044c00_07991800
190705065503,ENDCOOP_FAIL,07991800_01044c00
190705065503,TAG_DEPARTED_B,7991800
190705065503,TAG_DEPARTED_A,01044c00
190705065503,TAG_ARRIVED_B,7991800
190705065504,SOLO_FAIL,7991800
190705065505,ENDCOOP_FAIL,07991800_
190705065506,TAG_DEPARTED_B,7991800
190705065506,TAG_ARRIVED_B,7991800
190705065507,SOLO_FAIL,7991800
190705065518,ENDCOOP_FAIL,07991800_
190705065519,TAG_DEPARTED_B,7991800
190705065522,TAG_ARRIVED_A,7991800
190705065523,SOLO_FAIL,7991800
190705065531,TAG_DEPARTED_A,7991800
190705065532,TAG_ARRIVED_A,7991800
190705065533,SOLO_FAIL,7991800
190705065535,TAG_DEPARTED_A,7991800
190705065544,TAG_ARRIVED_A,7991800
190705065544,SOLO_FAIL,7991800
190705065549,TAG_ARRIVED_B,01c4ca00
190705065550,STARTCOOP_FAIL,07991800_01c4ca00
190705065550,TAG_DEPARTED_A,7991800
190705065553,TAG_ARRIVED_B,01d41b00
190705065554,SOLO_FAIL,01d41b00
190705065556,ENDCOOP_FAIL,01d41b00_
190705065556,TAG_DEPARTED_B,01d41b00
190705065558,TAG_ARRIVED_A,01d41b00
190705065559,SOLO_FAIL,01d41b00
190705065602,TAG_ARRIVED_B,01d41b00
190705065603,SOLO_FAIL,01d41b00
190705065603,TAG_DEPARTED_A,01d41b00
190705065606,ENDCOOP_FAIL,01d41b00_
190705065606,TAG_DEPARTED_B,01d41b00
190705065632,TAG_ARRIVED_A,01d41b00
190705065633,SOLO_FAIL,01d41b00
190705065635,TAG_ARRIVED_B,01043c00
190705065636,STARTCOOP_SUCCESS,01d41b00_01043c00
190705065636,TAG_DEPARTED_A,01d41b00
190705065637,TAG_ARRIVED_A,01d41b00
190705065638,STARTCOOP_SUCCESS,01043c00_01d41b00
190705065638,ENDCOOP_SUCCESS,01043c00_01d41b00
190705065638,TAG_DEPARTED_B,01043c00
190705065643,TAG_DEPARTED_A,01d41b00
190705065644,TAG_ARRIVED_A,01d41b00
190705065645,SOLO_FAIL,01d41b00
190705065646,TAG_ARRIVED_B,01043c00
190705065647,STARTCOOP_SUCCESS,01d41b00_01043c00
190705065648,TAG_DEPARTED_A,01d41b00
190705065649,TAG_ARRIVED_A,01d41b00
190705065650,STARTCOOP_SUCCESS,01043c00_01d41b00
190705065650,ENDCOOP_SUCCESS,01043c00_01d41b00
190705065650,TAG_DEPARTED_B,01043c00
190705065650,TAG_ARRIVED_B,01043c00
190705065651,STARTCOOP_SUCCESS,01d41b00_01043c00
190705065652,ENDCOOP_SUCCESS,01043c00_01d41b00
190705065653,TAG_DEPARTED_B,01043c00
190705065653,TAG_ARRIVED_B,01043c00
190705065654,STARTCOOP_SUCCESS,01d41b00_01043c00
190705065657,ENDCOOP_SUCCESS,01043c00_01d41b00
190705065657,TAG_DEPARTED_B,01043c00
190705065705,TAG_ARRIVED_B,01043c00
190705065706,STARTCOOP_SUCCESS,01d41b00_01043c00
190705065707,TAG_DEPARTED_A,01d41b00
190705065707,TAG_ARRIVED_A,01d41b00
190705065708,STARTCOOP_SUCCESS,01043c00_01d41b00
190705065708,ENDCOOP_SUCCESS,01043c00_01d41b00
190705065709,TAG_DEPARTED_B,01043c00
190705065726,TAG_DEPARTED_A,01d41b00
190705065731,TAG_ARRIVED_B,1653700
190705065732,SOLO_FAIL,1653700
190705065733,ENDCOOP_FAIL,01653700_
190705065734,TAG_DEPARTED_B,1653700
190705065734,TAG_ARRIVED_B,1653700
190705065735,SOLO_FAIL,1653700
190705065739,ENDCOOP_FAIL,01653700_
190705065739,TAG_DEPARTED_B,1653700
190705065743,TAG_ARRIVED_B,01d41b00
190705065744,SOLO_FAIL,01d41b00
190705065748,ENDCOOP_FAIL,01d41b00_
190705065748,TAG_DEPARTED_B,01d41b00
190705065749,LOCKOUT_ENDED,
190705065754,TAG_ARRIVED_A,01d41b00
190705065755,SOLO_SUCCESS,01d41b00
190705065801,TAG_DEPARTED_A,01d41b00
190705065806,TAG_ARRIVED_A,01d41b00
190705065807,SOLO_SUCCESS,01d41b00
190705065808,TAG_ARRIVED_A,1016400
190705065808,SOLO_SUCCESS,1016400
190705065811,TAG_DEPARTED_A,1016400
190705065916,TAG_ARRIVED_B,1653700
190705065917,SOLO_SUCCESS,1653700
190705065917,TAG_ARRIVED_A,1016400
190705065917,STARTCOOP_FAIL,01653700_01016400
190705065918,ENDCOOP_FAIL,01653700_01016400
190705065918,TAG_DEPARTED_B,1653700
190705065920,TAG_ARRIVED_B,01d41b00
190705065921,STARTCOOP_FAIL,01016400_01d41b00
190705065922,ENDCOOP_FAIL,01d41b00_01016400
190705065923,TAG_DEPARTED_B,01d41b00
190705065923,TAG_DEPARTED_A,1016400
190705065923,TAG_ARRIVED_B,01d41b00
190705065924,SOLO_FAIL,01d41b00
190705065924,TAG_ARRIVED_A,7991800
190705065925,STARTCOOP_FAIL,01d41b00_07991800
190705065927,ENDCOOP_FAIL,01d41b00_07991800
190705065927,TAG_DEPARTED_B,01d41b00
190705065928,TAG_DEPARTED_A,7991800
190705065931,TAG_ARRIVED_B,1653700
190705065931,SOLO_FAIL,1653700
190705065933,ENDCOOP_FAIL,01653700_
190705065933,TAG_DEPARTED_B,1653700
190705065945,TAG_ARRIVED_B,01d41b00
190705065946,SOLO_FAIL,01d41b00
190705065949,TAG_ARRIVED_A,1016400
190705065949,STARTCOOP_FAIL,01d41b00_01016400
190705065952,TAG_DEPARTED_A,1016400
190705070003,ENDCOOP_FAIL,01d41b00_
190705070003,TAG_DEPARTED_B,01d41b00
190705070008,TAG_ARRIVED_A,01d41b00
190705070009,SOLO_FAIL,01d41b00
190705070021,TAG_DEPARTED_A,01d41b00
190705070137,TAG_ARRIVED_B,1653700
190705070138,SOLO_FAIL,1653700
190705070140,ENDCOOP_FAIL,01653700_
190705070140,TAG_DEPARTED_B,1653700
190705070143,TAG_ARRIVED_A,0103f300
190705070144,SOLO_FAIL,0103f300
190705070147,TAG_DEPARTED_A,0103f300
190705070149,LOCKOUT_ENDED,
190705071239,TAG_ARRIVED_A,0104a600
190705071240,SOLO_SUCCESS,0104a600
190705071243,TAG_DEPARTED_A,0104a600
190705071248,TAG_ARRIVED_B,1021800
190705071249,SOLO_SUCCESS,1021800
190705071250,TAG_DEPARTED_B,1021800
190705071745,TAG_ARRIVED_A,0102ee00
190705071746,SOLO_SUCCESS,0102ee00
190705071755,TAG_DEPARTED_A,0102ee00
190705072205,TAG_ARRIVED_A,0102ee00
190705072206,SOLO_SUCCESS,0102ee00
190705072212,TAG_DEPARTED_A,0102ee00
190705072256,TAG_ARRIVED_A,0102ee00
190705072257,SOLO_SUCCESS,0102ee00
190705072258,TAG_DEPARTED_A,0102ee00
190705072424,TAG_ARRIVED_B,0102ee00
190705072425,SOLO_SUCCESS,0102ee00
190705072426,TAG_DEPARTED_B,0102ee00
190705072453,TAG_ARRIVED_B,0102ee00
190705072454,SOLO_SUCCESS,0102ee00
190705072455,TAG_DEPARTED_B,0102ee00
190705072456,TAG_ARRIVED_B,0102ee00
190705072456,SOLO_SUCCESS,0102ee00
190705072458,TAG_DEPARTED_B,0102ee00
190705072501,TAG_ARRIVED_A,0102ee00
190705072502,SOLO_SUCCESS,0102ee00
190705072504,TAG_DEPARTED_A,0102ee00
190705072600,TAG_ARRIVED_A,0102ee00
190705072601,SOLO_SUCCESS,0102ee00
190705072603,TAG_DEPARTED_A,0102ee00
190705072627,TAG_ARRIVED_A,0102ee00
190705072628,SOLO_SUCCESS,0102ee00
190705072629,TAG_DEPARTED_A,0102ee00
190705072728,TAG_ARRIVED_B,0102ee00
190705072729,SOLO_SUCCESS,0102ee00
190705072732,TAG_DEPARTED_B,0102ee00
190705072745,TAG_ARRIVED_A,1040300
190705072746,SOLO_SUCCESS,1040300
190705072752,TAG_ARRIVED_B,01c4ca00
190705072753,STARTCOOP_FAIL,01040300_01c4ca00
190705072753,TAG_ARRIVED_B,0102ee00
190705072754,STARTCOOP_FAIL,01040300_0102ee00
190705072755,TAG_ARRIVED_A,01c4ca00
190705072756,STARTCOOP_SUCCESS,0102ee00_01c4ca00
190705072759,ENDCOOP_SUCCESS,0102ee00_01c4ca00
190705072759,TAG_DEPARTED_B,0102ee00
190705072759,TAG_DEPARTED_A,01c4ca00
190705072816,TAG_ARRIVED_B,0102ee00
190705072817,SOLO_FAIL,0102ee00
190705072818,ENDCOOP_FAIL,0102ee00_
190705072819,TAG_DEPARTED_B,0102ee00
190705072849,TAG_ARRIVED_A,01c4ca00
190705072850,SOLO_FAIL,01c4ca00
190705072907,TAG_DEPARTED_A,01c4ca00
190705072919,TAG_ARRIVED_A,01c4ca00
190705072919,SOLO_FAIL,01c4ca00
190705072921,TAG_DEPARTED_A,01c4ca00
190705072923,TAG_ARRIVED_B,0102ee00
190705072924,SOLO_FAIL,0102ee00
190705072925,TAG_ARRIVED_B,1040300
190705072925,SOLO_FAIL,1040300
190705072926,TAG_ARRIVED_B,7991800
190705072926,SOLO_FAIL,7991800
190705072928,ENDCOOP_FAIL,07991800_
190705072928,TAG_DEPARTED_B,7991800
190705072930,TAG_ARRIVED_A,0102ee00
190705072931,SOLO_FAIL,0102ee00
190705072931,TAG_ARRIVED_B,7991800
190705072932,STARTCOOP_FAIL,0102ee00_07991800
190705072932,TAG_DEPARTED_A,0102ee00
190705072932,TAG_ARRIVED_A,0102ee00
190705072933,STARTCOOP_FAIL,07991800_0102ee00
190705072934,TAG_DEPARTED_A,0102ee00
190705072942,ENDCOOP_FAIL,07991800_
190705072942,TAG_DEPARTED_B,7991800
190705072951,TAG_ARRIVED_A,1040300
190705072952,SOLO_FAIL,1040300
190705072954,TAG_DEPARTED_A,1040300
190705073005,TAG_ARRIVED_B,7991800
190705073006,SOLO_FAIL,7991800
190705073009,ENDCOOP_FAIL,07991800_
190705073009,TAG_DEPARTED_B,7991800
190705073035,TAG_ARRIVED_A,0102ae00
190705073036,SOLO_FAIL,0102ae00
190705073040,TAG_DEPARTED_A,0102ae00
190705073050,TAG_ARRIVED_A,0102ae00
190705073050,SOLO_FAIL,0102ae00
190705073052,TAG_DEPARTED_A,0102ae00
190705073053,TAG_ARRIVED_B,0102ae00
190705073053,SOLO_FAIL,0102ae00
190705073054,TAG_ARRIVED_A,01043c00
190705073055,STARTCOOP_FAIL,0102ae00_01043c00
190705073056,TAG_DEPARTED_A,01043c00
190705073056,TAG_ARRIVED_A,01043c00
190705073057,STARTCOOP_FAIL,0102ae00_01043c00
190705073058,ENDCOOP_FAIL,0102ae00_01043c00
190705073058,TAG_DEPARTED_B,0102ae00
190705073059,TAG_ARRIVED_B,0102ae00
190705073059,STARTCOOP_FAIL,01043c00_0102ae00
190705073102,ENDCOOP_FAIL,0102ae00_01043c00
190705073102,TAG_DEPARTED_B,0102ae00
190705073116,TAG_ARRIVED_B,0102ae00
190705073117,STARTCOOP_FAIL,01043c00_0102ae00
190705073117,TAG_DEPARTED_A,01043c00
190705073122,ENDCOOP_FAIL,0102ae00_
190705073122,TAG_DEPARTED_B,0102ae00
190705073122,TAG_ARRIVED_A,01043c00
190705073123,SOLO_FAIL,01043c00
190705073145,TAG_DEPARTED_A,01043c00
190705073147,TAG_ARRIVED_B,01043c00
190705073148,SOLO_FAIL,01043c00
190705073149,TAG_ARRIVED_A,0102ae00
190705073149,STARTCOOP_FAIL,01043c00_0102ae00
190705073152,ENDCOOP_FAIL,01043c00_0102ae00
190705073152,TAG_DEPARTED_B,01043c00
190705073155,TAG_ARRIVED_B,01043c00
190705073156,STARTCOOP_FAIL,0102ae00_01043c00
190705073158,TAG_DEPARTED_A,0102ae00
190705073202,ENDCOOP_FAIL,01043c00_
190705073203,TAG_DEPARTED_B,01043c00
190705073203,TAG_ARRIVED_A,0102ae00
190705073203,SOLO_FAIL,0102ae00
190705073208,TAG_ARRIVED_B,01043c00
190705073209,STARTCOOP_FAIL,0102ae00_01043c00
190705073210,ENDCOOP_FAIL,01043c00_0102ae00
190705073210,TAG_DEPARTED_B,01043c00
190705073232,TAG_DEPARTED_A,0102ae00
190705073232,TAG_ARRIVED_A,0102ae00
190705073233,SOLO_FAIL,0102ae00
190705073243,TAG_DEPARTED_A,0102ae00
190705073258,TAG_ARRIVED_A,01043c00
190705073259,SOLO_FAIL,01043c00
190705073304,TAG_DEPARTED_A,01043c00
190705073311,TAG_ARRIVED_B,0102ae00
190705073311,SOLO_FAIL,0102ae00
190705073317,ENDCOOP_FAIL,0102ae00_
190705073317,TAG_DEPARTED_B,0102ae00
190705073319,TAG_ARRIVED_A,01043c00
190705073320,SOLO_FAIL,01043c00
190705073323,TAG_DEPARTED_A,01043c00
190705073333,TAG_ARRIVED_A,01043c00
190705073334,SOLO_FAIL,01043c00
190705073338,TAG_ARRIVED_B,0102ae00
190705073338,STARTCOOP_FAIL,01043c00_0102ae00
190705073340,ENDCOOP_FAIL,0102ae00_01043c00
190705073340,TAG_DEPARTED_B,0102ae00
190705073348,TAG_ARRIVED_B,01c2e300
190705073349,STARTCOOP_SUCCESS,01043c00_01c2e300
190705073350,TAG_DEPARTED_A,01043c00
190705073350,TAG_ARRIVED_A,01043c00
190705073351,STARTCOOP_SUCCESS,01c2e300_01043c00
190705073351,ENDCOOP_SUCCESS,01c2e300_01043c00
190705073352,TAG_DEPARTED_B,01c2e300
190705073352,TAG_DEPARTED_A,01043c00
190705073356,TAG_ARRIVED_B,0102ee00
190705073357,SOLO_FAIL,0102ee00
190705073402,ENDCOOP_FAIL,0102ee00_
190705073402,TAG_DEPARTED_B,0102ee00
190705073413,TAG_ARRIVED_A,0102ae00
190705073413,SOLO_FAIL,0102ae00
190705073431,TAG_DEPARTED_A,0102ae00
190705073432,TAG_ARRIVED_A,0102ae00
190705073432,SOLO_FAIL,0102ae00
190705073435,TAG_DEPARTED_A,0102ae00
190705073439,TAG_ARRIVED_B,0102ee00
190705073440,SOLO_FAIL,0102ee00
190705073442,ENDCOOP_FAIL,0102ee00_
190705073442,TAG_DEPARTED_B,0102ee00
190705073443,TAG_ARRIVED_A,0102ee00
190705073444,SOLO_FAIL,0102ee00
190705073445,TAG_ARRIVED_B,01c2e300
190705073446,STARTCOOP_SUCCESS,0102ee00_01c2e300
190705073446,TAG_DEPARTED_A,0102ee00
190705073446,ENDCOOP_SUCCESS,01c2e300_
190705073446,TAG_DEPARTED_B,01c2e300
190705073446,TAG_ARRIVED_B,01c2e300
190705073447,SOLO_FAIL,01c2e300
190705073452,ENDCOOP_FAIL,01c2e300_
190705073452,TAG_DEPARTED_B,01c2e300
190705073452,TAG_ARRIVED_B,01c2e300
190705073453,SOLO_FAIL,01c2e300
190705073458,ENDCOOP_FAIL,01c2e300_
190705073458,TAG_DEPARTED_B,01c2e300
190705073459,TAG_ARRIVED_A,0102ee00
190705073500,SOLO_FAIL,0102ee00
190705073501,TAG_ARRIVED_B,01c2e300
190705073502,STARTCOOP_SUCCESS,0102ee00_01c2e300
190705073502,TAG_DEPARTED_A,0102ee00
190705073503,ENDCOOP_SUCCESS,01c2e300_
190705073503,TAG_DEPARTED_B,01c2e300
190705073519,TAG_ARRIVED_B,01c2e300
190705073520,SOLO_FAIL,01c2e300
190705073522,ENDCOOP_FAIL,01c2e300_
190705073522,TAG_DEPARTED_B,01c2e300
190705073523,TAG_ARRIVED_B,01c2e300
190705073523,SOLO_FAIL,01c2e300
190705073525,ENDCOOP_FAIL,01c2e300_
190705073525,TAG_DEPARTED_B,01c2e300
190705073532,TAG_ARRIVED_B,01c2e300
190705073533,SOLO_FAIL,01c2e300
190705073538,LOCKOUT_ENDED,
190705073543,TAG_DEPARTED_B,01c2e300
190705073601,TAG_ARRIVED_A,0102ee00
190705073602,SOLO_SUCCESS,0102ee00
190705073603,TAG_DEPARTED_A,0102ee00
190705073606,TAG_ARRIVED_A,0102ae00
190705073607,SOLO_SUCCESS,0102ae00
190705073608,TAG_DEPARTED_A,0102ae00
190705073610,TAG_ARRIVED_A,0102ae00
190705073611,SOLO_SUCCESS,0102ae00
190705073611,TAG_ARRIVED_B,01c2e300
190705073612,STARTCOOP_FAIL,0102ae00_01c2e300
190705073613,TAG_DEPARTED_A,0102ae00
190705073613,ENDCOOP_FAIL,01c2e300_
190705073614,TAG_DEPARTED_B,01c2e300
190705073615,TAG_ARRIVED_A,0102ae00
190705073615,SOLO_FAIL,0102ae00
190705073616,TAG_ARRIVED_B,0102ae00
190705073617,SOLO_FAIL,0102ae00
190705073617,TAG_DEPARTED_A,0102ae00
190705073618,ENDCOOP_FAIL,0102ae00_
190705073619,TAG_DEPARTED_B,0102ae00
190705073619,TAG_ARRIVED_A,01043c00
190705073620,SOLO_FAIL,01043c00
190705073622,TAG_DEPARTED_A,01043c00
190705073623,TAG_ARRIVED_B,01043c00
190705073624,SOLO_FAIL,01043c00
190705073625,TAG_ARRIVED_B,0102ae00
190705073625,SOLO_FAIL,0102ae00
190705073626,TAG_ARRIVED_A,01043c00
190705073627,STARTCOOP_FAIL,0102ae00_01043c00
190705073628,TAG_DEPARTED_A,01043c00
190705073628,TAG_ARRIVED_A,01043c00
190705073629,STARTCOOP_FAIL,0102ae00_01043c00
190705073630,TAG_DEPARTED_A,01043c00
190705073633,ENDCOOP_FAIL,0102ae00_
190705073633,TAG_DEPARTED_B,0102ae00
190705073639,TAG_ARRIVED_A,0102ae00
190705073640,SOLO_FAIL,0102ae00
190705073642,TAG_ARRIVED_B,01043c00
190705073643,STARTCOOP_FAIL,0102ae00_01043c00
190705073646,ENDCOOP_FAIL,01043c00_0102ae00
190705073646,TAG_DEPARTED_B,01043c00
190705073648,TAG_ARRIVED_B,01c2e300
190705073649,STARTCOOP_FAIL,0102ae00_01c2e300
190705073650,ENDCOOP_FAIL,01c2e300_0102ae00
190705073650,TAG_DEPARTED_B,01c2e300
190705073650,TAG_DEPARTED_A,0102ae00
190705073653,TAG_ARRIVED_A,01c2e300
190705073654,SOLO_FAIL,01c2e300
190705073731,TAG_DEPARTED_A,01c2e300
190705073731,TAG_ARRIVED_A,0102ee00
190705073733,SOLO_FAIL,0102ee00
190705073733,TAG_DEPARTED_A,0102ee00
190705073744,TAG_ARRIVED_A,0102ee00
190705073745,SOLO_FAIL,0102ee00
190705073746,TAG_DEPARTED_A,0102ee00
190705073748,TAG_ARRIVED_A,0102ee00
190705073749,SOLO_FAIL,0102ee00
190705073752,TAG_DEPARTED_A,0102ee00
190705073846,TAG_ARRIVED_A,0102ee00
190705073847,SOLO_FAIL,0102ee00
190705073849,LOCKOUT_ENDED,
190705073849,TAG_DEPARTED_A,0102ee00
190705073854,TAG_ARRIVED_B,0102ee00
190705073855,SOLO_SUCCESS,0102ee00
190705073856,TAG_DEPARTED_B,0102ee00
190705074031,TAG_ARRIVED_B,01043c00
190705074032,SOLO_SUCCESS,01043c00
190705074034,TAG_DEPARTED_B,01043c00
190705074142,TAG_ARRIVED_B,0102ee00
190705074143,SOLO_SUCCESS,0102ee00
190705074147,TAG_DEPARTED_B,0102ee00
190705074148,TAG_ARRIVED_B,0102ee00
190705074149,SOLO_SUCCESS,0102ee00
190705074150,TAG_DEPARTED_B,0102ee00
190705074209,TAG_ARRIVED_B,0102ee00
190705074210,SOLO_SUCCESS,0102ee00
190705074211,TAG_DEPARTED_B,0102ee00
190705074222,TAG_ARRIVED_B,0102ee00
190705074223,SOLO_SUCCESS,0102ee00
190705074228,TAG_DEPARTED_B,0102ee00
190705074231,TAG_ARRIVED_B,0102ee00
190705074232,SOLO_SUCCESS,0102ee00
190705074233,TAG_DEPARTED_B,0102ee00
190705074243,TAG_ARRIVED_B,1021800
190705074243,SOLO_SUCCESS,1021800
190705074249,TAG_DEPARTED_B,1021800
190705074252,TAG_ARRIVED_B,0102ee00
190705074253,SOLO_SUCCESS,0102ee00
190705074258,TAG_DEPARTED_B,0102ee00
190705074301,TAG_ARRIVED_B,0102ee00
190705074302,SOLO_SUCCESS,0102ee00
190705074304,TAG_DEPARTED_B,0102ee00
190705074321,TAG_ARRIVED_B,1021800
190705074321,SOLO_SUCCESS,1021800
190705074324,TAG_DEPARTED_B,1021800
190705074325,TAG_ARRIVED_B,01cf0600
190705074326,SOLO_SUCCESS,01cf0600
190705074326,TAG_ARRIVED_B,0102ee00
190705074327,SOLO_SUCCESS,0102ee00
190705074338,TAG_DEPARTED_B,0102ee00
190705074339,TAG_ARRIVED_B,0102ee00
190705074340,SOLO_SUCCESS,0102ee00
190705074348,TAG_DEPARTED_B,0102ee00
190705074410,TAG_ARRIVED_B,01cf0600
190705074410,SOLO_SUCCESS,01cf0600
190705074412,TAG_DEPARTED_B,01cf0600
190705074412,TAG_ARRIVED_B,0102ee00
190705074413,SOLO_SUCCESS,0102ee00
190705074422,TAG_DEPARTED_B,0102ee00
190705074428,TAG_ARRIVED_B,01cf0600
190705074429,SOLO_SUCCESS,01cf0600
190705074433,TAG_DEPARTED_B,01cf0600
190705074434,TAG_ARRIVED_B,01d41b00
190705074435,SOLO_SUCCESS,01d41b00
190705074447,TAG_DEPARTED_B,01d41b00
190705074448,TAG_ARRIVED_B,01d41b00
190705074449,SOLO_SUCCESS,01d41b00
190705074454,TAG_DEPARTED_B,01d41b00
190705074455,TAG_ARRIVED_B,01d41b00
190705074456,SOLO_SUCCESS,01d41b00
190705074508,TAG_DEPARTED_B,01d41b00
190705074508,TAG_ARRIVED_B,01d41b00
190705074509,SOLO_SUCCESS,01d41b00
190705074510,TAG_DEPARTED_B,01d41b00
190705074513,TAG_ARRIVED_B,01d41b00
190705074513,SOLO_SUCCESS,01d41b00
190705074518,TAG_DEPARTED_B,01d41b00
190705074524,TAG_ARRIVED_B,01d41b00
190705074525,SOLO_SUCCESS,01d41b00
190705074528,TAG_DEPARTED_B,01d41b00
190705074531,TAG_ARRIVED_B,01d41b00
190705074532,SOLO_SUCCESS,01d41b00
190705074538,TAG_DEPARTED_B,01d41b00
190705074609,TAG_ARRIVED_B,1016400
190705074609,SOLO_SUCCESS,1016400
190705074613,TAG_DEPARTED_B,1016400
190705074616,TAG_ARRIVED_B,1016400
190705074616,SOLO_SUCCESS,1016400
190705074619,TAG_DEPARTED_B,1016400
190705074628,TAG_ARRIVED_B,1016400
190705074629,SOLO_SUCCESS,1016400
190705074630,TAG_DEPARTED_B,1016400
190705074634,TAG_ARRIVED_B,01d41b00
190705074635,SOLO_SUCCESS,01d41b00
190705074639,TAG_DEPARTED_B,01d41b00
190705074802,TAG_ARRIVED_A,1016400
190705074802,SOLO_SUCCESS,1016400
190705074806,TAG_DEPARTED_A,1016400
190705074809,TAG_ARRIVED_A,1016400
190705074809,SOLO_SUCCESS,1016400
190705074818,TAG_DEPARTED_A,1016400
190705074822,TAG_ARRIVED_A,1016400
190705074822,SOLO_SUCCESS,1016400
190705074825,TAG_DEPARTED_A,1016400
190705074830,TAG_ARRIVED_A,1016400
190705074830,SOLO_SUCCESS,1016400
190705074833,TAG_DEPARTED_A,1016400
190705074834,TAG_ARRIVED_A,1016400
190705074834,SOLO_SUCCESS,1016400
190705074841,TAG_DEPARTED_A,1016400
190705074841,TAG_ARRIVED_A,1016400
190705074842,SOLO_SUCCESS,1016400
190705074855,TAG_DEPARTED_A,1016400
190705074857,TAG_ARRIVED_A,1016400
190705074857,SOLO_SUCCESS,1016400
190705074905,TAG_DEPARTED_A,1016400
190705074908,TAG_ARRIVED_A,1016400
190705074908,SOLO_SUCCESS,1016400
190705074918,TAG_DEPARTED_A,1016400
190705074920,TAG_ARRIVED_A,1016400
190705074921,SOLO_SUCCESS,1016400
190705074927,TAG_DEPARTED_A,1016400
190705074928,TAG_ARRIVED_A,1016400
190705074929,SOLO_SUCCESS,1016400
190705074940,TAG_DEPARTED_A,1016400
190705074949,TAG_ARRIVED_A,1016400
190705074949,SOLO_SUCCESS,1016400
190705074957,TAG_DEPARTED_A,1016400
190705074959,TAG_ARRIVED_A,1016400
190705075000,SOLO_SUCCESS,1016400
190705075015,TAG_DEPARTED_A,1016400
190705075025,TAG_ARRIVED_A,1016400
190705075026,SOLO_SUCCESS,1016400
190705075032,TAG_DEPARTED_A,1016400
190705075116,TAG_ARRIVED_A,1753200
190705075117,SOLO_SUCCESS,1753200
190705075120,TAG_DEPARTED_A,1753200
190705075121,TAG_ARRIVED_A,1753200
190705075122,SOLO_SUCCESS,1753200
190705075124,TAG_DEPARTED_A,1753200
190705075125,TAG_ARRIVED_A,1753200
190705075126,SOLO_SUCCESS,1753200
190705075127,TAG_DEPARTED_A,1753200
190705075127,TAG_ARRIVED_A,1753200
190705075128,SOLO_SUCCESS,1753200
190705075131,TAG_DEPARTED_A,1753200
190705075139,TAG_ARRIVED_A,1753200
190705075140,SOLO_SUCCESS,1753200
190705075146,TAG_DEPARTED_A,1753200
190705075147,TAG_ARRIVED_A,1753200
190705075147,SOLO_SUCCESS,1753200
190705075148,TAG_DEPARTED_A,1753200
190705075149,TAG_ARRIVED_A,1753200
190705075150,SOLO_SUCCESS,1753200
190705075151,TAG_DEPARTED_A,1753200
190705075200,TAG_ARRIVED_A,1753200
190705075201,SOLO_SUCCESS,1753200
190705075207,TAG_DEPARTED_A,1753200
190705075209,TAG_ARRIVED_A,1753200
190705075210,SOLO_SUCCESS,1753200
190705075212,TAG_DEPARTED_A,1753200
190705075215,TAG_ARRIVED_A,1753200
190705075216,SOLO_SUCCESS,1753200
190705075219,TAG_DEPARTED_A,1753200
190705075224,TAG_ARRIVED_A,1753200
190705075225,SOLO_SUCCESS,1753200
190705075230,TAG_DEPARTED_A,1753200
190705075240,TAG_ARRIVED_A,01029a00
190705075241,SOLO_SUCCESS,01029a00
190705075247,TAG_DEPARTED_A,01029a00
190705075248,TAG_ARRIVED_A,01029a00
190705075249,SOLO_SUCCESS,01029a00
190705075253,TAG_DEPARTED_A,01029a00
190705075255,TAG_ARRIVED_A,01029a00
190705075256,SOLO_SUCCESS,01029a00
190705075307,TAG_DEPARTED_A,01029a00
190705075312,TAG_ARRIVED_A,01029a00
190705075312,SOLO_SUCCESS,01029a00
190705075316,TAG_DEPARTED_A,01029a00
190705075429,TAG_ARRIVED_A,01029a00
190705075430,SOLO_SUCCESS,01029a00
190705075431,TAG_DEPARTED_A,01029a00
190705075725,TAG_ARRIVED_A,01ae2b00
190705075725,SOLO_SUCCESS,01ae2b00
190705075730,TAG_DEPARTED_A,01ae2b00
190705075736,TAG_ARRIVED_A,1026800
190705075736,SOLO_SUCCESS,1026800
190705075738,TAG_DEPARTED_A,1026800
190705075748,TAG_ARRIVED_A,7991800
190705075749,SOLO_SUCCESS,7991800
190705075752,TAG_DEPARTED_A,7991800
190705075756,TAG_ARRIVED_A,7991800
190705075756,SOLO_SUCCESS,7991800
190705075759,TAG_DEPARTED_A,7991800
190705075800,TAG_ARRIVED_A,7991800
190705075801,SOLO_SUCCESS,7991800
190705075807,TAG_DEPARTED_A,7991800
190705075808,TAG_ARRIVED_A,7991800
190705075809,SOLO_SUCCESS,7991800
190705075812,TAG_DEPARTED_A,7991800
190705075812,TAG_ARRIVED_A,7991800
190705075813,SOLO_SUCCESS,7991800
190705075815,TAG_DEPARTED_A,7991800
190705075818,TAG_ARRIVED_A,7991800
190705075819,SOLO_SUCCESS,7991800
190705075830,TAG_DEPARTED_A,7991800
190705075830,TAG_ARRIVED_A,7991800
190705075831,SOLO_SUCCESS,7991800
190705075832,TAG_DEPARTED_A,7991800
190705075836,TAG_ARRIVED_A,7991800
190705075836,SOLO_SUCCESS,7991800
190705075839,TAG_DEPARTED_A,7991800
190705075840,TAG_ARRIVED_A,7991800
190705075841,SOLO_SUCCESS,7991800
190705075851,TAG_DEPARTED_A,7991800
190705075857,TAG_ARRIVED_A,7991800
190705075857,SOLO_SUCCESS,7991800
190705075859,TAG_DEPARTED_A,7991800
190705075900,TAG_ARRIVED_A,7991800
190705075901,SOLO_SUCCESS,7991800
190705075902,TAG_DEPARTED_A,7991800
190705075942,TAG_ARRIVED_A,1026800
190705075942,SOLO_SUCCESS,1026800
190705075947,TAG_DEPARTED_A,1026800
190705075953,TAG_ARRIVED_A,1026800
190705075953,SOLO_SUCCESS,1026800
190705075955,TAG_DEPARTED_A,1026800
190705080007,TAG_ARRIVED_A,1026800
190705080007,SOLO_SUCCESS,1026800
190705080019,TAG_DEPARTED_A,1026800
190705080020,TAG_ARRIVED_A,1026800
190705080020,SOLO_SUCCESS,1026800
190705080022,TAG_DEPARTED_A,1026800
190705080026,TAG_ARRIVED_A,1026800
190705080027,SOLO_SUCCESS,1026800
190705080029,TAG_DEPARTED_A,1026800
190705080029,TAG_ARRIVED_A,1026800
190705080030,SOLO_SUCCESS,1026800
190705080034,TAG_DEPARTED_A,1026800
190705080036,TAG_ARRIVED_A,1026800
190705080036,SOLO_SUCCESS,1026800
190705080046,TAG_DEPARTED_A,1026800
190705080049,TAG_ARRIVED_A,1026800
190705080049,SOLO_SUCCESS,1026800
190705080051,TAG_DEPARTED_A,1026800
190705080056,TAG_ARRIVED_A,1026800
190705080056,SOLO_SUCCESS,1026800
190705080059,TAG_DEPARTED_A,1026800
190705080059,TAG_ARRIVED_A,1026800
190705080100,SOLO_SUCCESS,1026800
190705080101,TAG_DEPARTED_A,1026800
190705080105,TAG_ARRIVED_A,1026800
190705080105,SOLO_SUCCESS,1026800
190705080118,TAG_DEPARTED_A,1026800
190705080129,TAG_ARRIVED_A,1026800
190705080129,SOLO_SUCCESS,1026800
190705080134,TAG_DEPARTED_A,1026800
190705080138,TAG_ARRIVED_A,1026800
190705080138,SOLO_SUCCESS,1026800
190705080140,TAG_DEPARTED_A,1026800
190705080143,TAG_ARRIVED_A,1026800
190705080143,SOLO_SUCCESS,1026800
190705080145,TAG_DEPARTED_A,1026800
190705080153,TAG_ARRIVED_A,01e14200
190705080154,SOLO_SUCCESS,01e14200
190705080155,TAG_ARRIVED_A,01044c00
190705080156,SOLO_SUCCESS,01044c00
190705080159,TAG_DEPARTED_A,01044c00
190705080337,TAG_ARRIVED_A,7991800
190705080337,SOLO_SUCCESS,7991800
190705080344,TAG_DEPARTED_A,7991800
190705080351,TAG_ARRIVED_A,7991800
190705080352,SOLO_SUCCESS,7991800
190705080359,TAG_DEPARTED_A,7991800
190705080402,TAG_ARRIVED_A,7991800
190705080402,SOLO_SUCCESS,7991800
190705080404,TAG_DEPARTED_A,7991800
190705080406,TAG_ARRIVED_A,7991800
190705080406,SOLO_SUCCESS,7991800
190705080421,TAG_DEPARTED_A,7991800
190705080423,TAG_ARRIVED_A,7991800
190705080424,SOLO_SUCCESS,7991800
190705080435,TAG_DEPARTED_A,7991800
190705080438,TAG_ARRIVED_A,7991800
190705080438,SOLO_SUCCESS,7991800
190705080454,TAG_DEPARTED_A,7991800
190705080454,TAG_ARRIVED_A,1653700
190705080455,SOLO_SUCCESS,1653700
190705080458,TAG_DEPARTED_A,1653700
190705080935,TAG_ARRIVED_A,0102ee00
190705080936,SOLO_SUCCESS,0102ee00
190705080938,TAG_DEPARTED_A,0102ee00
190705080958,TAG_ARRIVED_A,0104a600
190705080959,SOLO_SUCCESS,0104a600
190705081003,TAG_ARRIVED_A,0102ee00
190705081004,SOLO_SUCCESS,0102ee00
190705081007,TAG_DEPARTED_A,0102ee00
190705081020,TAG_ARRIVED_A,0102ee00
190705081021,SOLO_SUCCESS,0102ee00
190705081023,TAG_DEPARTED_A,0102ee00
190705081103,TAG_ARRIVED_A,0102ee00
190705081104,SOLO_SUCCESS,0102ee00
190705081107,TAG_DEPARTED_A,0102ee00
190705081110,TAG_ARRIVED_A,0102ee00
190705081111,SOLO_SUCCESS,0102ee00
190705081121,TAG_DEPARTED_A,0102ee00
190705081124,TAG_ARRIVED_A,0102ee00
190705081125,SOLO_SUCCESS,0102ee00
190705081148,TAG_DEPARTED_A,0102ee00
190705081154,TAG_ARRIVED_A,1021800
190705081154,SOLO_SUCCESS,1021800
190705081202,TAG_DEPARTED_A,1021800
190705081203,TAG_ARRIVED_A,1021800
190705081204,SOLO_SUCCESS,1021800
190705081209,TAG_DEPARTED_A,1021800
190705081209,TAG_ARRIVED_A,1021800
190705081210,SOLO_SUCCESS,1021800
190705081243,TAG_DEPARTED_A,1021800
190705081246,TAG_ARRIVED_A,0104a600
190705081247,SOLO_SUCCESS,0104a600
190705081248,TAG_DEPARTED_A,0104a600
190705081253,TAG_ARRIVED_A,0102ee00
190705081254,SOLO_SUCCESS,0102ee00
190705081305,TAG_DEPARTED_A,0102ee00
190705081354,TAG_ARRIVED_A,0102ee00
190705081355,SOLO_SUCCESS,0102ee00
190705081357,TAG_DEPARTED_A,0102ee00
190705081359,TAG_ARRIVED_A,0102ee00
190705081400,SOLO_SUCCESS,0102ee00
190705081413,TAG_ARRIVED_A,0104a600
190705081414,SOLO_SUCCESS,0104a600
190705081416,TAG_DEPARTED_A,0104a600
190705081417,TAG_ARRIVED_A,0104a600
190705081418,SOLO_SUCCESS,0104a600
190705081428,TAG_DEPARTED_A,0104a600
190705081429,TAG_ARRIVED_A,1021800
190705081429,SOLO_SUCCESS,1021800
190705081455,TAG_DEPARTED_A,1021800
190705081459,TAG_ARRIVED_A,1021800
190705081459,SOLO_SUCCESS,1021800
190705081504,TAG_DEPARTED_A,1021800
190705081505,TAG_ARRIVED_A,1021800
190705081505,SOLO_SUCCESS,1021800
190705081538,TAG_ARRIVED_A,0102ee00
190705081539,SOLO_SUCCESS,0102ee00
190705081606,TAG_DEPARTED_A,0102ee00
190705081607,TAG_ARRIVED_A,0102ee00
190705081608,SOLO_SUCCESS,0102ee00
190705081636,TAG_DEPARTED_A,0102ee00
190705081719,TAG_ARRIVED_A,01d41b00
190705081720,SOLO_SUCCESS,01d41b00
190705081733,TAG_DEPARTED_A,01d41b00
190705081735,TAG_ARRIVED_A,01d41b00
190705081736,SOLO_SUCCESS,01d41b00
190705081738,TAG_DEPARTED_A,01d41b00
190705081740,TAG_ARRIVED_A,01d41b00
190705081741,SOLO_SUCCESS,01d41b00
190705081746,TAG_DEPARTED_A,01d41b00
190705081751,TAG_ARRIVED_A,01d41b00
190705081752,SOLO_SUCCESS,01d41b00
190705081754,TAG_DEPARTED_A,01d41b00
190705081755,TAG_ARRIVED_A,01d41b00
190705081756,SOLO_SUCCESS,01d41b00
190705081800,TAG_DEPARTED_A,01d41b00
190705081804,TAG_ARRIVED_A,01d41b00
190705081805,SOLO_SUCCESS,01d41b00
190705081807,TAG_DEPARTED_A,01d41b00
190705081814,TAG_ARRIVED_A,01d41b00
190705081815,SOLO_SUCCESS,01d41b00
190705081819,TAG_DEPARTED_A,01d41b00
190705081827,TAG_ARRIVED_A,01d41b00
190705081828,SOLO_SUCCESS,01d41b00
190705081829,TAG_DEPARTED_A,01d41b00
190705081831,TAG_ARRIVED_A,01d41b00
190705081832,SOLO_SUCCESS,01d41b00
190705081833,TAG_DEPARTED_A,01d41b00
190705081837,TAG_ARRIVED_A,01d41b00
190705081838,SOLO_SUCCESS,01d41b00
190705081845,TAG_DEPARTED_A,01d41b00
190705081848,TAG_ARRIVED_A,01d41b00
190705081849,SOLO_SUCCESS,01d41b00
190705081852,TAG_DEPARTED_A,01d41b00
190705081859,TAG_ARRIVED_A,01d41b00
190705081900,SOLO_SUCCESS,01d41b00
190705081903,TAG_DEPARTED_A,01d41b00
190705081931,TAG_ARRIVED_A,0102ae00
190705081932,SOLO_SUCCESS,0102ae00
190705081933,TAG_DEPARTED_A,0102ae00
190705081934,TAG_ARRIVED_A,0102ae00
190705081934,SOLO_SUCCESS,0102ae00
190705081939,TAG_DEPARTED_A,0102ae00
190705081939,TAG_ARRIVED_A,0102ae00
190705081940,SOLO_SUCCESS,0102ae00
190705081943,TAG_DEPARTED_A,0102ae00
190705081946,TAG_ARRIVED_A,0102ae00
190705081947,SOLO_SUCCESS,0102ae00
190705081950,TAG_DEPARTED_A,0102ae00
190705081952,TAG_ARRIVED_A,0102ae00
190705081952,SOLO_SUCCESS,0102ae00
190705081955,TAG_DEPARTED_A,0102ae00
190705081956,TAG_ARRIVED_A,0102ae00
190705081956,SOLO_SUCCESS,0102ae00
190705082000,TAG_DEPARTED_A,0102ae00
190705082002,TAG_ARRIVED_A,0102ae00
190705082002,SOLO_SUCCESS,0102ae00
190705082004,TAG_DEPARTED_A,0102ae00
190705082012,TAG_ARRIVED_A,0102ae00
190705082013,SOLO_SUCCESS,0102ae00
190705082019,TAG_DEPARTED_A,0102ae00
190705082022,TAG_ARRIVED_A,0102ae00
190705082023,SOLO_SUCCESS,0102ae00
190705082025,TAG_DEPARTED_A,0102ae00
190705082025,TAG_ARRIVED_A,0102ae00
190705082026,SOLO_SUCCESS,0102ae00
190705082031,TAG_DEPARTED_A,0102ae00
190705082032,TAG_ARRIVED_A,0102ae00
190705082033,SOLO_SUCCESS,0102ae00
190705082036,TAG_DEPARTED_A,0102ae00
190705082040,TAG_ARRIVED_A,0102ae00
190705082040,SOLO_SUCCESS,0102ae00
190705082042,TAG_DEPARTED_A,0102ae00
190705082047,TAG_ARRIVED_A,0102ae00
190705082048,SOLO_SUCCESS,0102ae00
190705082052,TAG_DEPARTED_A,0102ae00
190705082053,TAG_ARRIVED_A,0102ae00
190705082053,SOLO_SUCCESS,0102ae00
190705082055,TAG_DEPARTED_A,0102ae00
190705082105,TAG_ARRIVED_A,0102ae00
190705082106,SOLO_SUCCESS,0102ae00
190705082107,TAG_DEPARTED_A,0102ae00
190705082109,TAG_ARRIVED_A,0102ae00
190705082109,SOLO_SUCCESS,0102ae00
190705082128,TAG_DEPARTED_A,0102ae00
190705082605,TAG_ARRIVED_A,0102ee00
190705082606,SOLO_SUCCESS,0102ee00
190705082607,TAG_DEPARTED_A,0102ee00
190705082617,TAG_ARRIVED_A,1040300
190705082618,SOLO_SUCCESS,1040300
190705082621,TAG_DEPARTED_A,1040300
190705082621,TAG_ARRIVED_B,0102ee00
190705082622,SOLO_SUCCESS,0102ee00
190705082639,TAG_DEPARTED_B,0102ee00
190705082647,TAG_ARRIVED_B,0102ee00
190705082648,SOLO_SUCCESS,0102ee00
190705082649,TAG_DEPARTED_B,0102ee00
190705082706,TAG_ARRIVED_B,0102ee00
190705082707,SOLO_SUCCESS,0102ee00
190705082710,TAG_DEPARTED_B,0102ee00
190705082729,TAG_ARRIVED_B,1040300
190705082730,SOLO_SUCCESS,1040300
190705082731,TAG_ARRIVED_B,0102ee00
190705082732,SOLO_SUCCESS,0102ee00
190705082747,TAG_DEPARTED_B,0102ee00
190705082851,TAG_ARRIVED_B,1040300
190705082851,SOLO_SUCCESS,1040300
190705082854,TAG_DEPARTED_B,1040300
190705082857,TAG_ARRIVED_B,1040300
190705082857,SOLO_SUCCESS,1040300
190705082858,TAG_ARRIVED_A,1653700
190705082859,STARTCOOP_FAIL,01040300_01653700
190705082900,TAG_DEPARTED_A,1653700
190705082900,ENDCOOP_FAIL,01040300_
190705082900,TAG_DEPARTED_B,1040300
190705082901,TAG_ARRIVED_B,1040300
190705082901,SOLO_FAIL,1040300
190705082906,ENDCOOP_FAIL,01040300_
190705082906,TAG_DEPARTED_B,1040300
190705082915,TAG_ARRIVED_A,1653700
190705082916,SOLO_FAIL,1653700
190705082929,TAG_ARRIVED_B,1040300
190705082930,STARTCOOP_FAIL,01653700_01040300
190705082931,ENDCOOP_FAIL,01040300_01653700
190705082932,TAG_DEPARTED_B,1040300
190705082932,TAG_DEPARTED_A,1653700
190705082932,TAG_ARRIVED_B,1653700
190705082933,SOLO_FAIL,1653700
190705082934,ENDCOOP_FAIL,01653700_
190705082934,TAG_DEPARTED_B,1653700
190705082935,TAG_ARRIVED_B,1653700
190705082936,SOLO_FAIL,1653700
190705082938,TAG_ARRIVED_A,1753200
190705082939,STARTCOOP_SUCCESS,01653700_01753200
190705082944,TAG_DEPARTED_A,1753200
190705082945,ENDCOOP_SUCCESS,01653700_
190705082945,TAG_DEPARTED_B,1653700
190705082948,TAG_ARRIVED_B,1653700
190705082949,SOLO_FAIL,1653700
190705082951,TAG_ARRIVED_A,1753200
190705082952,STARTCOOP_SUCCESS,01653700_01753200
190705082953,ENDCOOP_SUCCESS,01653700_01753200
190705082953,TAG_DEPARTED_B,1653700
190705082954,TAG_DEPARTED_A,1753200
190705082957,TAG_ARRIVED_B,1653700
190705082958,SOLO_FAIL,1653700
190705083000,ENDCOOP_FAIL,01653700_
190705083000,TAG_DEPARTED_B,1653700
190705083004,TAG_ARRIVED_B,1653700
190705083005,SOLO_FAIL,1653700
190705083014,ENDCOOP_FAIL,01653700_
190705083014,TAG_DEPARTED_B,1653700
190705083130,LOCKOUT_ENDED,
190705083450,TAG_ARRIVED_A,0101ce00
190705083450,SOLO_SUCCESS,0101ce00
190705083507,TAG_DEPARTED_A,0101ce00
190705083507,TAG_ARRIVED_A,0101ce00
190705083508,SOLO_SUCCESS,0101ce00
190705083601,TAG_DEPARTED_A,0101ce00
190705083606,TAG_ARRIVED_A,0101ce00
190705083606,SOLO_SUCCESS,0101ce00
190705083610,TAG_DEPARTED_A,0101ce00
190705083613,TAG_ARRIVED_A,0101ce00
190705083613,SOLO_SUCCESS,0101ce00
190705083634,TAG_DEPARTED_A,0101ce00
190705083638,TAG_ARRIVED_B,0101ce00
190705083638,SOLO_SUCCESS,0101ce00
190705083640,TAG_DEPARTED_B,0101ce00
190705083641,TAG_ARRIVED_B,0101ce00
190705083641,SOLO_SUCCESS,0101ce00
190705083659,TAG_DEPARTED_B,0101ce00
190705083701,TAG_ARRIVED_B,0101ce00
190705083701,SOLO_SUCCESS,0101ce00
190705083708,TAG_DEPARTED_B,0101ce00
190705083728,TAG_ARRIVED_A,0101ce00
190705083728,SOLO_SUCCESS,0101ce00
190705083731,TAG_DEPARTED_A,0101ce00
190705083745,TAG_ARRIVED_A,1753200
190705083746,SOLO_SUCCESS,1753200
190705083748,TAG_DEPARTED_A,1753200
190705083756,TAG_ARRIVED_A,1753200
190705083757,SOLO_SUCCESS,1753200
190705083804,TAG_DEPARTED_A,1753200
190705083809,TAG_ARRIVED_B,1753200
190705083810,SOLO_SUCCESS,1753200
190705083813,TAG_DEPARTED_B,1753200
190705083815,TAG_ARRIVED_B,1753200
190705083816,SOLO_SUCCESS,1753200
190705083819,TAG_DEPARTED_B,1753200
190705083822,TAG_ARRIVED_B,1753200
190705083823,SOLO_SUCCESS,1753200
190705083834,TAG_DEPARTED_B,1753200
190705083839,TAG_ARRIVED_A,0101c200
190705083840,SOLO_SUCCESS,0101c200
190705083843,TAG_DEPARTED_A,0101c200
190705083852,TAG_ARRIVED_B,0101c200
190705083853,SOLO_SUCCESS,0101c200
190705083854,TAG_DEPARTED_B,0101c200
190705083855,TAG_ARRIVED_A,01043c00
190705083856,SOLO_SUCCESS,01043c00
190705083856,TAG_ARRIVED_B,0101c200
190705083857,STARTCOOP_SUCCESS,01043c00_0101c200
190705083857,ENDCOOP_SUCCESS,0101c200_01043c00
190705083857,TAG_DEPARTED_B,0101c200
190705083858,TAG_DEPARTED_A,01043c00
190705083859,TAG_ARRIVED_A,01043c00
190705083900,SOLO_SUCCESS,01043c00
190705083900,TAG_DEPARTED_A,01043c00
190705083902,TAG_ARRIVED_A,01043c00
190705083903,SOLO_SUCCESS,01043c00
190705083904,TAG_ARRIVED_B,0101c200
190705083905,STARTCOOP_SUCCESS,01043c00_0101c200
190705083906,TAG_DEPARTED_A,01043c00
190705083911,TAG_ARRIVED_A,0101c200
190705083912,SOLO_SUCCESS,0101c200
190705083912,TAG_DEPARTED_B,0101c200
190705083914,TAG_DEPARTED_A,0101c200
190705083925,TAG_ARRIVED_A,0101c200
190705083926,SOLO_SUCCESS,0101c200
190705083928,TAG_DEPARTED_A,0101c200
190705083932,TAG_ARRIVED_A,0101c200
190705083933,SOLO_SUCCESS,0101c200
190705083934,TAG_DEPARTED_A,0101c200
190705083936,TAG_ARRIVED_B,0101c200
190705083937,SOLO_SUCCESS,0101c200
190705083938,TAG_ARRIVED_A,01043c00
190705083939,STARTCOOP_SUCCESS,0101c200_01043c00
190705083940,TAG_DEPARTED_A,01043c00
190705083944,ENDCOOP_SUCCESS,0101c200_
190705083944,TAG_DEPARTED_B,0101c200
190705083944,TAG_ARRIVED_A,1040300
190705083945,SOLO_SUCCESS,1040300
190705083945,TAG_ARRIVED_B,0101c200
190705083946,STARTCOOP_FAIL,01040300_0101c200
190705083946,ENDCOOP_FAIL,0101c200_01040300
190705083946,TAG_DEPARTED_B,0101c200
190705083948,TAG_ARRIVED_B,0101c200
190705083949,STARTCOOP_FAIL,01040300_0101c200
190705083949,TAG_DEPARTED_A,1040300
190705083949,REPLACEMENT,1753200_1040300
190705083949,TAG_ARRIVED_A,1753200
190705083950,STARTCOOP_SUCCESS,0101c200_01753200
190705083950,ENDCOOP_SUCCESS,0101c200_01753200
190705083950,TAG_DEPARTED_B,0101c200
190705083951,TAG_ARRIVED_B,0101c200
190705083952,STARTCOOP_SUCCESS,01753200_0101c200
190705083952,TAG_DEPARTED_A,1753200
190705083952,REPLACEMENT,0101c200_01753200
190705083952,TAG_ARRIVED_A,0101c200
190705083953,SOLO_FAIL,0101c200
190705083953,ENDCOOP_FAIL,0101c200_0101c200
190705083954,TAG_DEPARTED_B,0101c200
190705083954,TAG_DEPARTED_A,0101c200
190705084000,TAG_ARRIVED_A,1040300
190705084000,SOLO_FAIL,1040300
190705084003,TAG_ARRIVED_B,0101c200
190705084004,STARTCOOP_FAIL,01040300_0101c200
190705084004,TAG_DEPARTED_A,1040300
190705084007,ENDCOOP_FAIL,0101c200_
190705084007,TAG_DEPARTED_B,0101c200
190705084008,TAG_ARRIVED_A,1753200
190705084008,SOLO_FAIL,1753200
190705084011,TAG_ARRIVED_B,0101c200
190705084012,STARTCOOP_SUCCESS,01753200_0101c200
190705084012,TAG_DEPARTED_A,1753200
190705084014,ENDCOOP_SUCCESS,0101c200_
190705084015,TAG_DEPARTED_B,0101c200
190705084018,TAG_ARRIVED_A,1753200
190705084019,SOLO_FAIL,1753200
190705084034,TAG_DEPARTED_A,1753200
190705084035,TAG_ARRIVED_B,0101c200
190705084036,SOLO_FAIL,0101c200
190705084037,ENDCOOP_FAIL,0101c200_
190705084038,TAG_DEPARTED_B,0101c200
190705084038,TAG_ARRIVED_B,0101c200
190705084039,SOLO_FAIL,0101c200
190705084043,TAG_ARRIVED_A,1753200
190705084044,STARTCOOP_SUCCESS,0101c200_01753200
190705084045,ENDCOOP_SUCCESS,0101c200_01753200
190705084046,TAG_DEPARTED_B,0101c200
190705084046,TAG_ARRIVED_B,0101c200
190705084047,STARTCOOP_SUCCESS,01753200_0101c200
190705084048,ENDCOOP_SUCCESS,0101c200_01753200
190705084048,TAG_DEPARTED_B,0101c200
190705084048,TAG_ARRIVED_B,0101c200
190705084049,STARTCOOP_SUCCESS,01753200_0101c200
190705084050,ENDCOOP_SUCCESS,0101c200_01753200
190705084051,TAG_DEPARTED_B,0101c200
190705084053,TAG_DEPARTED_A,1753200
190705084053,TAG_ARRIVED_A,1753200
190705084054,SOLO_FAIL,1753200
190705084102,TAG_DEPARTED_A,1753200
190705084102,TAG_ARRIVED_A,01043c00
190705084103,SOLO_FAIL,01043c00
190705084106,TAG_DEPARTED_A,01043c00
190705084107,TAG_ARRIVED_B,0101c200
190705084108,SOLO_FAIL,0101c200
190705084108,TAG_ARRIVED_A,01043c00
190705084109,STARTCOOP_SUCCESS,0101c200_01043c00
190705084110,TAG_DEPARTED_A,01043c00
190705084110,TAG_ARRIVED_A,01043c00
190705084111,STARTCOOP_SUCCESS,0101c200_01043c00
190705084113,TAG_DEPARTED_A,01043c00
190705084118,TAG_ARRIVED_A,01043c00
190705084119,STARTCOOP_SUCCESS,0101c200_01043c00
190705084120,ENDCOOP_SUCCESS,0101c200_01043c00
190705084120,TAG_DEPARTED_B,0101c200
190705084130,TAG_DEPARTED_A,01043c00
190705084136,TAG_ARRIVED_A,01043c00
190705084137,SOLO_FAIL,01043c00
190705084157,TAG_DEPARTED_A,01043c00
190705084204,LOCKOUT_ENDED,
190705084206,TAG_ARRIVED_B,0101c200
190705084206,SOLO_SUCCESS,0101c200
190705084218,TAG_DEPARTED_B,0101c200
190705084220,TAG_ARRIVED_B,0101c200
190705084221,SOLO_SUCCESS,0101c200
190705084222,TAG_DEPARTED_B,0101c200
190705084226,TAG_ARRIVED_A,01e14200
190705084226,SOLO_SUCCESS,01e14200
190705084227,TAG_ARRIVED_B,7991800
190705084227,STARTCOOP_SUCCESS,01e14200_07991800
190705084228,TAG_DEPARTED_A,01e14200
190705084229,ENDCOOP_SUCCESS,07991800_
190705084229,TAG_DEPARTED_B,7991800
190705084232,TAG_ARRIVED_B,7991800
190705084232,SOLO_SUCCESS,7991800
190705084234,TAG_DEPARTED_B,7991800
190705084242,TAG_ARRIVED_A,01043c00
190705084243,SOLO_SUCCESS,01043c00
190705084243,TAG_ARRIVED_B,7991800
190705084243,STARTCOOP_FAIL,01043c00_07991800
190705084244,TAG_DEPARTED_A,01043c00
190705084244,TAG_ARRIVED_A,01043c00
190705084245,STARTCOOP_FAIL,07991800_01043c00
190705084245,ENDCOOP_FAIL,07991800_01043c00
190705084246,TAG_DEPARTED_B,7991800
190705084246,TAG_ARRIVED_B,7991800
190705084246,STARTCOOP_FAIL,01043c00_07991800
190705084247,TAG_DEPARTED_A,01043c00
190705084247,ENDCOOP_FAIL,07991800_
190705084248,TAG_DEPARTED_B,7991800
190705084248,TAG_ARRIVED_B,7991800
190705084248,SOLO_FAIL,7991800
190705084249,TAG_ARRIVED_A,01043c00
190705084250,STARTCOOP_FAIL,07991800_01043c00
190705084254,ENDCOOP_FAIL,07991800_01043c00
190705084254,TAG_DEPARTED_B,7991800
190705084255,TAG_DEPARTED_A,01043c00
190705084256,TAG_ARRIVED_A,7991800
190705084256,SOLO_FAIL,7991800
190705084257,TAG_ARRIVED_B,7991800
190705084257,SOLO_FAIL,7991800
190705084258,TAG_DEPARTED_A,7991800
190705084259,ENDCOOP_FAIL,07991800_
190705084300,TAG_DEPARTED_B,7991800
190705084306,TAG_ARRIVED_B,7991800
190705084306,SOLO_FAIL,7991800
190705084308,TAG_ARRIVED_A,01043c00
190705084309,STARTCOOP_FAIL,07991800_01043c00
190705084347,ENDCOOP_FAIL,07991800_01043c00
190705084347,TAG_DEPARTED_B,7991800
190705084357,TAG_DEPARTED_A,01043c00
190705084357,TAG_ARRIVED_B,7991800
190705084358,SOLO_FAIL,7991800
190705084401,TAG_ARRIVED_A,1753200
190705084402,STARTCOOP_FAIL,07991800_01753200
190705084421,ENDCOOP_FAIL,07991800_01753200
190705084422,TAG_DEPARTED_B,7991800
190705084423,TAG_ARRIVED_B,7991800
190705084423,STARTCOOP_FAIL,01753200_07991800
190705084431,ENDCOOP_FAIL,07991800_01753200
190705084431,TAG_DEPARTED_B,7991800
190705084437,TAG_DEPARTED_A,1753200
190705084439,TAG_ARRIVED_A,1753200
190705084440,SOLO_FAIL,1753200
190705084445,TAG_DEPARTED_A,1753200
190705084458,TAG_ARRIVED_B,1753200
190705084459,SOLO_FAIL,1753200
190705084535,ENDCOOP_FAIL,01753200_
190705084535,TAG_DEPARTED_B,1753200
190705084624,LOCKOUT_ENDED,
190705090116,TAG_ARRIVED_B,0102ee00
190705090117,SOLO_SUCCESS,0102ee00
190705090118,TAG_DEPARTED_B,0102ee00
190705090219,TAG_ARRIVED_B,0102ee00
190705090220,SOLO_SUCCESS,0102ee00
190705090221,TAG_DEPARTED_B,0102ee00
190705090307,TAG_ARRIVED_B,0102ee00
190705090307,SOLO_SUCCESS,0102ee00
190705090316,TAG_DEPARTED_B,0102ee00
190705090435,TAG_ARRIVED_B,0102ee00
190705090436,SOLO_SUCCESS,0102ee00
190705090436,TAG_ARRIVED_A,01043c00
190705090437,STARTCOOP_SUCCESS,0102ee00_01043c00
190705090437,TAG_ARRIVED_A,0102ee00
190705090438,SOLO_SUCCESS,0102ee00
190705090438,TAG_DEPARTED_B,0102ee00
190705090440,TAG_DEPARTED_A,0102ee00
190705090442,TAG_ARRIVED_A,0102ee00
190705090443,SOLO_SUCCESS,0102ee00
190705090447,TAG_DEPARTED_A,0102ee00
190705090447,TAG_ARRIVED_B,0102ae00
190705090448,SOLO_SUCCESS,0102ae00
190705090448,TAG_ARRIVED_A,0102ee00
190705090449,STARTCOOP_FAIL,0102ae00_0102ee00
190705090450,TAG_DEPARTED_A,0102ee00
190705090451,TAG_ARRIVED_A,0102ee00
190705090452,STARTCOOP_FAIL,0102ae00_0102ee00
190705090452,TAG_DEPARTED_A,0102ee00
190705090459,ENDCOOP_FAIL,0102ae00_
190705090459,TAG_DEPARTED_B,0102ae00
190705090500,TAG_ARRIVED_A,01043c00
190705090501,SOLO_FAIL,01043c00
190705090502,TAG_ARRIVED_B,0102ee00
190705090503,STARTCOOP_SUCCESS,01043c00_0102ee00
190705090504,ENDCOOP_SUCCESS,0102ee00_01043c00
190705090504,TAG_DEPARTED_B,0102ee00
190705090508,TAG_DEPARTED_A,01043c00
190705090518,TAG_ARRIVED_A,01043c00
190705090519,SOLO_FAIL,01043c00
190705090520,TAG_DEPARTED_A,01043c00
190705090521,TAG_ARRIVED_A,01043c00
190705090522,SOLO_FAIL,01043c00
190705090525,TAG_ARRIVED_A,0102ee00
190705090526,SOLO_FAIL,0102ee00
190705090532,TAG_DEPARTED_A,0102ee00
190705090545,TAG_ARRIVED_B,0102ae00
190705090546,SOLO_FAIL,0102ae00
190705090558,ENDCOOP_FAIL,0102ae00_
190705090558,TAG_DEPARTED_B,0102ae00
190705090645,TAG_ARRIVED_B,0102ee00
190705090646,SOLO_FAIL,0102ee00
190705090647,ENDCOOP_FAIL,0102ee00_
190705090647,TAG_DEPARTED_B,0102ee00
190705090651,LOCKOUT_ENDED,
190705090653,TAG_ARRIVED_B,0102ee00
190705090654,SOLO_SUCCESS,0102ee00
190705090701,TAG_DEPARTED_B,0102ee00
190705090702,TAG_ARRIVED_B,01043c00
190705090703,SOLO_SUCCESS,01043c00
190705090706,TAG_DEPARTED_B,01043c00
190705090713,TAG_ARRIVED_B,0102ae00
190705090714,SOLO_SUCCESS,0102ae00
190705090721,TAG_DEPARTED_B,0102ae00
190705090723,TAG_ARRIVED_B,0102ae00
190705090723,SOLO_SUCCESS,0102ae00
190705090729,TAG_DEPARTED_B,0102ae00
190705090729,TAG_ARRIVED_B,0102ae00
190705090730,SOLO_SUCCESS,0102ae00
190705090734,TAG_DEPARTED_B,0102ae00
190705090740,TAG_ARRIVED_B,0102ae00
190705090741,SOLO_SUCCESS,0102ae00
190705090750,TAG_DEPARTED_B,0102ae00
190705090751,TAG_ARRIVED_B,0102ae00
190705090752,SOLO_SUCCESS,0102ae00
190705090755,TAG_DEPARTED_B,0102ae00
190705090757,TAG_ARRIVED_B,0102ae00
190705090758,SOLO_SUCCESS,0102ae00
190705090800,TAG_DEPARTED_B,0102ae00
190705090809,TAG_ARRIVED_B,0102ae00
190705090810,SOLO_SUCCESS,0102ae00
190705090811,TAG_ARRIVED_B,0102ee00
190705090812,SOLO_SUCCESS,0102ee00
190705090814,TAG_DEPARTED_B,0102ee00
190705090858,TAG_ARRIVED_B,0102ee00
190705090859,SOLO_SUCCESS,0102ee00
190705090905,TAG_DEPARTED_B,0102ee00
190705090917,TAG_ARRIVED_B,0102ee00
190705090918,SOLO_SUCCESS,0102ee00
190705090920,TAG_DEPARTED_B,0102ee00
190705090927,TAG_ARRIVED_B,0102ee00
190705090928,SOLO_SUCCESS,0102ee00
190705090944,TAG_DEPARTED_B,0102ee00
190705090947,TAG_ARRIVED_B,0102ae00
190705090948,SOLO_SUCCESS,0102ae00
190705090949,TAG_DEPARTED_B,0102ae00
190705090950,TAG_ARRIVED_B,0102ae00
190705090951,SOLO_SUCCESS,0102ae00
190705090954,TAG_DEPARTED_B,0102ae00
190705090956,TAG_ARRIVED_B,0102ae00
190705090956,SOLO_SUCCESS,0102ae00
190705090959,TAG_DEPARTED_B,0102ae00
190705091000,TAG_ARRIVED_B,0102ae00
190705091000,SOLO_SUCCESS,0102ae00
190705091001,TAG_DEPARTED_B,0102ae00
190705091003,TAG_ARRIVED_B,0102ae00
190705091004,SOLO_SUCCESS,0102ae00
190705091010,TAG_DEPARTED_B,0102ae00
190705091010,TAG_ARRIVED_B,0102ae00
190705091011,SOLO_SUCCESS,0102ae00
190705091016,TAG_DEPARTED_B,0102ae00
190705091016,TAG_ARRIVED_B,0102ae00
190705091017,SOLO_SUCCESS,0102ae00
190705091022,TAG_DEPARTED_B,0102ae00
190705091024,TAG_ARRIVED_B,0102ae00
190705091024,SOLO_SUCCESS,0102ae00
190705091026,TAG_DEPARTED_B,0102ae00
190705091035,TAG_ARRIVED_B,0102ae00
190705091036,SOLO_SUCCESS,0102ae00
190705091052,TAG_DEPARTED_B,0102ae00
190705091054,TAG_ARRIVED_B,01043c00
190705091055,SOLO_SUCCESS,01043c00
190705091109,TAG_DEPARTED_B,01043c00
190705091905,TAG_ARRIVED_B,7991800
190705091906,SOLO_SUCCESS,7991800
190705091911,TAG_DEPARTED_B,7991800
190705091914,TAG_ARRIVED_B,7991800
190705091915,SOLO_SUCCESS,7991800
190705091917,TAG_DEPARTED_B,7991800
190705091924,TAG_ARRIVED_B,7991800
190705091924,SOLO_SUCCESS,7991800
190705091928,TAG_DEPARTED_B,7991800
190705091932,TAG_ARRIVED_B,7991800
190705091932,SOLO_SUCCESS,7991800
190705091933,TAG_ARRIVED_B,0101c200
190705091934,SOLO_SUCCESS,0101c200
190705091935,TAG_DEPARTED_B,0101c200
190705091936,TAG_ARRIVED_B,7991800
190705091936,SOLO_SUCCESS,7991800
190705091945,TAG_ARRIVED_A,0101c200
190705091946,STARTCOOP_FAIL,07991800_0101c200
190705091947,ENDCOOP_FAIL,07991800_0101c200
190705091947,TAG_DEPARTED_B,7991800
190705091948,TAG_DEPARTED_A,0101c200
190705091954,TAG_ARRIVED_B,7991800
190705091954,SOLO_FAIL,7991800
190705092001,ENDCOOP_FAIL,07991800_
190705092001,TAG_DEPARTED_B,7991800
190705092001,TAG_ARRIVED_A,7991800
190705092002,SOLO_FAIL,7991800
190705092003,TAG_DEPARTED_A,7991800
190705092013,TAG_ARRIVED_A,7991800
190705092014,SOLO_FAIL,7991800
190705092018,TAG_DEPARTED_A,7991800
190705092039,TAG_ARRIVED_A,7991800
190705092039,SOLO_FAIL,7991800
190705092045,TAG_DEPARTED_A,7991800
190705092050,TAG_ARRIVED_A,0101c200
190705092051,SOLO_FAIL,0101c200
190705092052,TAG_DEPARTED_A,0101c200
190705092052,TAG_ARRIVED_A,0101c200
190705092053,SOLO_FAIL,0101c200
190705092058,TAG_DEPARTED_A,0101c200
190705092106,TAG_ARRIVED_A,0101c200
190705092107,SOLO_FAIL,0101c200
190705092111,TAG_DEPARTED_A,0101c200
190705092114,TAG_ARRIVED_A,0101c200
190705092115,SOLO_FAIL,0101c200
190705092123,TAG_DEPARTED_A,0101c200
190705092124,TAG_ARRIVED_A,0101c200
190705092125,SOLO_FAIL,0101c200
190705092128,TAG_DEPARTED_A,0101c200
190705092130,TAG_ARRIVED_A,0101c200
190705092131,SOLO_FAIL,0101c200
190705092133,TAG_DEPARTED_A,0101c200
190705092133,TAG_ARRIVED_A,0101c200
190705092134,SOLO_FAIL,0101c200
190705092135,TAG_DEPARTED_A,0101c200
190705092140,TAG_ARRIVED_A,0101c200
190705092141,SOLO_FAIL,0101c200
190705092144,TAG_DEPARTED_A,0101c200
190705092146,LOCKOUT_ENDED,
190705092152,TAG_ARRIVED_A,0101c200
190705092153,SOLO_SUCCESS,0101c200
190705092153,TAG_ARRIVED_B,1026800
190705092153,STARTCOOP_FAIL,0101c200_01026800
190705092154,TAG_DEPARTED_A,0101c200
190705092154,ENDCOOP_FAIL,01026800_
190705092154,TAG_DEPARTED_B,1026800
190705092156,TAG_ARRIVED_B,1026800
190705092157,SOLO_FAIL,1026800
190705092157,TAG_ARRIVED_A,0101c200
190705092158,STARTCOOP_FAIL,01026800_0101c200
190705092201,ENDCOOP_FAIL,01026800_0101c200
190705092202,TAG_DEPARTED_B,1026800
190705092202,TAG_DEPARTED_A,0101c200
190705092202,TAG_ARRIVED_B,1026800
190705092203,SOLO_FAIL,1026800
190705092204,TAG_ARRIVED_A,0101c200
190705092205,STARTCOOP_FAIL,01026800_0101c200
190705092206,ENDCOOP_FAIL,01026800_0101c200
190705092206,TAG_DEPARTED_B,1026800
190705092211,TAG_DEPARTED_A,0101c200
190705092213,TAG_ARRIVED_A,0101c200
190705092214,SOLO_FAIL,0101c200
190705092219,TAG_DEPARTED_A,0101c200
190705092220,TAG_ARRIVED_A,0101c200
190705092221,SOLO_FAIL,0101c200
190705092222,TAG_DEPARTED_A,0101c200
190705092223,TAG_ARRIVED_A,0101c200
190705092224,SOLO_FAIL,0101c200
190705092226,TAG_DEPARTED_A,0101c200
190705092227,TAG_ARRIVED_A,0101c200
190705092228,SOLO_FAIL,0101c200
190705092229,TAG_DEPARTED_A,0101c200
190705092314,TAG_ARRIVED_A,0101c200
190705092315,SOLO_FAIL,0101c200
190705092317,TAG_DEPARTED_A,0101c200
190705092320,TAG_ARRIVED_A,0101c200
190705092321,SOLO_FAIL,0101c200
190705092322,TAG_DEPARTED_A,0101c200
190705092329,TAG_ARRIVED_A,0101c200
190705092330,SOLO_FAIL,0101c200
190705092336,TAG_DEPARTED_A,0101c200
190705092338,TAG_ARRIVED_A,0101c200
190705092339,SOLO_FAIL,0101c200
190705092342,TAG_DEPARTED_A,0101c200
190705092345,TAG_ARRIVED_A,0101c200
190705092345,SOLO_FAIL,0101c200
190705092347,TAG_DEPARTED_A,0101c200
190705092348,TAG_ARRIVED_A,0101c200
190705092349,SOLO_FAIL,0101c200
190705092349,TAG_ARRIVED_B,1653700
190705092350,STARTCOOP_SUCCESS,0101c200_01653700
190705092350,TAG_DEPARTED_A,0101c200
190705092352,ENDCOOP_SUCCESS,01653700_
190705092352,TAG_DEPARTED_B,1653700
190705092358,TAG_ARRIVED_B,1653700
190705092359,SOLO_FAIL,1653700
190705092400,TAG_ARRIVED_A,0101c200
190705092401,STARTCOOP_SUCCESS,01653700_0101c200
190705092401,ENDCOOP_SUCCESS,01653700_0101c200
190705092402,TAG_DEPARTED_B,1653700
190705092403,TAG_DEPARTED_A,0101c200
190705092408,TAG_ARRIVED_A,0101c200
190705092409,SOLO_SUCCESS,0101c200
190705092416,TAG_DEPARTED_A,0101c200
190705092430,TAG_ARRIVED_B,7991800
190705092430,SOLO_SUCCESS,7991800
190705092439,TAG_DEPARTED_B,7991800
190705092440,TAG_ARRIVED_B,7991800
190705092441,SOLO_SUCCESS,7991800
190705092447,TAG_ARRIVED_A,0101c200
190705092448,STARTCOOP_FAIL,07991800_0101c200
190705092450,ENDCOOP_FAIL,07991800_0101c200
190705092450,TAG_DEPARTED_B,7991800
190705092454,TAG_ARRIVED_B,7991800
190705092454,STARTCOOP_FAIL,0101c200_07991800
190705092455,TAG_DEPARTED_A,0101c200
190705092457,TAG_ARRIVED_A,0101c200
190705092458,STARTCOOP_FAIL,07991800_0101c200
190705092506,ENDCOOP_FAIL,07991800_0101c200
190705092506,TAG_DEPARTED_B,7991800
190705092509,TAG_DEPARTED_A,0101c200
190705092536,TAG_ARRIVED_B,1753200
190705092537,SOLO_FAIL,1753200
190705092547,TAG_ARRIVED_B,7991800
190705092548,SOLO_FAIL,7991800
190705092550,ENDCOOP_FAIL,07991800_
190705092550,TAG_DEPARTED_B,7991800
190705092551,TAG_ARRIVED_B,7991800
190705092551,SOLO_FAIL,7991800
190705092553,TAG_ARRIVED_A,7991800
190705092553,SOLO_FAIL,7991800
190705092553,ENDCOOP_FAIL,07991800_07991800
190705092553,TAG_DEPARTED_B,7991800
190705092613,TAG_DEPARTED_A,7991800
190705092622,TAG_ARRIVED_A,7991800
190705092623,SOLO_FAIL,7991800
190705092638,TAG_DEPARTED_A,7991800
190705092658,LOCKOUT_ENDED,
190705092659,TAG_ARRIVED_B,1026800
190705092659,SOLO_SUCCESS,1026800
190705092701,TAG_DEPARTED_B,1026800
190705092841,TAG_ARRIVED_B,1026800
190705092842,SOLO_SUCCESS,1026800
190705092843,TAG_DEPARTED_B,1026800
190705092904,TAG_ARRIVED_B,1753200
190705092905,SOLO_SUCCESS,1753200
190705092906,TAG_ARRIVED_B,1653700
190705092907,SOLO_SUCCESS,1653700
190705092908,TAG_DEPARTED_B,1653700
190705092952,TAG_ARRIVED_B,1026800
190705092952,SOLO_SUCCESS,1026800
190705092954,TAG_DEPARTED_B,1026800
190705092956,TAG_ARRIVED_A,1653700
190705092957,SOLO_SUCCESS,1653700
190705092958,TAG_DEPARTED_A,1653700
190705092958,TAG_ARRIVED_A,1653700
190705092959,SOLO_SUCCESS,1653700
190705093000,TAG_DEPARTED_A,1653700
190705093013,TAG_ARRIVED_A,1653700
190705093014,SOLO_SUCCESS,1653700
190705093015,TAG_DEPARTED_A,1653700
190705093016,TAG_ARRIVED_A,1026800
190705093017,SOLO_SUCCESS,1026800
190705093020,TAG_DEPARTED_A,1026800
190705093020,TAG_ARRIVED_B,1753200
190705093021,SOLO_SUCCESS,1753200
190705093026,TAG_ARRIVED_A,1026800
190705093026,STARTCOOP_FAIL,01753200_01026800
190705093027,ENDCOOP_FAIL,01753200_01026800
190705093028,TAG_DEPARTED_B,1753200
190705093034,TAG_ARRIVED_B,1753200
190705093035,STARTCOOP_FAIL,01026800_01753200
190705093036,ENDCOOP_FAIL,01753200_01026800
190705093036,TAG_DEPARTED_B,1753200
190705093039,TAG_ARRIVED_B,1753200
190705093040,STARTCOOP_FAIL,01026800_01753200
190705093041,TAG_DEPARTED_A,1026800
190705093041,TAG_ARRIVED_B,1026800
190705093041,SOLO_FAIL,1026800
190705093043,TAG_ARRIVED_A,1026800
190705093043,SOLO_FAIL,1026800
190705093044,ENDCOOP_FAIL,01026800_01026800
190705093044,TAG_DEPARTED_B,1026800
190705093052,TAG_ARRIVED_B,1026800
190705093053,SOLO_FAIL,1026800
190705093053,TAG_DEPARTED_A,1026800
190705093057,TAG_ARRIVED_A,1753200
190705093058,STARTCOOP_FAIL,01026800_01753200
190705093102,ENDCOOP_FAIL,01026800_01753200
190705093102,TAG_DEPARTED_B,1026800
190705093103,TAG_ARRIVED_A,1026800
190705093103,SOLO_FAIL,1026800
190705093109,TAG_DEPARTED_A,1026800
190705093111,TAG_ARRIVED_B,1753200
190705093112,SOLO_FAIL,1753200
190705093112,TAG_ARRIVED_A,1026800
190705093113,STARTCOOP_FAIL,01753200_01026800
190705093113,TAG_ARRIVED_B,6.81E+04
190705093114,TAG_MISSING_B,6.81E+04
190705093115,SOLO_FAIL,6.81E+04
190705093115,TAG_DEPARTED_A,1026800
190705093115,TAG_ARRIVED_B,68103f00
190705093117,TAG_MISSING_B,68103f00
190705093117,SOLO_FAIL,68103f00
190705093117,TAG_ARRIVED_A,1026800
190705093117,SOLO_FAIL,1026800
190705093118,TAG_DEPARTED_B,68103f00
190705093118,TAG_DEPARTED_A,1026800
190705093118,TAG_ARRIVED_B,1753200
190705093119,SOLO_FAIL,1753200
190705093126,ENDCOOP_FAIL,01753200_
190705093126,TAG_DEPARTED_B,1753200
190705093130,TAG_ARRIVED_B,1753200
190705093131,SOLO_FAIL,1753200
190705093135,ENDCOOP_FAIL,01753200_
190705093135,TAG_DEPARTED_B,1753200
190705093136,TAG_ARRIVED_B,1753200
190705093136,SOLO_FAIL,1753200
190705093138,ENDCOOP_FAIL,01753200_
190705093138,TAG_DEPARTED_B,1753200
190705093144,TAG_ARRIVED_B,1753200
190705093145,SOLO_FAIL,1753200
190705093155,ENDCOOP_FAIL,01753200_
190705093155,TAG_DEPARTED_B,1753200
190705093156,TAG_ARRIVED_B,1753200
190705093157,SOLO_FAIL,1753200
190705093205,ENDCOOP_FAIL,01753200_
190705093206,TAG_DEPARTED_B,1753200
190705093206,TAG_ARRIVED_B,1753200
190705093207,SOLO_FAIL,1753200
190705093243,ENDCOOP_FAIL,01753200_
190705093244,TAG_DEPARTED_B,1753200
190705093313,LOCKOUT_ENDED,
190705093515,TAG_ARRIVED_B,1040300
190705093516,SOLO_SUCCESS,1040300
190705093519,TAG_DEPARTED_B,1040300
190705093705,TAG_ARRIVED_A,1040300
190705093706,SOLO_SUCCESS,1040300
190705093709,TAG_DEPARTED_A,1040300
190705093802,TAG_ARRIVED_A,1040300
190705093802,SOLO_SUCCESS,1040300
190705093805,TAG_DEPARTED_A,1040300
190705093829,TAG_ARRIVED_A,1040300
190705093829,SOLO_SUCCESS,1040300
190705093831,TAG_DEPARTED_A,1040300
190705093911,TAG_ARRIVED_B,0125d900
190705093912,SOLO_SUCCESS,0125d900
190705093913,TAG_DEPARTED_B,0125d900
190705093918,TAG_ARRIVED_B,0125d900
190705093919,SOLO_SUCCESS,0125d900
190705093921,TAG_DEPARTED_B,0125d900
190705093945,TAG_ARRIVED_A,1040300
190705093945,SOLO_SUCCESS,1040300
190705093947,TAG_DEPARTED_A,1040300
190705094129,TAG_ARRIVED_B,7991800
190705094129,SOLO_SUCCESS,7991800
190705094133,TAG_DEPARTED_B,7991800
190705094147,TAG_ARRIVED_B,7991800
190705094148,SOLO_SUCCESS,7991800
190705094149,TAG_DEPARTED_B,7991800
190705094152,TAG_ARRIVED_B,7991800
190705094153,SOLO_SUCCESS,7991800
190705094154,TAG_DEPARTED_B,7991800
190705094202,TAG_ARRIVED_B,7991800
190705094203,SOLO_SUCCESS,7991800
190705094204,TAG_DEPARTED_B,7991800
190705094207,TAG_ARRIVED_B,01026a00
190705094208,SOLO_SUCCESS,01026a00
190705094210,TAG_DEPARTED_B,01026a00
190705094210,TAG_ARRIVED_B,01026a00
190705094211,SOLO_SUCCESS,01026a00
190705094236,TAG_DEPARTED_B,01026a00
190705094237,TAG_ARRIVED_B,01026a00
190705094238,SOLO_SUCCESS,01026a00
190705094246,TAG_DEPARTED_B,01026a00
190705094316,TAG_ARRIVED_B,7991800
190705094317,SOLO_SUCCESS,7991800
190705094336,TAG_DEPARTED_B,7991800
190705094337,TAG_ARRIVED_B,7991800
190705094338,SOLO_SUCCESS,7991800
190705094340,TAG_DEPARTED_B,7991800
190705094406,TAG_ARRIVED_B,7991800
190705094406,SOLO_SUCCESS,7991800
190705094408,TAG_DEPARTED_B,7991800
190705094417,TAG_ARRIVED_B,7991800
190705094418,SOLO_SUCCESS,7991800
190705094427,TAG_DEPARTED_B,7991800
190705094427,TAG_ARRIVED_B,7991800
190705094428,SOLO_SUCCESS,7991800
190705094429,TAG_DEPARTED_B,7991800
190705095414,TAG_ARRIVED_B,01c4ca00
190705095415,SOLO_SUCCESS,01c4ca00
190705095435,TAG_DEPARTED_B,01c4ca00
190705095438,TAG_ARRIVED_B,01c4ca00
190705095438,SOLO_SUCCESS,01c4ca00
190705095459,TAG_DEPARTED_B,01c4ca00
190705095500,TAG_ARRIVED_B,01c4ca00
190705095501,SOLO_SUCCESS,01c4ca00
190705095633,TAG_DEPARTED_B,01c4ca00
