190621055701,START_EXPERIMENT,
190621063755,TAG_ARRIVED_B,01e14200
190621063756,SOLO_SUCCESS,01e14200
190621063814,TAG_DEPARTED_B,01e14200
190621063817,TAG_ARRIVED_B,01e14200
190621063817,SOLO_SUCCESS,01e14200
190621063820,TAG_DEPARTED_B,01e14200
190621063820,TAG_ARRIVED_B,01e14200
190621063821,SOLO_SUCCESS,01e14200
190621063825,TAG_ARRIVED_A,0102ee00
190621063826,STARTCOOP_FAIL,01e14200_0102ee00
190621063826,ENDCOOP_FAIL,01e14200_0102ee00
190621063826,TAG_DEPARTED_B,01e14200
190621063827,TAG_DEPARTED_A,0102ee00
190621063835,TAG_ARRIVED_B,01e14200
190621063836,SOLO_FAIL,01e14200
190621063837,ENDCOOP_FAIL,01e14200_
190621063837,TAG_DEPARTED_B,01e14200
190621063838,TAG_ARRIVED_A,0102ee00
190621063839,SOLO_FAIL,0102ee00
190621063842,TAG_ARRIVED_B,0101c200
190621063843,STARTCOOP_SUCCESS,0102ee00_0101c200
190621063844,ENDCOOP_SUCCESS,0101c200_0102ee00
190621063844,TAG_DEPARTED_B,0101c200
190621063845,TAG_ARRIVED_B,0101c200
190621063846,STARTCOOP_SUCCESS,0102ee00_0101c200
190621063846,TAG_DEPARTED_A,0102ee00
190621063847,ENDCOOP_SUCCESS,0101c200_
190621063847,TAG_DEPARTED_B,0101c200
190621063848,TAG_ARRIVED_B,01050400
190621063849,SOLO_FAIL,01050400
190621063850,ENDCOOP_FAIL,01050400_
190621063851,TAG_DEPARTED_B,01050400
190621063903,TAG_ARRIVED_B,01df6400
190621063904,SOLO_FAIL,01df6400
190621063905,ENDCOOP_FAIL,01df6400_
190621063905,TAG_DEPARTED_B,01df6400
190621063912,TAG_ARRIVED_B,01050400
190621063913,SOLO_FAIL,01050400
190621063914,ENDCOOP_FAIL,01050400_
190621063915,TAG_DEPARTED_B,01050400
190621063917,TAG_ARRIVED_B,0102ee00
190621063918,SOLO_FAIL,0102ee00
190621063919,ENDCOOP_FAIL,0102ee00_
190621063919,TAG_DEPARTED_B,0102ee00
190621063923,TAG_ARRIVED_A,0102ee00
190621063924,SOLO_FAIL,0102ee00
190621063926,TAG_DEPARTED_A,0102ee00
190621063942,TAG_ARRIVED_B,0102ee00
190621063942,SOLO_FAIL,0102ee00
190621063944,ENDCOOP_FAIL,0102ee00_
190621063944,TAG_DEPARTED_B,0102ee00
190621064026,LOCKOUT_ENDED,
190621064941,TAG_ARRIVED_B,0101c200
190621064941,SOLO_SUCCESS,0101c200
190621064944,TAG_ARRIVED_B,01050400
190621064944,SOLO_SUCCESS,01050400
190621064947,TAG_DEPARTED_B,01050400
190621064947,TAG_ARRIVED_B,01050400
190621064948,SOLO_SUCCESS,01050400
190621064949,TAG_DEPARTED_B,01050400
190621065051,TAG_ARRIVED_B,01050400
190621065052,SOLO_SUCCESS,01050400
190621065053,TAG_ARRIVED_B,0101c200
190621065054,SOLO_SUCCESS,0101c200
190621065056,TAG_DEPARTED_B,0101c200
190621065056,TAG_ARRIVED_B,0101c200
190621065057,SOLO_SUCCESS,0101c200
190621065059,TAG_DEPARTED_B,0101c200
190621065101,TAG_ARRIVED_B,0101c200
190621065102,SOLO_SUCCESS,0101c200
190621065103,TAG_DEPARTED_B,0101c200
190621065105,TAG_ARRIVED_B,01050400
190621065105,SOLO_SUCCESS,01050400
190621065107,TAG_DEPARTED_B,01050400
190621065109,TAG_ARRIVED_B,01d41b00
190621065110,SOLO_SUCCESS,01d41b00
190621065111,TAG_DEPARTED_B,01d41b00
190621065116,TAG_ARRIVED_B,0101c200
190621065117,SOLO_SUCCESS,0101c200
190621065118,TAG_DEPARTED_B,0101c200
190621065119,TAG_ARRIVED_B,0101c200
190621065120,SOLO_SUCCESS,0101c200
190621065121,TAG_DEPARTED_B,0101c200
190621065124,TAG_ARRIVED_B,0101c200
190621065124,SOLO_SUCCESS,0101c200
190621065125,TAG_ARRIVED_B,01050400
190621065125,SOLO_SUCCESS,01050400
190621065126,TAG_DEPARTED_B,01050400
190621065140,TAG_ARRIVED_B,0102ae00
190621065140,SOLO_SUCCESS,0102ae00
190621065145,TAG_DEPARTED_B,0102ae00
190621065147,TAG_ARRIVED_B,0102ae00
190621065147,SOLO_SUCCESS,0102ae00
190621065157,TAG_DEPARTED_B,0102ae00
190621065201,TAG_ARRIVED_B,0102ae00
190621065201,SOLO_SUCCESS,0102ae00
190621065204,TAG_DEPARTED_B,0102ae00
190621065204,TAG_ARRIVED_B,01050400
190621065204,SOLO_SUCCESS,01050400
190621065218,TAG_DEPARTED_B,01050400
190621065220,TAG_ARRIVED_B,01050400
190621065220,SOLO_SUCCESS,01050400
190621065222,TAG_DEPARTED_B,01050400
190621065223,TAG_ARRIVED_A,0101c200
190621065224,SOLO_SUCCESS,0101c200
190621065226,TAG_DEPARTED_A,0101c200
190621065923,TAG_ARRIVED_B,07991800
190621065923,SOLO_SUCCESS,07991800
190621065925,TAG_DEPARTED_B,07991800
190621065940,TAG_ARRIVED_B,07991800
190621065941,SOLO_SUCCESS,07991800
190621065942,TAG_DEPARTED_B,07991800
190621070253,TAG_ARRIVED_B,01043c00
190621070253,SOLO_SUCCESS,01043c00
190621070256,TAG_DEPARTED_B,01043c00
190621070308,TAG_ARRIVED_A,01653700
190621070309,SOLO_SUCCESS,01653700
190621070310,TAG_ARRIVED_A,01043c00
190621070311,SOLO_SUCCESS,01043c00
190621070315,TAG_DEPARTED_A,01043c00
190621070327,TAG_ARRIVED_A,01043c00
190621070328,SOLO_SUCCESS,01043c00
190621070346,TAG_DEPARTED_A,01043c00
190621070358,TAG_ARRIVED_A,01c4ca00
190621070359,SOLO_SUCCESS,01c4ca00
190621070410,TAG_DEPARTED_A,01c4ca00
190621070412,TAG_ARRIVED_B,01e01400
190621070413,SOLO_SUCCESS,01e01400
190621070417,TAG_DEPARTED_B,01e01400
190621070418,TAG_ARRIVED_B,01e01400
190621070418,SOLO_SUCCESS,01e01400
190621070419,TAG_DEPARTED_B,01e01400
190621070439,TAG_ARRIVED_B,01e01400
190621070440,SOLO_SUCCESS,01e01400
190621070500,TAG_DEPARTED_B,01e01400
190621070501,TAG_ARRIVED_B,01c4ca00
190621070502,SOLO_SUCCESS,01c4ca00
190621070507,TAG_DEPARTED_B,01c4ca00
190621070513,TAG_ARRIVED_B,0102ae00
190621070514,SOLO_SUCCESS,0102ae00
190621070524,TAG_DEPARTED_B,0102ae00
190621070542,TAG_ARRIVED_A,01050400
190621070543,SOLO_SUCCESS,01050400
190621070612,TAG_DEPARTED_A,01050400
190621070636,TAG_ARRIVED_A,01653700
190621070637,SOLO_SUCCESS,01653700
190621070638,TAG_DEPARTED_A,01653700
190621070645,TAG_ARRIVED_A,01653700
190621070646,SOLO_SUCCESS,01653700
190621070649,TAG_DEPARTED_A,01653700
190621070720,TAG_ARRIVED_A,01653700
190621070721,SOLO_SUCCESS,01653700
190621070722,TAG_DEPARTED_A,01653700
190621070724,TAG_ARRIVED_A,0101c200
190621070725,SOLO_SUCCESS,0101c200
190621070731,TAG_DEPARTED_A,0101c200
190621070734,TAG_ARRIVED_A,0101c200
190621070735,SOLO_SUCCESS,0101c200
190621070741,TAG_DEPARTED_A,0101c200
190621070744,TAG_ARRIVED_A,0101c200
190621070745,SOLO_SUCCESS,0101c200
190621070748,TAG_DEPARTED_A,0101c200
190621070748,TAG_ARRIVED_A,0101c200
190621070749,SOLO_SUCCESS,0101c200
190621070758,TAG_DEPARTED_A,0101c200
190621070759,TAG_ARRIVED_A,0101c200
190621070800,SOLO_SUCCESS,0101c200
190621070803,TAG_DEPARTED_A,0101c200
190621070804,TAG_ARRIVED_A,0101c200
190621070805,SOLO_SUCCESS,0101c200
190621070806,TAG_DEPARTED_A,0101c200
190621070806,TAG_ARRIVED_A,0101c200
190621070807,SOLO_SUCCESS,0101c200
190621070810,TAG_DEPARTED_A,0101c200
190621070817,TAG_ARRIVED_A,0101c200
190621070818,SOLO_SUCCESS,0101c200
190621070819,TAG_DEPARTED_A,0101c200
190621070834,TAG_ARRIVED_B,0101c200
190621070835,SOLO_SUCCESS,0101c200
190621070840,TAG_DEPARTED_B,0101c200
190621070849,TAG_ARRIVED_B,0101c200
190621070850,SOLO_SUCCESS,0101c200
190621070854,TAG_DEPARTED_B,0101c200
190621070856,TAG_ARRIVED_B,0101c200
190621070857,SOLO_SUCCESS,0101c200
190621070858,TAG_DEPARTED_B,0101c200
190621070901,TAG_ARRIVED_B,0101c200
190621070902,SOLO_SUCCESS,0101c200
190621070903,TAG_DEPARTED_B,0101c200
190621070930,TAG_ARRIVED_A,0101c200
190621070931,SOLO_SUCCESS,0101c200
190621070932,TAG_DEPARTED_A,0101c200
190621070933,TAG_ARRIVED_A,0101c200
190621070934,SOLO_SUCCESS,0101c200
190621070943,TAG_DEPARTED_A,0101c200
190621070944,TAG_ARRIVED_A,0101c200
190621070945,SOLO_SUCCESS,0101c200
190621070948,TAG_DEPARTED_A,0101c200
190621070950,TAG_ARRIVED_A,0101c200
190621070951,SOLO_SUCCESS,0101c200
190621070952,TAG_DEPARTED_A,0101c200
190621070954,TAG_ARRIVED_A,0101c200
190621070955,SOLO_SUCCESS,0101c200
190621071009,TAG_DEPARTED_A,0101c200
190621071010,TAG_ARRIVED_A,0101c200
190621071011,SOLO_SUCCESS,0101c200
190621071025,TAG_DEPARTED_A,0101c200
190621071028,TAG_ARRIVED_A,0101c200
190621071029,SOLO_SUCCESS,0101c200
190621071033,TAG_DEPARTED_A,0101c200
190621071033,TAG_ARRIVED_A,0101c200
190621071034,SOLO_SUCCESS,0101c200
190621071039,TAG_DEPARTED_A,0101c200
190621071044,TAG_ARRIVED_A,0101c200
190621071045,SOLO_SUCCESS,0101c200
190621071050,TAG_DEPARTED_A,0101c200
190621071051,TAG_ARRIVED_A,0101c200
190621071052,SOLO_SUCCESS,0101c200
190621071103,TAG_DEPARTED_A,0101c200
190621071105,TAG_ARRIVED_A,0101c200
190621071106,SOLO_SUCCESS,0101c200
190621071112,TAG_DEPARTED_A,0101c200
190621071114,TAG_ARRIVED_A,0101c200
190621071115,SOLO_SUCCESS,0101c200
190621071121,TAG_DEPARTED_A,0101c200
190621071124,TAG_ARRIVED_A,0101c200
190621071124,SOLO_SUCCESS,0101c200
190621071132,TAG_DEPARTED_A,0101c200
190621071132,TAG_ARRIVED_A,0101c200
190621071133,SOLO_SUCCESS,0101c200
190621071136,TAG_DEPARTED_A,0101c200
190621071137,TAG_ARRIVED_A,01c4ca00
190621071138,SOLO_SUCCESS,01c4ca00
190621071206,TAG_DEPARTED_A,01c4ca00
190621071211,TAG_ARRIVED_A,01c4ca00
190621071212,SOLO_SUCCESS,01c4ca00
190621071221,TAG_DEPARTED_A,01c4ca00
190621071456,TAG_ARRIVED_A,0101c200
190621071457,SOLO_SUCCESS,0101c200
190621071502,TAG_DEPARTED_A,0101c200
190621071503,TAG_ARRIVED_A,0101c200
190621071504,SOLO_SUCCESS,0101c200
190621071511,TAG_DEPARTED_A,0101c200
190621071512,TAG_ARRIVED_A,0101c200
190621071512,SOLO_SUCCESS,0101c200
190621071515,TAG_ARRIVED_A,01050400
190621071515,SOLO_SUCCESS,01050400
190621071518,TAG_ARRIVED_A,0101c200
190621071519,SOLO_SUCCESS,0101c200
190621071521,TAG_DEPARTED_A,0101c200
190621071522,TAG_ARRIVED_A,0101c200
190621071523,SOLO_SUCCESS,0101c200
190621071525,TAG_DEPARTED_A,0101c200
190621071528,TAG_ARRIVED_A,0101c200
190621071529,SOLO_SUCCESS,0101c200
190621071537,TAG_DEPARTED_A,0101c200
190621071539,TAG_ARRIVED_A,0101c200
190621071539,SOLO_SUCCESS,0101c200
190621071542,TAG_DEPARTED_A,0101c200
190621072325,TAG_ARRIVED_A,01021800
190621072326,SOLO_SUCCESS,01021800
190621072435,TAG_DEPARTED_A,01021800
190621072445,TAG_ARRIVED_A,0101c200
190621072446,SOLO_SUCCESS,0101c200
190621072452,TAG_DEPARTED_A,0101c200
190621072454,TAG_ARRIVED_A,0101c200
190621072455,SOLO_SUCCESS,0101c200
190621072457,TAG_DEPARTED_A,0101c200
190621072458,TAG_ARRIVED_A,0101c200
190621072459,SOLO_SUCCESS,0101c200
190621072500,TAG_DEPARTED_A,0101c200
190621072502,TAG_ARRIVED_A,0101c200
190621072503,SOLO_SUCCESS,0101c200
190621072509,TAG_DEPARTED_A,0101c200
190621072514,TAG_ARRIVED_A,0101c200
190621072515,SOLO_SUCCESS,0101c200
190621072519,TAG_DEPARTED_A,0101c200
190621072521,TAG_ARRIVED_A,0101c200
190621072522,SOLO_SUCCESS,0101c200
190621072529,TAG_DEPARTED_A,0101c200
190621072531,TAG_ARRIVED_A,0101c200
190621072532,SOLO_SUCCESS,0101c200
190621072534,TAG_DEPARTED_A,0101c200
190621072537,TAG_ARRIVED_A,0101c200
190621072538,SOLO_SUCCESS,0101c200
190621072539,TAG_DEPARTED_A,0101c200
190621072542,TAG_ARRIVED_A,0101c200
190621072543,SOLO_SUCCESS,0101c200
190621072546,TAG_DEPARTED_A,0101c200
190621072600,TAG_ARRIVED_A,0101c200
190621072601,SOLO_SUCCESS,0101c200
190621072605,TAG_DEPARTED_A,0101c200
190621072608,TAG_ARRIVED_A,0101c200
190621072609,SOLO_SUCCESS,0101c200
190621072611,TAG_DEPARTED_A,0101c200
190621072613,TAG_ARRIVED_A,0101c200
190621072614,SOLO_SUCCESS,0101c200
190621072616,TAG_DEPARTED_A,0101c200
190621072618,TAG_ARRIVED_A,0101c200
190621072618,SOLO_SUCCESS,0101c200
190621072622,TAG_DEPARTED_A,0101c200
190621072624,TAG_ARRIVED_A,0101c200
190621072625,SOLO_SUCCESS,0101c200
190621072629,TAG_DEPARTED_A,0101c200
190621072629,TAG_ARRIVED_A,0101c200
190621072630,SOLO_SUCCESS,0101c200
190621072631,TAG_DEPARTED_A,0101c200
190621072638,TAG_ARRIVED_A,0101c200
190621072639,SOLO_SUCCESS,0101c200
190621072643,TAG_DEPARTED_A,0101c200
190621072647,TAG_ARRIVED_A,0101c200
190621072648,SOLO_SUCCESS,0101c200
190621072649,TAG_DEPARTED_A,0101c200
190621072651,TAG_ARRIVED_A,0101c200
190621072652,SOLO_SUCCESS,0101c200
190621072653,TAG_DEPARTED_A,0101c200
190621072654,TAG_ARRIVED_A,0101c200
190621072655,SOLO_SUCCESS,0101c200
190621072656,TAG_DEPARTED_A,0101c200
190621072657,TAG_ARRIVED_A,0101c200
190621072658,SOLO_SUCCESS,0101c200
190621072659,TAG_DEPARTED_A,0101c200
190621072703,TAG_ARRIVED_A,0101c200
190621072704,SOLO_SUCCESS,0101c200
190621072705,TAG_DEPARTED_A,0101c200
190621072706,TAG_ARRIVED_A,0101c200
190621072707,SOLO_SUCCESS,0101c200
190621072708,TAG_DEPARTED_A,0101c200
190621072709,TAG_ARRIVED_A,0101c200
190621072710,SOLO_SUCCESS,0101c200
190621072711,TAG_DEPARTED_A,0101c200
190621072713,TAG_ARRIVED_A,0101c200
190621072714,SOLO_SUCCESS,0101c200
190621072719,TAG_DEPARTED_A,0101c200
190621072723,TAG_ARRIVED_A,0101c200
190621072724,SOLO_SUCCESS,0101c200
190621072731,TAG_DEPARTED_A,0101c200
190621072734,TAG_ARRIVED_A,0101c200
190621072735,SOLO_SUCCESS,0101c200
190621072743,TAG_DEPARTED_A,0101c200
190621072744,TAG_ARRIVED_A,0101c200
190621072745,SOLO_SUCCESS,0101c200
190621072746,TAG_DEPARTED_A,0101c200
190621072749,TAG_ARRIVED_A,0101c200
190621072750,SOLO_SUCCESS,0101c200
190621072758,TAG_DEPARTED_A,0101c200
190621072802,TAG_ARRIVED_A,0101c200
190621072803,SOLO_SUCCESS,0101c200
190621072806,TAG_DEPARTED_A,0101c200
190621072806,TAG_ARRIVED_A,0101c200
190621072807,SOLO_SUCCESS,0101c200
190621072812,TAG_DEPARTED_A,0101c200
190621072814,TAG_ARRIVED_A,0101c200
190621072815,SOLO_SUCCESS,0101c200
190621072821,TAG_DEPARTED_A,0101c200
190621072821,TAG_ARRIVED_A,0101c200
190621072822,SOLO_SUCCESS,0101c200
190621072827,TAG_DEPARTED_A,0101c200
190621072834,TAG_ARRIVED_A,0101c200
190621072835,SOLO_SUCCESS,0101c200
190621072837,TAG_DEPARTED_A,0101c200
190621072846,TAG_ARRIVED_A,0101c200
190621072847,SOLO_SUCCESS,0101c200
190621072849,TAG_DEPARTED_A,0101c200
190621072946,TAG_ARRIVED_B,0101c200
190621072947,SOLO_SUCCESS,0101c200
190621072957,TAG_DEPARTED_B,0101c200
190621073154,TAG_ARRIVED_A,0102ee00
190621073155,SOLO_SUCCESS,0102ee00
190621073157,TAG_DEPARTED_A,0102ee00
190621073236,TAG_ARRIVED_A,0102ee00
190621073237,SOLO_SUCCESS,0102ee00
190621073238,TAG_DEPARTED_A,0102ee00
190621073327,TAG_ARRIVED_B,0102ee00
190621073328,SOLO_SUCCESS,0102ee00
190621073330,TAG_DEPARTED_B,0102ee00
190621073638,TAG_ARRIVED_B,01009100
190621073639,SOLO_SUCCESS,01009100
190621073646,TAG_DEPARTED_B,01009100
190621073712,TAG_ARRIVED_A,01016400
190621073713,SOLO_SUCCESS,01016400
190621073718,TAG_DEPARTED_A,01016400
190621073720,TAG_ARRIVED_A,01043c00
190621073720,SOLO_SUCCESS,01043c00
190621073722,TAG_DEPARTED_A,01043c00
190621073724,TAG_ARRIVED_A,01021800
190621073724,SOLO_SUCCESS,01021800
190621073731,TAG_DEPARTED_A,01021800
190621073731,TAG_ARRIVED_A,01021800
190621073732,SOLO_SUCCESS,01021800
190621073737,TAG_DEPARTED_A,01021800
190621073741,TAG_ARRIVED_A,01021800
190621073741,SOLO_SUCCESS,01021800
190621073749,TAG_DEPARTED_A,01021800
190621073752,TAG_ARRIVED_A,01021800
190621073752,SOLO_SUCCESS,01021800
190621073756,TAG_DEPARTED_A,01021800
190621073757,TAG_ARRIVED_A,01043c00
190621073758,SOLO_SUCCESS,01043c00
190621073759,TAG_DEPARTED_A,01043c00
190621073835,TAG_ARRIVED_A,01043c00
190621073836,SOLO_SUCCESS,01043c00
190621073839,TAG_DEPARTED_A,01043c00
190621073900,TAG_ARRIVED_A,01021800
190621073901,SOLO_SUCCESS,01021800
190621073904,TAG_DEPARTED_A,01021800
190621074316,TAG_ARRIVED_B,0102ee00
190621074317,SOLO_SUCCESS,0102ee00
190621074320,TAG_DEPARTED_B,0102ee00
190621074320,TAG_ARRIVED_B,0102ee00
190621074321,SOLO_SUCCESS,0102ee00
190621074323,TAG_DEPARTED_B,0102ee00
190621074351,TAG_ARRIVED_B,0102ee00
190621074352,SOLO_SUCCESS,0102ee00
190621074356,TAG_DEPARTED_B,0102ee00
190621074432,TAG_ARRIVED_B,0102ee00
190621074433,SOLO_SUCCESS,0102ee00
190621074434,TAG_DEPARTED_B,0102ee00
190621074439,TAG_ARRIVED_A,0102ee00
190621074440,SOLO_SUCCESS,0102ee00
190621074444,TAG_DEPARTED_A,0102ee00
190621074457,TAG_ARRIVED_A,0102ee00
190621074458,SOLO_SUCCESS,0102ee00
190621074459,TAG_DEPARTED_A,0102ee00
190621074500,TAG_ARRIVED_A,0102ee00
190621074501,SOLO_SUCCESS,0102ee00
190621074509,TAG_DEPARTED_A,0102ee00
190621074524,TAG_ARRIVED_B,0102ee00
190621074524,SOLO_SUCCESS,0102ee00
190621074535,TAG_DEPARTED_B,0102ee00
190621074556,TAG_ARRIVED_B,0102ee00
190621074557,SOLO_SUCCESS,0102ee00
190621074619,TAG_DEPARTED_B,0102ee00
190621074620,TAG_ARRIVED_B,0102ee00
190621074621,SOLO_SUCCESS,0102ee00
190621074622,TAG_DEPARTED_B,0102ee00
190621075044,TAG_ARRIVED_B,0102ee00
190621075045,SOLO_SUCCESS,0102ee00
190621075049,TAG_DEPARTED_B,0102ee00
190621075222,TAG_ARRIVED_A,0102ee00
190621075222,SOLO_SUCCESS,0102ee00
190621075224,TAG_DEPARTED_A,0102ee00
190621075242,TAG_ARRIVED_A,0102ee00
190621075243,SOLO_SUCCESS,0102ee00
190621075244,TAG_DEPARTED_A,0102ee00
190621075316,TAG_ARRIVED_B,0102ee00
190621075317,SOLO_SUCCESS,0102ee00
190621075319,TAG_DEPARTED_B,0102ee00
190621075436,TAG_ARRIVED_B,0101c200
190621075436,SOLO_SUCCESS,0101c200
190621075438,TAG_DEPARTED_B,0101c200
190621075441,TAG_ARRIVED_B,0101c200
190621075442,SOLO_SUCCESS,0101c200
190621075445,TAG_DEPARTED_B,0101c200
190621075514,TAG_ARRIVED_B,0102ee00
190621075515,SOLO_SUCCESS,0102ee00
190621075521,TAG_DEPARTED_B,0102ee00
190621075549,TAG_ARRIVED_B,0102ee00
190621075550,SOLO_SUCCESS,0102ee00
190621075551,TAG_DEPARTED_B,0102ee00
190621075553,TAG_ARRIVED_A,0102ee00
190621075554,SOLO_SUCCESS,0102ee00
190621075554,TAG_ARRIVED_B,0101c200
190621075555,STARTCOOP_SUCCESS,0102ee00_0101c200
190621075556,TAG_DEPARTED_A,0102ee00
190621075600,ENDCOOP_SUCCESS,0101c200_
190621075601,TAG_DEPARTED_B,0101c200
190621075602,TAG_ARRIVED_B,0101c200
190621075603,SOLO_SUCCESS,0101c200
190621075611,TAG_DEPARTED_B,0101c200
190621075612,TAG_ARRIVED_B,0101c200
190621075613,SOLO_SUCCESS,0101c200
190621075614,TAG_DEPARTED_B,0101c200
190621075615,TAG_ARRIVED_B,0101c200
190621075616,SOLO_SUCCESS,0101c200
190621075616,TAG_DEPARTED_B,0101c200
190621075638,TAG_ARRIVED_A,0102ee00
190621075639,SOLO_SUCCESS,0102ee00
190621075641,TAG_DEPARTED_A,0102ee00
190621075647,TAG_ARRIVED_A,0102ee00
190621075647,SOLO_SUCCESS,0102ee00
190621075649,TAG_DEPARTED_A,0102ee00
190621075720,TAG_ARRIVED_A,0102ee00
190621075721,SOLO_SUCCESS,0102ee00
190621075722,TAG_DEPARTED_A,0102ee00
190621075815,TAG_ARRIVED_A,0101c200
190621075816,SOLO_SUCCESS,0101c200
190621075818,TAG_DEPARTED_A,0101c200
190621075845,TAG_ARRIVED_B,0102ee00
190621075846,SOLO_SUCCESS,0102ee00
190621075847,TAG_DEPARTED_B,0102ee00
190621075854,TAG_ARRIVED_A,0102ee00
190621075855,SOLO_SUCCESS,0102ee00
190621075857,TAG_DEPARTED_A,0102ee00
190621075857,TAG_ARRIVED_A,0102ee00
190621075858,SOLO_SUCCESS,0102ee00
190621075901,TAG_DEPARTED_A,0102ee00
190621080053,TAG_ARRIVED_A,0101c200
190621080054,SOLO_SUCCESS,0101c200
190621080055,TAG_DEPARTED_A,0101c200
190621080100,TAG_ARRIVED_A,0101c200
190621080101,SOLO_SUCCESS,0101c200
190621080103,TAG_DEPARTED_A,0101c200
190621080105,TAG_ARRIVED_A,0101c200
190621080106,SOLO_SUCCESS,0101c200
190621080108,TAG_DEPARTED_A,0101c200
190621080110,TAG_ARRIVED_A,0101c200
190621080111,SOLO_SUCCESS,0101c200
190621080112,TAG_DEPARTED_A,0101c200
190621080114,TAG_ARRIVED_A,0101c200
190621080115,SOLO_SUCCESS,0101c200
190621080116,TAG_DEPARTED_A,0101c200
190621080124,TAG_ARRIVED_A,0101c200
190621080124,SOLO_SUCCESS,0101c200
190621080130,TAG_DEPARTED_A,0101c200
190621080136,TAG_ARRIVED_A,0101c200
190621080137,SOLO_SUCCESS,0101c200
190621080138,TAG_DEPARTED_A,0101c200
190621080141,TAG_ARRIVED_A,0101c200
190621080142,SOLO_SUCCESS,0101c200
190621080144,TAG_DEPARTED_A,0101c200
190621080156,TAG_ARRIVED_A,0101c200
190621080157,SOLO_SUCCESS,0101c200
190621080203,TAG_DEPARTED_A,0101c200
190621080218,TAG_ARRIVED_A,01050400
190621080218,SOLO_SUCCESS,01050400
190621080221,TAG_DEPARTED_A,01050400
190621080231,TAG_ARRIVED_A,0101c200
190621080232,SOLO_SUCCESS,0101c200
190621080234,TAG_ARRIVED_B,01050400
190621080234,STARTCOOP_FAIL,0101c200_01050400
190621080234,TAG_DEPARTED_A,0101c200
190621080235,TAG_ARRIVED_A,0101c200
190621080236,STARTCOOP_FAIL,01050400_0101c200
190621080236,ENDCOOP_FAIL,01050400_0101c200
190621080237,TAG_DEPARTED_B,01050400
190621080237,TAG_ARRIVED_A,01050400
190621080237,SOLO_FAIL,01050400
190621080239,TAG_DEPARTED_A,01050400
190621080244,TAG_ARRIVED_A,0101c200
190621080245,SOLO_FAIL,0101c200
190621080248,TAG_DEPARTED_A,0101c200
190621080249,TAG_ARRIVED_A,0101c200
190621080250,SOLO_FAIL,0101c200
190621080254,TAG_DEPARTED_A,0101c200
190621080255,TAG_ARRIVED_A,0101c200
190621080256,SOLO_FAIL,0101c200
190621080259,TAG_DEPARTED_A,0101c200
190621080301,TAG_ARRIVED_A,0101c200
190621080302,SOLO_FAIL,0101c200
190621080303,TAG_DEPARTED_A,0101c200
190621080306,TAG_ARRIVED_A,0101c200
190621080307,SOLO_FAIL,0101c200
190621080310,TAG_ARRIVED_B,01c4ca00
190621080311,STARTCOOP_SUCCESS,0101c200_01c4ca00
190621080312,TAG_DEPARTED_A,0101c200
190621080313,TAG_ARRIVED_A,0101c200
190621080314,STARTCOOP_SUCCESS,01c4ca00_0101c200
190621080314,ENDCOOP_SUCCESS,01c4ca00_0101c200
190621080314,TAG_DEPARTED_B,01c4ca00
190621080314,TAG_ARRIVED_B,01c4ca00
190621080315,STARTCOOP_SUCCESS,0101c200_01c4ca00
190621080315,TAG_DEPARTED_A,0101c200
190621080316,ENDCOOP_SUCCESS,01c4ca00_
190621080316,TAG_DEPARTED_B,01c4ca00
190621080317,TAG_ARRIVED_B,01c4ca00
190621080318,SOLO_FAIL,01c4ca00
190621080320,ENDCOOP_FAIL,01c4ca00_
190621080320,TAG_DEPARTED_B,01c4ca00
190621080320,TAG_ARRIVED_B,01c4ca00
190621080321,SOLO_FAIL,01c4ca00
190621080322,ENDCOOP_FAIL,01c4ca00_
190621080323,TAG_DEPARTED_B,01c4ca00
190621080324,TAG_ARRIVED_A,0101c200
190621080325,SOLO_FAIL,0101c200
190621080325,TAG_ARRIVED_B,01c4ca00
190621080326,STARTCOOP_SUCCESS,0101c200_01c4ca00
190621080327,TAG_DEPARTED_A,0101c200
190621080328,ENDCOOP_SUCCESS,01c4ca00_
190621080328,TAG_DEPARTED_B,01c4ca00
190621080329,TAG_ARRIVED_A,01c2e300
190621080330,SOLO_FAIL,01c2e300
190621080330,TAG_DEPARTED_A,01c2e300
190621080333,TAG_ARRIVED_A,01c2e300
190621080334,SOLO_FAIL,01c2e300
190621080335,TAG_DEPARTED_A,01c2e300
190621080404,TAG_ARRIVED_A,01c2e300
190621080405,SOLO_FAIL,01c2e300
190621080410,TAG_DEPARTED_A,01c2e300
190621080426,TAG_ARRIVED_A,0101c200
190621080427,SOLO_FAIL,0101c200
190621080428,TAG_DEPARTED_A,0101c200
190621080434,TAG_ARRIVED_A,0101c200
190621080435,SOLO_FAIL,0101c200
190621080435,LOCKOUT_ENDED,
190621080445,TAG_DEPARTED_A,0101c200
190621080448,TAG_ARRIVED_A,0101c200
190621080449,SOLO_SUCCESS,0101c200
190621080450,TAG_DEPARTED_A,0101c200
190621080454,TAG_ARRIVED_A,0101c200
190621080455,SOLO_SUCCESS,0101c200
190621080457,TAG_DEPARTED_A,0101c200
190621080458,TAG_ARRIVED_A,0101c200
190621080459,SOLO_SUCCESS,0101c200
190621080501,TAG_DEPARTED_A,0101c200
190621080505,TAG_ARRIVED_A,0101c200
190621080505,SOLO_SUCCESS,0101c200
190621080508,TAG_DEPARTED_A,0101c200
190621080511,TAG_ARRIVED_A,0101c200
190621080512,SOLO_SUCCESS,0101c200
190621080518,TAG_DEPARTED_A,0101c200
190621080519,TAG_ARRIVED_A,0101c200
190621080520,SOLO_SUCCESS,0101c200
190621080521,TAG_DEPARTED_A,0101c200
190621080522,TAG_ARRIVED_A,0101c200
190621080523,SOLO_SUCCESS,0101c200
190621080527,TAG_DEPARTED_A,0101c200
190621080532,TAG_ARRIVED_A,0101c200
190621080533,SOLO_SUCCESS,0101c200
190621080534,TAG_DEPARTED_A,0101c200
190621080540,TAG_ARRIVED_A,0101c200
190621080541,SOLO_SUCCESS,0101c200
190621080555,TAG_DEPARTED_A,0101c200
190621080604,TAG_ARRIVED_A,01c4ca00
190621080605,SOLO_SUCCESS,01c4ca00
190621080609,TAG_DEPARTED_A,01c4ca00
190621080610,TAG_ARRIVED_A,01c4ca00
190621080611,SOLO_SUCCESS,01c4ca00
190621080612,TAG_ARRIVED_B,018b0800
190621080613,STARTCOOP_FAIL,01c4ca00_018b0800
190621080614,ENDCOOP_FAIL,018b0800_01c4ca00
190621080614,TAG_DEPARTED_B,018b0800
190621080615,TAG_DEPARTED_A,01c4ca00
190621080622,TAG_ARRIVED_A,01c2e300
190621080623,SOLO_FAIL,01c2e300
190621080623,TAG_ARRIVED_A,0102ee00
190621080624,SOLO_FAIL,0102ee00
190621080625,TAG_DEPARTED_A,0102ee00
190621080656,TAG_ARRIVED_B,01c4ca00
190621080657,SOLO_FAIL,01c4ca00
190621080703,ENDCOOP_FAIL,01c4ca00_
190621080703,TAG_DEPARTED_B,01c4ca00
190621080704,TAG_ARRIVED_B,0102ee00
190621080705,SOLO_FAIL,0102ee00
190621080707,ENDCOOP_FAIL,0102ee00_
190621080707,TAG_DEPARTED_B,0102ee00
190621080750,TAG_ARRIVED_B,0102ee00
190621080751,SOLO_FAIL,0102ee00
190621080755,ENDCOOP_FAIL,0102ee00_
190621080755,TAG_DEPARTED_B,0102ee00
190621080804,TAG_ARRIVED_B,01c4ca00
190621080805,SOLO_FAIL,01c4ca00
190621080808,ENDCOOP_FAIL,01c4ca00_
190621080808,TAG_DEPARTED_B,01c4ca00
190621080811,TAG_ARRIVED_B,01c4ca00
190621080811,SOLO_FAIL,01c4ca00
190621080812,LOCKOUT_ENDED,
190621080817,TAG_DEPARTED_B,01c4ca00
190621080829,TAG_ARRIVED_B,01c4ca00
190621080830,SOLO_SUCCESS,01c4ca00
190621080834,TAG_DEPARTED_B,01c4ca00
190621081556,TAG_ARRIVED_B,07991800
190621081556,SOLO_SUCCESS,07991800
190621081559,TAG_DEPARTED_B,07991800
190621081607,TAG_ARRIVED_B,07991800
190621081607,SOLO_SUCCESS,07991800
190621081609,TAG_DEPARTED_B,07991800
190621081611,TAG_ARRIVED_B,07991800
190621081611,SOLO_SUCCESS,07991800
190621081614,TAG_DEPARTED_B,07991800
190621081621,TAG_ARRIVED_B,07991800
190621081621,SOLO_SUCCESS,07991800
190621081623,TAG_DEPARTED_B,07991800
190621081657,TAG_ARRIVED_B,07991800
190621081658,SOLO_SUCCESS,07991800
190621081659,TAG_DEPARTED_B,07991800
190621081720,TAG_ARRIVED_B,07991800
190621081720,SOLO_SUCCESS,07991800
190621081722,TAG_DEPARTED_B,07991800
190621081722,TAG_ARRIVED_B,07991800
190621081723,SOLO_SUCCESS,07991800
190621081724,TAG_DEPARTED_B,07991800
190621081752,TAG_ARRIVED_B,07991800
190621081752,SOLO_SUCCESS,07991800
190621081756,TAG_DEPARTED_B,07991800
190621081806,TAG_ARRIVED_B,07991800
190621081807,SOLO_SUCCESS,07991800
190621081808,TAG_DEPARTED_B,07991800
190621081809,TAG_ARRIVED_B,07991800
190621081809,SOLO_SUCCESS,07991800
190621081814,TAG_DEPARTED_B,07991800
190621081906,TAG_ARRIVED_A,0102ee00
190621081907,SOLO_SUCCESS,0102ee00
190621081909,TAG_DEPARTED_A,0102ee00
190621081913,TAG_ARRIVED_A,0102ee00
190621081914,SOLO_SUCCESS,0102ee00
190621081915,TAG_DEPARTED_A,0102ee00
190621081922,TAG_ARRIVED_A,0102ee00
190621081923,SOLO_SUCCESS,0102ee00
190621081926,TAG_DEPARTED_A,0102ee00
190621081929,TAG_ARRIVED_A,0102ee00
190621081929,SOLO_SUCCESS,0102ee00
190621081931,TAG_DEPARTED_A,0102ee00
190621082002,TAG_ARRIVED_B,0102ee00
190621082002,SOLO_SUCCESS,0102ee00
190621082018,TAG_DEPARTED_B,0102ee00
190621082024,TAG_ARRIVED_B,0102ee00
190621082025,SOLO_SUCCESS,0102ee00
190621082047,TAG_DEPARTED_B,0102ee00
190621082117,TAG_ARRIVED_B,0140c700
190621082117,SOLO_SUCCESS,0140c700
190621082119,TAG_DEPARTED_B,0140c700
190621082122,TAG_ARRIVED_B,0140c700
190621082122,SOLO_SUCCESS,0140c700
190621082126,TAG_DEPARTED_B,0140c700
190621082150,TAG_ARRIVED_B,018ef600
190621082151,SOLO_SUCCESS,018ef600
190621082157,TAG_DEPARTED_B,018ef600
190621082200,TAG_ARRIVED_B,0102ee00
190621082201,SOLO_SUCCESS,0102ee00
190621082205,TAG_DEPARTED_B,0102ee00
190621082228,TAG_ARRIVED_B,0102ee00
190621082229,SOLO_SUCCESS,0102ee00
190621082240,TAG_DEPARTED_B,0102ee00
190621082300,TAG_ARRIVED_B,0102ee00
190621082301,SOLO_SUCCESS,0102ee00
190621082331,TAG_DEPARTED_B,0102ee00
190621082402,TAG_ARRIVED_A,0101c200
190621082403,SOLO_SUCCESS,0101c200
190621082404,TAG_DEPARTED_A,0101c200
190621082406,TAG_ARRIVED_A,0101c200
190621082407,SOLO_SUCCESS,0101c200
190621082407,TAG_ARRIVED_B,01050400
190621082408,STARTCOOP_FAIL,0101c200_01050400
190621082408,TAG_DEPARTED_A,0101c200
190621082409,TAG_ARRIVED_A,0101c200
190621082410,STARTCOOP_FAIL,01050400_0101c200
190621082411,TAG_DEPARTED_A,0101c200
190621082413,TAG_ARRIVED_A,0101c200
190621082414,STARTCOOP_FAIL,01050400_0101c200
190621082423,TAG_DEPARTED_A,0101c200
190621082444,TAG_ARRIVED_B,0101c200
190621082445,SOLO_FAIL,0101c200
190621082447,ENDCOOP_FAIL,0101c200_
190621082447,TAG_DEPARTED_B,0101c200
190621082447,TAG_ARRIVED_B,0101c200
190621082448,SOLO_FAIL,0101c200
190621082449,ENDCOOP_FAIL,0101c200_
190621082449,TAG_DEPARTED_B,0101c200
190621082452,TAG_ARRIVED_B,0101c200
190621082453,SOLO_FAIL,0101c200
190621082454,ENDCOOP_FAIL,0101c200_
190621082454,TAG_DEPARTED_B,0101c200
190621082501,TAG_ARRIVED_B,0101c200
190621082502,SOLO_FAIL,0101c200
190621082503,ENDCOOP_FAIL,0101c200_
190621082504,TAG_DEPARTED_B,0101c200
190621082613,TAG_ARRIVED_B,01c4ca00
190621082614,SOLO_SUCCESS,01c4ca00
190621082617,TAG_DEPARTED_B,01c4ca00
190621082627,TAG_ARRIVED_A,01753200
190621082627,SOLO_SUCCESS,01753200
190621082629,TAG_DEPARTED_A,01753200
190621082715,TAG_ARRIVED_A,01021800
190621082715,SOLO_SUCCESS,01021800
190621082720,TAG_DEPARTED_A,01021800
190621082721,TAG_ARRIVED_B,01c4ca00
190621082722,SOLO_SUCCESS,01c4ca00
190621082730,TAG_DEPARTED_B,01c4ca00
190621082732,TAG_ARRIVED_B,01c4ca00
190621082733,SOLO_SUCCESS,01c4ca00
190621082741,TAG_DEPARTED_B,01c4ca00
190621082746,TAG_ARRIVED_A,01021800
190621082747,SOLO_SUCCESS,01021800
190621082751,TAG_DEPARTED_A,01021800
190621082758,TAG_ARRIVED_A,01c4ca00
190621082759,SOLO_SUCCESS,01c4ca00
190621082801,TAG_DEPARTED_A,01c4ca00
190621082828,TAG_ARRIVED_B,01c4ca00
190621082829,SOLO_SUCCESS,01c4ca00
190621082836,TAG_DEPARTED_B,01c4ca00
190621082844,TAG_ARRIVED_B,01653700
190621082845,SOLO_SUCCESS,01653700
190621082846,TAG_DEPARTED_B,01653700
190621083101,TAG_ARRIVED_A,0102ee00
190621083102,SOLO_SUCCESS,0102ee00
190621083104,TAG_DEPARTED_A,0102ee00
190621083108,TAG_ARRIVED_B,0102ee00
190621083109,SOLO_SUCCESS,0102ee00
190621083110,TAG_DEPARTED_B,0102ee00
190621083110,TAG_ARRIVED_A,01653700
190621083111,SOLO_SUCCESS,01653700
190621083113,TAG_ARRIVED_A,01c2e300
190621083114,SOLO_SUCCESS,01c2e300
190621083115,TAG_DEPARTED_A,01c2e300
190621083116,TAG_ARRIVED_A,0102ee00
190621083117,SOLO_SUCCESS,0102ee00
190621083120,TAG_DEPARTED_A,0102ee00
190621083123,TAG_ARRIVED_B,01c2e300
190621083124,SOLO_SUCCESS,01c2e300
190621083128,TAG_DEPARTED_B,01c2e300
190621083131,TAG_ARRIVED_B,01e01400
190621083132,SOLO_SUCCESS,01e01400
190621083136,TAG_ARRIVED_A,01653700
190621083137,STARTCOOP_SUCCESS,01e01400_01653700
190621083137,ENDCOOP_SUCCESS,01e01400_01653700
190621083137,TAG_DEPARTED_B,01e01400
190621083138,TAG_ARRIVED_B,0102ee00
190621083139,STARTCOOP_SUCCESS,01653700_0102ee00
190621083142,ENDCOOP_SUCCESS,0102ee00_01653700
190621083142,TAG_DEPARTED_B,0102ee00
190621083145,TAG_DEPARTED_A,01653700
190621083146,TAG_ARRIVED_A,01653700
190621083147,SOLO_SUCCESS,01653700
190621083201,TAG_DEPARTED_A,01653700
190621083207,TAG_ARRIVED_A,0102ee00
190621083208,SOLO_SUCCESS,0102ee00
190621083209,TAG_DEPARTED_A,0102ee00
190621083211,TAG_ARRIVED_A,0102ee00
190621083212,SOLO_SUCCESS,0102ee00
190621083213,TAG_DEPARTED_A,0102ee00
190621083217,TAG_ARRIVED_B,07991800
190621083217,SOLO_SUCCESS,07991800
190621083221,TAG_DEPARTED_B,07991800
190621083223,TAG_ARRIVED_B,0102ee00
190621083224,SOLO_SUCCESS,0102ee00
190621083255,TAG_DEPARTED_B,0102ee00
190621083317,TAG_ARRIVED_A,018ef600
190621083317,SOLO_SUCCESS,018ef600
190621083319,TAG_DEPARTED_A,018ef600
190621083320,TAG_ARRIVED_A,01c2e300
190621083321,SOLO_SUCCESS,01c2e300
190621083322,TAG_DEPARTED_A,01c2e300
190621083441,TAG_ARRIVED_A,01753200
190621083442,SOLO_SUCCESS,01753200
190621083455,TAG_DEPARTED_A,01753200
190621083502,TAG_ARRIVED_B,01d41b00
190621083503,SOLO_SUCCESS,01d41b00
190621083504,TAG_DEPARTED_B,01d41b00
190621083507,TAG_ARRIVED_B,01d41b00
190621083508,SOLO_SUCCESS,01d41b00
190621083511,TAG_ARRIVED_B,01e01400
190621083512,SOLO_SUCCESS,01e01400
190621083513,TAG_DEPARTED_B,01e01400
190621083515,TAG_ARRIVED_B,01e01400
190621083515,SOLO_SUCCESS,01e01400
190621083519,TAG_DEPARTED_B,01e01400
190621084751,TAG_ARRIVED_A,01050400
190621084751,SOLO_SUCCESS,01050400
190621084753,TAG_DEPARTED_A,01050400
190621084758,TAG_ARRIVED_A,01050400
190621084758,SOLO_SUCCESS,01050400
190621084800,TAG_DEPARTED_A,01050400
190621084801,TAG_ARRIVED_A,01050400
190621084801,SOLO_SUCCESS,01050400
190621084803,TAG_DEPARTED_A,01050400
190621084925,TAG_ARRIVED_A,01050400
190621084925,SOLO_SUCCESS,01050400
190621084928,TAG_DEPARTED_A,01050400
190621085100,TAG_ARRIVED_B,018b0800
190621085101,SOLO_SUCCESS,018b0800
190621085104,TAG_DEPARTED_B,018b0800
190621085538,TAG_ARRIVED_B,018b0800
190621085539,SOLO_SUCCESS,018b0800
190621085540,TAG_DEPARTED_B,018b0800
190621085645,TAG_ARRIVED_A,018b0800
190621085645,SOLO_SUCCESS,018b0800
190621085647,TAG_DEPARTED_A,018b0800
190621085651,TAG_ARRIVED_A,0102ee00
190621085652,SOLO_SUCCESS,0102ee00
190621085653,TAG_DEPARTED_A,0102ee00
190621085658,TAG_ARRIVED_A,0101c200
190621085659,SOLO_SUCCESS,0101c200
190621085700,TAG_DEPARTED_A,0101c200
190621085704,TAG_ARRIVED_A,0101c200
190621085705,SOLO_SUCCESS,0101c200
190621085706,TAG_DEPARTED_A,0101c200
190621085813,TAG_ARRIVED_B,0101c200
190621085814,SOLO_SUCCESS,0101c200
190621085815,TAG_DEPARTED_B,0101c200
190621090239,TAG_ARRIVED_A,0102ee00
190621090240,SOLO_SUCCESS,0102ee00
190621090242,TAG_DEPARTED_A,0102ee00
190621090327,TAG_ARRIVED_B,01c4ca00
190621090328,SOLO_SUCCESS,01c4ca00
190621090330,TAG_DEPARTED_B,01c4ca00
190621090331,TAG_ARRIVED_B,01c4ca00
190621090332,SOLO_SUCCESS,01c4ca00
190621090333,TAG_DEPARTED_B,01c4ca00
190621090334,TAG_ARRIVED_B,01c4ca00
190621090335,SOLO_SUCCESS,01c4ca00
190621090340,TAG_ARRIVED_B,0101c200
190621090341,SOLO_SUCCESS,0101c200
190621090344,TAG_DEPARTED_B,0101c200
190621090344,TAG_ARRIVED_B,0101c200
190621090345,SOLO_SUCCESS,0101c200
190621090348,TAG_DEPARTED_B,0101c200
190621090354,TAG_ARRIVED_B,01050400
190621090355,SOLO_SUCCESS,01050400
190621090356,TAG_DEPARTED_B,01050400
190621090404,TAG_ARRIVED_A,01d41b00
190621090405,SOLO_SUCCESS,01d41b00
190621090409,TAG_DEPARTED_A,01d41b00
190621090422,TAG_ARRIVED_A,01d41b00
190621090423,SOLO_SUCCESS,01d41b00
190621090426,TAG_DEPARTED_A,01d41b00
190621090428,TAG_ARRIVED_A,0101c200
190621090429,SOLO_SUCCESS,0101c200
190621090430,TAG_DEPARTED_A,0101c200
190621090434,TAG_ARRIVED_A,0101c200
190621090435,SOLO_SUCCESS,0101c200
190621090436,TAG_DEPARTED_A,0101c200
190621090440,TAG_ARRIVED_A,0101c200
190621090441,SOLO_SUCCESS,0101c200
190621090442,TAG_DEPARTED_A,0101c200
190621090533,TAG_ARRIVED_B,0101c200
190621090534,SOLO_SUCCESS,0101c200
190621090537,TAG_DEPARTED_B,0101c200
190621090540,TAG_ARRIVED_B,0101c200
190621090541,SOLO_SUCCESS,0101c200
190621090544,TAG_ARRIVED_B,01050400
190621090544,SOLO_SUCCESS,01050400
190621090546,TAG_ARRIVED_A,0101c200
190621090547,STARTCOOP_FAIL,01050400_0101c200
190621090550,TAG_DEPARTED_A,0101c200
190621090550,TAG_ARRIVED_A,0101c200
190621090551,STARTCOOP_FAIL,01050400_0101c200
190621090552,TAG_DEPARTED_A,0101c200
190621090553,TAG_ARRIVED_A,0101c200
190621090554,STARTCOOP_FAIL,01050400_0101c200
190621090555,TAG_DEPARTED_A,0101c200
190621090603,TAG_ARRIVED_B,0102ee00
190621090604,SOLO_FAIL,0102ee00
190621090606,ENDCOOP_FAIL,0102ee00_
190621090606,TAG_DEPARTED_B,0102ee00
190621090636,TAG_ARRIVED_B,0102ee00
190621090637,SOLO_FAIL,0102ee00
190621090638,ENDCOOP_FAIL,0102ee00_
190621090639,TAG_DEPARTED_B,0102ee00
190621090641,TAG_ARRIVED_B,0102ee00
190621090642,SOLO_FAIL,0102ee00
190621090653,ENDCOOP_FAIL,0102ee00_
190621090653,TAG_DEPARTED_B,0102ee00
190621090753,LOCKOUT_ENDED,
190621090958,TAG_ARRIVED_A,0102ee00
190621090959,SOLO_SUCCESS,0102ee00
190621091000,TAG_DEPARTED_A,0102ee00
190621091002,TAG_ARRIVED_A,0102ee00
190621091003,SOLO_SUCCESS,0102ee00
190621091004,TAG_DEPARTED_A,0102ee00
190621091018,TAG_ARRIVED_B,0102ae00
190621091018,SOLO_SUCCESS,0102ae00
190621091020,TAG_DEPARTED_B,0102ae00
190621091022,TAG_ARRIVED_B,0102ee00
190621091023,SOLO_SUCCESS,0102ee00
190621091026,TAG_DEPARTED_B,0102ee00
190621091223,TAG_ARRIVED_A,0102ae00
190621091223,SOLO_SUCCESS,0102ae00
190621091227,TAG_DEPARTED_A,0102ae00
190621091227,TAG_ARRIVED_A,0102ae00
190621091228,SOLO_SUCCESS,0102ae00
190621091232,TAG_DEPARTED_A,0102ae00
190621091239,TAG_ARRIVED_A,0102ae00
190621091240,SOLO_SUCCESS,0102ae00
190621091241,TAG_DEPARTED_A,0102ae00
190621091245,TAG_ARRIVED_A,0102ae00
190621091246,SOLO_SUCCESS,0102ae00
190621091250,TAG_DEPARTED_A,0102ae00
190621091321,TAG_ARRIVED_A,01d41b00
190621091321,SOLO_SUCCESS,01d41b00
190621091323,TAG_DEPARTED_A,01d41b00
190621091324,TAG_ARRIVED_A,01d41b00
190621091325,SOLO_SUCCESS,01d41b00
190621091326,TAG_DEPARTED_A,01d41b00
190621091327,TAG_ARRIVED_B,01d41b00
190621091328,SOLO_SUCCESS,01d41b00
190621091331,TAG_DEPARTED_B,01d41b00
190621091332,TAG_ARRIVED_B,01d41b00
190621091333,SOLO_SUCCESS,01d41b00
190621091334,TAG_DEPARTED_B,01d41b00
190621091336,TAG_ARRIVED_B,01d41b00
190621091337,SOLO_SUCCESS,01d41b00
190621091343,TAG_DEPARTED_B,01d41b00
190621091400,TAG_ARRIVED_B,01d41b00
190621091401,SOLO_SUCCESS,01d41b00
190621091402,TAG_DEPARTED_B,01d41b00
190621091403,TAG_ARRIVED_A,01d41b00
190621091404,SOLO_SUCCESS,01d41b00
190621091405,TAG_DEPARTED_A,01d41b00
190621091407,TAG_ARRIVED_A,01d41b00
190621091408,SOLO_SUCCESS,01d41b00
190621091409,TAG_DEPARTED_A,01d41b00
190621091414,TAG_ARRIVED_A,01d41b00
190621091415,SOLO_SUCCESS,01d41b00
190621091417,TAG_DEPARTED_A,01d41b00
190621091422,TAG_ARRIVED_A,01d41b00
190621091423,SOLO_SUCCESS,01d41b00
190621091425,TAG_DEPARTED_A,01d41b00
190621091430,TAG_ARRIVED_A,01d41b00
190621091431,SOLO_SUCCESS,01d41b00
190621091432,TAG_DEPARTED_A,01d41b00
190621091436,TAG_ARRIVED_B,07991800
190621091436,SOLO_SUCCESS,07991800
190621091437,TAG_ARRIVED_A,01d41b00
190621091438,STARTCOOP_FAIL,07991800_01d41b00
190621091439,TAG_DEPARTED_A,01d41b00
190621091439,TAG_ARRIVED_A,01d41b00
190621091441,STARTCOOP_FAIL,07991800_01d41b00
190621091441,TAG_DEPARTED_A,01d41b00
190621091442,ENDCOOP_FAIL,07991800_
190621091442,TAG_DEPARTED_B,07991800
190621091443,TAG_ARRIVED_A,01d41b00
190621091444,SOLO_FAIL,01d41b00
190621091445,TAG_ARRIVED_B,07991800
190621091445,STARTCOOP_FAIL,01d41b00_07991800
190621091445,TAG_DEPARTED_A,01d41b00
190621091455,ENDCOOP_FAIL,07991800_
190621091456,TAG_DEPARTED_B,07991800
190621091519,TAG_ARRIVED_A,0102ee00
190621091520,SOLO_FAIL,0102ee00
190621091521,TAG_DEPARTED_A,0102ee00
190621091523,TAG_ARRIVED_A,0102ee00
190621091524,SOLO_FAIL,0102ee00
190621091534,TAG_DEPARTED_A,0102ee00
190621091619,TAG_ARRIVED_A,01021800
190621091620,SOLO_FAIL,01021800
190621091629,TAG_ARRIVED_B,0102ee00
190621091630,STARTCOOP_FAIL,01021800_0102ee00
190621091639,TAG_DEPARTED_A,01021800
190621091643,ENDCOOP_FAIL,0102ee00_
190621091643,TAG_DEPARTED_B,0102ee00
190621091643,TAG_ARRIVED_B,0102ee00
190621091644,SOLO_FAIL,0102ee00
190621091644,TAG_ARRIVED_A,01021800
190621091645,STARTCOOP_FAIL,0102ee00_01021800
190621091645,TAG_DEPARTED_A,01021800
190621091646,TAG_ARRIVED_A,01021800
190621091646,STARTCOOP_FAIL,0102ee00_01021800
190621091653,ENDCOOP_FAIL,0102ee00_01021800
190621091654,TAG_DEPARTED_B,0102ee00
190621091657,TAG_DEPARTED_A,01021800
190621091836,TAG_ARRIVED_B,07991800
190621091836,SOLO_FAIL,07991800
190621091839,ENDCOOP_FAIL,07991800_
190621091839,TAG_DEPARTED_B,07991800
190621091843,TAG_ARRIVED_B,07991800
190621091844,SOLO_FAIL,07991800
190621091846,LOCKOUT_ENDED,
190621091848,TAG_ARRIVED_B,01026c00
190621091849,SOLO_SUCCESS,01026c00
190621091853,TAG_DEPARTED_B,01026c00
190621091854,TAG_ARRIVED_B,01026c00
190621091855,SOLO_SUCCESS,01026c00
190621091904,TAG_ARRIVED_B,01c2e300
190621091905,SOLO_SUCCESS,01c2e300
190621091913,TAG_DEPARTED_B,01c2e300
190621092010,TAG_ARRIVED_B,01050400
190621092010,SOLO_SUCCESS,01050400
190621092012,TAG_DEPARTED_B,01050400
190621092012,TAG_ARRIVED_B,01050400
190621092013,SOLO_SUCCESS,01050400
190621092029,TAG_DEPARTED_B,01050400
190621092044,TAG_ARRIVED_A,01050400
190621092045,SOLO_SUCCESS,01050400
190621092056,TAG_DEPARTED_A,01050400
190621092059,TAG_ARRIVED_A,01050400
190621092100,SOLO_SUCCESS,01050400
190621092107,TAG_DEPARTED_A,01050400
190621092142,TAG_ARRIVED_B,018ef600
190621092143,SOLO_SUCCESS,018ef600
190621092147,TAG_DEPARTED_B,018ef600
190621092148,TAG_ARRIVED_B,018ef600
190621092149,SOLO_SUCCESS,018ef600
190621092151,TAG_DEPARTED_B,018ef600
190621092154,TAG_ARRIVED_B,01c2e300
190621092155,SOLO_SUCCESS,01c2e300
190621092157,TAG_DEPARTED_B,01c2e300
190621092201,TAG_ARRIVED_A,01c4ca00
190621092202,SOLO_SUCCESS,01c4ca00
190621092208,TAG_ARRIVED_B,01e14200
190621092209,STARTCOOP_FAIL,01c4ca00_01e14200
190621092212,ENDCOOP_FAIL,01e14200_01c4ca00
190621092212,TAG_DEPARTED_B,01e14200
190621092217,TAG_DEPARTED_A,01c4ca00
190621092225,TAG_ARRIVED_A,01c4ca00
190621092225,SOLO_FAIL,01c4ca00
190621092229,TAG_DEPARTED_A,01c4ca00
190621092230,TAG_ARRIVED_A,01c4ca00
190621092231,SOLO_FAIL,01c4ca00
190621092231,TAG_ARRIVED_B,018b0800
190621092232,STARTCOOP_FAIL,01c4ca00_018b0800
190621092233,ENDCOOP_FAIL,018b0800_01c4ca00
190621092233,TAG_DEPARTED_B,018b0800
190621092233,TAG_ARRIVED_B,018b0800
190621092234,STARTCOOP_FAIL,01c4ca00_018b0800
190621092235,TAG_DEPARTED_A,01c4ca00
190621092235,TAG_ARRIVED_A,01c4ca00
190621092236,STARTCOOP_FAIL,018b0800_01c4ca00
190621092237,ENDCOOP_FAIL,018b0800_01c4ca00
190621092238,TAG_DEPARTED_B,018b0800
190621092238,TAG_ARRIVED_B,018b0800
190621092239,STARTCOOP_FAIL,01c4ca00_018b0800
190621092239,TAG_ARRIVED_A,12ca0200
190621092240,TAG_MISSING_A,12ca0200
190621092241,SOLO_FAIL,12ca0200
190621092241,TAG_DEPARTED_A,12ca0200
190621092251,TAG_ARRIVED_B,01c4ca00
190621092252,SOLO_FAIL,01c4ca00
190621092253,ENDCOOP_FAIL,01c4ca00_
190621092253,TAG_DEPARTED_B,01c4ca00
190621092254,TAG_ARRIVED_B,01c4ca00
190621092255,SOLO_FAIL,01c4ca00
190621092314,ENDCOOP_FAIL,01c4ca00_
190621092314,TAG_DEPARTED_B,01c4ca00
190621092315,TAG_ARRIVED_B,01c4ca00
190621092316,SOLO_FAIL,01c4ca00
190621092324,ENDCOOP_FAIL,01c4ca00_
190621092324,TAG_DEPARTED_B,01c4ca00
190621092334,TAG_ARRIVED_A,01c4ca00
190621092335,SOLO_FAIL,01c4ca00
190621092358,TAG_DEPARTED_A,01c4ca00
190621092414,TAG_ARRIVED_B,01c4ca00
190621092415,SOLO_FAIL,01c4ca00
190621092419,ENDCOOP_FAIL,01c4ca00_
190621092419,TAG_DEPARTED_B,01c4ca00
190621092420,TAG_ARRIVED_A,018b0800
190621092421,SOLO_FAIL,018b0800
190621092421,TAG_ARRIVED_A,01c4ca00
190621092422,SOLO_FAIL,01c4ca00
190621092422,TAG_ARRIVED_B,018b0800
190621092423,STARTCOOP_FAIL,01c4ca00_018b0800
190621092424,ENDCOOP_FAIL,018b0800_01c4ca00
190621092425,TAG_DEPARTED_B,018b0800
190621092435,TAG_DEPARTED_A,01c4ca00
190621092453,TAG_ARRIVED_A,01c4ca00
190621092454,SOLO_FAIL,01c4ca00
190621092554,TAG_DEPARTED_A,01c4ca00
190621092555,TAG_ARRIVED_B,01c4ca00
190621092556,SOLO_FAIL,01c4ca00
190621092609,ENDCOOP_FAIL,01c4ca00_
190621092609,TAG_DEPARTED_B,01c4ca00
190621092609,TAG_ARRIVED_A,01c4ca00
190621092610,SOLO_FAIL,01c4ca00
190621092620,TAG_DEPARTED_A,01c4ca00
190621092622,TAG_ARRIVED_A,01c4ca00
190621092623,SOLO_FAIL,01c4ca00
190621092624,LOCKOUT_ENDED,
190621092625,TAG_DEPARTED_A,01c4ca00
190621092625,TAG_ARRIVED_A,01c4ca00
190621092626,SOLO_SUCCESS,01c4ca00
190621092642,TAG_DEPARTED_A,01c4ca00
190621092645,TAG_ARRIVED_A,01c4ca00
190621092645,SOLO_SUCCESS,01c4ca00
190621092651,TAG_DEPARTED_A,01c4ca00
190621092703,TAG_ARRIVED_A,01c4ca00
190621092704,SOLO_SUCCESS,01c4ca00
190621092708,TAG_DEPARTED_A,01c4ca00
190621092713,TAG_ARRIVED_A,01c4ca00
190621092714,SOLO_SUCCESS,01c4ca00
190621092715,TAG_DEPARTED_A,01c4ca00
190621092719,TAG_ARRIVED_A,01c4ca00
190621092719,SOLO_SUCCESS,01c4ca00
190621092723,TAG_DEPARTED_A,01c4ca00
190621092753,TAG_ARRIVED_A,01c4ca00
190621092754,SOLO_SUCCESS,01c4ca00
190621092756,TAG_DEPARTED_A,01c4ca00
190621092801,TAG_ARRIVED_B,01c4ca00
190621092802,SOLO_SUCCESS,01c4ca00
190621092803,TAG_DEPARTED_B,01c4ca00
190621093118,TAG_ARRIVED_B,0101c200
190621093119,SOLO_SUCCESS,0101c200
190621093122,TAG_DEPARTED_B,0101c200
190621093126,TAG_ARRIVED_B,0101c200
190621093127,SOLO_SUCCESS,0101c200
190621093136,TAG_ARRIVED_A,01050400
190621093136,STARTCOOP_FAIL,0101c200_01050400
190621093141,ENDCOOP_FAIL,0101c200_01050400
190621093141,TAG_DEPARTED_B,0101c200
190621093146,TAG_ARRIVED_B,0101c200
190621093147,STARTCOOP_FAIL,01050400_0101c200
190621093148,ENDCOOP_FAIL,0101c200_01050400
190621093148,TAG_DEPARTED_B,0101c200
190621093150,TAG_ARRIVED_B,0101c200
190621093151,STARTCOOP_FAIL,01050400_0101c200
190621093151,TAG_DEPARTED_A,01050400
190621093152,ENDCOOP_FAIL,0101c200_
190621093153,TAG_DEPARTED_B,0101c200
190621093209,TAG_ARRIVED_B,0101c200
190621093210,SOLO_FAIL,0101c200
190621093213,ENDCOOP_FAIL,0101c200_
190621093214,TAG_DEPARTED_B,0101c200
190621093234,TAG_ARRIVED_A,0101c200
190621093235,SOLO_FAIL,0101c200
190621093240,TAG_DEPARTED_A,0101c200
190621093243,TAG_ARRIVED_A,0101c200
190621093244,SOLO_FAIL,0101c200
190621093245,TAG_DEPARTED_A,0101c200
190621093254,TAG_ARRIVED_A,0101c200
190621093255,SOLO_FAIL,0101c200
190621093257,TAG_DEPARTED_A,0101c200
190621093301,TAG_ARRIVED_A,01050400
190621093302,SOLO_FAIL,01050400
190621093313,TAG_DEPARTED_A,01050400
190621093314,TAG_ARRIVED_A,0101c200
190621093315,SOLO_FAIL,0101c200
190621093321,TAG_DEPARTED_A,0101c200
190621093324,TAG_ARRIVED_A,0101c200
190621093325,SOLO_FAIL,0101c200
190621093326,TAG_DEPARTED_A,0101c200
190621093328,TAG_ARRIVED_A,0101c200
190621093329,SOLO_FAIL,0101c200
190621093330,TAG_DEPARTED_A,0101c200
190621093335,TAG_ARRIVED_A,01050400
190621093335,SOLO_FAIL,01050400
190621093338,TAG_DEPARTED_A,01050400
190621093341,TAG_ARRIVED_B,0101c200
190621093342,SOLO_FAIL,0101c200
190621093343,ENDCOOP_FAIL,0101c200_
190621093343,TAG_DEPARTED_B,0101c200
190621093344,TAG_ARRIVED_B,0101c200
190621093345,SOLO_FAIL,0101c200
190621093346,ENDCOOP_FAIL,0101c200_
190621093346,TAG_DEPARTED_B,0101c200
190621093351,LOCKOUT_ENDED,
190621093354,TAG_ARRIVED_B,0101c200
190621093355,SOLO_SUCCESS,0101c200
190621093357,TAG_DEPARTED_B,0101c200
190621093400,TAG_ARRIVED_B,0101c200
190621093401,SOLO_SUCCESS,0101c200
190621093404,TAG_ARRIVED_A,01050400
190621093404,STARTCOOP_FAIL,0101c200_01050400
190621093405,ENDCOOP_FAIL,0101c200_01050400
190621093405,TAG_DEPARTED_B,0101c200
190621093405,TAG_ARRIVED_B,0101c200
190621093406,STARTCOOP_FAIL,01050400_0101c200
190621093407,TAG_DEPARTED_A,01050400
190621093408,ENDCOOP_FAIL,0101c200_
190621093408,TAG_DEPARTED_B,0101c200
190621093408,TAG_ARRIVED_B,0101c200
190621093409,SOLO_FAIL,0101c200
190621093410,ENDCOOP_FAIL,0101c200_
190621093411,TAG_DEPARTED_B,0101c200
190621093411,TAG_ARRIVED_A,01050400
190621093411,SOLO_FAIL,01050400
190621093413,TAG_ARRIVED_B,0101c200
190621093414,STARTCOOP_FAIL,01050400_0101c200
190621093418,TAG_DEPARTED_A,01050400
190621093418,TAG_ARRIVED_A,01050400
190621093419,STARTCOOP_FAIL,0101c200_01050400
190621093419,ENDCOOP_FAIL,0101c200_01050400
190621093419,TAG_DEPARTED_B,0101c200
190621093420,TAG_ARRIVED_B,0101c200
190621093421,STARTCOOP_FAIL,01050400_0101c200
190621093422,ENDCOOP_FAIL,0101c200_01050400
190621093422,TAG_DEPARTED_B,0101c200
190621093429,TAG_ARRIVED_A,01fe7600
190621093429,SOLO_FAIL,01fe7600
190621093433,TAG_DEPARTED_A,01fe7600
190621093434,TAG_ARRIVED_A,01fe7600
190621093435,SOLO_FAIL,01fe7600
190621093436,TAG_DEPARTED_A,01fe7600
190621093512,TAG_ARRIVED_A,0101c200
190621093513,SOLO_FAIL,0101c200
190621093516,TAG_DEPARTED_A,0101c200
190621093517,TAG_ARRIVED_A,0101c200
190621093518,SOLO_FAIL,0101c200
190621093519,TAG_DEPARTED_A,0101c200
190621093535,TAG_ARRIVED_B,01048700
190621093535,SOLO_FAIL,01048700
190621093538,ENDCOOP_FAIL,01048700_
190621093538,TAG_DEPARTED_B,01048700
190621093621,LOCKOUT_ENDED,
190621093731,TAG_ARRIVED_A,01653700
190621093732,SOLO_SUCCESS,01653700
190621093733,TAG_DEPARTED_A,01653700
190621093736,TAG_ARRIVED_A,01653700
190621093737,SOLO_SUCCESS,01653700
190621093740,TAG_DEPARTED_A,01653700
190621093814,TAG_ARRIVED_A,01653700
190621093815,SOLO_SUCCESS,01653700
190621093822,TAG_DEPARTED_A,01653700
190621093824,TAG_ARRIVED_A,01653700
190621093825,SOLO_SUCCESS,01653700
190621093827,TAG_DEPARTED_A,01653700
190621093843,TAG_ARRIVED_A,01653700
190621093844,SOLO_SUCCESS,01653700
190621093851,TAG_DEPARTED_A,01653700
190621093904,TAG_ARRIVED_A,0140c700
190621093904,SOLO_SUCCESS,0140c700
190621093908,TAG_DEPARTED_A,0140c700
190621093945,TAG_ARRIVED_B,0140c700
190621093946,SOLO_SUCCESS,0140c700
190621093947,TAG_DEPARTED_B,0140c700
190621093948,TAG_ARRIVED_B,0140c700
190621093948,SOLO_SUCCESS,0140c700
190621094000,TAG_DEPARTED_B,0140c700
190621094002,TAG_ARRIVED_B,0140c700
190621094002,SOLO_SUCCESS,0140c700
190621094022,TAG_DEPARTED_B,0140c700
190621094107,TAG_ARRIVED_B,0103ca00
190621094108,TAG_MISSING_B,0103ca00
190621094108,SOLO_SUCCESS,0103ca00
190621094109,TAG_DEPARTED_B,0103ca00
190621094111,TAG_ARRIVED_B,0103ca00
190621094113,TAG_MISSING_B,0103ca00
190621094113,SOLO_SUCCESS,0103ca00
190621094113,TAG_DEPARTED_B,0103ca00
190621094213,TAG_ARRIVED_A,0103ca00
190621094215,TAG_MISSING_A,0103ca00
190621094215,SOLO_SUCCESS,0103ca00
190621094222,TAG_ARRIVED_A,01df6400
190621094223,SOLO_SUCCESS,01df6400
190621094225,TAG_ARRIVED_A,0103ca00
190621094226,TAG_MISSING_A,0103ca00
190621094226,SOLO_SUCCESS,0103ca00
190621094227,TAG_DEPARTED_A,0103ca00
190621094229,TAG_ARRIVED_A,0103ca00
190621094231,TAG_MISSING_A,0103ca00
190621094231,SOLO_SUCCESS,0103ca00
190621094232,TAG_DEPARTED_A,0103ca00
190621094234,TAG_ARRIVED_A,01df6400
190621094235,SOLO_SUCCESS,01df6400
190621094237,TAG_DEPARTED_A,01df6400
190621094238,TAG_ARRIVED_A,01df6400
190621094239,SOLO_SUCCESS,01df6400
190621094244,TAG_DEPARTED_A,01df6400
190621094247,TAG_ARRIVED_A,01df6400
190621094248,SOLO_SUCCESS,01df6400
190621094249,TAG_DEPARTED_A,01df6400
190621094255,TAG_ARRIVED_A,01df6400
190621094256,SOLO_SUCCESS,01df6400
190621094257,TAG_DEPARTED_A,01df6400
190621094317,TAG_ARRIVED_A,0102ee00
190621094318,SOLO_SUCCESS,0102ee00
190621094322,TAG_DEPARTED_A,0102ee00
190621094340,TAG_ARRIVED_A,0102ee00
190621094341,SOLO_SUCCESS,0102ee00
190621094344,TAG_DEPARTED_A,0102ee00
190621094431,TAG_ARRIVED_A,01df6400
190621094432,SOLO_SUCCESS,01df6400
190621094433,TAG_DEPARTED_A,01df6400
190621094443,TAG_ARRIVED_A,01df6400
190621094444,SOLO_SUCCESS,01df6400
190621094454,TAG_DEPARTED_A,01df6400
190621094532,TAG_ARRIVED_A,018b0800
190621094533,SOLO_SUCCESS,018b0800
190621094536,TAG_DEPARTED_A,018b0800
190621094828,TAG_ARRIVED_B,018b0800
190621094829,SOLO_SUCCESS,018b0800
190621094830,TAG_DEPARTED_B,018b0800
190621094831,TAG_ARRIVED_B,01c2e300
190621094832,SOLO_SUCCESS,01c2e300
190621094849,TAG_DEPARTED_B,01c2e300
190621094856,TAG_ARRIVED_B,018b0800
190621094857,SOLO_SUCCESS,018b0800
190621094858,TAG_DEPARTED_B,018b0800
190621094859,TAG_ARRIVED_B,018b0800
190621094900,SOLO_SUCCESS,018b0800
190621094901,TAG_DEPARTED_B,018b0800
190621094908,TAG_ARRIVED_B,0102ee00
190621094909,SOLO_SUCCESS,0102ee00
190621094915,TAG_DEPARTED_B,0102ee00
190621094937,TAG_ARRIVED_B,0102ee00
190621094938,SOLO_SUCCESS,0102ee00
190621094948,TAG_DEPARTED_B,0102ee00
190621095013,TAG_ARRIVED_B,0102ee00
190621095014,SOLO_SUCCESS,0102ee00
190621095019,TAG_DEPARTED_B,0102ee00
190621095019,TAG_ARRIVED_B,01021800
190621095019,SOLO_SUCCESS,01021800
190621095021,TAG_DEPARTED_B,01021800
190621095027,TAG_ARRIVED_B,01021800
190621095028,SOLO_SUCCESS,01021800
190621095035,TAG_DEPARTED_B,01021800
190621095046,TAG_ARRIVED_B,0102ee00
190621095046,SOLO_SUCCESS,0102ee00
190621095058,TAG_DEPARTED_B,0102ee00
190621095100,TAG_ARRIVED_B,018b0800
190621095100,SOLO_SUCCESS,018b0800
190621095104,TAG_DEPARTED_B,018b0800
190621095105,TAG_ARRIVED_B,018b0800
190621095106,SOLO_SUCCESS,018b0800
190621095108,TAG_DEPARTED_B,018b0800
190621095132,TAG_ARRIVED_B,018b0800
190621095133,SOLO_SUCCESS,018b0800
190621095135,TAG_DEPARTED_B,018b0800
190621095159,TAG_ARRIVED_B,018b0800
190621095200,SOLO_SUCCESS,018b0800
190621095203,TAG_DEPARTED_B,018b0800
190621095453,TAG_ARRIVED_B,01c2e300
190621095454,SOLO_SUCCESS,01c2e300
190621095457,TAG_DEPARTED_B,01c2e300
190621095504,TAG_ARRIVED_B,01c2e300
190621095505,SOLO_SUCCESS,01c2e300
190621095511,TAG_DEPARTED_B,01c2e300
190621095512,TAG_ARRIVED_B,01c2e300
190621095513,SOLO_SUCCESS,01c2e300
190621095514,TAG_DEPARTED_B,01c2e300
190621095523,TAG_ARRIVED_B,01c2e300
190621095523,SOLO_SUCCESS,01c2e300
190621095531,TAG_DEPARTED_B,01c2e300
190621095535,TAG_ARRIVED_A,01b57900
190621095535,SOLO_SUCCESS,01b57900
190621095537,TAG_ARRIVED_B,01c2e300
190621095538,STARTCOOP_FAIL,01b57900_01c2e300
190621095539,TAG_DEPARTED_A,01b57900
190621095540,TAG_ARRIVED_A,01d41b00
190621095541,STARTCOOP_SUCCESS,01c2e300_01d41b00
190621095542,TAG_DEPARTED_A,01d41b00
190621095546,ENDCOOP_SUCCESS,01c2e300_
190621095546,TAG_DEPARTED_B,01c2e300
190621095559,TAG_ARRIVED_A,01b57900
190621095600,SOLO_FAIL,01b57900
190621095603,TAG_DEPARTED_A,01b57900
190621095609,TAG_ARRIVED_A,01016400
190621095609,SOLO_FAIL,01016400
190621095610,TAG_ARRIVED_A,01b57900
190621095610,SOLO_FAIL,01b57900
190621095612,TAG_DEPARTED_A,01b57900
190621095612,TAG_ARRIVED_A,01d41b00
190621095613,SOLO_FAIL,01d41b00
190621095614,TAG_DEPARTED_A,01d41b00
190621095620,TAG_ARRIVED_A,01d41b00
190621095621,SOLO_FAIL,01d41b00
190621095624,TAG_DEPARTED_A,01d41b00
190621095625,TAG_ARRIVED_A,01d41b00
190621095626,SOLO_FAIL,01d41b00
190621095630,TAG_DEPARTED_A,01d41b00
190621095640,TAG_ARRIVED_B,01b57900
190621095640,SOLO_FAIL,01b57900
190621095643,ENDCOOP_FAIL,01b57900_
190621095643,TAG_DEPARTED_B,01b57900
190621095645,TAG_ARRIVED_A,01b57900
190621095645,SOLO_FAIL,01b57900
190621095647,TAG_DEPARTED_A,01b57900
190621095647,TAG_ARRIVED_A,01016400
190621095648,SOLO_FAIL,01016400
190621095651,TAG_DEPARTED_A,01016400
190621095652,TAG_ARRIVED_B,01c2e300
190621095653,SOLO_FAIL,01c2e300
190621095701,ENDCOOP_FAIL,01c2e300_
190621095701,TAG_DEPARTED_B,01c2e300
190621095710,TAG_ARRIVED_B,01c2e300
190621095711,SOLO_FAIL,01c2e300
190621095713,ENDCOOP_FAIL,01c2e300_
190621095713,TAG_DEPARTED_B,01c2e300
190621095719,TAG_ARRIVED_A,01b57900
190621095720,SOLO_FAIL,01b57900
190621095722,TAG_DEPARTED_A,01b57900
190621095724,TAG_ARRIVED_A,01016400
190621095724,SOLO_FAIL,01016400
190621095726,TAG_DEPARTED_A,01016400
190621095728,TAG_ARRIVED_A,01d41b00
190621095729,SOLO_FAIL,01d41b00
190621095730,TAG_DEPARTED_A,01d41b00
190621095739,LOCKOUT_ENDED,
190621095742,TAG_ARRIVED_B,01d41b00
190621095743,SOLO_SUCCESS,01d41b00
190621095745,TAG_DEPARTED_B,01d41b00