190626055713,START_EXPERIMENT,
190626060133,TAG_ARRIVED_B,0102ee00
190626060134,SOLO_SUCCESS,0102ee00
190626060136,TAG_DEPARTED_B,0102ee00
190626060222,TAG_ARRIVED_B,0102ee00
190626060223,SOLO_SUCCESS,0102ee00
190626060227,TAG_DEPARTED_B,0102ee00
190626060351,TAG_ARRIVED_B,0102ee00
190626060352,SOLO_SUCCESS,0102ee00
190626060353,TAG_DEPARTED_B,0102ee00
190626060354,TAG_ARRIVED_B,0102ee00
190626060355,SOLO_SUCCESS,0102ee00
190626060358,TAG_DEPARTED_B,0102ee00
190626060410,TAG_ARRIVED_B,07991800
190626060411,SOLO_SUCCESS,07991800
190626060413,TAG_DEPARTED_B,07991800
190626060426,TAG_ARRIVED_B,07991800
190626060427,SOLO_SUCCESS,07991800
190626060429,TAG_DEPARTED_B,07991800
190626060433,TAG_ARRIVED_B,07991800
190626060434,SOLO_SUCCESS,07991800
190626060443,TAG_DEPARTED_B,07991800
190626060444,TAG_ARRIVED_B,07991800
190626060444,SOLO_SUCCESS,07991800
190626060446,TAG_DEPARTED_B,07991800
190626060449,TAG_ARRIVED_B,07991800
190626060449,SOLO_SUCCESS,07991800
190626060458,TAG_DEPARTED_B,07991800
190626060459,TAG_ARRIVED_B,07991800
190626060500,SOLO_SUCCESS,07991800
190626060502,TAG_DEPARTED_B,07991800
190626060513,TAG_ARRIVED_B,0101c200
190626060514,SOLO_SUCCESS,0101c200
190626060516,TAG_DEPARTED_B,0101c200
190626060517,TAG_ARRIVED_B,0101c200
190626060518,SOLO_SUCCESS,0101c200
190626060540,TAG_DEPARTED_B,0101c200
190626060541,TAG_ARRIVED_B,0101c200
190626060542,SOLO_SUCCESS,0101c200
190626060545,TAG_DEPARTED_B,0101c200
190626060546,TAG_ARRIVED_B,0102ee00
190626060547,SOLO_SUCCESS,0102ee00
190626060549,TAG_DEPARTED_B,0102ee00
190626060554,TAG_ARRIVED_B,0102ee00
190626060555,SOLO_SUCCESS,0102ee00
190626060618,TAG_DEPARTED_B,0102ee00
190626060621,TAG_ARRIVED_B,01043c00
190626060622,SOLO_SUCCESS,01043c00
190626060623,TAG_DEPARTED_B,01043c00
190626060631,TAG_ARRIVED_B,01016400
190626060631,SOLO_SUCCESS,01016400
190626060632,TAG_ARRIVED_B,01d41b00
190626060633,SOLO_SUCCESS,01d41b00
190626060636,TAG_DEPARTED_B,01d41b00
190626060636,TAG_ARRIVED_B,01d41b00
190626060637,SOLO_SUCCESS,01d41b00
190626060641,TAG_DEPARTED_B,01d41b00
190626060644,TAG_ARRIVED_B,01016400
190626060644,SOLO_SUCCESS,01016400
190626060646,TAG_ARRIVED_B,01043c00
190626060647,SOLO_SUCCESS,01043c00
190626060652,TAG_DEPARTED_B,01043c00
190626060653,TAG_ARRIVED_B,01043c00
190626060654,SOLO_SUCCESS,01043c00
190626060655,TAG_DEPARTED_B,01043c00
190626060708,TAG_ARRIVED_B,01043c00
190626060709,SOLO_SUCCESS,01043c00
190626060714,TAG_ARRIVED_A,0101c200
190626060715,STARTCOOP_SUCCESS,01043c00_0101c200
190626060716,TAG_DEPARTED_A,0101c200
190626060717,TAG_ARRIVED_A,0101c200
190626060718,STARTCOOP_SUCCESS,01043c00_0101c200
190626060718,ENDCOOP_SUCCESS,01043c00_0101c200
190626060719,TAG_DEPARTED_B,01043c00
190626060721,TAG_DEPARTED_A,0101c200
190626060722,TAG_ARRIVED_B,01043c00
190626060723,SOLO_SUCCESS,01043c00
190626060729,TAG_ARRIVED_A,0101c200
190626060730,STARTCOOP_SUCCESS,01043c00_0101c200
190626060730,ENDCOOP_SUCCESS,01043c00_0101c200
190626060730,TAG_DEPARTED_B,01043c00
190626060733,TAG_DEPARTED_A,0101c200
190626060742,TAG_ARRIVED_A,0101c200
190626060743,SOLO_SUCCESS,0101c200
190626060745,TAG_DEPARTED_A,0101c200
190626060748,TAG_ARRIVED_B,01016400
190626060749,SOLO_SUCCESS,01016400
190626060754,TAG_DEPARTED_B,01016400
190626060755,TAG_ARRIVED_B,01016400
190626060755,SOLO_SUCCESS,01016400
190626060800,TAG_DEPARTED_B,01016400
190626060802,TAG_ARRIVED_A,01016400
190626060803,SOLO_SUCCESS,01016400
190626060803,TAG_ARRIVED_B,0101c200
190626060804,STARTCOOP_FAIL,01016400_0101c200
190626060804,TAG_DEPARTED_A,01016400
190626060805,ENDCOOP_FAIL,0101c200_
190626060805,TAG_DEPARTED_B,0101c200
190626060805,TAG_ARRIVED_B,0101c200
190626060806,SOLO_FAIL,0101c200
190626060807,ENDCOOP_FAIL,0101c200_
190626060807,TAG_DEPARTED_B,0101c200
190626060816,TAG_ARRIVED_A,0101c200
190626060816,SOLO_FAIL,0101c200
190626060818,TAG_DEPARTED_A,0101c200
190626060823,TAG_ARRIVED_A,0101c200
190626060824,SOLO_FAIL,0101c200
190626060825,TAG_DEPARTED_A,0101c200
190626060826,TAG_ARRIVED_A,0101c200
190626060827,SOLO_FAIL,0101c200
190626060831,TAG_DEPARTED_A,0101c200
190626060832,TAG_ARRIVED_A,0101c200
190626060833,SOLO_FAIL,0101c200
190626060839,TAG_DEPARTED_A,0101c200
190626060859,TAG_ARRIVED_A,0101c200
190626060900,SOLO_FAIL,0101c200
190626060902,TAG_DEPARTED_A,0101c200
190626060909,TAG_ARRIVED_A,0101c200
190626060910,SOLO_FAIL,0101c200
190626060911,TAG_DEPARTED_A,0101c200
190626060913,TAG_ARRIVED_A,0101c200
190626060914,SOLO_FAIL,0101c200
190626060921,TAG_DEPARTED_A,0101c200
190626060936,TAG_ARRIVED_A,0101c200
190626060936,SOLO_FAIL,0101c200
190626060943,TAG_DEPARTED_A,0101c200
190626060944,TAG_ARRIVED_A,0101c200
190626060944,SOLO_FAIL,0101c200
190626060946,TAG_DEPARTED_A,0101c200
190626060955,TAG_ARRIVED_A,0101c200
190626060956,SOLO_FAIL,0101c200
190626061003,TAG_DEPARTED_A,0101c200
190626061004,LOCKOUT_ENDED,
190626061005,TAG_ARRIVED_A,0101c200
190626061006,SOLO_SUCCESS,0101c200
190626061020,TAG_DEPARTED_A,0101c200
190626061020,TAG_ARRIVED_A,0101c200
190626061021,SOLO_SUCCESS,0101c200
190626061033,TAG_DEPARTED_A,0101c200
190626061047,TAG_ARRIVED_A,0101c200
190626061048,SOLO_SUCCESS,0101c200
190626061051,TAG_DEPARTED_A,0101c200
190626061054,TAG_ARRIVED_A,0102ae00
190626061055,SOLO_SUCCESS,0102ae00
190626061056,TAG_DEPARTED_A,0102ae00
190626061057,TAG_ARRIVED_A,0102ae00
190626061057,SOLO_SUCCESS,0102ae00
190626061059,TAG_DEPARTED_A,0102ae00
190626061059,TAG_ARRIVED_A,0102ae00
190626061100,SOLO_SUCCESS,0102ae00
190626061101,TAG_DEPARTED_A,0102ae00
190626061102,TAG_ARRIVED_A,0102ae00
190626061102,SOLO_SUCCESS,0102ae00
190626061104,TAG_DEPARTED_A,0102ae00
190626061104,TAG_ARRIVED_A,0102ae00
190626061105,SOLO_SUCCESS,0102ae00
190626061106,TAG_DEPARTED_A,0102ae00
190626061109,TAG_ARRIVED_A,0102ae00
190626061109,SOLO_SUCCESS,0102ae00
190626061111,TAG_DEPARTED_A,0102ae00
190626061126,TAG_ARRIVED_A,0102ee00
190626061127,SOLO_SUCCESS,0102ee00
190626061130,TAG_DEPARTED_A,0102ee00
190626061801,TAG_ARRIVED_A,01016400
190626061801,SOLO_SUCCESS,01016400
190626061806,TAG_ARRIVED_A,01050400
190626061807,SOLO_SUCCESS,01050400
190626061808,TAG_DEPARTED_A,01050400
190626061810,TAG_ARRIVED_A,01050400
190626061810,SOLO_SUCCESS,01050400
190626061812,TAG_DEPARTED_A,01050400
190626061913,TAG_ARRIVED_B,01050400
190626061914,SOLO_SUCCESS,01050400
190626061916,TAG_DEPARTED_B,01050400
190626061919,TAG_ARRIVED_B,01050400
190626061919,SOLO_SUCCESS,01050400
190626061924,TAG_DEPARTED_B,01050400
190626061926,TAG_ARRIVED_B,01050400
190626061926,SOLO_SUCCESS,01050400
190626061944,TAG_DEPARTED_B,01050400
190626061951,TAG_ARRIVED_B,01050400
190626061951,SOLO_SUCCESS,01050400
190626061956,TAG_ARRIVED_B,0101c200
190626061957,SOLO_SUCCESS,0101c200
190626061958,TAG_DEPARTED_B,0101c200
190626062001,TAG_ARRIVED_B,0101c200
190626062002,SOLO_SUCCESS,0101c200
190626062015,TAG_DEPARTED_B,0101c200
190626062016,TAG_ARRIVED_B,01050400
190626062016,SOLO_SUCCESS,01050400
190626062019,TAG_DEPARTED_B,01050400
190626062020,TAG_ARRIVED_B,01050400
190626062020,SOLO_SUCCESS,01050400
190626062059,TAG_ARRIVED_B,0101c200
190626062100,SOLO_SUCCESS,0101c200
190626062105,TAG_DEPARTED_B,0101c200
190626062113,TAG_ARRIVED_B,0101c200
190626062114,SOLO_SUCCESS,0101c200
190626062115,TAG_DEPARTED_B,0101c200
190626062115,TAG_ARRIVED_B,0101c200
190626062116,SOLO_SUCCESS,0101c200
190626062117,TAG_DEPARTED_B,0101c200
190626062123,TAG_ARRIVED_B,0101c200
190626062124,SOLO_SUCCESS,0101c200
190626062135,TAG_DEPARTED_B,0101c200
190626062139,TAG_ARRIVED_B,01050400
190626062140,SOLO_SUCCESS,01050400
190626062143,TAG_DEPARTED_B,01050400
190626062149,TAG_ARRIVED_B,01050400
190626062150,SOLO_SUCCESS,01050400
190626062206,TAG_DEPARTED_B,01050400
190626062207,TAG_ARRIVED_B,0101c200
190626062208,SOLO_SUCCESS,0101c200
190626062209,TAG_DEPARTED_B,0101c200
190626062213,TAG_ARRIVED_A,0101c200
190626062214,SOLO_SUCCESS,0101c200
190626062215,TAG_DEPARTED_A,0101c200
190626062216,TAG_ARRIVED_A,0101c200
190626062217,SOLO_SUCCESS,0101c200
190626062218,TAG_DEPARTED_A,0101c200
190626062254,TAG_ARRIVED_B,0101c200
190626062254,SOLO_SUCCESS,0101c200
190626062301,TAG_DEPARTED_B,0101c200
190626062302,TAG_ARRIVED_B,0101c200
190626062302,SOLO_SUCCESS,0101c200
190626062314,TAG_DEPARTED_B,0101c200
190626062318,TAG_ARRIVED_B,01016400
190626062318,SOLO_SUCCESS,01016400
190626062325,TAG_DEPARTED_B,01016400
190626062325,TAG_ARRIVED_B,01016400
190626062326,SOLO_SUCCESS,01016400
190626062327,TAG_DEPARTED_B,01016400
190626062348,TAG_ARRIVED_B,01016400
190626062348,SOLO_SUCCESS,01016400
190626062353,TAG_DEPARTED_B,01016400
190626062443,TAG_ARRIVED_B,0102ee00
190626062444,SOLO_SUCCESS,0102ee00
190626062447,TAG_DEPARTED_B,0102ee00
190626062517,TAG_ARRIVED_B,0102ee00
190626062518,SOLO_SUCCESS,0102ee00
190626062519,TAG_DEPARTED_B,0102ee00
190626062556,TAG_ARRIVED_A,0101c200
190626062557,SOLO_SUCCESS,0101c200
190626062558,TAG_DEPARTED_A,0101c200
190626062603,TAG_ARRIVED_A,0101c200
190626062603,SOLO_SUCCESS,0101c200
190626062604,TAG_DEPARTED_A,0101c200
190626062611,TAG_ARRIVED_A,0101c200
190626062612,SOLO_SUCCESS,0101c200
190626062614,TAG_DEPARTED_A,0101c200
190626062620,TAG_ARRIVED_A,0101c200
190626062620,SOLO_SUCCESS,0101c200
190626062624,TAG_DEPARTED_A,0101c200
190626062645,TAG_ARRIVED_A,0102ee00
190626062646,SOLO_SUCCESS,0102ee00
190626062650,TAG_DEPARTED_A,0102ee00
190626062816,TAG_ARRIVED_A,01e14200
190626062817,SOLO_SUCCESS,01e14200
190626062818,TAG_DEPARTED_A,01e14200
190626062820,TAG_ARRIVED_A,0102ee00
190626062820,SOLO_SUCCESS,0102ee00
190626062825,TAG_DEPARTED_A,0102ee00
190626063025,TAG_ARRIVED_A,01e14200
190626063026,SOLO_SUCCESS,01e14200
190626063026,TAG_ARRIVED_A,01653700
190626063027,SOLO_SUCCESS,01653700
190626063027,TAG_ARRIVED_A,01d41b00
190626063028,SOLO_SUCCESS,01d41b00
190626063028,TAG_DEPARTED_A,01d41b00
190626063035,TAG_ARRIVED_A,01d41b00
190626063036,SOLO_SUCCESS,01d41b00
190626063038,TAG_DEPARTED_A,01d41b00
190626063038,TAG_ARRIVED_B,0102ee00
190626063039,SOLO_SUCCESS,0102ee00
190626063044,TAG_DEPARTED_B,0102ee00
190626063048,TAG_ARRIVED_A,0102ee00
190626063049,SOLO_SUCCESS,0102ee00
190626063050,TAG_DEPARTED_A,0102ee00
190626063130,TAG_ARRIVED_A,0101c200
190626063130,SOLO_SUCCESS,0101c200
190626063132,TAG_ARRIVED_A,0102ee00
190626063133,SOLO_SUCCESS,0102ee00
190626063135,TAG_DEPARTED_A,0102ee00
190626063148,TAG_ARRIVED_A,0102ee00
190626063149,SOLO_SUCCESS,0102ee00
190626063151,TAG_DEPARTED_A,0102ee00
190626063154,TAG_ARRIVED_A,0102ee00
190626063155,SOLO_SUCCESS,0102ee00
190626063223,TAG_DEPARTED_A,0102ee00
190626063257,TAG_ARRIVED_A,01021800
190626063258,SOLO_SUCCESS,01021800
190626063312,TAG_ARRIVED_A,0101c200
190626063313,SOLO_SUCCESS,0101c200
190626063314,TAG_DEPARTED_A,0101c200
190626063315,TAG_ARRIVED_A,0101c200
190626063316,SOLO_SUCCESS,0101c200
190626063320,TAG_DEPARTED_A,0101c200
190626063330,TAG_ARRIVED_A,01d41b00
190626063331,SOLO_SUCCESS,01d41b00
190626063332,TAG_DEPARTED_A,01d41b00
190626063339,TAG_ARRIVED_A,0101c200
190626063340,SOLO_SUCCESS,0101c200
190626063341,TAG_DEPARTED_A,0101c200
190626063402,TAG_ARRIVED_A,0101c200
190626063402,SOLO_SUCCESS,0101c200
190626063404,TAG_DEPARTED_A,0101c200
190626063422,TAG_ARRIVED_A,0101c200
190626063423,SOLO_SUCCESS,0101c200
190626063424,TAG_DEPARTED_A,0101c200
190626063427,TAG_ARRIVED_A,0101c200
190626063428,SOLO_SUCCESS,0101c200
190626063437,TAG_DEPARTED_A,0101c200
190626063452,TAG_ARRIVED_A,0102ee00
190626063453,SOLO_SUCCESS,0102ee00
190626063501,TAG_DEPARTED_A,0102ee00
190626063516,TAG_ARRIVED_B,0101c200
190626063517,SOLO_SUCCESS,0101c200
190626063518,TAG_DEPARTED_B,0101c200
190626063522,TAG_ARRIVED_B,0102ee00
190626063523,SOLO_SUCCESS,0102ee00
190626063523,TAG_ARRIVED_A,0101c200
190626063524,STARTCOOP_SUCCESS,0102ee00_0101c200
190626063524,TAG_DEPARTED_A,0101c200
190626063526,TAG_ARRIVED_A,0102ee00
190626063527,SOLO_SUCCESS,0102ee00
190626063527,TAG_DEPARTED_B,0102ee00
190626063529,TAG_DEPARTED_A,0102ee00
190626063542,TAG_ARRIVED_B,0101c200
190626063543,SOLO_SUCCESS,0101c200
190626063546,TAG_DEPARTED_B,0101c200
190626063547,TAG_ARRIVED_B,0101c200
190626063548,SOLO_SUCCESS,0101c200
190626063552,TAG_ARRIVED_A,0102ee00
190626063553,STARTCOOP_SUCCESS,0101c200_0102ee00
190626063555,ENDCOOP_SUCCESS,0101c200_0102ee00
190626063555,TAG_DEPARTED_B,0101c200
190626063555,TAG_ARRIVED_B,0101c200
190626063556,STARTCOOP_SUCCESS,0102ee00_0101c200
190626063609,TAG_DEPARTED_A,0102ee00
190626063609,TAG_ARRIVED_B,0102ee00
190626063610,SOLO_SUCCESS,0102ee00
190626063610,TAG_ARRIVED_A,0101c200
190626063611,STARTCOOP_SUCCESS,0102ee00_0101c200
190626063611,ENDCOOP_SUCCESS,0102ee00_0101c200
190626063612,TAG_DEPARTED_B,0102ee00
190626063613,TAG_DEPARTED_A,0101c200
190626063615,TAG_ARRIVED_A,0101c200
190626063616,SOLO_SUCCESS,0101c200
190626063617,TAG_DEPARTED_A,0101c200
190626063620,TAG_ARRIVED_A,0101c200
190626063621,SOLO_SUCCESS,0101c200
190626063624,TAG_DEPARTED_A,0101c200
190626063627,TAG_ARRIVED_A,0101c200
190626063628,SOLO_SUCCESS,0101c200
190626063630,TAG_ARRIVED_B,0102ee00
190626063631,STARTCOOP_SUCCESS,0101c200_0102ee00
190626063639,ENDCOOP_SUCCESS,0102ee00_0101c200
190626063639,TAG_DEPARTED_B,0102ee00
190626063639,TAG_ARRIVED_A,0102ee00
190626063640,SOLO_SUCCESS,0102ee00
190626063644,TAG_DEPARTED_A,0102ee00
190626063645,TAG_ARRIVED_A,0102ee00
190626063646,SOLO_SUCCESS,0102ee00
190626063649,TAG_DEPARTED_A,0102ee00
190626063650,TAG_ARRIVED_A,0102ee00
190626063651,SOLO_SUCCESS,0102ee00
190626063652,TAG_DEPARTED_A,0102ee00
190626063719,TAG_ARRIVED_B,0101c200
190626063720,SOLO_SUCCESS,0101c200
190626063750,TAG_ARRIVED_A,0102ee00
190626063751,STARTCOOP_SUCCESS,0101c200_0102ee00
190626063751,ENDCOOP_SUCCESS,0101c200_0102ee00
190626063752,TAG_DEPARTED_B,0101c200
190626063809,TAG_ARRIVED_A,0101c200
190626063810,SOLO_SUCCESS,0101c200
190626063826,TAG_DEPARTED_A,0101c200
190626063836,TAG_ARRIVED_A,0101c200
190626063837,SOLO_SUCCESS,0101c200
190626063838,TAG_DEPARTED_A,0101c200
190626063841,TAG_ARRIVED_A,0101c200
190626063842,SOLO_SUCCESS,0101c200
190626063843,TAG_ARRIVED_B,0125d900
190626063844,STARTCOOP_FAIL,0101c200_0125d900
190626063844,TAG_DEPARTED_A,0101c200
190626063845,ENDCOOP_FAIL,0125d900_
190626063845,TAG_DEPARTED_B,0125d900
190626063913,TAG_ARRIVED_B,0125d900
190626063913,SOLO_FAIL,0125d900
190626063914,TAG_ARRIVED_B,01b49c00
190626063915,SOLO_FAIL,01b49c00
190626063921,ENDCOOP_FAIL,01b49c00_
190626063921,TAG_DEPARTED_B,01b49c00
190626063925,TAG_ARRIVED_B,01b49c00
190626063926,SOLO_FAIL,01b49c00
190626063931,ENDCOOP_FAIL,01b49c00_
190626063931,TAG_DEPARTED_B,01b49c00
190626063933,TAG_ARRIVED_B,01b49c00
190626063934,SOLO_FAIL,01b49c00
190626063936,ENDCOOP_FAIL,01b49c00_
190626063936,TAG_DEPARTED_B,01b49c00
190626063939,TAG_ARRIVED_B,01b49c00
190626063941,SOLO_FAIL,01b49c00
190626063942,ENDCOOP_FAIL,01b49c00_
190626063942,TAG_DEPARTED_B,01b49c00
190626064016,TAG_ARRIVED_A,01b49c00
190626064017,SOLO_FAIL,01b49c00
190626064028,TAG_DEPARTED_A,01b49c00
190626064032,TAG_ARRIVED_B,01b57900
190626064032,SOLO_FAIL,01b57900
190626064034,ENDCOOP_FAIL,01b57900_
190626064034,TAG_DEPARTED_B,01b57900
190626064044,LOCKOUT_ENDED,
190626064151,TAG_ARRIVED_B,01016400
190626064151,SOLO_SUCCESS,01016400
190626064157,TAG_DEPARTED_B,01016400
190626064203,TAG_ARRIVED_B,01016400
190626064203,SOLO_SUCCESS,01016400
190626064208,TAG_DEPARTED_B,01016400
190626064209,TAG_ARRIVED_B,01016400
190626064209,SOLO_SUCCESS,01016400
190626064211,TAG_DEPARTED_B,01016400
190626064214,TAG_ARRIVED_B,01016400
190626064214,SOLO_SUCCESS,01016400
190626064234,TAG_DEPARTED_B,01016400
190626064235,TAG_ARRIVED_B,01016400
190626064235,SOLO_SUCCESS,01016400
190626064239,TAG_DEPARTED_B,01016400
190626064239,TAG_ARRIVED_A,01016400
190626064240,SOLO_SUCCESS,01016400
190626064252,TAG_DEPARTED_A,01016400
190626064451,TAG_ARRIVED_A,01016400
190626064451,SOLO_SUCCESS,01016400
190626064452,TAG_ARRIVED_A,0101c200
190626064453,SOLO_SUCCESS,0101c200
190626064456,TAG_DEPARTED_A,0101c200
190626064458,TAG_ARRIVED_A,0101c200
190626064459,SOLO_SUCCESS,0101c200
190626064502,TAG_DEPARTED_A,0101c200
190626064505,TAG_ARRIVED_A,0101c200
190626064506,SOLO_SUCCESS,0101c200
190626064508,TAG_DEPARTED_A,0101c200
190626064521,TAG_ARRIVED_A,01050400
190626064522,SOLO_SUCCESS,01050400
190626064524,TAG_DEPARTED_A,01050400
190626064525,TAG_ARRIVED_A,01016400
190626064525,SOLO_SUCCESS,01016400
190626064529,TAG_DEPARTED_A,01016400
190626064531,TAG_ARRIVED_A,01016400
190626064531,SOLO_SUCCESS,01016400
190626064538,TAG_DEPARTED_A,01016400
190626064558,TAG_ARRIVED_A,01016400
190626064558,SOLO_SUCCESS,01016400
190626064613,TAG_DEPARTED_A,01016400
190626064618,TAG_ARRIVED_A,01050400
190626064619,SOLO_SUCCESS,01050400
190626064624,TAG_DEPARTED_A,01050400
190626064625,TAG_ARRIVED_A,01050400
190626064625,SOLO_SUCCESS,01050400
190626064638,TAG_DEPARTED_A,01050400
190626064716,TAG_ARRIVED_A,01050400
190626064717,SOLO_SUCCESS,01050400
190626064724,TAG_DEPARTED_A,01050400
190626064739,TAG_ARRIVED_A,01050400
190626064740,SOLO_SUCCESS,01050400
190626064755,TAG_ARRIVED_B,018b0800
190626064756,STARTCOOP_SUCCESS,01050400_018b0800
190626064757,ENDCOOP_SUCCESS,018b0800_01050400
190626064757,TAG_DEPARTED_B,018b0800
190626064800,TAG_DEPARTED_A,01050400
190626065000,TAG_ARRIVED_B,0102ae00
190626065001,SOLO_SUCCESS,0102ae00
190626065003,TAG_DEPARTED_B,0102ae00
190626065008,TAG_ARRIVED_B,0102ae00
190626065008,SOLO_SUCCESS,0102ae00
190626065010,TAG_DEPARTED_B,0102ae00
190626065035,TAG_ARRIVED_A,0102ae00
190626065035,SOLO_SUCCESS,0102ae00
190626065040,TAG_DEPARTED_A,0102ae00
190626065040,TAG_ARRIVED_A,0102ae00
190626065041,SOLO_SUCCESS,0102ae00
190626065043,TAG_DEPARTED_A,0102ae00
190626065055,TAG_ARRIVED_A,0102ae00
190626065055,SOLO_SUCCESS,0102ae00
190626065105,TAG_DEPARTED_A,0102ae00
190626065106,TAG_ARRIVED_A,0102ae00
190626065106,SOLO_SUCCESS,0102ae00
190626065108,TAG_DEPARTED_A,0102ae00
190626065115,TAG_ARRIVED_A,0102ae00
190626065115,SOLO_SUCCESS,0102ae00
190626065119,TAG_DEPARTED_A,0102ae00
190626065119,TAG_ARRIVED_A,0102ae00
190626065120,SOLO_SUCCESS,0102ae00
190626065131,TAG_DEPARTED_A,0102ae00
190626065132,TAG_ARRIVED_A,0102ae00
190626065132,SOLO_SUCCESS,0102ae00
190626065134,TAG_ARRIVED_B,0102ee00
190626065135,STARTCOOP_FAIL,0102ae00_0102ee00
190626065136,TAG_DEPARTED_A,0102ae00
190626065138,TAG_ARRIVED_A,0102ae00
190626065138,STARTCOOP_FAIL,0102ee00_0102ae00
190626065139,ENDCOOP_FAIL,0102ee00_0102ae00
190626065139,TAG_DEPARTED_B,0102ee00
190626065140,TAG_ARRIVED_B,0102ee00
190626065141,STARTCOOP_FAIL,0102ae00_0102ee00
190626065142,ENDCOOP_FAIL,0102ee00_0102ae00
190626065142,TAG_DEPARTED_B,0102ee00
190626065143,TAG_ARRIVED_A,0102ee00
190626065144,SOLO_FAIL,0102ee00
190626065146,TAG_ARRIVED_B,01043c00
190626065147,STARTCOOP_SUCCESS,0102ee00_01043c00
190626065148,ENDCOOP_SUCCESS,01043c00_0102ee00
190626065149,TAG_DEPARTED_B,01043c00
190626065149,TAG_ARRIVED_B,01043c00
190626065150,STARTCOOP_SUCCESS,0102ee00_01043c00
190626065151,ENDCOOP_SUCCESS,01043c00_0102ee00
190626065151,TAG_DEPARTED_B,01043c00
190626065154,TAG_DEPARTED_A,0102ee00
190626065206,TAG_ARRIVED_B,01043c00
190626065207,SOLO_FAIL,01043c00
190626065210,ENDCOOP_FAIL,01043c00_
190626065211,TAG_DEPARTED_B,01043c00
190626065214,TAG_ARRIVED_B,0102ee00
190626065215,SOLO_FAIL,0102ee00
190626065218,TAG_ARRIVED_A,01043c00
190626065219,STARTCOOP_SUCCESS,0102ee00_01043c00
190626065219,ENDCOOP_SUCCESS,0102ee00_01043c00
190626065220,TAG_DEPARTED_B,0102ee00
190626065221,TAG_DEPARTED_A,01043c00
190626065222,TAG_ARRIVED_A,01043c00
190626065223,SOLO_FAIL,01043c00
190626065226,TAG_DEPARTED_A,01043c00
190626065228,TAG_ARRIVED_B,0102ee00
190626065229,SOLO_FAIL,0102ee00
190626065240,ENDCOOP_FAIL,0102ee00_
190626065241,TAG_DEPARTED_B,0102ee00
190626065241,TAG_ARRIVED_B,0102ee00
190626065242,SOLO_FAIL,0102ee00
190626065317,ENDCOOP_FAIL,0102ee00_
190626065317,TAG_DEPARTED_B,0102ee00
190626065319,TAG_ARRIVED_A,0101c200
190626065320,SOLO_FAIL,0101c200
190626065329,TAG_DEPARTED_A,0101c200
190626065332,TAG_ARRIVED_A,0101c200
190626065333,SOLO_FAIL,0101c200
190626065335,TAG_DEPARTED_A,0101c200
190626065341,LOCKOUT_ENDED,
190626065343,TAG_ARRIVED_B,01d41b00
190626065344,SOLO_SUCCESS,01d41b00
190626065345,TAG_DEPARTED_B,01d41b00
190626065407,TAG_ARRIVED_B,01d41b00
190626065408,SOLO_SUCCESS,01d41b00
190626065413,TAG_ARRIVED_B,0101c200
190626065414,SOLO_SUCCESS,0101c200
190626065415,TAG_DEPARTED_B,0101c200
190626065417,TAG_ARRIVED_B,0101c200
190626065418,SOLO_SUCCESS,0101c200
190626065432,TAG_DEPARTED_B,0101c200
190626065441,TAG_ARRIVED_B,01043c00
190626065442,SOLO_SUCCESS,01043c00
190626065443,TAG_DEPARTED_B,01043c00
190626065522,TAG_ARRIVED_B,01d41b00
190626065523,SOLO_SUCCESS,01d41b00
190626065525,TAG_DEPARTED_B,01d41b00
190626065733,TAG_ARRIVED_A,01d41b00
190626065734,SOLO_SUCCESS,01d41b00
190626065742,TAG_ARRIVED_A,0101c200
190626065743,SOLO_SUCCESS,0101c200
190626065754,TAG_DEPARTED_A,0101c200
190626065818,TAG_ARRIVED_A,0101c200
190626065819,SOLO_SUCCESS,0101c200
190626065821,TAG_DEPARTED_A,0101c200
190626065824,TAG_ARRIVED_A,0101c200
190626065825,SOLO_SUCCESS,0101c200
190626065855,TAG_DEPARTED_A,0101c200
190626065904,TAG_ARRIVED_A,01b57900
190626065904,SOLO_SUCCESS,01b57900
190626065908,TAG_DEPARTED_A,01b57900
190626065932,TAG_ARRIVED_A,01b57900
190626065932,SOLO_SUCCESS,01b57900
190626065938,TAG_DEPARTED_A,01b57900
190626065939,TAG_ARRIVED_A,01b57900
190626065939,SOLO_SUCCESS,01b57900
190626065959,TAG_DEPARTED_A,01b57900
190626071110,TAG_ARRIVED_B,01016400
190626071110,SOLO_SUCCESS,01016400
190626071113,TAG_DEPARTED_B,01016400
190626071116,TAG_ARRIVED_B,01016400
190626071116,SOLO_SUCCESS,01016400
190626071124,TAG_DEPARTED_B,01016400
190626071125,TAG_ARRIVED_B,01016400
190626071125,SOLO_SUCCESS,01016400
190626071127,TAG_DEPARTED_B,01016400
190626071136,TAG_ARRIVED_B,01016400
190626071136,SOLO_SUCCESS,01016400
190626071144,TAG_DEPARTED_B,01016400
190626071146,TAG_ARRIVED_B,01016400
190626071147,SOLO_SUCCESS,01016400
190626071149,TAG_DEPARTED_B,01016400
190626071204,TAG_ARRIVED_B,01016400
190626071204,SOLO_SUCCESS,01016400
190626071210,TAG_DEPARTED_B,01016400
190626071215,TAG_ARRIVED_B,01016400
190626071215,SOLO_SUCCESS,01016400
190626071218,TAG_DEPARTED_B,01016400
190626071334,TAG_ARRIVED_B,0102ee00
190626071335,SOLO_SUCCESS,0102ee00
190626071336,TAG_DEPARTED_B,0102ee00
190626071346,TAG_ARRIVED_B,0102ee00
190626071347,SOLO_SUCCESS,0102ee00
190626071350,TAG_ARRIVED_A,0102ee00
190626071351,SOLO_SUCCESS,0102ee00
190626071351,TAG_DEPARTED_B,0102ee00
190626071405,TAG_DEPARTED_A,0102ee00
190626071410,TAG_ARRIVED_B,0102ee00
190626071411,SOLO_SUCCESS,0102ee00
190626071415,TAG_ARRIVED_A,01050400
190626071415,STARTCOOP_FAIL,0102ee00_01050400
190626071429,TAG_DEPARTED_A,01050400
190626071433,ENDCOOP_FAIL,0102ee00_
190626071433,TAG_DEPARTED_B,0102ee00
190626071519,TAG_ARRIVED_B,01df6400
190626071520,SOLO_FAIL,01df6400
190626071521,ENDCOOP_FAIL,01df6400_
190626071522,TAG_DEPARTED_B,01df6400
190626071556,TAG_ARRIVED_A,01050400
190626071557,SOLO_FAIL,01050400
190626071606,TAG_DEPARTED_A,01050400
190626071616,LOCKOUT_ENDED,
190626071630,TAG_ARRIVED_A,01df6400
190626071631,SOLO_SUCCESS,01df6400
190626071634,TAG_DEPARTED_A,01df6400
190626071736,TAG_ARRIVED_A,01df6400
190626071737,SOLO_SUCCESS,01df6400
190626071738,TAG_DEPARTED_A,01df6400
190626071741,TAG_ARRIVED_A,01df6400
190626071742,SOLO_SUCCESS,01df6400
190626071747,TAG_DEPARTED_A,01df6400
190626071748,TAG_ARRIVED_A,01df6400
190626071748,SOLO_SUCCESS,01df6400
190626071750,TAG_DEPARTED_A,01df6400
190626071810,TAG_ARRIVED_A,01021800
190626071810,SOLO_SUCCESS,01021800
190626071812,TAG_DEPARTED_A,01021800
190626072238,TAG_ARRIVED_A,01050400
190626072239,SOLO_SUCCESS,01050400
190626072240,TAG_DEPARTED_A,01050400
190626072243,TAG_ARRIVED_A,01050400
190626072244,SOLO_SUCCESS,01050400
190626072249,TAG_DEPARTED_A,01050400
190626072351,TAG_ARRIVED_B,01045c00
190626072352,SOLO_SUCCESS,01045c00
190626072353,TAG_DEPARTED_B,01045c00
190626072700,TAG_ARRIVED_B,01021800
190626072700,SOLO_SUCCESS,01021800
190626072713,TAG_DEPARTED_B,01021800
190626072715,TAG_ARRIVED_B,01016400
190626072716,SOLO_SUCCESS,01016400
190626072717,TAG_DEPARTED_B,01016400
190626072724,TAG_ARRIVED_B,01d41b00
190626072725,SOLO_SUCCESS,01d41b00
190626072727,TAG_DEPARTED_B,01d41b00
190626072740,TAG_ARRIVED_B,01021800
190626072741,SOLO_SUCCESS,01021800
190626072745,TAG_DEPARTED_B,01021800
190626072745,TAG_ARRIVED_B,0102ee00
190626072746,SOLO_SUCCESS,0102ee00
190626072747,TAG_DEPARTED_B,0102ee00
190626072756,TAG_ARRIVED_A,01021800
190626072757,SOLO_SUCCESS,01021800
190626072758,TAG_DEPARTED_A,01021800
190626072829,TAG_ARRIVED_B,01021800
190626072830,SOLO_SUCCESS,01021800
190626072844,TAG_ARRIVED_B,0102ee00
190626072844,SOLO_SUCCESS,0102ee00
190626072851,TAG_DEPARTED_B,0102ee00
190626073426,TAG_ARRIVED_B,0102ee00
190626073427,SOLO_SUCCESS,0102ee00
190626073429,TAG_DEPARTED_B,0102ee00
190626073436,TAG_ARRIVED_A,0102ae00
190626073436,SOLO_SUCCESS,0102ae00
190626073438,TAG_DEPARTED_A,0102ae00
190626073449,TAG_ARRIVED_A,0102ae00
190626073450,SOLO_SUCCESS,0102ae00
190626073452,TAG_DEPARTED_A,0102ae00
190626073457,TAG_ARRIVED_B,0102ee00
190626073458,SOLO_SUCCESS,0102ee00
190626073459,TAG_ARRIVED_A,0102ae00
190626073500,STARTCOOP_FAIL,0102ee00_0102ae00
190626073500,ENDCOOP_FAIL,0102ee00_0102ae00
190626073500,TAG_DEPARTED_B,0102ee00
190626073505,TAG_DEPARTED_A,0102ae00
190626073540,TAG_ARRIVED_A,01043c00
190626073540,SOLO_FAIL,01043c00
190626073551,TAG_DEPARTED_A,01043c00
190626073553,TAG_ARRIVED_A,01043c00
190626073554,SOLO_FAIL,01043c00
190626073607,TAG_ARRIVED_A,0102ee00
190626073608,SOLO_FAIL,0102ee00
190626073609,TAG_DEPARTED_A,0102ee00
190626073624,TAG_ARRIVED_B,0102ee00
190626073625,SOLO_FAIL,0102ee00
190626073627,ENDCOOP_FAIL,0102ee00_
190626073628,TAG_DEPARTED_B,0102ee00
190626073643,TAG_ARRIVED_A,0102ee00
190626073644,SOLO_FAIL,0102ee00
190626073646,TAG_DEPARTED_A,0102ee00
190626073650,TAG_ARRIVED_B,0101c200
190626073650,SOLO_FAIL,0101c200
190626073653,ENDCOOP_FAIL,0101c200_
190626073653,TAG_DEPARTED_B,0101c200
190626073659,LOCKOUT_ENDED,
190626073705,TAG_ARRIVED_B,0101c200
190626073706,SOLO_SUCCESS,0101c200
190626073708,TAG_DEPARTED_B,0101c200
190626073715,TAG_ARRIVED_B,0101c200
190626073716,SOLO_SUCCESS,0101c200
190626073727,TAG_DEPARTED_B,0101c200
190626073733,TAG_ARRIVED_B,0101c200
190626073734,SOLO_SUCCESS,0101c200
190626073737,TAG_DEPARTED_B,0101c200
190626073922,TAG_ARRIVED_A,0101c200
190626073923,SOLO_SUCCESS,0101c200
190626073928,TAG_DEPARTED_A,0101c200
190626073938,TAG_ARRIVED_A,0101c200
190626073939,SOLO_SUCCESS,0101c200
190626073940,TAG_DEPARTED_A,0101c200
190626073947,TAG_ARRIVED_A,0101c200
190626073948,SOLO_SUCCESS,0101c200
190626073949,TAG_DEPARTED_A,0101c200
190626073955,TAG_ARRIVED_A,0101c200
190626073956,SOLO_SUCCESS,0101c200
190626073957,TAG_DEPARTED_A,0101c200
190626073957,TAG_ARRIVED_A,0101c200
190626073958,SOLO_SUCCESS,0101c200
190626073959,TAG_DEPARTED_A,0101c200
190626074004,TAG_ARRIVED_A,0101c200
190626074004,SOLO_SUCCESS,0101c200
190626074006,TAG_DEPARTED_A,0101c200
190626074015,TAG_ARRIVED_A,0101c200
190626074016,SOLO_SUCCESS,0101c200
190626074029,TAG_DEPARTED_A,0101c200
190626074030,TAG_ARRIVED_A,0101c200
190626074031,SOLO_SUCCESS,0101c200
190626074035,TAG_DEPARTED_A,0101c200
190626074037,TAG_ARRIVED_A,0101c200
190626074038,SOLO_SUCCESS,0101c200
190626074040,TAG_DEPARTED_A,0101c200
190626074042,TAG_ARRIVED_A,0101c200
190626074043,SOLO_SUCCESS,0101c200
190626074044,TAG_DEPARTED_A,0101c200
190626074052,TAG_ARRIVED_A,0101c200
190626074052,SOLO_SUCCESS,0101c200
190626074054,TAG_DEPARTED_A,0101c200
190626074055,TAG_ARRIVED_A,0101c200
190626074056,SOLO_SUCCESS,0101c200
190626074057,TAG_DEPARTED_A,0101c200
190626074057,TAG_ARRIVED_A,0101c200
190626074058,SOLO_SUCCESS,0101c200
190626074102,TAG_DEPARTED_A,0101c200
190626074103,TAG_ARRIVED_A,0101c200
190626074104,SOLO_SUCCESS,0101c200
190626074106,TAG_DEPARTED_A,0101c200
190626074107,TAG_ARRIVED_A,0101c200
190626074108,SOLO_SUCCESS,0101c200
190626074109,TAG_ARRIVED_A,0102ee00
190626074110,SOLO_SUCCESS,0102ee00
190626074111,TAG_DEPARTED_A,0102ee00
190626074236,TAG_ARRIVED_A,0102ee00
190626074237,SOLO_SUCCESS,0102ee00
190626074238,TAG_DEPARTED_A,0102ee00
190626074244,TAG_ARRIVED_A,0102ee00
190626074244,SOLO_SUCCESS,0102ee00
190626074248,TAG_DEPARTED_A,0102ee00
190626074258,TAG_ARRIVED_A,0101c200
190626074259,SOLO_SUCCESS,0101c200
190626074300,TAG_DEPARTED_A,0101c200
190626074316,TAG_ARRIVED_A,0101c200
190626074317,SOLO_SUCCESS,0101c200
190626074324,TAG_DEPARTED_A,0101c200
190626074336,TAG_ARRIVED_A,0101c200
190626074337,SOLO_SUCCESS,0101c200
190626074338,TAG_DEPARTED_A,0101c200
190626074340,TAG_ARRIVED_A,0101c200
190626074341,SOLO_SUCCESS,0101c200
190626074342,TAG_DEPARTED_A,0101c200
190626074349,TAG_ARRIVED_A,0101c200
190626074349,SOLO_SUCCESS,0101c200
190626074351,TAG_DEPARTED_A,0101c200
190626074432,TAG_ARRIVED_B,018b0800
190626074433,SOLO_SUCCESS,018b0800
190626074438,TAG_DEPARTED_B,018b0800
190626074439,TAG_ARRIVED_B,018b0800
190626074440,SOLO_SUCCESS,018b0800
190626074442,TAG_DEPARTED_B,018b0800
190626074622,TAG_ARRIVED_A,018b0800
190626074623,SOLO_SUCCESS,018b0800
190626074624,TAG_DEPARTED_A,018b0800
190626074625,TAG_ARRIVED_A,0102ee00
190626074626,SOLO_SUCCESS,0102ee00
190626074627,TAG_DEPARTED_A,0102ee00
190626074631,TAG_ARRIVED_B,0102ee00
190626074631,SOLO_SUCCESS,0102ee00
190626074633,TAG_DEPARTED_B,0102ee00
190626074648,TAG_ARRIVED_B,0102ee00
190626074649,SOLO_SUCCESS,0102ee00
190626074654,TAG_DEPARTED_B,0102ee00
190626074655,TAG_ARRIVED_A,0102ee00
190626074656,SOLO_SUCCESS,0102ee00
190626074657,TAG_DEPARTED_A,0102ee00
190626074657,TAG_ARRIVED_A,0102ee00
190626074658,SOLO_SUCCESS,0102ee00
190626074701,TAG_DEPARTED_A,0102ee00
190626074719,TAG_ARRIVED_B,01021800
190626074719,SOLO_SUCCESS,01021800
190626074729,TAG_DEPARTED_B,01021800
190626074729,TAG_ARRIVED_B,01021800
190626074730,SOLO_SUCCESS,01021800
190626074751,TAG_DEPARTED_B,01021800
190626074758,TAG_ARRIVED_A,0102ee00
190626074758,SOLO_SUCCESS,0102ee00
190626074800,TAG_DEPARTED_A,0102ee00
190626074801,TAG_ARRIVED_B,0102ee00
190626074802,SOLO_SUCCESS,0102ee00
190626074804,TAG_DEPARTED_B,0102ee00
190626074813,TAG_ARRIVED_A,01021800
190626074814,SOLO_SUCCESS,01021800
190626074816,TAG_ARRIVED_B,0102ee00
190626074817,STARTCOOP_FAIL,01021800_0102ee00
190626074818,ENDCOOP_FAIL,0102ee00_01021800
190626074818,TAG_DEPARTED_B,0102ee00
190626074818,TAG_DEPARTED_A,01021800
190626074828,TAG_ARRIVED_B,0102ee00
190626074829,SOLO_FAIL,0102ee00
190626074836,ENDCOOP_FAIL,0102ee00_
190626074837,TAG_DEPARTED_B,0102ee00
190626074838,TAG_ARRIVED_A,0102ee00
190626074839,SOLO_FAIL,0102ee00
190626074843,TAG_DEPARTED_A,0102ee00
190626074846,TAG_ARRIVED_A,0102ee00
190626074847,SOLO_FAIL,0102ee00
190626074848,TAG_DEPARTED_A,0102ee00
190626075016,LOCKOUT_ENDED,
190626075042,TAG_ARRIVED_A,01016400
190626075043,SOLO_SUCCESS,01016400
190626075051,TAG_ARRIVED_B,01d41b00
190626075052,STARTCOOP_FAIL,01016400_01d41b00
190626075053,TAG_DEPARTED_A,01016400
190626075057,ENDCOOP_FAIL,01d41b00_
190626075057,TAG_DEPARTED_B,01d41b00
190626075058,TAG_ARRIVED_B,01d41b00
190626075059,SOLO_FAIL,01d41b00
190626075101,ENDCOOP_FAIL,01d41b00_
190626075101,TAG_DEPARTED_B,01d41b00
190626075102,TAG_ARRIVED_A,01d41b00
190626075103,SOLO_FAIL,01d41b00
190626075104,TAG_DEPARTED_A,01d41b00
190626075109,TAG_ARRIVED_A,01d41b00
190626075110,SOLO_FAIL,01d41b00
190626075111,TAG_DEPARTED_A,01d41b00
190626075121,TAG_ARRIVED_A,01d41b00
190626075122,SOLO_FAIL,01d41b00
190626075122,TAG_ARRIVED_B,01021800
190626075123,STARTCOOP_FAIL,01d41b00_01021800
190626075125,TAG_DEPARTED_A,01d41b00
190626075141,TAG_ARRIVED_A,01d41b00
190626075142,STARTCOOP_FAIL,01021800_01d41b00
190626075143,TAG_DEPARTED_A,01d41b00
190626075202,ENDCOOP_FAIL,01021800_
190626075202,TAG_DEPARTED_B,01021800
190626075342,LOCKOUT_ENDED,
190626075726,TAG_ARRIVED_A,0101c200
190626075727,SOLO_SUCCESS,0101c200
190626075734,TAG_DEPARTED_A,0101c200
190626075749,TAG_ARRIVED_B,0101c200
190626075750,SOLO_SUCCESS,0101c200
190626075751,TAG_DEPARTED_B,0101c200
190626075756,TAG_ARRIVED_A,0101c200
190626075757,SOLO_SUCCESS,0101c200
190626075759,TAG_DEPARTED_A,0101c200
190626075804,TAG_ARRIVED_A,0101c200
190626075805,SOLO_SUCCESS,0101c200
190626075817,TAG_DEPARTED_A,0101c200
190626075817,TAG_ARRIVED_B,0101c200
190626075818,SOLO_SUCCESS,0101c200
190626075819,TAG_ARRIVED_A,01c4ca00
190626075819,STARTCOOP_SUCCESS,0101c200_01c4ca00
190626075820,ENDCOOP_SUCCESS,0101c200_01c4ca00
190626075820,TAG_DEPARTED_B,0101c200
190626075820,TAG_ARRIVED_B,0101c200
190626075821,STARTCOOP_SUCCESS,01c4ca00_0101c200
190626075821,TAG_DEPARTED_A,01c4ca00
190626075822,TAG_ARRIVED_A,01c4ca00
190626075823,STARTCOOP_SUCCESS,0101c200_01c4ca00
190626075823,ENDCOOP_SUCCESS,0101c200_01c4ca00
190626075824,TAG_DEPARTED_B,0101c200
190626075832,TAG_ARRIVED_B,0101c200
190626075833,STARTCOOP_SUCCESS,01c4ca00_0101c200
190626075836,TAG_DEPARTED_A,01c4ca00
190626075836,ENDCOOP_SUCCESS,0101c200_
190626075836,TAG_DEPARTED_B,0101c200
190626075836,TAG_ARRIVED_A,01c4ca00
190626075837,SOLO_SUCCESS,01c4ca00
190626075838,TAG_ARRIVED_A,0101c200
190626075839,SOLO_SUCCESS,0101c200
190626075842,TAG_DEPARTED_A,0101c200
190626075842,TAG_ARRIVED_A,0101c200
190626075843,SOLO_SUCCESS,0101c200
190626075844,TAG_ARRIVED_A,01050400
190626075845,SOLO_SUCCESS,01050400
190626075849,TAG_ARRIVED_B,0101c200
190626075850,STARTCOOP_FAIL,01050400_0101c200
190626075853,TAG_DEPARTED_A,01050400
190626075855,ENDCOOP_FAIL,0101c200_
190626075855,TAG_DEPARTED_B,0101c200
190626075910,TAG_ARRIVED_A,01050400
190626075910,SOLO_FAIL,01050400
190626075913,TAG_DEPARTED_A,01050400
190626075927,TAG_ARRIVED_A,01050400
190626075928,SOLO_FAIL,01050400
190626075931,TAG_DEPARTED_A,01050400
190626075932,TAG_ARRIVED_B,01050400
190626075932,SOLO_FAIL,01050400
190626075936,TAG_ARRIVED_A,01c4ca00
190626075937,STARTCOOP_FAIL,01050400_01c4ca00
190626075938,ENDCOOP_FAIL,01050400_01c4ca00
190626075939,TAG_DEPARTED_B,01050400
190626075939,TAG_ARRIVED_B,01050400
190626075940,STARTCOOP_FAIL,01c4ca00_01050400
190626075943,ENDCOOP_FAIL,01050400_01c4ca00
190626075943,TAG_DEPARTED_B,01050400
190626075945,TAG_ARRIVED_B,01050400
190626075946,STARTCOOP_FAIL,01c4ca00_01050400
190626075949,ENDCOOP_FAIL,01050400_01c4ca00
190626075949,TAG_DEPARTED_B,01050400
190626075950,TAG_DEPARTED_A,01c4ca00
190626075951,TAG_ARRIVED_B,01c4ca00
190626075952,SOLO_FAIL,01c4ca00
190626075957,ENDCOOP_FAIL,01c4ca00_
190626075958,TAG_DEPARTED_B,01c4ca00
190626075958,TAG_ARRIVED_B,01c4ca00
190626075959,SOLO_FAIL,01c4ca00
190626080014,ENDCOOP_FAIL,01c4ca00_
190626080014,TAG_DEPARTED_B,01c4ca00
190626080015,TAG_ARRIVED_A,01c4ca00
190626080016,SOLO_FAIL,01c4ca00
190626080018,TAG_DEPARTED_A,01c4ca00
190626080146,LOCKOUT_ENDED,
190626080223,TAG_ARRIVED_A,01c4ca00
190626080224,SOLO_SUCCESS,01c4ca00
190626080240,TAG_DEPARTED_A,01c4ca00
190626080309,TAG_ARRIVED_A,01016400
190626080309,SOLO_SUCCESS,01016400
190626080338,TAG_DEPARTED_A,01016400
190626080339,TAG_ARRIVED_A,01016400
190626080339,SOLO_SUCCESS,01016400
190626080356,TAG_DEPARTED_A,01016400
190626080401,TAG_ARRIVED_A,01016400
190626080402,SOLO_SUCCESS,01016400
190626080407,TAG_DEPARTED_A,01016400
190626080423,TAG_ARRIVED_B,07991800
190626080423,SOLO_SUCCESS,07991800
190626080429,TAG_DEPARTED_B,07991800
190626080451,TAG_ARRIVED_B,07991800
190626080452,SOLO_SUCCESS,07991800
190626080454,TAG_DEPARTED_B,07991800
190626080501,TAG_ARRIVED_B,01c4ca00
190626080501,SOLO_SUCCESS,01c4ca00
190626080510,TAG_DEPARTED_B,01c4ca00
190626080512,TAG_ARRIVED_B,01c4ca00
190626080513,SOLO_SUCCESS,01c4ca00
190626080520,TAG_DEPARTED_B,01c4ca00
190626080524,TAG_ARRIVED_B,01c4ca00
190626080525,SOLO_SUCCESS,01c4ca00
190626080530,TAG_DEPARTED_B,01c4ca00
190626080740,TAG_ARRIVED_B,07991800
190626080740,SOLO_SUCCESS,07991800
190626080742,TAG_DEPARTED_B,07991800
190626080755,TAG_ARRIVED_B,07991800
190626080756,SOLO_SUCCESS,07991800
190626080800,TAG_DEPARTED_B,07991800
190626080806,TAG_ARRIVED_B,07991800
190626080806,SOLO_SUCCESS,07991800
190626080808,TAG_DEPARTED_B,07991800
190626081020,TAG_ARRIVED_B,0101c200
190626081021,SOLO_SUCCESS,0101c200
190626081021,TAG_ARRIVED_A,0101c200
190626081022,SOLO_SUCCESS,0101c200
190626081022,TAG_DEPARTED_B,0101c200
190626081025,TAG_DEPARTED_A,0101c200
190626081025,TAG_ARRIVED_A,0101c200
190626081026,SOLO_SUCCESS,0101c200
190626081027,TAG_DEPARTED_A,0101c200
190626081029,TAG_ARRIVED_A,0101c200
190626081030,SOLO_SUCCESS,0101c200
190626081031,TAG_DEPARTED_A,0101c200
190626081038,TAG_ARRIVED_B,0101c200
190626081039,SOLO_SUCCESS,0101c200
190626081043,TAG_DEPARTED_B,0101c200
190626081043,TAG_ARRIVED_A,0101c200
190626081044,SOLO_SUCCESS,0101c200
190626081057,TAG_DEPARTED_A,0101c200
190626081059,TAG_ARRIVED_A,0101c200
190626081100,SOLO_SUCCESS,0101c200
190626081101,TAG_ARRIVED_B,0101c200
190626081101,SOLO_SUCCESS,0101c200
190626081102,TAG_DEPARTED_A,0101c200
190626081104,TAG_DEPARTED_B,0101c200
190626081109,TAG_ARRIVED_B,0101c200
190626081110,SOLO_SUCCESS,0101c200
190626081111,TAG_DEPARTED_B,0101c200
190626081114,TAG_ARRIVED_B,0101c200
190626081115,SOLO_SUCCESS,0101c200
190626081118,TAG_DEPARTED_B,0101c200
190626081125,TAG_ARRIVED_B,0101c200
190626081126,SOLO_SUCCESS,0101c200
190626081130,TAG_DEPARTED_B,0101c200
190626081132,TAG_ARRIVED_B,0101c200
190626081133,SOLO_SUCCESS,0101c200
190626081134,TAG_DEPARTED_B,0101c200
190626081140,TAG_ARRIVED_B,0101c200
190626081140,SOLO_SUCCESS,0101c200
190626081143,TAG_DEPARTED_B,0101c200
190626081154,TAG_ARRIVED_B,0101c200
190626081155,SOLO_SUCCESS,0101c200
190626081200,TAG_DEPARTED_B,0101c200
190626081216,TAG_ARRIVED_B,0101c200
190626081217,SOLO_SUCCESS,0101c200
190626081218,TAG_DEPARTED_B,0101c200
190626081218,TAG_ARRIVED_B,0101c200
190626081219,SOLO_SUCCESS,0101c200
190626081222,TAG_DEPARTED_B,0101c200
190626081224,TAG_ARRIVED_B,0101c200
190626081225,SOLO_SUCCESS,0101c200
190626081236,TAG_DEPARTED_B,0101c200
190626081240,TAG_ARRIVED_A,0101c200
190626081241,SOLO_SUCCESS,0101c200
190626081246,TAG_DEPARTED_A,0101c200
190626081258,TAG_ARRIVED_A,0101c200
190626081259,SOLO_SUCCESS,0101c200
190626081302,TAG_DEPARTED_A,0101c200
190626081336,TAG_ARRIVED_A,0101c200
190626081337,SOLO_SUCCESS,0101c200
190626081339,TAG_DEPARTED_A,0101c200
190626081343,TAG_ARRIVED_A,0101c200
190626081344,SOLO_SUCCESS,0101c200
190626081345,TAG_DEPARTED_A,0101c200
190626081359,TAG_ARRIVED_A,0101c200
190626081400,SOLO_SUCCESS,0101c200
190626081411,TAG_DEPARTED_A,0101c200
190626081412,TAG_ARRIVED_A,0101c200
190626081413,SOLO_SUCCESS,0101c200
190626081416,TAG_DEPARTED_A,0101c200
190626081417,TAG_ARRIVED_A,0101c200
190626081418,SOLO_SUCCESS,0101c200
190626081423,TAG_DEPARTED_A,0101c200
190626081430,TAG_ARRIVED_A,0101c200
190626081431,SOLO_SUCCESS,0101c200
190626081432,TAG_DEPARTED_A,0101c200
190626081439,TAG_ARRIVED_A,0101c200
190626081440,SOLO_SUCCESS,0101c200
190626081442,TAG_DEPARTED_A,0101c200
190626081550,TAG_ARRIVED_B,01753200
190626081551,SOLO_SUCCESS,01753200
190626081557,TAG_DEPARTED_B,01753200
190626081558,TAG_ARRIVED_B,01753200
190626081559,SOLO_SUCCESS,01753200
190626081604,TAG_DEPARTED_B,01753200
190626082030,TAG_ARRIVED_B,0101c200
190626082031,SOLO_SUCCESS,0101c200
190626082034,TAG_DEPARTED_B,0101c200
190626082036,TAG_ARRIVED_B,0101c200
190626082037,SOLO_SUCCESS,0101c200
190626082043,TAG_DEPARTED_B,0101c200
190626082044,TAG_ARRIVED_B,0101c200
190626082045,SOLO_SUCCESS,0101c200
190626082048,TAG_DEPARTED_B,0101c200
190626082048,TAG_ARRIVED_B,0101c200
190626082049,SOLO_SUCCESS,0101c200
190626082052,TAG_DEPARTED_B,0101c200
190626082053,TAG_ARRIVED_B,0101c200
190626082054,SOLO_SUCCESS,0101c200
190626082055,TAG_DEPARTED_B,0101c200
190626082110,TAG_ARRIVED_B,0101c200
190626082111,SOLO_SUCCESS,0101c200
190626082112,TAG_DEPARTED_B,0101c200
190626082125,TAG_ARRIVED_B,0101c200
190626082126,SOLO_SUCCESS,0101c200
190626082129,TAG_DEPARTED_B,0101c200
190626082130,TAG_ARRIVED_B,0101c200
190626082131,SOLO_SUCCESS,0101c200
190626082132,TAG_DEPARTED_B,0101c200
190626082143,TAG_ARRIVED_B,0101c200
190626082144,SOLO_SUCCESS,0101c200
190626082149,TAG_DEPARTED_B,0101c200
190626082201,TAG_ARRIVED_B,0101c200
190626082202,SOLO_SUCCESS,0101c200
190626082204,TAG_DEPARTED_B,0101c200
190626082210,TAG_ARRIVED_B,0101c200
190626082211,SOLO_SUCCESS,0101c200
190626082213,TAG_DEPARTED_B,0101c200
190626082214,TAG_ARRIVED_B,0101c200
190626082215,SOLO_SUCCESS,0101c200
190626082219,TAG_DEPARTED_B,0101c200
190626082220,TAG_ARRIVED_B,0101c200
190626082221,SOLO_SUCCESS,0101c200
190626082226,TAG_DEPARTED_B,0101c200
190626082233,TAG_ARRIVED_B,0101c200
190626082234,SOLO_SUCCESS,0101c200
190626082236,TAG_DEPARTED_B,0101c200
190626082237,TAG_ARRIVED_B,0101c200
190626082238,SOLO_SUCCESS,0101c200
190626082241,TAG_DEPARTED_B,0101c200
190626082246,TAG_ARRIVED_B,0101c200
190626082247,SOLO_SUCCESS,0101c200
190626082249,TAG_DEPARTED_B,0101c200
190626082258,TAG_ARRIVED_B,0101c200
190626082259,SOLO_SUCCESS,0101c200
190626082300,TAG_DEPARTED_B,0101c200
190626082314,TAG_ARRIVED_B,0101c200
190626082315,SOLO_SUCCESS,0101c200
190626082319,TAG_DEPARTED_B,0101c200
190626082329,TAG_ARRIVED_B,01fe7600
190626082330,SOLO_SUCCESS,01fe7600
190626082332,TAG_DEPARTED_B,01fe7600
190626082345,TAG_ARRIVED_B,0101c200
190626082346,SOLO_SUCCESS,0101c200
190626082347,TAG_DEPARTED_B,0101c200
190626082354,TAG_ARRIVED_A,01048700
190626082355,SOLO_SUCCESS,01048700
190626082358,TAG_ARRIVED_A,01050400
190626082358,SOLO_SUCCESS,01050400
190626082402,TAG_ARRIVED_B,0101c200
190626082403,STARTCOOP_FAIL,01050400_0101c200
190626082404,ENDCOOP_FAIL,0101c200_01050400
190626082404,TAG_DEPARTED_B,0101c200
190626082404,TAG_ARRIVED_B,0101c200
190626082405,STARTCOOP_FAIL,01050400_0101c200
190626082406,ENDCOOP_FAIL,0101c200_01050400
190626082406,TAG_DEPARTED_B,0101c200
190626082408,TAG_ARRIVED_B,0101c200
190626082409,STARTCOOP_FAIL,01050400_0101c200
190626082410,ENDCOOP_FAIL,0101c200_01050400
190626082410,TAG_DEPARTED_B,0101c200
190626082413,TAG_DEPARTED_A,01050400
190626082413,TAG_ARRIVED_A,01050400
190626082414,SOLO_FAIL,01050400
190626082418,TAG_DEPARTED_A,01050400
190626082419,TAG_ARRIVED_A,01050400
190626082419,SOLO_FAIL,01050400
190626082424,TAG_ARRIVED_B,0101c200
190626082425,STARTCOOP_FAIL,01050400_0101c200
190626082426,ENDCOOP_FAIL,0101c200_01050400
190626082426,TAG_DEPARTED_B,0101c200
190626082429,TAG_DEPARTED_A,01050400
190626082433,TAG_ARRIVED_A,01050400
190626082434,SOLO_FAIL,01050400
190626082434,TAG_ARRIVED_A,0101c200
190626082435,SOLO_FAIL,0101c200
190626082437,TAG_DEPARTED_A,0101c200
190626082439,TAG_ARRIVED_B,0101c200
190626082440,SOLO_FAIL,0101c200
190626082441,ENDCOOP_FAIL,0101c200_
190626082441,TAG_DEPARTED_B,0101c200
190626082442,TAG_ARRIVED_B,0101c200
190626082443,SOLO_FAIL,0101c200
190626082444,ENDCOOP_FAIL,0101c200_
190626082444,TAG_DEPARTED_B,0101c200
190626082446,TAG_ARRIVED_B,0101c200
190626082447,SOLO_FAIL,0101c200
190626082452,ENDCOOP_FAIL,0101c200_
190626082452,TAG_DEPARTED_B,0101c200
190626082456,TAG_ARRIVED_A,01050400
190626082456,SOLO_FAIL,01050400
190626082500,TAG_DEPARTED_A,01050400
190626082506,TAG_ARRIVED_A,01050400
190626082507,SOLO_FAIL,01050400
190626082508,TAG_DEPARTED_A,01050400
190626082514,TAG_ARRIVED_A,01050400
190626082514,SOLO_FAIL,01050400
190626082521,TAG_DEPARTED_A,01050400
190626082535,TAG_ARRIVED_B,0101c200
190626082536,SOLO_FAIL,0101c200
190626082546,ENDCOOP_FAIL,0101c200_
190626082546,TAG_DEPARTED_B,0101c200
190626082547,TAG_ARRIVED_B,0101c200
190626082548,SOLO_FAIL,0101c200
190626082548,ENDCOOP_FAIL,0101c200_
190626082549,TAG_DEPARTED_B,0101c200
190626082551,TAG_ARRIVED_A,0101c200
190626082551,SOLO_FAIL,0101c200
190626082605,TAG_ARRIVED_B,0101c200
190626082606,SOLO_FAIL,0101c200
190626082606,TAG_DEPARTED_A,0101c200
190626082609,ENDCOOP_FAIL,0101c200_
190626082609,TAG_DEPARTED_B,0101c200
190626082610,TAG_ARRIVED_B,0101c200
190626082611,SOLO_FAIL,0101c200
190626082614,ENDCOOP_FAIL,0101c200_
190626082614,TAG_DEPARTED_B,0101c200
190626082615,TAG_ARRIVED_B,0101c200
190626082616,SOLO_FAIL,0101c200
190626082617,ENDCOOP_FAIL,0101c200_
190626082618,TAG_DEPARTED_B,0101c200
190626082621,TAG_ARRIVED_B,0101c200
190626082622,SOLO_FAIL,0101c200
190626082625,LOCKOUT_ENDED,
190626082630,TAG_DEPARTED_B,0101c200
190626082631,TAG_ARRIVED_B,0101c200
190626082632,SOLO_SUCCESS,0101c200
190626082636,TAG_DEPARTED_B,0101c200
190626082637,TAG_ARRIVED_B,0101c200
190626082638,SOLO_SUCCESS,0101c200
190626082646,TAG_DEPARTED_B,0101c200
190626082732,TAG_ARRIVED_A,01045c00
190626082733,SOLO_SUCCESS,01045c00
190626082734,TAG_DEPARTED_A,01045c00
190626082746,TAG_ARRIVED_A,01753200
190626082747,SOLO_SUCCESS,01753200
190626082753,TAG_DEPARTED_A,01753200
190626082802,TAG_ARRIVED_B,01753200
190626082803,SOLO_SUCCESS,01753200
190626082806,TAG_DEPARTED_B,01753200
190626082816,TAG_ARRIVED_B,01753200
190626082817,SOLO_SUCCESS,01753200
190626082827,TAG_DEPARTED_B,01753200
190626082836,TAG_ARRIVED_B,01045c00
190626082837,SOLO_SUCCESS,01045c00
190626082838,TAG_DEPARTED_B,01045c00
190626082840,TAG_ARRIVED_A,01753200
190626082841,SOLO_SUCCESS,01753200
190626082842,TAG_ARRIVED_B,01d41b00
190626082843,STARTCOOP_SUCCESS,01753200_01d41b00
190626082843,TAG_DEPARTED_A,01753200
190626082843,TAG_DEPARTED_B,01d41b00
190626082845,TAG_ARRIVED_A,01d41b00
190626082846,SOLO_SUCCESS,01d41b00
190626082850,TAG_DEPARTED_A,01d41b00
190626082856,TAG_ARRIVED_B,01d41b00
190626082857,SOLO_SUCCESS,01d41b00
190626082858,TAG_DEPARTED_B,01d41b00
190626082903,TAG_ARRIVED_A,01045c00
190626082904,SOLO_SUCCESS,01045c00
190626082905,TAG_ARRIVED_A,01d41b00
190626082906,SOLO_SUCCESS,01d41b00
190626082907,TAG_DEPARTED_A,01d41b00
190626082910,TAG_ARRIVED_A,01d41b00
190626082911,SOLO_SUCCESS,01d41b00
190626082914,TAG_DEPARTED_A,01d41b00
190626082915,TAG_ARRIVED_A,01d41b00
190626082916,SOLO_SUCCESS,01d41b00
190626082917,TAG_DEPARTED_A,01d41b00
190626082924,TAG_ARRIVED_A,01d41b00
190626082925,SOLO_SUCCESS,01d41b00
190626082927,TAG_DEPARTED_A,01d41b00
190626082932,TAG_ARRIVED_A,01d41b00
190626082933,SOLO_SUCCESS,01d41b00
190626082936,TAG_DEPARTED_A,01d41b00
190626082948,TAG_ARRIVED_A,01d41b00
190626082949,SOLO_SUCCESS,01d41b00
190626082950,TAG_DEPARTED_A,01d41b00
190626082951,TAG_ARRIVED_A,01d41b00
190626082952,SOLO_SUCCESS,01d41b00
190626082953,TAG_ARRIVED_B,0140c700
190626082954,STARTCOOP_FAIL,01d41b00_0140c700
190626082955,ENDCOOP_FAIL,0140c700_01d41b00
190626082956,TAG_DEPARTED_B,0140c700
190626082958,TAG_DEPARTED_A,01d41b00
190626083002,TAG_ARRIVED_B,01d41b00
190626083002,SOLO_FAIL,01d41b00
190626083003,TAG_ARRIVED_A,01045c00
190626083004,STARTCOOP_SUCCESS,01d41b00_01045c00
190626083007,TAG_DEPARTED_A,01045c00
190626083019,ENDCOOP_SUCCESS,01d41b00_
190626083019,TAG_DEPARTED_B,01d41b00
190626083019,TAG_ARRIVED_B,01d41b00
190626083020,SOLO_FAIL,01d41b00
190626083023,ENDCOOP_FAIL,01d41b00_
190626083023,TAG_DEPARTED_B,01d41b00
190626083024,TAG_ARRIVED_B,01d41b00
190626083025,SOLO_FAIL,01d41b00
190626083026,ENDCOOP_FAIL,01d41b00_
190626083026,TAG_DEPARTED_B,01d41b00
190626083031,TAG_ARRIVED_A,0140c700
190626083032,SOLO_FAIL,0140c700
190626083032,TAG_ARRIVED_B,0140c700
190626083033,SOLO_FAIL,0140c700
190626083033,TAG_DEPARTED_A,0140c700
190626083034,ENDCOOP_FAIL,0140c700_
190626083034,TAG_DEPARTED_B,0140c700
190626083054,TAG_ARRIVED_B,0140c700
190626083055,SOLO_FAIL,0140c700
190626083058,ENDCOOP_FAIL,0140c700_
190626083058,TAG_DEPARTED_B,0140c700
190626083107,TAG_ARRIVED_B,0140c700
190626083107,SOLO_FAIL,0140c700
190626083112,ENDCOOP_FAIL,0140c700_
190626083112,TAG_DEPARTED_B,0140c700
190626083153,LOCKOUT_ENDED,
190626083341,TAG_ARRIVED_B,0102ee00
190626083342,SOLO_SUCCESS,0102ee00
190626083343,TAG_DEPARTED_B,0102ee00
190626083350,TAG_ARRIVED_A,0102ee00
190626083351,SOLO_SUCCESS,0102ee00
190626083353,TAG_DEPARTED_A,0102ee00
190626083401,TAG_ARRIVED_B,01653700
190626083402,SOLO_SUCCESS,01653700
190626083403,TAG_DEPARTED_B,01653700
190626083407,TAG_ARRIVED_A,0102ee00
190626083408,SOLO_SUCCESS,0102ee00
190626083410,TAG_DEPARTED_A,0102ee00
190626083418,TAG_ARRIVED_A,0102ee00
190626083419,SOLO_SUCCESS,0102ee00
190626083420,TAG_DEPARTED_A,0102ee00
190626083425,TAG_ARRIVED_A,0102ee00
190626083426,SOLO_SUCCESS,0102ee00
190626083427,TAG_DEPARTED_A,0102ee00
190626083450,TAG_ARRIVED_A,01653700
190626083451,SOLO_SUCCESS,01653700
190626083452,TAG_DEPARTED_A,01653700
190626083506,TAG_ARRIVED_A,01653700
190626083507,SOLO_SUCCESS,01653700
190626083509,TAG_DEPARTED_A,01653700
190626083518,TAG_ARRIVED_A,0101c200
190626083518,SOLO_SUCCESS,0101c200
190626083530,TAG_DEPARTED_A,0101c200
190626083532,TAG_ARRIVED_A,0101c200
190626083532,SOLO_SUCCESS,0101c200
190626083534,TAG_DEPARTED_A,0101c200
190626083545,TAG_ARRIVED_B,0101c200
190626083546,SOLO_SUCCESS,0101c200
190626083547,TAG_DEPARTED_B,0101c200
190626083552,TAG_ARRIVED_A,0101c200
190626083553,SOLO_SUCCESS,0101c200
190626083554,TAG_DEPARTED_A,0101c200
190626083554,TAG_ARRIVED_B,01653700
190626083555,SOLO_SUCCESS,01653700
190626083556,TAG_DEPARTED_B,01653700
190626083600,TAG_ARRIVED_A,01653700
190626083601,SOLO_SUCCESS,01653700
190626083606,TAG_ARRIVED_B,0101c200
190626083607,STARTCOOP_SUCCESS,01653700_0101c200
190626083608,TAG_DEPARTED_A,01653700
190626083608,TAG_ARRIVED_A,0102ae00
190626083608,STARTCOOP_FAIL,0101c200_0102ae00
190626083612,ENDCOOP_FAIL,0101c200_0102ae00
190626083612,TAG_DEPARTED_B,0101c200
190626083615,TAG_DEPARTED_A,0102ae00
190626083628,TAG_ARRIVED_A,0102ee00
190626083629,SOLO_FAIL,0102ee00
190626083630,TAG_DEPARTED_A,0102ee00
190626083640,TAG_ARRIVED_B,018feb00
190626083641,SOLO_FAIL,018feb00
190626083643,ENDCOOP_FAIL,018feb00_
190626083643,TAG_DEPARTED_B,018feb00
190626083657,TAG_ARRIVED_B,018feb00
190626083658,SOLO_FAIL,018feb00
190626083701,ENDCOOP_FAIL,018feb00_
190626083701,TAG_DEPARTED_B,018feb00
190626083710,TAG_ARRIVED_B,018feb00
190626083711,SOLO_FAIL,018feb00
190626083717,ENDCOOP_FAIL,018feb00_
190626083718,TAG_DEPARTED_B,018feb00
190626083743,TAG_ARRIVED_A,0102ee00
190626083743,SOLO_FAIL,0102ee00
190626083753,TAG_DEPARTED_A,0102ee00
190626083804,TAG_ARRIVED_B,018feb00
190626083805,SOLO_FAIL,018feb00
190626083806,ENDCOOP_FAIL,018feb00_
190626083806,TAG_DEPARTED_B,018feb00
190626083808,LOCKOUT_ENDED,
190626083958,TAG_ARRIVED_B,0101c200
190626083959,SOLO_SUCCESS,0101c200
190626084000,TAG_DEPARTED_B,0101c200
190626084000,TAG_ARRIVED_B,01050400
190626084001,SOLO_SUCCESS,01050400
190626084004,TAG_DEPARTED_B,01050400
190626084007,TAG_ARRIVED_B,01050400
190626084007,SOLO_SUCCESS,01050400
190626084020,TAG_DEPARTED_B,01050400
190626084022,TAG_ARRIVED_B,0102ae00
190626084022,SOLO_SUCCESS,0102ae00
190626084024,TAG_DEPARTED_B,0102ae00
190626084025,TAG_ARRIVED_B,0102ae00
190626084026,SOLO_SUCCESS,0102ae00
190626084028,TAG_DEPARTED_B,0102ae00
190626084030,TAG_ARRIVED_B,0102ae00
190626084030,SOLO_SUCCESS,0102ae00
190626084032,TAG_DEPARTED_B,0102ae00
190626084035,TAG_ARRIVED_B,0102ae00
190626084035,SOLO_SUCCESS,0102ae00
190626084039,TAG_DEPARTED_B,0102ae00
190626084041,TAG_ARRIVED_B,0102ae00
190626084041,SOLO_SUCCESS,0102ae00
190626084047,TAG_DEPARTED_B,0102ae00
190626084055,TAG_ARRIVED_A,0102ae00
190626084056,SOLO_SUCCESS,0102ae00
190626084101,TAG_DEPARTED_A,0102ae00
190626084103,TAG_ARRIVED_A,0102ae00
190626084104,SOLO_SUCCESS,0102ae00
190626084106,TAG_DEPARTED_A,0102ae00
190626084106,TAG_ARRIVED_A,0102ae00
190626084107,SOLO_SUCCESS,0102ae00
190626084120,TAG_DEPARTED_A,0102ae00
190626084121,TAG_ARRIVED_A,0102ae00
190626084121,SOLO_SUCCESS,0102ae00
190626084129,TAG_DEPARTED_A,0102ae00
190626084135,TAG_ARRIVED_A,0102ae00
190626084136,SOLO_SUCCESS,0102ae00
190626084142,TAG_DEPARTED_A,0102ae00
190626084145,TAG_ARRIVED_A,0102ae00
190626084145,SOLO_SUCCESS,0102ae00
190626084159,TAG_DEPARTED_A,0102ae00
190626084201,TAG_ARRIVED_A,0102ae00
190626084202,SOLO_SUCCESS,0102ae00
190626084211,TAG_ARRIVED_B,01043c00
190626084212,STARTCOOP_FAIL,0102ae00_01043c00
190626084213,ENDCOOP_FAIL,01043c00_0102ae00
190626084213,TAG_DEPARTED_B,01043c00
190626084213,TAG_DEPARTED_A,0102ae00
190626084219,TAG_ARRIVED_A,0102ae00
190626084220,SOLO_FAIL,0102ae00
190626084230,TAG_DEPARTED_A,0102ae00
190626084231,TAG_ARRIVED_A,018feb00
190626084231,SOLO_FAIL,018feb00
190626084232,TAG_ARRIVED_B,01043c00
190626084233,STARTCOOP_FAIL,018feb00_01043c00
190626084233,TAG_DEPARTED_A,018feb00
190626084234,ENDCOOP_FAIL,01043c00_
190626084234,TAG_DEPARTED_B,01043c00
190626084234,TAG_ARRIVED_B,0102ae00
190626084235,SOLO_FAIL,0102ae00
190626084239,TAG_ARRIVED_A,01043c00
190626084240,STARTCOOP_FAIL,0102ae00_01043c00
190626084247,ENDCOOP_FAIL,0102ae00_01043c00
190626084247,TAG_DEPARTED_B,0102ae00
190626084248,TAG_DEPARTED_A,01043c00
190626084303,TAG_ARRIVED_A,01043c00
190626084304,SOLO_FAIL,01043c00
190626084316,TAG_DEPARTED_A,01043c00
190626084331,TAG_ARRIVED_A,01043c00
190626084332,SOLO_FAIL,01043c00
190626084339,TAG_DEPARTED_A,01043c00
190626084401,TAG_ARRIVED_B,0102ee00
190626084402,SOLO_FAIL,0102ee00
190626084405,ENDCOOP_FAIL,0102ee00_
190626084405,TAG_DEPARTED_B,0102ee00
190626084408,TAG_ARRIVED_A,0102ee00
190626084409,SOLO_FAIL,0102ee00
190626084410,TAG_DEPARTED_A,0102ee00
190626084416,TAG_ARRIVED_A,0102ee00
190626084417,SOLO_FAIL,0102ee00
190626084418,TAG_DEPARTED_A,0102ee00
190626084419,TAG_ARRIVED_B,0102ee00
190626084420,SOLO_FAIL,0102ee00
190626084422,ENDCOOP_FAIL,0102ee00_
190626084422,TAG_DEPARTED_B,0102ee00
190626084428,TAG_ARRIVED_A,018feb00
190626084429,SOLO_FAIL,018feb00
190626084432,TAG_DEPARTED_A,018feb00
190626084435,TAG_ARRIVED_A,018feb00
190626084436,SOLO_FAIL,018feb00
190626084440,LOCKOUT_ENDED,
190626084447,TAG_DEPARTED_A,018feb00
190626084448,TAG_ARRIVED_B,0102ee00
190626084449,SOLO_SUCCESS,0102ee00
190626084505,TAG_DEPARTED_B,0102ee00
190626084601,TAG_ARRIVED_A,01c2e300
190626084602,SOLO_SUCCESS,01c2e300
190626084606,TAG_DEPARTED_A,01c2e300
190626084611,TAG_ARRIVED_A,01c2e300
190626084612,SOLO_SUCCESS,01c2e300
190626084614,TAG_DEPARTED_A,01c2e300
190626084615,TAG_ARRIVED_B,01d41b00
190626084616,SOLO_SUCCESS,01d41b00
190626084617,TAG_DEPARTED_B,01d41b00
190626084618,TAG_ARRIVED_B,01d41b00
190626084619,SOLO_SUCCESS,01d41b00
190626084622,TAG_DEPARTED_B,01d41b00
190626084632,TAG_ARRIVED_B,01d41b00
190626084633,SOLO_SUCCESS,01d41b00
190626084635,TAG_DEPARTED_B,01d41b00
190626084637,TAG_ARRIVED_B,01d41b00
190626084638,SOLO_SUCCESS,01d41b00
190626084639,TAG_DEPARTED_B,01d41b00
190626084641,TAG_ARRIVED_B,01d41b00
190626084641,SOLO_SUCCESS,01d41b00
190626084653,TAG_DEPARTED_B,01d41b00
190626084657,TAG_ARRIVED_A,01d41b00
190626084658,SOLO_SUCCESS,01d41b00
190626084701,TAG_DEPARTED_A,01d41b00
190626084707,TAG_ARRIVED_A,01d41b00
190626084708,SOLO_SUCCESS,01d41b00
190626084725,TAG_DEPARTED_A,01d41b00
190626084725,TAG_ARRIVED_A,01d41b00
190626084726,SOLO_SUCCESS,01d41b00
190626084754,TAG_ARRIVED_B,018feb00
190626084755,STARTCOOP_FAIL,01d41b00_018feb00
190626084755,TAG_ARRIVED_A,01c2e300
190626084756,STARTCOOP_FAIL,018feb00_01c2e300
190626084757,ENDCOOP_FAIL,018feb00_01c2e300
190626084757,TAG_DEPARTED_B,018feb00
190626084759,TAG_DEPARTED_A,01c2e300
190626084830,TAG_ARRIVED_A,0101c200
190626084831,SOLO_FAIL,0101c200
190626084834,TAG_ARRIVED_B,01d41b00
190626084835,STARTCOOP_SUCCESS,0101c200_01d41b00
190626084836,TAG_DEPARTED_A,0101c200
190626084839,ENDCOOP_SUCCESS,01d41b00_
190626084839,TAG_DEPARTED_B,01d41b00
190626084844,TAG_ARRIVED_A,01c2e300
190626084844,SOLO_FAIL,01c2e300
190626084848,TAG_DEPARTED_A,01c2e300
190626084852,TAG_ARRIVED_A,01c2e300
190626084853,SOLO_FAIL,01c2e300
190626084854,TAG_DEPARTED_A,01c2e300
190626084857,TAG_ARRIVED_A,01c2e300
190626084858,SOLO_FAIL,01c2e300
190626084859,TAG_DEPARTED_A,01c2e300
190626084907,TAG_ARRIVED_A,01c2e300
190626084908,SOLO_FAIL,01c2e300
190626084909,TAG_DEPARTED_A,01c2e300
190626084911,TAG_ARRIVED_B,01fe7600
190626084911,SOLO_FAIL,01fe7600
190626084913,ENDCOOP_FAIL,01fe7600_
190626084914,TAG_DEPARTED_B,01fe7600
190626084929,TAG_ARRIVED_B,01d41b00
190626084929,SOLO_FAIL,01d41b00
190626084931,ENDCOOP_FAIL,01d41b00_
190626084931,TAG_DEPARTED_B,01d41b00
190626084933,TAG_ARRIVED_B,018b0800
190626084934,SOLO_FAIL,018b0800
190626084936,ENDCOOP_FAIL,018b0800_
190626084936,TAG_DEPARTED_B,018b0800
190626084938,TAG_ARRIVED_A,018b0800
190626084939,SOLO_FAIL,018b0800
190626084939,TAG_ARRIVED_A,01d41b00
190626084940,SOLO_FAIL,01d41b00
190626084942,TAG_DEPARTED_A,01d41b00
190626084950,TAG_ARRIVED_A,01c2e300
190626084951,SOLO_FAIL,01c2e300
190626084952,TAG_DEPARTED_A,01c2e300
190626084953,TAG_ARRIVED_A,01c2e300
190626084954,SOLO_FAIL,01c2e300
190626084956,LOCKOUT_ENDED,
190626084958,TAG_DEPARTED_A,01c2e300
190626085016,TAG_ARRIVED_A,01fe7600
190626085016,SOLO_SUCCESS,01fe7600
190626085025,TAG_DEPARTED_A,01fe7600
190626085026,TAG_ARRIVED_A,01016400
190626085026,SOLO_SUCCESS,01016400
190626085028,TAG_DEPARTED_A,01016400
190626085028,TAG_ARRIVED_A,01016400
190626085029,SOLO_SUCCESS,01016400
190626085035,TAG_DEPARTED_A,01016400
190626085043,TAG_ARRIVED_A,0140c700
190626085043,SOLO_SUCCESS,0140c700
190626085045,TAG_DEPARTED_A,0140c700
190626085049,TAG_ARRIVED_A,01016400
190626085049,SOLO_SUCCESS,01016400
190626085055,TAG_DEPARTED_A,01016400
190626085103,TAG_ARRIVED_A,01016400
190626085104,SOLO_SUCCESS,01016400
190626085108,TAG_DEPARTED_A,01016400
190626085126,TAG_ARRIVED_A,01016400
190626085126,SOLO_SUCCESS,01016400
190626085130,TAG_DEPARTED_A,01016400
190626085211,TAG_ARRIVED_A,01fe7600
190626085211,SOLO_SUCCESS,01fe7600
190626085213,TAG_DEPARTED_A,01fe7600
190626085214,TAG_ARRIVED_A,01fe7600
190626085214,SOLO_SUCCESS,01fe7600
190626085216,TAG_DEPARTED_A,01fe7600
190626085218,TAG_ARRIVED_A,01fe7600
190626085218,SOLO_SUCCESS,01fe7600
190626085220,TAG_DEPARTED_A,01fe7600
190626085220,TAG_ARRIVED_B,0140c700
190626085220,SOLO_SUCCESS,0140c700
190626085222,TAG_DEPARTED_B,0140c700
190626085224,TAG_ARRIVED_B,01016400
190626085225,SOLO_SUCCESS,01016400
190626085230,TAG_DEPARTED_B,01016400
190626085245,TAG_ARRIVED_B,01021800
190626085246,SOLO_SUCCESS,01021800
190626085253,TAG_DEPARTED_B,01021800
190626085258,TAG_ARRIVED_A,0102ee00
190626085259,SOLO_SUCCESS,0102ee00
190626085300,TAG_DEPARTED_A,0102ee00
190626085307,TAG_ARRIVED_B,01c2e300
190626085308,SOLO_SUCCESS,01c2e300
190626085308,TAG_ARRIVED_B,01021800
190626085308,SOLO_SUCCESS,01021800
190626085310,TAG_DEPARTED_B,01021800
190626085311,TAG_ARRIVED_A,0102ee00
190626085312,SOLO_SUCCESS,0102ee00
190626085313,TAG_DEPARTED_A,0102ee00
190626085319,TAG_ARRIVED_B,01021800
190626085320,SOLO_SUCCESS,01021800
190626085322,TAG_ARRIVED_A,0102ee00
190626085323,STARTCOOP_FAIL,01021800_0102ee00
190626085324,ENDCOOP_FAIL,01021800_0102ee00
190626085324,TAG_DEPARTED_B,01021800
190626085325,TAG_ARRIVED_B,01021800
190626085325,STARTCOOP_FAIL,0102ee00_01021800
190626085326,ENDCOOP_FAIL,01021800_0102ee00
190626085327,TAG_DEPARTED_B,01021800
190626085327,TAG_ARRIVED_B,01021800
190626085328,STARTCOOP_FAIL,0102ee00_01021800
190626085328,TAG_DEPARTED_A,0102ee00
190626085330,ENDCOOP_FAIL,01021800_
190626085330,TAG_DEPARTED_B,01021800
190626085344,TAG_ARRIVED_B,01021800
190626085345,SOLO_FAIL,01021800
190626085407,TAG_ARRIVED_A,0102ee00
190626085408,STARTCOOP_FAIL,01021800_0102ee00
190626085419,TAG_DEPARTED_A,0102ee00
190626085420,ENDCOOP_FAIL,01021800_
190626085420,TAG_DEPARTED_B,01021800
190626085608,LOCKOUT_ENDED,
190626085900,TAG_ARRIVED_B,0102ee00
190626085901,SOLO_SUCCESS,0102ee00
190626085904,TAG_DEPARTED_B,0102ee00
190626085908,TAG_ARRIVED_B,0102ee00
190626085909,SOLO_SUCCESS,0102ee00
190626085910,TAG_DEPARTED_B,0102ee00
190626085913,TAG_ARRIVED_B,0102ee00
190626085914,SOLO_SUCCESS,0102ee00
190626085915,TAG_DEPARTED_B,0102ee00
190626085937,TAG_ARRIVED_B,0102ee00
190626085938,SOLO_SUCCESS,0102ee00
190626085939,TAG_DEPARTED_B,0102ee00
190626090010,TAG_ARRIVED_B,0102ee00
190626090011,SOLO_SUCCESS,0102ee00
190626090012,TAG_DEPARTED_B,0102ee00
190626090014,TAG_ARRIVED_A,0102ee00
190626090015,SOLO_SUCCESS,0102ee00
190626090016,TAG_DEPARTED_A,0102ee00
190626090037,TAG_ARRIVED_A,0102ee00
190626090038,SOLO_SUCCESS,0102ee00
190626090041,TAG_DEPARTED_A,0102ee00
190626090042,TAG_ARRIVED_A,0102ee00
190626090043,SOLO_SUCCESS,0102ee00
190626090043,TAG_DEPARTED_A,0102ee00
190626090103,TAG_ARRIVED_B,0101c200
190626090104,SOLO_SUCCESS,0101c200
190626090105,TAG_DEPARTED_B,0101c200
190626090107,TAG_ARRIVED_B,0102ee00
190626090108,SOLO_SUCCESS,0102ee00
190626090109,TAG_DEPARTED_B,0102ee00
190626090109,TAG_ARRIVED_A,0102ee00
190626090110,SOLO_SUCCESS,0102ee00
190626090113,TAG_DEPARTED_A,0102ee00
190626090219,TAG_ARRIVED_A,0102ee00
190626090220,SOLO_SUCCESS,0102ee00
190626090222,TAG_DEPARTED_A,0102ee00
190626090245,TAG_ARRIVED_A,0102ee00
190626090246,SOLO_SUCCESS,0102ee00
190626090247,TAG_DEPARTED_A,0102ee00
190626090248,TAG_ARRIVED_A,0102ee00
190626090249,SOLO_SUCCESS,0102ee00
190626090250,TAG_DEPARTED_A,0102ee00
190626090405,TAG_ARRIVED_A,0102ee00
190626090406,SOLO_SUCCESS,0102ee00
190626090414,TAG_DEPARTED_A,0102ee00
190626090439,TAG_ARRIVED_A,0102ee00
190626090440,SOLO_SUCCESS,0102ee00
190626090446,TAG_DEPARTED_A,0102ee00
190626090450,TAG_ARRIVED_A,0102ee00
190626090451,SOLO_SUCCESS,0102ee00
190626090452,TAG_DEPARTED_A,0102ee00
190626090509,TAG_ARRIVED_B,0102ee00
190626090509,SOLO_SUCCESS,0102ee00
190626090511,TAG_DEPARTED_B,0102ee00
190626090550,TAG_ARRIVED_B,0102ee00
190626090551,SOLO_SUCCESS,0102ee00
190626090556,TAG_DEPARTED_B,0102ee00
190626090558,TAG_ARRIVED_B,0102ee00
190626090559,SOLO_SUCCESS,0102ee00
190626090600,TAG_DEPARTED_B,0102ee00
190626090601,TAG_ARRIVED_A,0102ee00
190626090602,SOLO_SUCCESS,0102ee00
190626090603,TAG_DEPARTED_A,0102ee00
190626090613,TAG_ARRIVED_B,0101c200
190626090614,SOLO_SUCCESS,0101c200
190626090616,TAG_DEPARTED_B,0101c200
190626090623,TAG_ARRIVED_B,0101c200
190626090624,SOLO_SUCCESS,0101c200
190626090625,TAG_DEPARTED_B,0101c200
190626090631,TAG_ARRIVED_B,0101c200
190626090632,SOLO_SUCCESS,0101c200
190626090634,TAG_DEPARTED_B,0101c200
190626090640,TAG_ARRIVED_B,0101c200
190626090641,SOLO_SUCCESS,0101c200
190626090642,TAG_DEPARTED_B,0101c200
190626090651,TAG_ARRIVED_A,0101c200
190626090652,SOLO_SUCCESS,0101c200
190626090653,TAG_DEPARTED_A,0101c200
190626090655,TAG_ARRIVED_B,01d41b00
190626090656,SOLO_SUCCESS,01d41b00
190626090657,TAG_DEPARTED_B,01d41b00
190626090713,TAG_ARRIVED_B,0101c200
190626090714,SOLO_SUCCESS,0101c200
190626090714,TAG_ARRIVED_A,01d41b00
190626090715,STARTCOOP_SUCCESS,0101c200_01d41b00
190626090716,TAG_DEPARTED_A,01d41b00
190626090716,TAG_DEPARTED_B,0101c200
190626090729,TAG_ARRIVED_A,01d41b00
190626090730,SOLO_SUCCESS,01d41b00
190626090731,TAG_ARRIVED_B,0101c200
190626090732,STARTCOOP_SUCCESS,01d41b00_0101c200
190626090733,ENDCOOP_SUCCESS,0101c200_01d41b00
190626090733,TAG_DEPARTED_B,0101c200
190626090733,TAG_DEPARTED_A,01d41b00
190626090742,TAG_ARRIVED_B,0102ee00
190626090743,SOLO_SUCCESS,0102ee00
190626090744,TAG_DEPARTED_B,0102ee00
190626090748,TAG_ARRIVED_A,0101c200
190626090749,SOLO_SUCCESS,0101c200
190626090751,TAG_DEPARTED_A,0101c200
190626090757,TAG_ARRIVED_B,0101c200
190626090758,SOLO_SUCCESS,0101c200
190626090759,TAG_DEPARTED_B,0101c200
190626090806,TAG_ARRIVED_B,0101c200
190626090806,SOLO_SUCCESS,0101c200
190626090809,TAG_DEPARTED_B,0101c200
190626090810,TAG_ARRIVED_B,0101c200
190626090811,SOLO_SUCCESS,0101c200
190626090816,TAG_DEPARTED_B,0101c200
190626090817,TAG_ARRIVED_A,0101c200
190626090818,SOLO_SUCCESS,0101c200
190626090822,TAG_DEPARTED_A,0101c200
190626090827,TAG_ARRIVED_A,0101c200
190626090828,SOLO_SUCCESS,0101c200
190626090836,TAG_DEPARTED_A,0101c200
190626090838,TAG_ARRIVED_A,0101c200
190626090839,SOLO_SUCCESS,0101c200
190626090842,TAG_ARRIVED_A,01050400
190626090842,SOLO_SUCCESS,01050400
190626090844,TAG_DEPARTED_A,01050400
190626090844,TAG_ARRIVED_A,01050400
190626090845,SOLO_SUCCESS,01050400
190626090845,TAG_ARRIVED_A,0102ee00
190626090846,SOLO_SUCCESS,0102ee00
190626090847,TAG_DEPARTED_A,0102ee00
190626090958,TAG_ARRIVED_A,0102ee00
190626090959,SOLO_SUCCESS,0102ee00
190626091001,TAG_DEPARTED_A,0102ee00
190626091101,TAG_ARRIVED_A,0102ee00
190626091102,SOLO_SUCCESS,0102ee00
190626091103,TAG_DEPARTED_A,0102ee00
190626091134,TAG_ARRIVED_A,0102ee00
190626091135,SOLO_SUCCESS,0102ee00
190626091136,TAG_DEPARTED_A,0102ee00
190626091147,TAG_ARRIVED_B,0101c200
190626091148,SOLO_SUCCESS,0101c200
190626091154,TAG_DEPARTED_B,0101c200
190626091201,TAG_ARRIVED_B,0101c200
190626091202,SOLO_SUCCESS,0101c200
190626091209,TAG_DEPARTED_B,0101c200
190626091221,TAG_ARRIVED_B,01050400
190626091222,SOLO_SUCCESS,01050400
190626091223,TAG_DEPARTED_B,01050400
190626091230,TAG_ARRIVED_B,01050400
190626091230,SOLO_SUCCESS,01050400
190626091238,TAG_DEPARTED_B,01050400
190626091243,TAG_ARRIVED_B,0101c200
190626091244,SOLO_SUCCESS,0101c200
190626091245,TAG_DEPARTED_B,0101c200
190626091246,TAG_ARRIVED_B,01050400
190626091247,SOLO_SUCCESS,01050400
190626091308,TAG_ARRIVED_B,0101c200
190626091308,SOLO_SUCCESS,0101c200
190626091310,TAG_DEPARTED_B,0101c200
190626091318,TAG_ARRIVED_B,0101c200
190626091319,SOLO_SUCCESS,0101c200
190626091320,TAG_DEPARTED_B,0101c200
190626091332,TAG_ARRIVED_B,0101c200
190626091333,SOLO_SUCCESS,0101c200
190626091338,TAG_DEPARTED_B,0101c200
190626091341,TAG_ARRIVED_B,0101c200
190626091342,SOLO_SUCCESS,0101c200
190626091344,TAG_DEPARTED_B,0101c200
190626091346,TAG_ARRIVED_B,0101c200
190626091347,SOLO_SUCCESS,0101c200
190626091352,TAG_DEPARTED_B,0101c200
190626091356,TAG_ARRIVED_B,0101c200
190626091357,SOLO_SUCCESS,0101c200
190626091400,TAG_DEPARTED_B,0101c200
190626091402,TAG_ARRIVED_B,01050400
190626091402,SOLO_SUCCESS,01050400
190626091454,TAG_DEPARTED_B,01050400
190626091456,TAG_ARRIVED_B,01050400
190626091457,SOLO_SUCCESS,01050400
190626091458,TAG_DEPARTED_B,01050400
190626091507,TAG_ARRIVED_B,01050400
190626091507,SOLO_SUCCESS,01050400
190626091512,TAG_DEPARTED_B,01050400
190626091515,TAG_ARRIVED_B,01050400
190626091515,SOLO_SUCCESS,01050400
190626091522,TAG_DEPARTED_B,01050400
190626091523,TAG_ARRIVED_B,01050400
190626091524,SOLO_SUCCESS,01050400
190626091525,TAG_DEPARTED_B,01050400
190626091526,TAG_ARRIVED_B,01050400
190626091527,SOLO_SUCCESS,01050400
190626091528,TAG_DEPARTED_B,01050400
190626091529,TAG_ARRIVED_B,01050400
190626091529,SOLO_SUCCESS,01050400
190626091530,TAG_DEPARTED_B,01050400
190626091603,TAG_ARRIVED_B,01050400
190626091604,SOLO_SUCCESS,01050400
190626091626,TAG_DEPARTED_B,01050400
190626091627,TAG_ARRIVED_B,01050400
190626091627,SOLO_SUCCESS,01050400
190626091634,TAG_DEPARTED_B,01050400
190626091642,TAG_ARRIVED_B,01653700
190626091643,SOLO_SUCCESS,01653700
190626091644,TAG_DEPARTED_B,01653700
190626091649,TAG_ARRIVED_B,0101c200
190626091650,SOLO_SUCCESS,0101c200
190626091654,TAG_DEPARTED_B,0101c200
190626091657,TAG_ARRIVED_B,0101c200
190626091658,SOLO_SUCCESS,0101c200
190626091701,TAG_DEPARTED_B,0101c200
190626091702,TAG_ARRIVED_B,0101c200
190626091703,SOLO_SUCCESS,0101c200
190626091704,TAG_DEPARTED_B,0101c200
190626091706,TAG_ARRIVED_B,0101c200
190626091707,SOLO_SUCCESS,0101c200
190626091715,TAG_DEPARTED_B,0101c200
190626091720,TAG_ARRIVED_B,0101c200
190626091721,SOLO_SUCCESS,0101c200
190626091722,TAG_DEPARTED_B,0101c200
190626091723,TAG_ARRIVED_B,0101c200
190626091724,SOLO_SUCCESS,0101c200
190626091731,TAG_DEPARTED_B,0101c200
190626091733,TAG_ARRIVED_B,0101c200
190626091734,SOLO_SUCCESS,0101c200
190626091736,TAG_DEPARTED_B,0101c200
190626091741,TAG_ARRIVED_B,0101c200
190626091742,SOLO_SUCCESS,0101c200
190626091745,TAG_DEPARTED_B,0101c200
190626091747,TAG_ARRIVED_B,0101c200
190626091748,SOLO_SUCCESS,0101c200
190626091753,TAG_DEPARTED_B,0101c200
190626091754,TAG_ARRIVED_B,0101c200
190626091755,SOLO_SUCCESS,0101c200
190626091800,TAG_DEPARTED_B,0101c200
190626091802,TAG_ARRIVED_B,0101c200
190626091803,SOLO_SUCCESS,0101c200
190626091804,TAG_DEPARTED_B,0101c200
190626091810,TAG_ARRIVED_B,0101c200
190626091811,SOLO_SUCCESS,0101c200
190626091815,TAG_DEPARTED_B,0101c200
190626091817,TAG_ARRIVED_B,0101c200
190626091818,SOLO_SUCCESS,0101c200
190626091821,TAG_DEPARTED_B,0101c200
190626091823,TAG_ARRIVED_B,0101c200
190626091824,SOLO_SUCCESS,0101c200
190626091827,TAG_DEPARTED_B,0101c200
190626091833,TAG_ARRIVED_B,0101c200
190626091834,SOLO_SUCCESS,0101c200
190626091837,TAG_DEPARTED_B,0101c200
190626091838,TAG_ARRIVED_B,0140c700
190626091838,SOLO_SUCCESS,0140c700
190626091840,TAG_DEPARTED_B,0140c700
190626092333,TAG_ARRIVED_A,0101c200
190626092334,SOLO_SUCCESS,0101c200
190626092335,TAG_DEPARTED_A,0101c200
190626092359,TAG_ARRIVED_B,0101c200
190626092400,SOLO_SUCCESS,0101c200
190626092411,TAG_DEPARTED_B,0101c200
190626092418,TAG_ARRIVED_B,0101c200
190626092419,SOLO_SUCCESS,0101c200
190626092426,TAG_DEPARTED_B,0101c200
190626092448,TAG_ARRIVED_B,0101c200
190626092449,SOLO_SUCCESS,0101c200
190626092450,TAG_DEPARTED_B,0101c200
190626092453,TAG_ARRIVED_B,0101c200
190626092454,SOLO_SUCCESS,0101c200
190626092455,TAG_DEPARTED_B,0101c200
190626092508,TAG_ARRIVED_B,0101c200
190626092509,SOLO_SUCCESS,0101c200
190626092510,TAG_DEPARTED_B,0101c200
190626092613,TAG_ARRIVED_B,0101c200
190626092614,SOLO_SUCCESS,0101c200
190626092617,TAG_DEPARTED_B,0101c200
190626092648,TAG_ARRIVED_A,0101c200
190626092649,SOLO_SUCCESS,0101c200
190626092650,TAG_DEPARTED_A,0101c200
190626092651,TAG_ARRIVED_A,0101c200
190626092651,SOLO_SUCCESS,0101c200
190626092657,TAG_DEPARTED_A,0101c200
190626092704,TAG_ARRIVED_A,0101c200
190626092705,SOLO_SUCCESS,0101c200
190626092708,TAG_DEPARTED_A,0101c200
190626092712,TAG_ARRIVED_A,07991800
190626092713,SOLO_SUCCESS,07991800
190626092715,TAG_DEPARTED_A,07991800
190626092717,TAG_ARRIVED_A,07991800
190626092717,SOLO_SUCCESS,07991800
190626092719,TAG_DEPARTED_A,07991800
190626092720,TAG_ARRIVED_A,07991800
190626092720,SOLO_SUCCESS,07991800
190626092722,TAG_DEPARTED_A,07991800
190626092729,TAG_ARRIVED_A,07991800
190626092729,SOLO_SUCCESS,07991800
190626092741,TAG_DEPARTED_A,07991800
190626092747,TAG_ARRIVED_A,01e14200
190626092748,SOLO_SUCCESS,01e14200
190626092749,TAG_DEPARTED_A,01e14200
190626092750,TAG_ARRIVED_A,01e14200
190626092751,SOLO_SUCCESS,01e14200
190626092752,TAG_DEPARTED_A,01e14200
190626092756,TAG_ARRIVED_A,01021800
190626092756,SOLO_SUCCESS,01021800
190626092759,TAG_DEPARTED_A,01021800
190626092800,TAG_ARRIVED_A,01021800
190626092801,SOLO_SUCCESS,01021800
190626092856,TAG_DEPARTED_A,01021800
190626092859,TAG_ARRIVED_A,01753200
190626092900,SOLO_SUCCESS,01753200
190626092909,TAG_DEPARTED_A,01753200
190626093139,TAG_ARRIVED_A,01d41b00
190626093140,SOLO_SUCCESS,01d41b00
190626093143,TAG_DEPARTED_A,01d41b00
190626093156,TAG_ARRIVED_A,01016400
190626093157,SOLO_SUCCESS,01016400
190626093158,TAG_DEPARTED_A,01016400
190626093159,TAG_ARRIVED_A,01016400
190626093200,SOLO_SUCCESS,01016400
190626093202,TAG_DEPARTED_A,01016400
190626093207,TAG_ARRIVED_A,01016400
190626093208,SOLO_SUCCESS,01016400
190626093209,TAG_ARRIVED_A,01d41b00
190626093210,SOLO_SUCCESS,01d41b00
190626093218,TAG_DEPARTED_A,01d41b00
190626094317,TAG_ARRIVED_B,07991800
190626094317,SOLO_SUCCESS,07991800
190626094319,TAG_DEPARTED_B,07991800
190626094818,TAG_ARRIVED_B,0140c700
190626094819,SOLO_SUCCESS,0140c700
190626094820,TAG_DEPARTED_B,0140c700
190626095618,TAG_ARRIVED_A,01050400
190626095619,SOLO_SUCCESS,01050400
190626095622,TAG_DEPARTED_A,01050400
190626095624,TAG_ARRIVED_A,01050400
190626095624,SOLO_SUCCESS,01050400
190626095627,TAG_DEPARTED_A,01050400
190626095754,TAG_ARRIVED_B,01050400
190626095754,SOLO_SUCCESS,01050400
190626095756,TAG_DEPARTED_B,01050400
190626095819,TAG_ARRIVED_B,01050400
190626095819,SOLO_SUCCESS,01050400
190626095821,TAG_DEPARTED_B,01050400
190626095823,TAG_ARRIVED_B,01050400
190626095823,SOLO_SUCCESS,01050400
190626095921,TAG_DEPARTED_B,01050400
190626095939,TAG_ARRIVED_A,018b0800
190626095939,SOLO_SUCCESS,018b0800
190626095941,TAG_DEPARTED_A,018b0800
190626095942,TAG_ARRIVED_A,018b0800
190626095943,SOLO_SUCCESS,018b0800
190626095944,TAG_DEPARTED_A,018b0800
190626095945,TAG_ARRIVED_B,01d41b00
190626095946,SOLO_SUCCESS,01d41b00
190626095948,TAG_ARRIVED_A,01753200
190626095949,STARTCOOP_SUCCESS,01d41b00_01753200
190626095949,ENDCOOP_SUCCESS,01d41b00_01753200
190626095950,TAG_DEPARTED_B,01d41b00
190626095952,TAG_DEPARTED_A,01753200
190626095954,TAG_ARRIVED_A,01d41b00
190626095955,SOLO_SUCCESS,01d41b00
190626100005,TAG_DEPARTED_A,01d41b00
190626100013,TAG_ARRIVED_A,01d41b00
190626100014,SOLO_SUCCESS,01d41b00
190626100015,TAG_DEPARTED_A,01d41b00
190626100015,TAG_ARRIVED_A,01d41b00
190626100016,SOLO_SUCCESS,01d41b00
190626100028,TAG_DEPARTED_A,01d41b00
190626100040,TAG_ARRIVED_A,01d41b00
190626100041,SOLO_SUCCESS,01d41b00
190626100048,TAG_DEPARTED_A,01d41b00
190626100124,TAG_ARRIVED_A,01d41b00
190626100125,SOLO_SUCCESS,01d41b00
190626100131,TAG_DEPARTED_A,01d41b00
190626100150,TAG_ARRIVED_A,01d41b00
190626100151,SOLO_SUCCESS,01d41b00
190626100153,TAG_DEPARTED_A,01d41b00
190626100311,TAG_ARRIVED_A,01016400
190626100311,SOLO_SUCCESS,01016400
190626100313,TAG_DEPARTED_A,01016400
190626100314,TAG_ARRIVED_A,01016400
190626100314,SOLO_SUCCESS,01016400
190626100325,TAG_DEPARTED_A,01016400
190626100330,TAG_ARRIVED_A,01016400
190626100330,SOLO_SUCCESS,01016400
190626100332,TAG_DEPARTED_A,01016400
190626100333,TAG_ARRIVED_A,01016400
190626100334,SOLO_SUCCESS,01016400
190626100335,TAG_DEPARTED_A,01016400
190626100336,TAG_ARRIVED_A,01016400
190626100337,SOLO_SUCCESS,01016400
190626100341,TAG_DEPARTED_A,01016400
190626100559,TAG_ARRIVED_A,0102ee00
190626100600,SOLO_SUCCESS,0102ee00
190626100602,TAG_DEPARTED_A,0102ee00
190626100605,TAG_ARRIVED_A,0102ee00
190626100606,SOLO_SUCCESS,0102ee00
190626100607,TAG_DEPARTED_A,0102ee00
190626100608,TAG_ARRIVED_A,0102ee00
190626100609,SOLO_SUCCESS,0102ee00
190626100612,TAG_DEPARTED_A,0102ee00
190626100637,TAG_ARRIVED_A,0102ee00
190626100638,SOLO_SUCCESS,0102ee00
190626100641,TAG_DEPARTED_A,0102ee00
190626100642,TAG_ARRIVED_A,0102ee00
190626100643,SOLO_SUCCESS,0102ee00
190626100643,TAG_DEPARTED_A,0102ee00
190626100650,TAG_ARRIVED_A,0102ee00
190626100651,SOLO_SUCCESS,0102ee00
190626100653,TAG_ARRIVED_B,01021800
190626100653,STARTCOOP_FAIL,0102ee00_01021800
190626100655,TAG_DEPARTED_A,0102ee00
190626100655,TAG_ARRIVED_A,0102ee00
190626100656,STARTCOOP_FAIL,01021800_0102ee00
190626100657,TAG_DEPARTED_A,0102ee00
190626100702,TAG_ARRIVED_A,0102ee00
190626100703,STARTCOOP_FAIL,01021800_0102ee00
190626100704,TAG_DEPARTED_A,0102ee00
190626100704,ENDCOOP_FAIL,01021800_
190626100704,TAG_DEPARTED_B,01021800
190626100705,TAG_ARRIVED_A,0102ee00
190626100706,SOLO_FAIL,0102ee00
190626100729,TAG_DEPARTED_A,0102ee00
190626100742,TAG_ARRIVED_A,0102ee00
190626100743,SOLO_FAIL,0102ee00
190626100755,TAG_DEPARTED_A,0102ee00
190626100755,TAG_ARRIVED_A,0102ee00
190626100756,SOLO_FAIL,0102ee00
190626100802,TAG_DEPARTED_A,0102ee00
190626100811,TAG_ARRIVED_A,0102ee00
190626100812,SOLO_FAIL,0102ee00
190626100825,TAG_DEPARTED_A,0102ee00
190626100828,TAG_ARRIVED_A,0102ee00
190626100829,SOLO_FAIL,0102ee00
190626100830,TAG_DEPARTED_A,0102ee00
190626100830,TAG_ARRIVED_A,0102ee00
190626100831,SOLO_FAIL,0102ee00
190626100837,TAG_ARRIVED_B,0102ee00
190626100838,SOLO_FAIL,0102ee00
190626100838,TAG_DEPARTED_A,0102ee00
190626100845,ENDCOOP_FAIL,0102ee00_
190626100845,TAG_DEPARTED_B,0102ee00
190626100903,LOCKOUT_ENDED,
190626100905,TAG_ARRIVED_B,0102ee00
190626100906,SOLO_SUCCESS,0102ee00
190626100908,TAG_DEPARTED_B,0102ee00
190626100936,TAG_ARRIVED_B,0102ee00
190626100937,SOLO_SUCCESS,0102ee00
190626100943,TAG_DEPARTED_B,0102ee00
190626100946,TAG_ARRIVED_B,01e14200
190626100947,SOLO_SUCCESS,01e14200
190626100948,TAG_DEPARTED_B,01e14200
190626100955,TAG_ARRIVED_B,0102ee00
190626100956,SOLO_SUCCESS,0102ee00
190626100958,TAG_DEPARTED_B,0102ee00
190626101119,TAG_ARRIVED_B,0102ee00
190626101120,SOLO_SUCCESS,0102ee00
190626101128,TAG_DEPARTED_B,0102ee00
190626101145,TAG_ARRIVED_B,0102ee00
190626101146,SOLO_SUCCESS,0102ee00
190626101151,TAG_DEPARTED_B,0102ee00
190626101228,TAG_ARRIVED_B,0102ee00
190626101229,SOLO_SUCCESS,0102ee00
190626101242,TAG_DEPARTED_B,0102ee00
190626101244,TAG_ARRIVED_B,0102ee00
190626101245,SOLO_SUCCESS,0102ee00
190626101246,TAG_DEPARTED_B,0102ee00
190626101247,TAG_ARRIVED_B,0102ee00
190626101248,SOLO_SUCCESS,0102ee00
190626101250,TAG_DEPARTED_B,0102ee00
