190502061507,START_EXPERIMENT,
190502062441,TAG_ARRIVED_A,01bbe500
190502062442,SOLO_SUCCESS,01bbe500
190502062450,TAG_DEPARTED_A,01bbe500
190502062809,TAG_ARRIVED_A,01bbe500
190502062809,SOLO_SUCCESS,01bbe500
190502062818,TAG_DEPARTED_A,01bbe500
190502064030,TAG_ARRIVED_B,018feb00
190502064031,SOLO_SUCCESS,018feb00
190502064033,TAG_DEPARTED_B,018feb00
190502064234,TAG_ARRIVED_A,01653700
190502064234,SOLO_SUCCESS,01653700
190502064235,TAG_DEPARTED_A,01653700
190502064238,TAG_ARRIVED_A,01653700
190502064239,SOLO_SUCCESS,01653700
190502064240,TAG_DEPARTED_A,01653700
190502064247,TAG_ARRIVED_A,01653700
190502064247,SOLO_SUCCESS,01653700
190502064249,TAG_DEPARTED_A,01653700
190502064924,TAG_ARRIVED_B,01df6400
190502064925,SOLO_SUCCESS,01df6400
190502064926,TAG_DEPARTED_B,01df6400
190502064927,TAG_ARRIVED_B,01df6400
190502064928,SOLO_SUCCESS,01df6400
190502064931,TAG_DEPARTED_B,01df6400
190502064939,TAG_ARRIVED_B,01df6400
190502064940,SOLO_SUCCESS,01df6400
190502064943,TAG_DEPARTED_B,01df6400
190502064953,TAG_ARRIVED_B,01df6400
190502064954,SOLO_SUCCESS,01df6400
190502064957,TAG_DEPARTED_B,01df6400
190502065011,TAG_ARRIVED_B,01df6400
190502065012,SOLO_SUCCESS,01df6400
190502065021,TAG_DEPARTED_B,01df6400
190502071311,TAG_ARRIVED_A,01653700
190502071312,SOLO_SUCCESS,01653700
190502071320,TAG_DEPARTED_A,01653700
190502071357,TAG_ARRIVED_A,01653700
190502071358,SOLO_SUCCESS,01653700
190502071359,TAG_DEPARTED_A,01653700
190502075658,TAG_ARRIVED_B,01bbe500
190502075658,SOLO_SUCCESS,01bbe500
190502075703,TAG_DEPARTED_B,01bbe500
190502080040,TAG_ARRIVED_A,01753200
190502080040,SOLO_SUCCESS,01753200
190502080043,TAG_DEPARTED_A,01753200
190502080049,TAG_ARRIVED_A,01bbe500
190502080049,SOLO_SUCCESS,01bbe500
190502080053,TAG_DEPARTED_A,01bbe500
190502080247,TAG_ARRIVED_A,01bbe500
190502080248,SOLO_SUCCESS,01bbe500
190502080251,TAG_DEPARTED_A,01bbe500
190502082352,TAG_ARRIVED_A,01b47d00
190502082352,SOLO_SUCCESS,01b47d00
190502082354,TAG_DEPARTED_A,01b47d00
190502082401,TAG_ARRIVED_A,01b47d00
190502082402,SOLO_SUCCESS,01b47d00
190502082406,TAG_DEPARTED_A,01b47d00
190502082406,TAG_ARRIVED_A,01b47d00
190502082407,SOLO_SUCCESS,01b47d00
190502082411,TAG_DEPARTED_A,01b47d00
190502082436,TAG_ARRIVED_B,01b47d00
190502082437,SOLO_SUCCESS,01b47d00
190502082454,TAG_DEPARTED_B,01b47d00
190502084340,TAG_ARRIVED_A,017e1f00
190502084341,SOLO_SUCCESS,017e1f00
190502084342,TAG_DEPARTED_A,017e1f00
190502084344,TAG_ARRIVED_A,017e1f00
190502084344,SOLO_SUCCESS,017e1f00
190502084346,TAG_DEPARTED_A,017e1f00
190502084441,TAG_ARRIVED_B,017e1f00
190502084441,SOLO_SUCCESS,017e1f00
190502084444,TAG_DEPARTED_B,017e1f00
190502084515,TAG_ARRIVED_A,01653700
190502084516,SOLO_SUCCESS,01653700
190502084519,TAG_DEPARTED_A,01653700
190502084519,TAG_ARRIVED_A,01653700
190502084520,SOLO_SUCCESS,01653700
190502084523,TAG_DEPARTED_A,01653700
190502084524,TAG_ARRIVED_A,01653700
190502084525,SOLO_SUCCESS,01653700
190502084542,TAG_DEPARTED_A,01653700
190502084545,TAG_ARRIVED_A,01653700
190502084546,SOLO_SUCCESS,01653700
190502084547,TAG_DEPARTED_A,01653700
190502084550,TAG_ARRIVED_A,01653700
190502084551,SOLO_SUCCESS,01653700
190502084557,TAG_DEPARTED_A,01653700
190502084847,TAG_ARRIVED_B,018feb00
190502084847,SOLO_SUCCESS,018feb00
190502084849,TAG_DEPARTED_B,018feb00
190502084916,TAG_ARRIVED_B,018feb00
190502084916,SOLO_SUCCESS,018feb00
190502084918,TAG_DEPARTED_B,018feb00
190502084918,TAG_ARRIVED_B,018feb00
190502084919,SOLO_SUCCESS,018feb00
190502084921,TAG_DEPARTED_B,018feb00
190502090651,TAG_ARRIVED_A,01bbe500
190502090651,SOLO_SUCCESS,01bbe500
190502090653,TAG_DEPARTED_A,01bbe500
190502090828,TAG_ARRIVED_A,01bbe500
190502090828,SOLO_SUCCESS,01bbe500
190502090832,TAG_DEPARTED_A,01bbe500
190502090925,TAG_ARRIVED_B,01bbe500
190502090925,SOLO_SUCCESS,01bbe500
190502090927,TAG_DEPARTED_B,01bbe500
190502091539,TAG_ARRIVED_A,01c98500
190502091539,SOLO_SUCCESS,01c98500
190502091543,TAG_DEPARTED_A,01c98500
190502092111,TAG_ARRIVED_A,01bbe500
190502092111,SOLO_SUCCESS,01bbe500
190502092113,TAG_DEPARTED_A,01bbe500
190502092407,TAG_ARRIVED_A,01653700
190502092408,SOLO_SUCCESS,01653700
190502092410,TAG_DEPARTED_A,01653700
190502092413,TAG_ARRIVED_A,01653700
190502092414,SOLO_SUCCESS,01653700
190502092419,TAG_DEPARTED_A,01653700
190502094500,TAG_ARRIVED_A,01653700
190502094500,SOLO_SUCCESS,01653700
190502094502,TAG_DEPARTED_A,01653700
190502094505,TAG_ARRIVED_A,01653700
190502094506,SOLO_SUCCESS,01653700
190502094507,TAG_DEPARTED_A,01653700
190502094511,TAG_ARRIVED_A,01653700
190502094512,SOLO_SUCCESS,01653700
190502094515,TAG_DEPARTED_A,01653700
190502101529,TAG_ARRIVED_A,01653700
190502101530,SOLO_SUCCESS,01653700
190502101531,TAG_DEPARTED_A,01653700
190502101557,TAG_ARRIVED_B,01bbe500
190502101557,SOLO_SUCCESS,01bbe500
190502101605,TAG_DEPARTED_B,01bbe500
190502101653,TAG_ARRIVED_B,01bbe500
190502101653,SOLO_SUCCESS,01bbe500
190502101707,TAG_DEPARTED_B,01bbe500
190502101850,TAG_ARRIVED_A,01bbe500
190502101850,SOLO_SUCCESS,01bbe500
190502101852,TAG_DEPARTED_A,01bbe500
190502101952,TAG_ARRIVED_A,01bbe500
190502101952,SOLO_SUCCESS,01bbe500
190502101954,TAG_DEPARTED_A,01bbe500
190502102003,TAG_ARRIVED_B,01bbe500
190502102003,SOLO_SUCCESS,01bbe500
190502102006,TAG_DEPARTED_B,01bbe500
