190612055850,START_EXPERIMENT,
190612062525,TAG_ARRIVED_B,01023300
190612062526,SOLO_SUCCESS,01023300
190612062528,TAG_DEPARTED_B,01023300
190612062531,TAG_ARRIVED_B,01023300
190612062532,SOLO_SUCCESS,01023300
190612062533,TAG_DEPARTED_B,01023300
190612062535,TAG_ARRIVED_B,01023300
190612062536,SOLO_SUCCESS,01023300
190612062600,TAG_DEPARTED_B,01023300
190612062601,TAG_ARRIVED_B,01023300
190612062601,SOLO_SUCCESS,01023300
190612062608,TAG_DEPARTED_B,01023300
190612062609,TAG_ARRIVED_B,01023300
190612062609,SOLO_SUCCESS,01023300
190612062612,TAG_ARRIVED_A,01653700
190612062613,STARTCOOP_FAIL,01023300_01653700
190612062614,ENDCOOP_FAIL,01023300_01653700
190612062614,TAG_DEPARTED_B,01023300
190612062616,TAG_DEPARTED_A,01653700
190612062813,LOCKOUT_ENDED,
190612062907,TAG_ARRIVED_A,0103f300
190612062907,SOLO_SUCCESS,0103f300
190612062909,TAG_DEPARTED_A,0103f300
190612062910,TAG_ARRIVED_A,0103f300
190612062910,SOLO_SUCCESS,0103f300
190612062912,TAG_DEPARTED_A,0103f300
190612062913,TAG_ARRIVED_A,0103f300
190612062913,SOLO_SUCCESS,0103f300
190612062927,TAG_ARRIVED_A,01653700
190612062928,SOLO_SUCCESS,01653700
190612062929,TAG_DEPARTED_A,01653700
190612062930,TAG_ARRIVED_A,01653700
190612062931,SOLO_SUCCESS,01653700
190612062931,TAG_ARRIVED_B,0103f300
190612062931,STARTCOOP_FAIL,01653700_0103f300
190612062933,TAG_DEPARTED_A,01653700
190612062938,ENDCOOP_FAIL,0103f300_
190612062938,TAG_DEPARTED_B,0103f300
190612063015,TAG_ARRIVED_B,0103f300
190612063015,SOLO_FAIL,0103f300
190612063022,TAG_ARRIVED_A,01cbb800
190612063023,STARTCOOP_FAIL,0103f300_01cbb800
190612063024,TAG_DEPARTED_A,01cbb800
190612063024,ENDCOOP_FAIL,0103f300_
190612063024,TAG_DEPARTED_B,0103f300
190612063029,TAG_ARRIVED_B,01cbb800
190612063030,SOLO_FAIL,01cbb800
190612063031,ENDCOOP_FAIL,01cbb800_
190612063032,TAG_DEPARTED_B,01cbb800
190612063118,TAG_ARRIVED_A,01050400
190612063118,SOLO_FAIL,01050400
190612063120,TAG_DEPARTED_A,01050400
190612063151,TAG_ARRIVED_A,01c4ca00
190612063152,SOLO_FAIL,01c4ca00
190612063154,TAG_DEPARTED_A,01c4ca00
190612063222,LOCKOUT_ENDED,
190612063238,TAG_ARRIVED_A,01cbb800
190612063238,SOLO_SUCCESS,01cbb800
190612063240,TAG_DEPARTED_A,01cbb800
190612063304,TAG_ARRIVED_A,01653700
190612063305,SOLO_SUCCESS,01653700
190612063306,TAG_DEPARTED_A,01653700
190612063537,TAG_ARRIVED_B,01c4ca00
190612063538,SOLO_SUCCESS,01c4ca00
190612063539,TAG_DEPARTED_B,01c4ca00
190612063611,TAG_ARRIVED_B,01c4ca00
190612063612,SOLO_SUCCESS,01c4ca00
190612063615,TAG_DEPARTED_B,01c4ca00
190612063616,TAG_ARRIVED_B,01c4ca00
190612063617,SOLO_SUCCESS,01c4ca00
190612063618,TAG_DEPARTED_B,01c4ca00
190612063619,TAG_ARRIVED_B,01c4ca00
190612063619,SOLO_SUCCESS,01c4ca00
190612063629,TAG_DEPARTED_B,01c4ca00
190612063804,TAG_ARRIVED_B,01c4ca00
190612063805,SOLO_SUCCESS,01c4ca00
190612063807,TAG_DEPARTED_B,01c4ca00
190612063808,TAG_ARRIVED_B,01c4ca00
190612063809,SOLO_SUCCESS,01c4ca00
190612063812,TAG_DEPARTED_B,01c4ca00
190612063919,TAG_ARRIVED_A,01c4ca00
190612063920,SOLO_SUCCESS,01c4ca00
190612063928,TAG_DEPARTED_A,01c4ca00
190612071047,TAG_ARRIVED_B,01050400
190612071048,SOLO_SUCCESS,01050400
190612071050,TAG_DEPARTED_B,01050400
190612071415,TAG_ARRIVED_B,01c4ca00
190612071416,SOLO_SUCCESS,01c4ca00
190612071435,TAG_DEPARTED_B,01c4ca00
190612071440,TAG_ARRIVED_B,01c4ca00
190612071441,SOLO_SUCCESS,01c4ca00
190612071442,TAG_DEPARTED_B,01c4ca00
190612071446,TAG_ARRIVED_B,01c4ca00
190612071447,SOLO_SUCCESS,01c4ca00
190612071534,TAG_DEPARTED_B,01c4ca00
190612071535,TAG_ARRIVED_B,01c4ca00
190612071536,SOLO_SUCCESS,01c4ca00
190612071537,TAG_DEPARTED_B,01c4ca00
190612071637,TAG_ARRIVED_B,01c4ca00
190612071638,SOLO_SUCCESS,01c4ca00
190612071703,TAG_DEPARTED_B,01c4ca00
190612072041,TAG_ARRIVED_B,0102ae00
190612072042,SOLO_SUCCESS,0102ae00
190612072046,TAG_DEPARTED_B,0102ae00
190612072050,TAG_ARRIVED_B,0102ae00
190612072051,SOLO_SUCCESS,0102ae00
190612072109,TAG_DEPARTED_B,0102ae00
190612072115,TAG_ARRIVED_B,0102ae00
190612072116,SOLO_SUCCESS,0102ae00
190612072126,TAG_DEPARTED_B,0102ae00
190612072127,TAG_ARRIVED_B,0102ae00
190612072128,SOLO_SUCCESS,0102ae00
190612072140,TAG_DEPARTED_B,0102ae00
190612072147,TAG_ARRIVED_B,0102ae00
190612072147,SOLO_SUCCESS,0102ae00
190612072152,TAG_DEPARTED_B,0102ae00
190612072152,TAG_ARRIVED_B,0102ae00
190612072153,SOLO_SUCCESS,0102ae00
190612072157,TAG_DEPARTED_B,0102ae00
190612072159,TAG_ARRIVED_B,0102ae00
190612072200,SOLO_SUCCESS,0102ae00
190612072215,TAG_DEPARTED_B,0102ae00
190612072217,TAG_ARRIVED_B,0102ae00
190612072218,SOLO_SUCCESS,0102ae00
190612072239,TAG_DEPARTED_B,0102ae00
190612072240,TAG_ARRIVED_B,0102ae00
190612072240,SOLO_SUCCESS,0102ae00
190612072407,TAG_DEPARTED_B,0102ae00
190612075318,TAG_ARRIVED_B,0103f300
190612075319,SOLO_SUCCESS,0103f300
190612075408,TAG_DEPARTED_B,0103f300
190612075416,TAG_ARRIVED_B,0103f300
190612075416,SOLO_SUCCESS,0103f300
190612075422,TAG_DEPARTED_B,0103f300
190612075622,TAG_ARRIVED_A,01cbb800
190612075623,SOLO_SUCCESS,01cbb800
190612075626,TAG_DEPARTED_A,01cbb800
190612075639,TAG_ARRIVED_A,01cbb800
190612075639,SOLO_SUCCESS,01cbb800
190612075641,TAG_DEPARTED_A,01cbb800
190612082005,TAG_ARRIVED_B,01c4ca00
190612082006,SOLO_SUCCESS,01c4ca00
190612082100,TAG_DEPARTED_B,01c4ca00
190612082101,TAG_ARRIVED_A,01c4ca00
190612082102,SOLO_SUCCESS,01c4ca00
190612082103,TAG_DEPARTED_A,01c4ca00
190612082152,TAG_ARRIVED_A,01c4ca00
190612082153,SOLO_SUCCESS,01c4ca00
190612082155,TAG_DEPARTED_A,01c4ca00
190612082203,TAG_ARRIVED_A,01c4ca00
190612082204,SOLO_SUCCESS,01c4ca00
190612082211,TAG_DEPARTED_A,01c4ca00
190612082504,TAG_ARRIVED_A,01048700
190612082505,SOLO_SUCCESS,01048700
190612082512,TAG_DEPARTED_A,01048700
190612082512,TAG_ARRIVED_B,01048700
190612082513,SOLO_SUCCESS,01048700
190612082520,TAG_DEPARTED_B,01048700
190612082522,TAG_ARRIVED_B,01048700
190612082523,SOLO_SUCCESS,01048700
190612082525,TAG_DEPARTED_B,01048700
190612084005,TAG_ARRIVED_B,01048700
190612084006,SOLO_SUCCESS,01048700
190612084008,TAG_DEPARTED_B,01048700
190612084022,TAG_ARRIVED_A,0140c700
190612084022,SOLO_SUCCESS,0140c700
190612084024,TAG_DEPARTED_A,0140c700
190612084203,TAG_ARRIVED_A,01050400
190612084203,SOLO_SUCCESS,01050400
190612084207,TAG_ARRIVED_A,0101c200
190612084208,SOLO_SUCCESS,0101c200
190612084211,TAG_DEPARTED_A,0101c200
190612084230,TAG_ARRIVED_A,0101c200
190612084231,SOLO_SUCCESS,0101c200
190612084233,TAG_DEPARTED_A,0101c200
190612084721,TAG_ARRIVED_B,01fe7600
190612084721,SOLO_SUCCESS,01fe7600
190612084728,TAG_DEPARTED_B,01fe7600
190612084735,TAG_ARRIVED_A,01fe7600
190612084735,SOLO_SUCCESS,01fe7600
190612084737,TAG_DEPARTED_A,01fe7600
190612084742,TAG_ARRIVED_A,01fe7600
190612084743,SOLO_SUCCESS,01fe7600
190612084746,TAG_DEPARTED_A,01fe7600
190612084747,TAG_ARRIVED_A,01fe7600
190612084748,SOLO_SUCCESS,01fe7600
190612084754,TAG_DEPARTED_A,01fe7600
190612084755,TAG_ARRIVED_A,01fe7600
190612084755,SOLO_SUCCESS,01fe7600
190612084800,TAG_DEPARTED_A,01fe7600
190612084814,TAG_ARRIVED_B,01fe7600
190612084814,SOLO_SUCCESS,01fe7600
190612084816,TAG_DEPARTED_B,01fe7600
190612084825,TAG_ARRIVED_A,01fe7600
190612084825,SOLO_SUCCESS,01fe7600
190612084829,TAG_DEPARTED_A,01fe7600
190612084836,TAG_ARRIVED_A,01fe7600
190612084837,SOLO_SUCCESS,01fe7600
190612084839,TAG_DEPARTED_A,01fe7600
190612084843,TAG_ARRIVED_A,01fe7600
190612084843,SOLO_SUCCESS,01fe7600
190612084846,TAG_DEPARTED_A,01fe7600
190612084924,TAG_ARRIVED_B,01026c00
190612084925,SOLO_SUCCESS,01026c00
190612084930,TAG_DEPARTED_B,01026c00
190612084935,TAG_ARRIVED_A,01fe7600
190612084935,SOLO_SUCCESS,01fe7600
190612084937,TAG_DEPARTED_A,01fe7600
190612085445,TAG_ARRIVED_B,01c4ca00
190612085446,SOLO_SUCCESS,01c4ca00
190612085500,TAG_DEPARTED_B,01c4ca00
190612085505,TAG_ARRIVED_B,01c4ca00
190612085505,SOLO_SUCCESS,01c4ca00
190612085517,TAG_DEPARTED_B,01c4ca00
190612091739,TAG_ARRIVED_A,0102f000
190612091740,SOLO_SUCCESS,0102f000
190612091742,TAG_DEPARTED_A,0102f000
190612091743,TAG_ARRIVED_A,0102f000
190612091744,SOLO_SUCCESS,0102f000
190612091745,TAG_DEPARTED_A,0102f000
190612091747,TAG_ARRIVED_A,0102f000
190612091748,SOLO_SUCCESS,0102f000
190612091815,TAG_DEPARTED_A,0102f000
190612091836,TAG_ARRIVED_A,0102f000
190612091837,SOLO_SUCCESS,0102f000
190612091843,TAG_DEPARTED_A,0102f000
190612091851,TAG_ARRIVED_A,0102f000
190612091851,SOLO_SUCCESS,0102f000
190612091905,TAG_DEPARTED_A,0102f000
190612091905,TAG_ARRIVED_A,0102f000
190612091906,SOLO_SUCCESS,0102f000
190612091920,TAG_DEPARTED_A,0102f000
190612091922,TAG_ARRIVED_B,0102f000
190612091923,SOLO_SUCCESS,0102f000
190612091925,TAG_DEPARTED_B,0102f000
190612091957,TAG_ARRIVED_A,0102f000
190612091958,SOLO_SUCCESS,0102f000
190612092009,TAG_DEPARTED_A,0102f000
190612092023,TAG_ARRIVED_B,0102f000
190612092024,SOLO_SUCCESS,0102f000
190612092026,TAG_DEPARTED_B,0102f000
190612092027,TAG_ARRIVED_B,0102f000
190612092028,SOLO_SUCCESS,0102f000
190612092029,TAG_DEPARTED_B,0102f000
190612092043,TAG_ARRIVED_B,0102f000
190612092043,SOLO_SUCCESS,0102f000
190612092045,TAG_DEPARTED_B,0102f000
190612092508,TAG_ARRIVED_A,0102d900
190612092509,SOLO_SUCCESS,0102d900
190612092510,TAG_DEPARTED_A,0102d900
190612092526,TAG_ARRIVED_A,0102d900
190612092527,SOLO_SUCCESS,0102d900
190612092537,TAG_DEPARTED_A,0102d900
190612092548,TAG_ARRIVED_A,0102d900
190612092549,SOLO_SUCCESS,0102d900
190612092633,TAG_DEPARTED_A,0102d900
190612093058,TAG_ARRIVED_A,01048700
190612093059,SOLO_SUCCESS,01048700
190612093103,TAG_DEPARTED_A,01048700
190612093105,TAG_ARRIVED_A,01048700
190612093106,SOLO_SUCCESS,01048700
190612093107,TAG_DEPARTED_A,01048700
190612093113,TAG_ARRIVED_A,01048700
190612093114,SOLO_SUCCESS,01048700
190612093127,TAG_ARRIVED_B,0140c700
190612093128,STARTCOOP_FAIL,01048700_0140c700
190612093129,ENDCOOP_FAIL,0140c700_01048700
190612093130,TAG_DEPARTED_B,0140c700
190612093132,TAG_DEPARTED_A,01048700
190612093132,TAG_ARRIVED_A,01048700
190612093133,SOLO_FAIL,01048700
190612093137,TAG_DEPARTED_A,01048700
190612093137,TAG_ARRIVED_A,01048700
190612093138,SOLO_FAIL,01048700
190612093149,TAG_DEPARTED_A,01048700
190612093149,TAG_ARRIVED_A,01048700
190612093150,SOLO_FAIL,01048700
190612093151,TAG_ARRIVED_A,01026c00
190612093152,SOLO_FAIL,01026c00
190612093158,TAG_DEPARTED_A,01026c00
190612093205,TAG_ARRIVED_A,01026c00
190612093206,SOLO_FAIL,01026c00
190612093208,TAG_DEPARTED_A,01026c00
190612093255,TAG_ARRIVED_B,01048700
190612093256,SOLO_FAIL,01048700
190612093328,LOCKOUT_ENDED,
190612093340,TAG_DEPARTED_B,01048700
190612093341,TAG_ARRIVED_A,0102ae00
190612093342,SOLO_SUCCESS,0102ae00
190612093348,TAG_DEPARTED_A,0102ae00
190612093458,TAG_ARRIVED_A,01048700
190612093459,SOLO_SUCCESS,01048700
190612093507,TAG_DEPARTED_A,01048700
190612093557,TAG_ARRIVED_B,01026c00
190612093558,SOLO_SUCCESS,01026c00
190612093559,TAG_ARRIVED_A,01048700
190612093600,STARTCOOP_SUCCESS,01026c00_01048700
190612093602,ENDCOOP_SUCCESS,01026c00_01048700
190612093602,TAG_DEPARTED_B,01026c00
190612093603,TAG_DEPARTED_A,01048700
190612093604,TAG_ARRIVED_B,01026c00
190612093605,SOLO_SUCCESS,01026c00
190612093621,TAG_DEPARTED_B,01026c00
190612093634,TAG_ARRIVED_B,01026c00
190612093635,SOLO_SUCCESS,01026c00
190612093636,TAG_DEPARTED_B,01026c00
190612093638,TAG_ARRIVED_B,01026c00
190612093639,SOLO_SUCCESS,01026c00
190612093640,TAG_DEPARTED_B,01026c00
190612093705,TAG_ARRIVED_B,01026c00
190612093706,SOLO_SUCCESS,01026c00
190612093708,TAG_DEPARTED_B,01026c00
190612093709,TAG_ARRIVED_B,01026c00
190612093710,SOLO_SUCCESS,01026c00
190612093710,TAG_DEPARTED_B,01026c00
190612093804,TAG_ARRIVED_A,01026c00
190612093805,SOLO_SUCCESS,01026c00
190612093806,TAG_DEPARTED_A,01026c00
190612093910,TAG_ARRIVED_A,01050400
190612093910,SOLO_SUCCESS,01050400
190612093916,TAG_DEPARTED_A,01050400
190612094251,TAG_ARRIVED_A,01c4ca00
190612094252,SOLO_SUCCESS,01c4ca00
190612094253,TAG_DEPARTED_A,01c4ca00
190612094254,TAG_ARRIVED_A,01c4ca00
190612094255,SOLO_SUCCESS,01c4ca00
190612094256,TAG_DEPARTED_A,01c4ca00
190612094259,TAG_ARRIVED_A,01c4ca00
190612094300,SOLO_SUCCESS,01c4ca00
190612094301,TAG_DEPARTED_A,01c4ca00
190612094302,TAG_ARRIVED_A,01c4ca00
190612094303,SOLO_SUCCESS,01c4ca00
190612094310,TAG_DEPARTED_A,01c4ca00
190612094708,TAG_ARRIVED_A,01c4ca00
190612094709,SOLO_SUCCESS,01c4ca00
190612094712,TAG_DEPARTED_A,01c4ca00
190612094712,TAG_ARRIVED_A,01c4ca00
190612094713,SOLO_SUCCESS,01c4ca00
190612094735,TAG_DEPARTED_A,01c4ca00
190612094736,TAG_ARRIVED_B,01c4ca00
190612094737,SOLO_SUCCESS,01c4ca00
190612094827,TAG_DEPARTED_B,01c4ca00
190612094829,TAG_ARRIVED_B,01c4ca00
190612094830,SOLO_SUCCESS,01c4ca00
190612094835,TAG_DEPARTED_B,01c4ca00
190612094951,TAG_ARRIVED_A,01c4ca00
190612094952,SOLO_SUCCESS,01c4ca00
190612094957,TAG_DEPARTED_A,01c4ca00
190612095005,TAG_ARRIVED_A,01c4ca00
190612095005,SOLO_SUCCESS,01c4ca00
190612095031,TAG_DEPARTED_A,01c4ca00
190612095144,TAG_ARRIVED_A,0102f000
190612095145,SOLO_SUCCESS,0102f000
190612095147,TAG_DEPARTED_A,0102f000
190612095148,TAG_ARRIVED_A,0102f000
190612095149,SOLO_SUCCESS,0102f000
190612095152,TAG_DEPARTED_A,0102f000
190612095157,TAG_ARRIVED_A,0102f000
190612095158,SOLO_SUCCESS,0102f000
190612095206,TAG_DEPARTED_A,0102f000
190612095206,TAG_ARRIVED_A,0102f000
190612095207,SOLO_SUCCESS,0102f000
190612095303,TAG_DEPARTED_A,0102f000
190612095331,TAG_ARRIVED_B,0102f000
190612095331,SOLO_SUCCESS,0102f000
190612095333,TAG_DEPARTED_B,0102f000
190612095901,TAG_ARRIVED_A,0102f000
190612095902,SOLO_SUCCESS,0102f000
190612095904,TAG_DEPARTED_A,0102f000
190612095919,TAG_ARRIVED_A,018b0800
190612095920,SOLO_SUCCESS,018b0800
190612095921,TAG_DEPARTED_A,018b0800
190612095921,TAG_ARRIVED_A,018b0800
190612095922,SOLO_SUCCESS,018b0800
190612095929,TAG_DEPARTED_A,018b0800
190612095929,TAG_ARRIVED_B,018b0800
190612095930,SOLO_SUCCESS,018b0800
190612095933,TAG_DEPARTED_B,018b0800