190603082520,START_EXPERIMENT,
190603083827,TAG_ARRIVED_A,01048700
190603083828,SOLO_SUCCESS,01048700
190603083832,TAG_DEPARTED_A,01048700
190603083847,TAG_ARRIVED_A,01c4ca00
190603083848,SOLO_SUCCESS,01c4ca00
190603083907,TAG_DEPARTED_A,01c4ca00
190603083922,TAG_ARRIVED_A,01c4ca00
190603083923,SOLO_SUCCESS,01c4ca00
190603083928,TAG_DEPARTED_A,01c4ca00
190603083930,TAG_ARRIVED_A,01048700
190603083931,SOLO_SUCCESS,01048700
190603083933,TAG_DEPARTED_A,01048700
190603083942,TAG_ARRIVED_B,01c4ca00
190603083943,SOLO_SUCCESS,01c4ca00
190603083951,TAG_DEPARTED_B,01c4ca00
190603084033,TAG_ARRIVED_A,0102ae00
190603084033,SOLO_SUCCESS,0102ae00
190603084035,TAG_DEPARTED_A,0102ae00
190603084052,TAG_ARRIVED_A,01048700
190603084053,SOLO_SUCCESS,01048700
190603084055,TAG_DEPARTED_A,01048700
190603084102,TAG_ARRIVED_A,01c4ca00
190603084103,SOLO_SUCCESS,01c4ca00
190603084105,TAG_DEPARTED_A,01c4ca00
190603084105,TAG_ARRIVED_A,01c4ca00
190603084106,SOLO_SUCCESS,01c4ca00
190603084110,TAG_DEPARTED_A,01c4ca00
190603084111,TAG_ARRIVED_A,01c4ca00
190603084111,SOLO_SUCCESS,01c4ca00
190603084120,TAG_DEPARTED_A,01c4ca00
190603084124,TAG_ARRIVED_A,01c4ca00
190603084125,SOLO_SUCCESS,01c4ca00
190603084127,TAG_DEPARTED_A,01c4ca00
190603084128,TAG_ARRIVED_A,01c4ca00
190603084129,SOLO_SUCCESS,01c4ca00
190603084147,TAG_DEPARTED_A,01c4ca00
190603084149,TAG_ARRIVED_A,01c4ca00
190603084150,SOLO_SUCCESS,01c4ca00
190603084153,TAG_DEPARTED_A,01c4ca00
190603084153,TAG_ARRIVED_A,01c4ca00
190603084154,SOLO_SUCCESS,01c4ca00
190603084155,TAG_DEPARTED_A,01c4ca00
190603084157,TAG_ARRIVED_A,01c4ca00
190603084158,SOLO_SUCCESS,01c4ca00
190603084205,TAG_DEPARTED_A,01c4ca00
190603084206,TAG_ARRIVED_A,01c4ca00
190603084207,SOLO_SUCCESS,01c4ca00
190603084208,TAG_DEPARTED_A,01c4ca00
190603084221,TAG_ARRIVED_A,01c4ca00
190603084221,SOLO_SUCCESS,01c4ca00
190603084236,TAG_DEPARTED_A,01c4ca00
190603084237,TAG_ARRIVED_A,01c4ca00
190603084238,SOLO_SUCCESS,01c4ca00
190603084242,TAG_DEPARTED_A,01c4ca00
190603084242,TAG_ARRIVED_A,01c4ca00
190603084243,SOLO_SUCCESS,01c4ca00
190603084303,TAG_DEPARTED_A,01c4ca00
190603084305,TAG_ARRIVED_A,01c4ca00
190603084306,SOLO_SUCCESS,01c4ca00
190603084307,TAG_DEPARTED_A,01c4ca00
190603084312,TAG_ARRIVED_B,01c4ca00
190603084313,SOLO_SUCCESS,01c4ca00
190603084314,TAG_DEPARTED_B,01c4ca00
190603084315,TAG_ARRIVED_B,01c4ca00
190603084316,SOLO_SUCCESS,01c4ca00
190603084342,TAG_DEPARTED_B,01c4ca00
190603084344,TAG_ARRIVED_B,01c4ca00
190603084344,SOLO_SUCCESS,01c4ca00
190603084418,TAG_ARRIVED_A,01753200
190603084419,STARTCOOP_SUCCESS,01c4ca00_01753200
190603084421,ENDCOOP_SUCCESS,01c4ca00_01753200
190603084421,TAG_DEPARTED_B,01c4ca00
190603084425,TAG_DEPARTED_A,01753200
190603084425,TAG_ARRIVED_A,01753200
190603084426,SOLO_SUCCESS,01753200
190603084427,TAG_DEPARTED_A,01753200
