190606060014,START_EXPERIMENT,
190606063640,TAG_ARRIVED_B,01653700
190606063641,SOLO_SUCCESS,01653700
190606063719,TAG_ARRIVED_A,01c4ca00
190606063720,STARTCOOP_SUCCESS,01653700_01c4ca00
190606063721,TAG_DEPARTED_A,01c4ca00
190606063722,ENDCOOP_SUCCESS,01653700_
190606063722,TAG_DEPARTED_B,01653700
190606063727,TAG_ARRIVED_A,01c4ca00
190606063728,SOLO_SUCCESS,01c4ca00
190606063742,TAG_DEPARTED_A,01c4ca00
190606063748,TAG_ARRIVED_A,01c4ca00
190606063749,SOLO_SUCCESS,01c4ca00
190606063802,TAG_DEPARTED_A,01c4ca00
190606063825,TAG_ARRIVED_A,01c4ca00
190606063826,SOLO_SUCCESS,01c4ca00
190606063838,TAG_DEPARTED_A,01c4ca00
190606063846,TAG_ARRIVED_A,01c4ca00
190606063847,SOLO_SUCCESS,01c4ca00
190606063852,TAG_DEPARTED_A,01c4ca00
190606063915,TAG_ARRIVED_A,01c4ca00
190606063916,SOLO_SUCCESS,01c4ca00
190606063946,TAG_DEPARTED_A,01c4ca00
190606063950,TAG_ARRIVED_A,01c4ca00
190606063951,SOLO_SUCCESS,01c4ca00
190606064016,TAG_DEPARTED_A,01c4ca00
190606064019,TAG_ARRIVED_A,01c4ca00
190606064019,SOLO_SUCCESS,01c4ca00
190606064038,TAG_DEPARTED_A,01c4ca00
190606064044,TAG_ARRIVED_A,01c4ca00
190606064044,SOLO_SUCCESS,01c4ca00
190606064047,TAG_DEPARTED_A,01c4ca00
190606064102,TAG_ARRIVED_A,01c4ca00
190606064102,SOLO_SUCCESS,01c4ca00
190606064105,TAG_DEPARTED_A,01c4ca00
190606064114,TAG_ARRIVED_A,01c4ca00
190606064115,SOLO_SUCCESS,01c4ca00
190606064117,TAG_DEPARTED_A,01c4ca00
190606064119,TAG_ARRIVED_A,01c4ca00
190606064119,SOLO_SUCCESS,01c4ca00
190606064121,TAG_DEPARTED_A,01c4ca00
190606064140,TAG_ARRIVED_A,01c4ca00
190606064140,SOLO_SUCCESS,01c4ca00
190606064146,TAG_DEPARTED_A,01c4ca00
190606064150,TAG_ARRIVED_A,01c4ca00
190606064151,SOLO_SUCCESS,01c4ca00
190606064215,TAG_DEPARTED_A,01c4ca00
190606064222,TAG_ARRIVED_A,01c4ca00
190606064223,SOLO_SUCCESS,01c4ca00
190606064227,TAG_DEPARTED_A,01c4ca00
190606064254,TAG_ARRIVED_A,01c4ca00
190606064255,SOLO_SUCCESS,01c4ca00
190606064256,TAG_DEPARTED_A,01c4ca00
190606064301,TAG_ARRIVED_A,01c4ca00
190606064302,SOLO_SUCCESS,01c4ca00
190606064316,TAG_DEPARTED_A,01c4ca00
190606064318,TAG_ARRIVED_A,01c4ca00
190606064318,SOLO_SUCCESS,01c4ca00
190606064328,TAG_DEPARTED_A,01c4ca00
190606064330,TAG_ARRIVED_A,01c4ca00
190606064331,SOLO_SUCCESS,01c4ca00
190606064421,TAG_DEPARTED_A,01c4ca00
190606065944,TAG_ARRIVED_B,01c4ca00
190606065945,SOLO_SUCCESS,01c4ca00
190606070106,TAG_DEPARTED_B,01c4ca00
190606070107,TAG_ARRIVED_B,01c4ca00
190606070108,SOLO_SUCCESS,01c4ca00
190606070122,TAG_DEPARTED_B,01c4ca00
190606071928,TAG_ARRIVED_A,01653700
190606071929,SOLO_SUCCESS,01653700
190606071931,TAG_DEPARTED_A,01653700
190606072008,TAG_ARRIVED_B,01653700
190606072009,SOLO_SUCCESS,01653700
190606072015,TAG_DEPARTED_B,01653700
190606072025,TAG_ARRIVED_B,01653700
190606072025,SOLO_SUCCESS,01653700
190606072029,TAG_DEPARTED_B,01653700
190606072030,TAG_ARRIVED_B,01653700
190606072031,SOLO_SUCCESS,01653700
190606072041,TAG_DEPARTED_B,01653700
190606072052,TAG_ARRIVED_B,01653700
190606072053,SOLO_SUCCESS,01653700
190606072134,TAG_DEPARTED_B,01653700
190606073004,TAG_ARRIVED_A,01c4ca00
190606073005,SOLO_SUCCESS,01c4ca00
190606073011,TAG_DEPARTED_A,01c4ca00
190606073018,TAG_ARRIVED_A,01c4ca00
190606073018,SOLO_SUCCESS,01c4ca00
190606073028,TAG_DEPARTED_A,01c4ca00
190606073029,TAG_ARRIVED_A,01c4ca00
190606073030,SOLO_SUCCESS,01c4ca00
190606073033,TAG_DEPARTED_A,01c4ca00
190606073056,TAG_ARRIVED_B,01c4ca00
190606073056,SOLO_SUCCESS,01c4ca00
190606073144,TAG_DEPARTED_B,01c4ca00
190606082731,TAG_ARRIVED_A,017e1f00
190606082731,SOLO_SUCCESS,017e1f00
190606082734,TAG_DEPARTED_A,017e1f00
190606082735,TAG_ARRIVED_A,017e1f00
190606082736,SOLO_SUCCESS,017e1f00
190606082739,TAG_DEPARTED_A,017e1f00
190606082740,TAG_ARRIVED_A,017e1f00
190606082741,SOLO_SUCCESS,017e1f00
190606082744,TAG_DEPARTED_A,017e1f00
190606082758,TAG_ARRIVED_B,017e1f00
190606082759,SOLO_SUCCESS,017e1f00
190606082801,TAG_DEPARTED_B,017e1f00
190606082801,TAG_ARRIVED_B,017e1f00
190606082802,SOLO_SUCCESS,017e1f00
190606082811,TAG_DEPARTED_B,017e1f00
190606083128,TAG_ARRIVED_A,01c4ca00
190606083128,SOLO_SUCCESS,01c4ca00
190606083132,TAG_DEPARTED_A,01c4ca00
190606083145,TAG_ARRIVED_A,01c4ca00
190606083145,SOLO_SUCCESS,01c4ca00
190606083229,TAG_DEPARTED_A,01c4ca00
190606083229,TAG_ARRIVED_A,01c4ca00
190606083230,SOLO_SUCCESS,01c4ca00
190606083256,TAG_DEPARTED_A,01c4ca00
190606085404,TAG_ARRIVED_B,01fe7600
190606085405,SOLO_SUCCESS,01fe7600
190606085408,TAG_DEPARTED_B,01fe7600
190606085424,TAG_ARRIVED_B,01fe7600
190606085424,SOLO_SUCCESS,01fe7600
190606085430,TAG_DEPARTED_B,01fe7600
