190709061052,START_EXPERIMENT,
190709061151,TAG_ARRIVED_A,1783900
190709061152,SOLO_FAIL,1783900
190709061153,TAG_ARRIVED_B,0139d100
190709061153,STARTCOOP_SUCCESS,01783900_0139d100
190709061155,ENDCOOP_SUCCESS,0139d100_01783900
190709061155,TAG_DEPARTED_B,0139d100
190709061155,TAG_DEPARTED_A,1783900
190709061250,LOCKOUT_ENDED,
190709061910,TAG_ARRIVED_B,01cf0600
190709061911,SOLO_SUCCESS,01cf0600
190709061921,TAG_DEPARTED_B,01cf0600
190709061922,TAG_ARRIVED_A,01cf0600
190709061923,SOLO_SUCCESS,01cf0600
190709061932,TAG_DEPARTED_A,01cf0600
190709061932,TAG_ARRIVED_A,0102ee00
190709061933,SOLO_SUCCESS,0102ee00
190709061935,TAG_DEPARTED_A,0102ee00
190709062053,TAG_ARRIVED_A,0102ee00
190709062054,SOLO_SUCCESS,0102ee00
190709062058,TAG_DEPARTED_A,0102ee00
190709062118,TAG_ARRIVED_A,01cf0600
190709062119,SOLO_SUCCESS,01cf0600
190709062120,TAG_DEPARTED_A,01cf0600
190709062122,TAG_ARRIVED_A,0102ee00
190709062123,SOLO_SUCCESS,0102ee00
190709062124,TAG_DEPARTED_A,0102ee00
190709062139,TAG_ARRIVED_A,0102ee00
190709062140,SOLO_SUCCESS,0102ee00
190709062147,TAG_DEPARTED_A,0102ee00
190709062207,TAG_ARRIVED_A,0102ee00
190709062208,SOLO_SUCCESS,0102ee00
190709062213,TAG_DEPARTED_A,0102ee00
190709062235,TAG_ARRIVED_B,01cf0600
190709062236,SOLO_SUCCESS,01cf0600
190709062237,TAG_DEPARTED_B,01cf0600
190709062238,TAG_ARRIVED_B,1050400
190709062238,SOLO_SUCCESS,1050400
190709062240,TAG_DEPARTED_B,1050400
190709062242,TAG_ARRIVED_B,0101c200
190709062243,SOLO_SUCCESS,0101c200
190709062247,TAG_ARRIVED_B,0102ee00
190709062248,SOLO_SUCCESS,0102ee00
190709062249,TAG_ARRIVED_A,0101c200
190709062250,STARTCOOP_SUCCESS,0102ee00_0101c200
190709062250,ENDCOOP_SUCCESS,0102ee00_0101c200
190709062250,TAG_DEPARTED_B,0102ee00
190709062251,TAG_DEPARTED_A,0101c200
190709062255,TAG_ARRIVED_A,0101c200
190709062256,SOLO_SUCCESS,0101c200
190709062258,TAG_DEPARTED_A,0101c200
190709062303,TAG_ARRIVED_A,1050400
190709062303,SOLO_SUCCESS,1050400
190709062307,TAG_DEPARTED_A,1050400
190709062307,TAG_ARRIVED_A,0101c200
190709062308,SOLO_SUCCESS,0101c200
190709062309,TAG_ARRIVED_B,0102ee00
190709062310,STARTCOOP_SUCCESS,0101c200_0102ee00
190709062310,TAG_ARRIVED_A,0102ee00
190709062311,SOLO_SUCCESS,0102ee00
190709062311,TAG_DEPARTED_B,0102ee00
190709062312,TAG_DEPARTED_A,0102ee00
190709062324,TAG_ARRIVED_B,0101c200
190709062325,SOLO_SUCCESS,0101c200
190709062326,TAG_DEPARTED_B,0101c200
190709062328,TAG_ARRIVED_B,0101c200
190709062329,SOLO_SUCCESS,0101c200
190709062330,TAG_DEPARTED_B,0101c200
190709062330,TAG_ARRIVED_B,01cf0600
190709062331,SOLO_SUCCESS,01cf0600
190709062332,TAG_ARRIVED_B,0102ee00
190709062333,SOLO_SUCCESS,0102ee00
190709062333,TAG_ARRIVED_A,1016400
190709062333,STARTCOOP_FAIL,0102ee00_01016400
190709062335,TAG_DEPARTED_A,1016400
190709062336,ENDCOOP_FAIL,0102ee00_
190709062336,TAG_DEPARTED_B,0102ee00
190709062357,TAG_ARRIVED_A,0102ee00
190709062358,SOLO_FAIL,0102ee00
190709062358,TAG_ARRIVED_B,01cf0600
190709062359,STARTCOOP_SUCCESS,0102ee00_01cf0600
190709062359,TAG_ARRIVED_A,12060200
190709062401,TAG_MISSING_A,12060200
190709062401,SOLO_FAIL,12060200
190709062401,TAG_DEPARTED_A,12060200
190709062403,ENDCOOP_FAIL,01cf0600_
190709062404,TAG_DEPARTED_B,01cf0600
190709062408,TAG_ARRIVED_B,0101c200
190709062409,SOLO_FAIL,0101c200
190709062410,TAG_ARRIVED_B,1050400
190709062410,SOLO_FAIL,1050400
190709062425,ENDCOOP_FAIL,01050400_
190709062425,TAG_DEPARTED_B,1050400
190709062427,TAG_ARRIVED_B,0102ee00
190709062428,SOLO_FAIL,0102ee00
190709062430,TAG_ARRIVED_A,1050400
190709062430,STARTCOOP_FAIL,0102ee00_01050400
190709062431,ENDCOOP_FAIL,0102ee00_01050400
190709062431,TAG_DEPARTED_B,0102ee00
190709062446,TAG_DEPARTED_A,1050400
190709062501,TAG_ARRIVED_A,1050400
190709062501,SOLO_FAIL,1050400
190709062506,TAG_DEPARTED_A,1050400
190709062512,TAG_ARRIVED_A,1050400
190709062512,SOLO_FAIL,1050400
190709062518,TAG_DEPARTED_A,1050400
190709062518,TAG_ARRIVED_A,1050400
190709062518,SOLO_FAIL,1050400
190709062528,TAG_DEPARTED_A,1050400
190709062541,TAG_ARRIVED_B,0101c200
190709062542,SOLO_FAIL,0101c200
190709062543,ENDCOOP_FAIL,0101c200_
190709062543,TAG_DEPARTED_B,0101c200
190709062545,TAG_ARRIVED_B,0101c200
190709062546,SOLO_FAIL,0101c200
190709062549,ENDCOOP_FAIL,0101c200_
190709062549,TAG_DEPARTED_B,0101c200
190709062553,TAG_ARRIVED_A,0101c200
190709062554,SOLO_FAIL,0101c200
190709062554,TAG_ARRIVED_B,0102ee00
190709062555,STARTCOOP_SUCCESS,0101c200_0102ee00
190709062555,TAG_DEPARTED_A,0101c200
190709062556,TAG_ARRIVED_A,0101c200
190709062557,STARTCOOP_SUCCESS,0102ee00_0101c200
190709062557,ENDCOOP_SUCCESS,0102ee00_0101c200
190709062557,TAG_DEPARTED_B,0102ee00
190709062558,TAG_DEPARTED_A,0101c200
190709062608,TAG_ARRIVED_A,0102ae00
190709062609,SOLO_FAIL,0102ae00
190709062613,TAG_DEPARTED_A,0102ae00
190709062613,TAG_ARRIVED_A,0102ae00
190709062613,SOLO_FAIL,0102ae00
190709062618,TAG_DEPARTED_A,0102ae00
190709062626,TAG_ARRIVED_A,0102ae00
190709062626,SOLO_FAIL,0102ae00
190709062630,LOCKOUT_ENDED,
190709062630,TAG_DEPARTED_A,0102ae00
190709062631,TAG_ARRIVED_A,0102ae00
190709062631,SOLO_SUCCESS,0102ae00
190709062632,TAG_ARRIVED_B,0102ee00
190709062633,STARTCOOP_FAIL,0102ae00_0102ee00
190709062634,ENDCOOP_FAIL,0102ee00_0102ae00
190709062634,TAG_DEPARTED_B,0102ee00
190709062634,TAG_ARRIVED_B,0102ee00
190709062635,STARTCOOP_FAIL,0102ae00_0102ee00
190709062636,TAG_DEPARTED_A,0102ae00
190709062643,TAG_ARRIVED_A,0102ae00
190709062643,STARTCOOP_FAIL,0102ee00_0102ae00
190709062644,ENDCOOP_FAIL,0102ee00_0102ae00
190709062644,TAG_DEPARTED_B,0102ee00
190709062658,TAG_DEPARTED_A,0102ae00
190709062700,TAG_ARRIVED_A,0102ae00
190709062701,SOLO_FAIL,0102ae00
190709062712,TAG_ARRIVED_B,1021800
190709062713,STARTCOOP_SUCCESS,0102ae00_01021800
190709062715,TAG_DEPARTED_A,0102ae00
190709062716,ENDCOOP_SUCCESS,01021800_
190709062717,TAG_DEPARTED_B,1021800
190709062729,TAG_ARRIVED_A,0102ae00
190709062729,SOLO_FAIL,0102ae00
190709062730,TAG_ARRIVED_B,1021800
190709062730,STARTCOOP_SUCCESS,0102ae00_01021800
190709062731,ENDCOOP_SUCCESS,01021800_0102ae00
190709062731,TAG_DEPARTED_B,1021800
190709062737,TAG_ARRIVED_A,0102ee00
190709062737,SOLO_FAIL,0102ee00
190709062739,TAG_DEPARTED_A,0102ee00
190709062808,TAG_ARRIVED_B,1021800
190709062809,SOLO_FAIL,1021800
190709062820,ENDCOOP_FAIL,01021800_
190709062820,TAG_DEPARTED_B,1021800
190709062821,TAG_ARRIVED_B,1021800
190709062821,SOLO_FAIL,1021800
190709062830,ENDCOOP_FAIL,01021800_
190709062831,TAG_DEPARTED_B,1021800
190709062833,TAG_ARRIVED_B,1021800
190709062834,SOLO_FAIL,1021800
190709062837,ENDCOOP_FAIL,01021800_
190709062838,TAG_DEPARTED_B,1021800
190709062839,TAG_ARRIVED_B,1021800
190709062839,SOLO_FAIL,1021800
190709062841,ENDCOOP_FAIL,01021800_
190709062842,TAG_DEPARTED_B,1021800
190709062843,TAG_ARRIVED_A,0102ee00
190709062844,SOLO_SUCCESS,0102ee00
190709062845,TAG_DEPARTED_A,0102ee00
190709062848,TAG_ARRIVED_B,1021800
190709062849,SOLO_SUCCESS,1021800
190709062900,TAG_DEPARTED_B,1021800
190709062900,TAG_ARRIVED_A,0101c200
190709062901,SOLO_SUCCESS,0101c200
190709062905,TAG_DEPARTED_A,0101c200
190709062906,TAG_ARRIVED_A,1050400
190709062906,SOLO_SUCCESS,1050400
190709062918,TAG_DEPARTED_A,1050400
190709062918,TAG_ARRIVED_A,1050400
190709062919,SOLO_SUCCESS,1050400
190709062926,TAG_ARRIVED_A,0101c200
190709062927,SOLO_SUCCESS,0101c200
190709062929,TAG_DEPARTED_A,0101c200
190709062933,TAG_ARRIVED_A,0101c200
190709062934,SOLO_SUCCESS,0101c200
190709062936,TAG_DEPARTED_A,0101c200
190709062937,TAG_ARRIVED_A,1050400
190709062937,SOLO_SUCCESS,1050400
190709063000,TAG_DEPARTED_A,1050400
190709063001,TAG_ARRIVED_B,0101c200
190709063002,SOLO_SUCCESS,0101c200
190709063004,TAG_DEPARTED_B,0101c200
190709063017,TAG_ARRIVED_B,0101c200
190709063018,SOLO_SUCCESS,0101c200
190709063027,TAG_DEPARTED_B,0101c200
190709063027,TAG_ARRIVED_B,0101c200
190709063028,SOLO_SUCCESS,0101c200
190709063032,TAG_DEPARTED_B,0101c200
190709063042,TAG_ARRIVED_B,0101c200
190709063043,SOLO_SUCCESS,0101c200
190709063057,TAG_DEPARTED_B,0101c200
190709063108,TAG_ARRIVED_B,0101c200
190709063109,SOLO_SUCCESS,0101c200
190709063115,TAG_DEPARTED_B,0101c200
190709063121,TAG_ARRIVED_B,0101c200
190709063122,SOLO_SUCCESS,0101c200
190709063127,TAG_DEPARTED_B,0101c200
190709063129,TAG_ARRIVED_B,0101c200
190709063130,SOLO_SUCCESS,0101c200
190709063131,TAG_DEPARTED_B,0101c200
190709063142,TAG_ARRIVED_B,0101c200
190709063143,SOLO_SUCCESS,0101c200
190709063148,TAG_DEPARTED_B,0101c200
190709063152,TAG_ARRIVED_B,0101c200
190709063153,SOLO_SUCCESS,0101c200
190709063201,TAG_DEPARTED_B,0101c200
190709063332,TAG_ARRIVED_A,01043c00
190709063333,SOLO_SUCCESS,01043c00
190709063335,TAG_DEPARTED_A,01043c00
190709063336,TAG_ARRIVED_A,01043c00
190709063337,SOLO_SUCCESS,01043c00
190709063340,TAG_DEPARTED_A,01043c00
190709063342,TAG_ARRIVED_A,0102ae00
190709063342,SOLO_SUCCESS,0102ae00
190709063349,TAG_DEPARTED_A,0102ae00
190709063349,TAG_ARRIVED_A,0102ae00
190709063350,SOLO_SUCCESS,0102ae00
190709063352,TAG_DEPARTED_A,0102ae00
190709063356,TAG_ARRIVED_A,0102ae00
190709063356,SOLO_SUCCESS,0102ae00
190709063358,TAG_DEPARTED_A,0102ae00
190709063400,TAG_ARRIVED_A,0102ae00
190709063401,SOLO_SUCCESS,0102ae00
190709063402,TAG_DEPARTED_A,0102ae00
190709063411,TAG_ARRIVED_A,0102ae00
190709063412,SOLO_SUCCESS,0102ae00
190709063413,TAG_DEPARTED_A,0102ae00
190709063424,TAG_ARRIVED_A,0102ae00
190709063424,SOLO_SUCCESS,0102ae00
190709063431,TAG_DEPARTED_A,0102ae00
190709063441,TAG_ARRIVED_A,0102ae00
190709063441,SOLO_SUCCESS,0102ae00
190709063443,TAG_DEPARTED_A,0102ae00
190709063444,TAG_ARRIVED_A,0102ae00
190709063445,SOLO_SUCCESS,0102ae00
190709063446,TAG_DEPARTED_A,0102ae00
190709063502,TAG_ARRIVED_A,0102ae00
190709063503,SOLO_SUCCESS,0102ae00
190709063508,TAG_DEPARTED_A,0102ae00
190709063515,TAG_ARRIVED_A,0102ae00
190709063516,SOLO_SUCCESS,0102ae00
190709063517,TAG_DEPARTED_A,0102ae00
190709063523,TAG_ARRIVED_A,0102ae00
190709063523,SOLO_SUCCESS,0102ae00
190709063533,TAG_DEPARTED_A,0102ae00
190709063550,TAG_ARRIVED_A,01bb2200
190709063550,SOLO_SUCCESS,01bb2200
190709063555,TAG_DEPARTED_A,01bb2200
190709063607,TAG_ARRIVED_A,01bb2200
190709063608,SOLO_SUCCESS,01bb2200
190709063629,TAG_DEPARTED_A,01bb2200
190709063630,TAG_ARRIVED_A,01bb2200
190709063631,SOLO_SUCCESS,01bb2200
190709063635,TAG_DEPARTED_A,01bb2200
190709063636,TAG_ARRIVED_A,01bb2200
190709063637,SOLO_SUCCESS,01bb2200
190709063656,TAG_DEPARTED_A,01bb2200
190709063657,TAG_ARRIVED_A,01bb2200
190709063658,SOLO_SUCCESS,01bb2200
190709063725,TAG_ARRIVED_B,01043c00
190709063726,STARTCOOP_SUCCESS,01bb2200_01043c00
190709063730,ENDCOOP_SUCCESS,01043c00_01bb2200
190709063730,TAG_DEPARTED_B,01043c00
190709063733,TAG_DEPARTED_A,01bb2200
190709063733,TAG_ARRIVED_A,01bb2200
190709063734,SOLO_SUCCESS,01bb2200
190709063740,TAG_ARRIVED_B,01043c00
190709063741,STARTCOOP_SUCCESS,01bb2200_01043c00
190709063752,TAG_DEPARTED_A,01bb2200
190709063757,ENDCOOP_SUCCESS,01043c00_
190709063757,TAG_DEPARTED_B,01043c00
190709063759,TAG_ARRIVED_A,01bb2200
190709063800,SOLO_SUCCESS,01bb2200
190709063801,TAG_DEPARTED_A,01bb2200
190709063801,TAG_ARRIVED_A,01bb2200
190709063802,SOLO_SUCCESS,01bb2200
190709063805,TAG_DEPARTED_A,01bb2200
190709063805,TAG_ARRIVED_B,01043c00
190709063806,SOLO_SUCCESS,01043c00
190709063806,TAG_ARRIVED_A,01bb2200
190709063807,STARTCOOP_SUCCESS,01043c00_01bb2200
190709063807,TAG_DEPARTED_A,01bb2200
190709063808,TAG_ARRIVED_A,01bb2200
190709063809,STARTCOOP_SUCCESS,01043c00_01bb2200
190709063810,TAG_DEPARTED_A,01bb2200
190709063815,TAG_ARRIVED_A,01bb2200
190709063816,STARTCOOP_SUCCESS,01043c00_01bb2200
190709063817,TAG_DEPARTED_A,01bb2200
190709063817,ENDCOOP_SUCCESS,01043c00_
190709063817,TAG_DEPARTED_B,01043c00
190709063819,TAG_ARRIVED_A,01bb2200
190709063820,SOLO_SUCCESS,01bb2200
190709063822,TAG_DEPARTED_A,01bb2200
190709063824,TAG_ARRIVED_A,01bb2200
190709063825,SOLO_SUCCESS,01bb2200
190709063830,TAG_DEPARTED_A,01bb2200
190709063830,TAG_ARRIVED_A,01bb2200
190709063831,SOLO_SUCCESS,01bb2200
190709063832,TAG_DEPARTED_A,01bb2200
190709063833,TAG_ARRIVED_A,01bb2200
190709063834,SOLO_SUCCESS,01bb2200
190709063845,TAG_DEPARTED_A,01bb2200
190709063846,TAG_ARRIVED_A,01bb2200
190709063847,SOLO_SUCCESS,01bb2200
190709063849,TAG_DEPARTED_A,01bb2200
190709063849,TAG_ARRIVED_A,01bb2200
190709063850,SOLO_SUCCESS,01bb2200
190709063853,TAG_DEPARTED_A,01bb2200
190709063855,TAG_ARRIVED_A,01bb2200
190709063856,SOLO_SUCCESS,01bb2200
190709063909,TAG_ARRIVED_B,0103bf00
190709063910,STARTCOOP_FAIL,01bb2200_0103bf00
190709063911,ENDCOOP_FAIL,0103bf00_01bb2200
190709063911,TAG_DEPARTED_B,0103bf00
190709063929,TAG_DEPARTED_A,01bb2200
190709063934,TAG_ARRIVED_A,01bb2200
190709063935,SOLO_FAIL,01bb2200
190709063938,TAG_DEPARTED_A,01bb2200
190709063944,TAG_ARRIVED_A,01bb2200
190709063945,SOLO_FAIL,01bb2200
190709064027,TAG_DEPARTED_A,01bb2200
190709064029,TAG_ARRIVED_A,01bb2200
190709064030,SOLO_FAIL,01bb2200
190709064039,TAG_DEPARTED_A,01bb2200
190709064043,TAG_ARRIVED_A,01bb2200
190709064044,SOLO_FAIL,01bb2200
190709064045,TAG_DEPARTED_A,01bb2200
190709064045,TAG_ARRIVED_A,01bb2200
190709064046,SOLO_FAIL,01bb2200
190709064053,TAG_DEPARTED_A,01bb2200
190709064054,TAG_ARRIVED_A,01bb2200
190709064055,SOLO_FAIL,01bb2200
190709064104,TAG_DEPARTED_A,01bb2200
190709064109,LOCKOUT_ENDED,
190709064112,TAG_ARRIVED_B,1026800
190709064112,SOLO_SUCCESS,1026800
190709064120,TAG_DEPARTED_B,1026800
190709064136,TAG_ARRIVED_B,01bb2200
190709064137,SOLO_SUCCESS,01bb2200
190709064138,TAG_DEPARTED_B,01bb2200
190709064148,TAG_ARRIVED_B,7991800
190709064148,SOLO_SUCCESS,7991800
190709064155,TAG_DEPARTED_B,7991800
190709064202,TAG_ARRIVED_B,7991800
190709064202,SOLO_SUCCESS,7991800
190709064204,TAG_DEPARTED_B,7991800
190709064216,TAG_ARRIVED_B,7991800
190709064217,SOLO_SUCCESS,7991800
190709064308,TAG_DEPARTED_B,7991800
190709064309,TAG_ARRIVED_B,7991800
190709064309,SOLO_SUCCESS,7991800
190709064314,TAG_DEPARTED_B,7991800
190709064414,TAG_ARRIVED_B,0104a600
190709064415,SOLO_SUCCESS,0104a600
190709064416,TAG_DEPARTED_B,0104a600
190709064548,TAG_ARRIVED_B,1028400
190709064549,SOLO_SUCCESS,1028400
190709064556,TAG_DEPARTED_B,1028400
190709064651,TAG_ARRIVED_B,1028400
190709064652,SOLO_SUCCESS,1028400
190709064703,TAG_DEPARTED_B,1028400
190709064715,TAG_ARRIVED_B,1028400
190709064716,SOLO_SUCCESS,1028400
190709064719,TAG_DEPARTED_B,1028400
190709064740,TAG_ARRIVED_B,1028400
190709064741,SOLO_SUCCESS,1028400
190709064742,TAG_DEPARTED_B,1028400
190709064813,TAG_ARRIVED_B,1028400
190709064814,SOLO_SUCCESS,1028400
190709064817,TAG_DEPARTED_B,1028400
190709064821,TAG_ARRIVED_B,1028400
190709064822,SOLO_SUCCESS,1028400
190709064823,TAG_DEPARTED_B,1028400
190709064840,TAG_ARRIVED_B,1028400
190709064841,SOLO_SUCCESS,1028400
190709064855,TAG_DEPARTED_B,1028400
190709064902,TAG_ARRIVED_B,1028400
190709064903,SOLO_SUCCESS,1028400
190709064908,TAG_DEPARTED_B,1028400
190709064917,TAG_ARRIVED_B,1028400
190709064918,SOLO_SUCCESS,1028400
190709064919,TAG_DEPARTED_B,1028400
190709064927,TAG_ARRIVED_B,1040300
190709064927,SOLO_SUCCESS,1040300
190709064929,TAG_DEPARTED_B,1040300
190709064935,TAG_ARRIVED_B,0102ee00
190709064936,SOLO_SUCCESS,0102ee00
190709064937,TAG_ARRIVED_A,0125d900
190709064938,STARTCOOP_FAIL,0102ee00_0125d900
190709064938,ENDCOOP_FAIL,0102ee00_0125d900
190709064938,TAG_DEPARTED_B,0102ee00
190709064941,TAG_DEPARTED_A,0125d900
190709064942,TAG_ARRIVED_A,0125d900
190709064942,SOLO_FAIL,0125d900
190709064950,TAG_DEPARTED_A,0125d900
190709064950,TAG_ARRIVED_A,0125d900
190709064951,SOLO_FAIL,0125d900
190709064952,TAG_ARRIVED_B,0102ee00
190709064953,STARTCOOP_FAIL,0125d900_0102ee00
190709064953,TAG_DEPARTED_A,0125d900
190709065031,ENDCOOP_FAIL,0102ee00_
190709065031,TAG_DEPARTED_B,0102ee00
190709065033,TAG_ARRIVED_B,0102ee00
190709065034,SOLO_FAIL,0102ee00
190709065040,ENDCOOP_FAIL,0102ee00_
190709065040,TAG_DEPARTED_B,0102ee00
190709065050,TAG_ARRIVED_B,0102ee00
190709065051,SOLO_FAIL,0102ee00
190709065057,ENDCOOP_FAIL,0102ee00_
190709065057,TAG_DEPARTED_B,0102ee00
190709065101,TAG_ARRIVED_B,0102ee00
190709065102,SOLO_FAIL,0102ee00
190709065103,ENDCOOP_FAIL,0102ee00_
190709065103,TAG_DEPARTED_B,0102ee00
190709065136,TAG_ARRIVED_B,0104a600
190709065137,SOLO_FAIL,0104a600
190709065152,LOCKOUT_ENDED,
190709065154,TAG_DEPARTED_B,0104a600
190709065203,TAG_ARRIVED_B,0104a600
190709065204,SOLO_SUCCESS,0104a600
190709065205,TAG_DEPARTED_B,0104a600
190709065211,TAG_ARRIVED_B,0104a600
190709065212,SOLO_SUCCESS,0104a600
190709065213,TAG_DEPARTED_B,0104a600
190709065220,TAG_ARRIVED_B,0104a600
190709065221,SOLO_SUCCESS,0104a600
190709065227,TAG_DEPARTED_B,0104a600
190709065230,TAG_ARRIVED_B,0104a600
190709065231,SOLO_SUCCESS,0104a600
190709065344,TAG_DEPARTED_B,0104a600
190709065402,TAG_ARRIVED_B,0104a600
190709065403,SOLO_SUCCESS,0104a600
190709065406,TAG_DEPARTED_B,0104a600
190709065456,TAG_ARRIVED_B,0104a600
190709065457,SOLO_SUCCESS,0104a600
190709065459,TAG_DEPARTED_B,0104a600
190709065822,TAG_ARRIVED_B,0103f100
190709065823,SOLO_SUCCESS,0103f100
190709065825,TAG_DEPARTED_B,0103f100
190709065911,TAG_ARRIVED_A,0102d500
190709065912,SOLO_SUCCESS,0102d500
190709065913,TAG_DEPARTED_A,0102d500
190709065922,TAG_ARRIVED_A,0102d500
190709065922,SOLO_SUCCESS,0102d500
190709065954,TAG_DEPARTED_A,0102d500
190709070009,TAG_ARRIVED_A,0102d500
190709070010,SOLO_SUCCESS,0102d500
190709070017,TAG_ARRIVED_B,1021800
190709070018,STARTCOOP_FAIL,0102d500_01021800
190709070019,TAG_DEPARTED_A,0102d500
190709070019,TAG_ARRIVED_A,0102d500
190709070020,STARTCOOP_FAIL,01021800_0102d500
190709070033,TAG_DEPARTED_A,0102d500
190709070034,TAG_ARRIVED_A,0102d500
190709070035,STARTCOOP_FAIL,01021800_0102d500
190709070047,TAG_DEPARTED_A,0102d500
190709070222,ENDCOOP_FAIL,01021800_
190709070222,TAG_DEPARTED_B,1021800
190709070229,TAG_ARRIVED_A,0102d500
190709070230,SOLO_FAIL,0102d500
190709070235,LOCKOUT_ENDED,
190709070345,TAG_DEPARTED_A,0102d500
190709070519,TAG_ARRIVED_A,0101c200
190709070520,SOLO_SUCCESS,0101c200
190709070521,TAG_DEPARTED_A,0101c200
190709070522,TAG_ARRIVED_B,1050400
190709070523,SOLO_SUCCESS,1050400
190709070523,TAG_ARRIVED_A,0101c200
190709070524,STARTCOOP_FAIL,01050400_0101c200
190709070525,TAG_DEPARTED_A,0101c200
190709070526,ENDCOOP_FAIL,01050400_
190709070526,TAG_DEPARTED_B,1050400
190709070527,TAG_ARRIVED_A,0101c200
190709070528,SOLO_FAIL,0101c200
190709070544,TAG_DEPARTED_A,0101c200
190709070545,TAG_ARRIVED_A,0101c200
190709070546,SOLO_FAIL,0101c200
190709070549,TAG_DEPARTED_A,0101c200
190709070550,TAG_ARRIVED_A,1050400
190709070550,SOLO_FAIL,1050400
190709070552,TAG_ARRIVED_B,0101c200
190709070553,STARTCOOP_FAIL,01050400_0101c200
190709070554,ENDCOOP_FAIL,0101c200_01050400
190709070554,TAG_DEPARTED_B,0101c200
190709070601,TAG_DEPARTED_A,1050400
190709070641,TAG_ARRIVED_A,1050400
190709070641,SOLO_FAIL,1050400
190709070643,TAG_DEPARTED_A,1050400
190709070643,TAG_ARRIVED_B,0101c200
190709070644,SOLO_FAIL,0101c200
190709070646,ENDCOOP_FAIL,0101c200_
190709070647,TAG_DEPARTED_B,0101c200
190709070653,TAG_ARRIVED_B,0101c200
190709070654,SOLO_FAIL,0101c200
190709070655,TAG_ARRIVED_A,1050400
190709070655,STARTCOOP_FAIL,0101c200_01050400
190709070658,TAG_DEPARTED_A,1050400
190709070701,ENDCOOP_FAIL,0101c200_
190709070701,TAG_DEPARTED_B,0101c200
190709070708,TAG_ARRIVED_B,0101c200
190709070709,SOLO_FAIL,0101c200
190709070710,ENDCOOP_FAIL,0101c200_
190709070710,TAG_DEPARTED_B,0101c200
190709070719,TAG_ARRIVED_B,0101c200
190709070720,SOLO_FAIL,0101c200
190709070721,ENDCOOP_FAIL,0101c200_
190709070722,TAG_DEPARTED_B,0101c200
190709070743,TAG_ARRIVED_A,1050400
190709070743,SOLO_FAIL,1050400
190709070744,TAG_ARRIVED_B,0101c200
190709070745,STARTCOOP_FAIL,01050400_0101c200
190709070745,TAG_DEPARTED_A,1050400
190709070746,ENDCOOP_FAIL,0101c200_
190709070746,TAG_DEPARTED_B,0101c200
190709070749,TAG_ARRIVED_A,1050400
190709070749,SOLO_FAIL,1050400
190709070758,TAG_DEPARTED_A,1050400
190709070800,TAG_ARRIVED_A,0101c200
190709070801,SOLO_FAIL,0101c200
190709070802,TAG_DEPARTED_A,0101c200
190709070806,TAG_ARRIVED_A,0101c200
190709070807,SOLO_FAIL,0101c200
190709070809,TAG_DEPARTED_A,0101c200
190709070809,TAG_ARRIVED_B,1028400
190709070810,SOLO_FAIL,1028400
190709070810,TAG_ARRIVED_A,0101c200
190709070811,STARTCOOP_SUCCESS,01028400_0101c200
190709070812,TAG_DEPARTED_A,0101c200
190709070813,ENDCOOP_SUCCESS,01028400_
190709070813,TAG_DEPARTED_B,1028400
190709070814,TAG_ARRIVED_B,1028400
190709070815,SOLO_FAIL,1028400
190709070815,TAG_ARRIVED_A,0101c200
190709070816,STARTCOOP_SUCCESS,01028400_0101c200
190709070816,ENDCOOP_SUCCESS,01028400_0101c200
190709070817,TAG_DEPARTED_B,1028400
190709070817,TAG_ARRIVED_B,1028400
190709070818,STARTCOOP_SUCCESS,0101c200_01028400
190709070821,ENDCOOP_SUCCESS,01028400_0101c200
190709070822,TAG_DEPARTED_B,1028400
190709070822,TAG_ARRIVED_A,1028400
190709070823,SOLO_FAIL,1028400
190709070825,TAG_DEPARTED_A,1028400
190709070840,TAG_ARRIVED_B,1028400
190709070841,SOLO_FAIL,1028400
190709070844,ENDCOOP_FAIL,01028400_
190709070844,TAG_DEPARTED_B,1028400
190709070845,TAG_ARRIVED_B,1028400
190709070846,SOLO_FAIL,1028400
190709070847,TAG_ARRIVED_A,1050400
190709070847,STARTCOOP_FAIL,01028400_01050400
190709070849,TAG_DEPARTED_A,1050400
190709070852,TAG_ARRIVED_A,1050400
190709070852,STARTCOOP_FAIL,01028400_01050400
190709070854,TAG_DEPARTED_A,1050400
190709070919,TAG_ARRIVED_A,1050400
190709070919,STARTCOOP_FAIL,01028400_01050400
190709070946,TAG_ARRIVED_A,0101c200
190709070947,STARTCOOP_SUCCESS,01028400_0101c200
190709070948,ENDCOOP_SUCCESS,01028400_0101c200
190709070948,TAG_DEPARTED_B,1028400
190709070949,TAG_DEPARTED_A,0101c200
190709070952,TAG_ARRIVED_B,1028400
190709070953,SOLO_FAIL,1028400
190709070954,TAG_ARRIVED_A,0101c200
190709070955,STARTCOOP_SUCCESS,01028400_0101c200
190709070955,ENDCOOP_SUCCESS,01028400_0101c200
190709070955,TAG_DEPARTED_B,1028400
190709070956,TAG_DEPARTED_A,0101c200
190709070956,TAG_ARRIVED_A,0101c200
190709070957,SOLO_FAIL,0101c200
190709071005,TAG_DEPARTED_A,0101c200
190709071006,TAG_ARRIVED_A,1050400
190709071006,SOLO_FAIL,1050400
190709071019,TAG_DEPARTED_A,1050400
190709071021,TAG_ARRIVED_A,1028400
190709071022,SOLO_FAIL,1028400
190709071022,TAG_ARRIVED_B,0103bf00
190709071023,STARTCOOP_FAIL,01028400_0103bf00
190709071024,ENDCOOP_FAIL,0103bf00_01028400
190709071025,TAG_DEPARTED_B,0103bf00
190709071028,TAG_DEPARTED_A,1028400
190709071034,TAG_ARRIVED_B,0103f100
190709071035,SOLO_FAIL,0103f100
190709071037,TAG_ARRIVED_A,1028400
190709071038,STARTCOOP_SUCCESS,0103f100_01028400
190709071039,TAG_DEPARTED_A,1028400
190709071044,TAG_ARRIVED_A,1016400
190709071044,STARTCOOP_FAIL,0103f100_01016400
190709071045,ENDCOOP_FAIL,0103f100_01016400
190709071045,TAG_DEPARTED_B,0103f100
190709071053,TAG_DEPARTED_A,1016400
190709071054,TAG_ARRIVED_B,01d41b00
190709071055,SOLO_FAIL,01d41b00
190709071058,ENDCOOP_FAIL,01d41b00_
190709071058,TAG_DEPARTED_B,01d41b00
190709071058,TAG_ARRIVED_B,01d41b00
190709071059,SOLO_FAIL,01d41b00
190709071100,ENDCOOP_FAIL,01d41b00_
190709071100,TAG_DEPARTED_B,01d41b00
190709071101,TAG_ARRIVED_B,1016400
190709071101,SOLO_FAIL,1016400
190709071112,ENDCOOP_FAIL,01016400_
190709071113,TAG_DEPARTED_B,1016400
190709071116,TAG_ARRIVED_B,1016400
190709071116,SOLO_FAIL,1016400
190709071118,TAG_ARRIVED_A,01d41b00
190709071119,STARTCOOP_FAIL,01016400_01d41b00
190709071120,ENDCOOP_FAIL,01016400_01d41b00
190709071120,TAG_DEPARTED_B,1016400
190709071121,TAG_DEPARTED_A,01d41b00
190709071122,TAG_ARRIVED_A,01d41b00
190709071123,SOLO_FAIL,01d41b00
190709071126,TAG_DEPARTED_A,01d41b00
190709071128,TAG_ARRIVED_B,01bb2200
190709071129,SOLO_FAIL,01bb2200
190709071132,TAG_ARRIVED_A,01d41b00
190709071133,STARTCOOP_SUCCESS,01bb2200_01d41b00
190709071134,TAG_DEPARTED_A,01d41b00
190709071134,ENDCOOP_SUCCESS,01bb2200_
190709071135,TAG_DEPARTED_B,01bb2200
190709071136,TAG_ARRIVED_A,01d41b00
190709071137,SOLO_FAIL,01d41b00
190709071140,TAG_DEPARTED_A,01d41b00
190709071141,TAG_ARRIVED_A,01d41b00
190709071142,SOLO_FAIL,01d41b00
190709071147,TAG_DEPARTED_A,01d41b00
190709071151,TAG_ARRIVED_A,01d41b00
190709071152,SOLO_FAIL,01d41b00
190709071155,TAG_DEPARTED_A,01d41b00
190709071217,TAG_ARRIVED_B,1026800
190709071217,SOLO_FAIL,1026800
190709071220,ENDCOOP_FAIL,01026800_
190709071220,TAG_DEPARTED_B,1026800
190709071220,TAG_ARRIVED_B,1026800
190709071221,SOLO_FAIL,1026800
190709071233,ENDCOOP_FAIL,01026800_
190709071233,TAG_DEPARTED_B,1026800
190709071234,TAG_ARRIVED_A,01bb2200
190709071235,SOLO_FAIL,01bb2200
190709071236,TAG_DEPARTED_A,01bb2200
190709071239,TAG_ARRIVED_B,01d41b00
190709071240,SOLO_FAIL,01d41b00
190709071246,ENDCOOP_FAIL,01d41b00_
190709071246,TAG_DEPARTED_B,01d41b00
190709071246,TAG_ARRIVED_A,01bb2200
190709071247,SOLO_FAIL,01bb2200
190709071248,TAG_DEPARTED_A,01bb2200
190709071319,LOCKOUT_ENDED,
190709071326,TAG_ARRIVED_A,01d41b00
190709071327,SOLO_SUCCESS,01d41b00
190709071331,TAG_DEPARTED_A,01d41b00
190709071701,TAG_ARRIVED_B,01cf0600
190709071702,SOLO_SUCCESS,01cf0600
190709071704,TAG_DEPARTED_B,01cf0600
190709073051,TAG_ARRIVED_B,0102ee00
190709073052,SOLO_SUCCESS,0102ee00
190709073058,TAG_DEPARTED_B,0102ee00
190709073100,TAG_ARRIVED_B,0102ee00
190709073101,SOLO_SUCCESS,0102ee00
190709073102,TAG_DEPARTED_B,0102ee00
190709073105,TAG_ARRIVED_B,0102ee00
190709073106,SOLO_SUCCESS,0102ee00
190709073108,TAG_DEPARTED_B,0102ee00
190709073151,TAG_ARRIVED_B,0102ee00
190709073152,SOLO_SUCCESS,0102ee00
190709073154,TAG_DEPARTED_B,0102ee00
190709073258,TAG_ARRIVED_A,0102ee00
190709073259,SOLO_SUCCESS,0102ee00
190709073301,TAG_DEPARTED_A,0102ee00
190709073317,TAG_ARRIVED_B,0102ee00
190709073318,SOLO_SUCCESS,0102ee00
190709073321,TAG_DEPARTED_B,0102ee00
190709073327,TAG_ARRIVED_B,0102ee00
190709073328,SOLO_SUCCESS,0102ee00
190709073330,TAG_DEPARTED_B,0102ee00
190709073453,TAG_ARRIVED_B,0102ee00
190709073454,SOLO_SUCCESS,0102ee00
190709073459,TAG_DEPARTED_B,0102ee00
190709073652,TAG_ARRIVED_A,01fe7600
190709073652,SOLO_SUCCESS,01fe7600
190709073654,TAG_DEPARTED_A,01fe7600
190709073657,TAG_ARRIVED_A,0102ee00
190709073658,SOLO_SUCCESS,0102ee00
190709073702,TAG_DEPARTED_A,0102ee00
190709073707,TAG_ARRIVED_B,1040300
190709073707,SOLO_SUCCESS,1040300
190709073711,TAG_DEPARTED_B,1040300
190709073826,TAG_ARRIVED_A,0102ee00
190709073827,SOLO_SUCCESS,0102ee00
190709073829,TAG_DEPARTED_A,0102ee00
190709073840,TAG_ARRIVED_A,0102ee00
190709073841,SOLO_SUCCESS,0102ee00
190709073842,TAG_DEPARTED_A,0102ee00
190709073848,TAG_ARRIVED_B,1040300
190709073849,SOLO_SUCCESS,1040300
190709073851,TAG_DEPARTED_B,1040300
190709073857,TAG_ARRIVED_A,1021800
190709073858,SOLO_SUCCESS,1021800
190709073903,TAG_DEPARTED_A,1021800
190709074057,TAG_ARRIVED_B,0102ae00
190709074057,SOLO_SUCCESS,0102ae00
190709074058,TAG_DEPARTED_B,0102ae00
190709074059,TAG_ARRIVED_B,0102ae00
190709074159,SOLO_SUCCESS,0102ae00
190709074102,TAG_DEPARTED_B,0102ae00
190709074107,TAG_ARRIVED_B,0102ae00
190709074107,SOLO_SUCCESS,0102ae00
190709074109,TAG_DEPARTED_B,0102ae00
190709074133,TAG_ARRIVED_A,0102ae00
190709074133,SOLO_SUCCESS,0102ae00
190709074135,TAG_DEPARTED_A,0102ae00
190709074139,TAG_ARRIVED_A,0102ae00
190709074139,SOLO_SUCCESS,0102ae00
190709074143,TAG_DEPARTED_A,0102ae00
190709074152,TAG_ARRIVED_A,0102ae00
190709074152,SOLO_SUCCESS,0102ae00
190709074208,TAG_DEPARTED_A,0102ae00
190709074209,TAG_ARRIVED_A,0102ae00
190709074210,SOLO_SUCCESS,0102ae00
190709074220,TAG_DEPARTED_A,0102ae00
190709074229,TAG_ARRIVED_A,0102ae00
190709074229,SOLO_SUCCESS,0102ae00
190709074239,TAG_DEPARTED_A,0102ae00
190709074247,TAG_ARRIVED_A,0102ae00
190709074247,SOLO_SUCCESS,0102ae00
190709074252,TAG_DEPARTED_A,0102ae00
190709074257,TAG_ARRIVED_A,1023700
190709074257,SOLO_SUCCESS,1023700
190709074535,TAG_DEPARTED_A,1023700
190709074618,TAG_ARRIVED_B,1023700
190709074618,SOLO_SUCCESS,1023700
190709074629,TAG_DEPARTED_B,1023700
190709074630,TAG_ARRIVED_B,1023700
190709074630,SOLO_SUCCESS,1023700
190709074632,TAG_DEPARTED_B,1023700
190709074634,TAG_ARRIVED_B,1023700
190709074634,SOLO_SUCCESS,1023700
190709074637,TAG_DEPARTED_B,1023700
190709074637,TAG_ARRIVED_B,1023700
190709074638,SOLO_SUCCESS,1023700
190709074657,TAG_DEPARTED_B,1023700
190709074807,TAG_ARRIVED_B,0101c200
190709074808,SOLO_SUCCESS,0101c200
190709074810,TAG_DEPARTED_B,0101c200
190709074818,TAG_ARRIVED_B,0101c200
190709074819,SOLO_SUCCESS,0101c200
190709074836,TAG_DEPARTED_B,0101c200
190709074839,TAG_ARRIVED_B,0101c200
190709074840,SOLO_SUCCESS,0101c200
190709074842,TAG_DEPARTED_B,0101c200
190709074845,TAG_ARRIVED_B,0101c200
190709074846,SOLO_SUCCESS,0101c200
190709074847,TAG_DEPARTED_B,0101c200
190709074849,TAG_ARRIVED_A,0101c200
190709074850,SOLO_SUCCESS,0101c200
190709074854,TAG_DEPARTED_A,0101c200
190709074859,TAG_ARRIVED_A,0101c200
190709074900,SOLO_SUCCESS,0101c200
190709074901,TAG_DEPARTED_A,0101c200
190709074915,TAG_ARRIVED_A,0101c200
190709074916,SOLO_SUCCESS,0101c200
190709074918,TAG_DEPARTED_A,0101c200
190709074930,TAG_ARRIVED_A,0101c200
190709074931,SOLO_SUCCESS,0101c200
190709074932,TAG_DEPARTED_A,0101c200
190709074932,TAG_ARRIVED_A,0101c200
190709074933,SOLO_SUCCESS,0101c200
190709074934,TAG_DEPARTED_A,0101c200
190709074936,TAG_ARRIVED_A,0101c200
190709074937,SOLO_SUCCESS,0101c200
190709074939,TAG_DEPARTED_A,0101c200
190709074940,TAG_ARRIVED_A,0101c200
190709074941,SOLO_SUCCESS,0101c200
190709074943,TAG_DEPARTED_A,0101c200
190709074943,TAG_ARRIVED_A,0101c200
190709074944,SOLO_SUCCESS,0101c200
190709074945,TAG_DEPARTED_A,0101c200
190709074952,TAG_ARRIVED_B,1041100
190709074953,SOLO_SUCCESS,1041100
190709074954,TAG_DEPARTED_B,1041100
190709075006,TAG_ARRIVED_A,0101c200
190709075007,SOLO_SUCCESS,0101c200
190709075009,TAG_DEPARTED_A,0101c200
190709075027,TAG_ARRIVED_A,0101c200
190709075027,SOLO_SUCCESS,0101c200
190709075032,TAG_DEPARTED_A,0101c200
190709075034,TAG_ARRIVED_A,0101c200
190709075035,SOLO_SUCCESS,0101c200
190709075042,TAG_DEPARTED_A,0101c200
190709075045,TAG_ARRIVED_A,0101c200
190709075046,SOLO_SUCCESS,0101c200
190709075055,TAG_DEPARTED_A,0101c200
190709075056,TAG_ARRIVED_A,0101c200
190709075057,SOLO_SUCCESS,0101c200
190709075101,TAG_DEPARTED_A,0101c200
190709075134,TAG_ARRIVED_B,01bb2200
190709075135,SOLO_SUCCESS,01bb2200
190709075139,TAG_DEPARTED_B,01bb2200
190709075159,TAG_ARRIVED_B,01bb2200
190709075200,SOLO_SUCCESS,01bb2200
190709075230,TAG_DEPARTED_B,01bb2200
190709075231,TAG_ARRIVED_B,01bb2200
190709075232,SOLO_SUCCESS,01bb2200
190709075313,TAG_DEPARTED_B,01bb2200
190709075530,TAG_ARRIVED_B,0101c200
190709075531,SOLO_SUCCESS,0101c200
190709075534,TAG_DEPARTED_B,0101c200
190709075536,TAG_ARRIVED_B,0101c200
190709075537,SOLO_SUCCESS,0101c200
190709075544,TAG_DEPARTED_B,0101c200
190709075552,TAG_ARRIVED_B,0101c200
190709075552,SOLO_SUCCESS,0101c200
190709075607,TAG_DEPARTED_B,0101c200
190709075614,TAG_ARRIVED_B,0101c200
190709075615,SOLO_SUCCESS,0101c200
190709075617,TAG_DEPARTED_B,0101c200
190709075621,TAG_ARRIVED_B,0101c200
190709075622,SOLO_SUCCESS,0101c200
190709075624,TAG_DEPARTED_B,0101c200
190709075625,TAG_ARRIVED_B,0101c200
190709075626,SOLO_SUCCESS,0101c200
190709075627,TAG_DEPARTED_B,0101c200
190709075634,TAG_ARRIVED_B,0101c200
190709075635,SOLO_SUCCESS,0101c200
190709075725,TAG_DEPARTED_B,0101c200
190709075738,TAG_ARRIVED_A,0101c200
190709075739,SOLO_SUCCESS,0101c200
190709075759,TAG_DEPARTED_A,0101c200
190709075759,TAG_ARRIVED_A,0101c200
190709075800,SOLO_SUCCESS,0101c200
190709075802,TAG_ARRIVED_B,1026800
190709075802,STARTCOOP_FAIL,0101c200_01026800
190709075803,TAG_DEPARTED_A,0101c200
190709075806,ENDCOOP_FAIL,01026800_
190709075806,TAG_DEPARTED_B,1026800
190709075806,TAG_ARRIVED_A,0101c200
190709075807,SOLO_FAIL,0101c200
190709075809,TAG_DEPARTED_A,0101c200
190709075809,TAG_ARRIVED_A,13c20100
190709075811,TAG_MISSING_A,13c20100
190709075811,SOLO_FAIL,13c20100
190709075811,TAG_ARRIVED_A,0101c200
190709075813,SOLO_FAIL,0101c200
190709075814,TAG_ARRIVED_B,1050400
190709075815,STARTCOOP_FAIL,0101c200_01050400
190709075820,TAG_DEPARTED_A,0101c200
190709075823,TAG_ARRIVED_A,0101c200
190709075824,STARTCOOP_FAIL,01050400_0101c200
190709075828,TAG_DEPARTED_A,0101c200
190709075829,ENDCOOP_FAIL,01050400_
190709075829,TAG_DEPARTED_B,1050400
190709075831,TAG_ARRIVED_B,1050400
190709075832,SOLO_FAIL,1050400
190709075832,TAG_ARRIVED_A,0101c200
190709075833,STARTCOOP_FAIL,01050400_0101c200
190709075836,TAG_DEPARTED_A,0101c200
190709075838,ENDCOOP_FAIL,01050400_
190709075838,TAG_DEPARTED_B,1050400
190709075839,TAG_ARRIVED_A,0101c200
190709075839,SOLO_FAIL,0101c200
190709075840,TAG_DEPARTED_A,0101c200
190709075849,TAG_ARRIVED_B,01d41b00
190709075850,SOLO_FAIL,01d41b00
190709075851,TAG_ARRIVED_A,0101c200
190709075852,STARTCOOP_SUCCESS,01d41b00_0101c200
190709075852,TAG_DEPARTED_A,0101c200
190709075854,ENDCOOP_SUCCESS,01d41b00_
190709075854,TAG_DEPARTED_B,01d41b00
190709075909,TAG_ARRIVED_A,0101c200
190709075910,SOLO_FAIL,0101c200
190709075912,TAG_DEPARTED_A,0101c200
190709075913,TAG_ARRIVED_A,0101c200
190709075914,SOLO_FAIL,0101c200
190709075916,TAG_DEPARTED_A,0101c200
190709075917,TAG_ARRIVED_A,0101c200
190709075918,SOLO_FAIL,0101c200
190709075926,TAG_ARRIVED_B,01d41b00
190709075927,STARTCOOP_SUCCESS,0101c200_01d41b00
190709075928,TAG_DEPARTED_A,0101c200
190709075928,TAG_ARRIVED_A,0101c200
190709075929,STARTCOOP_SUCCESS,01d41b00_0101c200
190709075930,ENDCOOP_SUCCESS,01d41b00_0101c200
190709075930,TAG_DEPARTED_B,01d41b00
190709075931,TAG_DEPARTED_A,0101c200
190709075931,TAG_ARRIVED_A,0101c200
190709075932,SOLO_FAIL,0101c200
190709075933,TAG_ARRIVED_B,01d41b00
190709075934,STARTCOOP_SUCCESS,0101c200_01d41b00
190709075937,TAG_DEPARTED_A,0101c200
190709075938,ENDCOOP_SUCCESS,01d41b00_
190709075938,TAG_DEPARTED_B,01d41b00
190709075941,TAG_ARRIVED_B,01d41b00
190709075942,SOLO_FAIL,01d41b00
190709075943,TAG_ARRIVED_A,0101c200
190709075944,STARTCOOP_SUCCESS,01d41b00_0101c200
190709075951,ENDCOOP_SUCCESS,01d41b00_0101c200
190709075951,TAG_DEPARTED_B,01d41b00
190709075951,TAG_ARRIVED_B,01d41b00
190709075952,STARTCOOP_SUCCESS,0101c200_01d41b00
190709075953,TAG_DEPARTED_A,0101c200
190709075957,TAG_ARRIVED_A,0101c200
190709075958,STARTCOOP_SUCCESS,01d41b00_0101c200
190709080004,TAG_DEPARTED_A,0101c200
190709080006,ENDCOOP_SUCCESS,01d41b00_
190709080006,TAG_DEPARTED_B,01d41b00
190709080007,TAG_ARRIVED_B,01d41b00
190709080008,SOLO_FAIL,01d41b00
190709080012,ENDCOOP_FAIL,01d41b00_
190709080012,TAG_DEPARTED_B,01d41b00
190709080013,TAG_ARRIVED_B,01d41b00
190709080014,SOLO_FAIL,01d41b00
190709080023,TAG_ARRIVED_A,0101c200
190709080024,STARTCOOP_SUCCESS,01d41b00_0101c200
190709080028,TAG_DEPARTED_A,0101c200
190709080029,ENDCOOP_SUCCESS,01d41b00_
190709080029,TAG_DEPARTED_B,01d41b00
190709080030,TAG_ARRIVED_A,0101c200
190709080031,SOLO_FAIL,0101c200
190709080033,LOCKOUT_ENDED,
190709080034,TAG_ARRIVED_B,01d41b00
190709080035,STARTCOOP_SUCCESS,0101c200_01d41b00
190709080036,TAG_DEPARTED_A,0101c200
190709080036,REPLACEMENT,1050400_0101c200
190709080036,TAG_ARRIVED_A,1050400
190709080036,STARTCOOP_FAIL,01d41b00_01050400
190709080037,ENDCOOP_FAIL,01d41b00_01050400
190709080037,TAG_DEPARTED_B,01d41b00
190709080038,TAG_ARRIVED_B,01d41b00
190709080039,STARTCOOP_FAIL,01050400_01d41b00
190709080039,TAG_DEPARTED_A,1050400
190709080039,TAG_ARRIVED_A,1026800
190709080040,STARTCOOP_FAIL,01d41b00_01026800
190709080041,TAG_DEPARTED_A,1026800
190709080043,TAG_ARRIVED_A,0101c200
190709080044,STARTCOOP_SUCCESS,01d41b00_0101c200
190709080047,TAG_DEPARTED_A,0101c200
190709080049,ENDCOOP_SUCCESS,01d41b00_
190709080050,TAG_DEPARTED_B,01d41b00
190709080054,TAG_ARRIVED_A,1050400
190709080054,SOLO_FAIL,1050400
190709080055,TAG_ARRIVED_B,01d41b00
190709080056,STARTCOOP_FAIL,01050400_01d41b00
190709080057,ENDCOOP_FAIL,01d41b00_01050400
190709080057,TAG_DEPARTED_B,01d41b00
190709080058,TAG_ARRIVED_B,0101c200
190709080059,STARTCOOP_FAIL,01050400_0101c200
190709080059,TAG_DEPARTED_A,1050400
190709080059,TAG_ARRIVED_A,1050400
190709080100,STARTCOOP_FAIL,0101c200_01050400
190709080100,ENDCOOP_FAIL,0101c200_01050400
190709080100,TAG_DEPARTED_B,0101c200
190709080101,TAG_DEPARTED_A,1050400
190709080107,TAG_ARRIVED_B,01b57900
190709080108,SOLO_FAIL,01b57900
190709080108,TAG_ARRIVED_B,01d41b00
190709080109,SOLO_FAIL,01d41b00
190709080119,TAG_ARRIVED_B,01b57900
190709080119,SOLO_FAIL,01b57900
190709080121,ENDCOOP_FAIL,01b57900_
190709080121,TAG_DEPARTED_B,01b57900
190709080154,TAG_ARRIVED_B,1026800
190709080154,SOLO_FAIL,1026800
190709080229,ENDCOOP_FAIL,01026800_
190709080229,TAG_DEPARTED_B,1026800
190709080231,TAG_ARRIVED_B,1026800
190709080232,SOLO_FAIL,1026800
190709080247,ENDCOOP_FAIL,01026800_
190709080247,TAG_DEPARTED_B,1026800
190709080248,TAG_ARRIVED_B,1026800
190709080248,SOLO_FAIL,1026800
190709080250,ENDCOOP_FAIL,01026800_
190709080250,TAG_DEPARTED_B,1026800
190709080253,TAG_ARRIVED_B,1026800
190709080253,SOLO_FAIL,1026800
190709080259,LOCKOUT_ENDED,
190709080303,TAG_DEPARTED_B,1026800
190709080350,TAG_ARRIVED_B,0102ee00
190709080351,SOLO_SUCCESS,0102ee00
190709080355,TAG_DEPARTED_B,0102ee00
190709080400,TAG_ARRIVED_B,0102ee00
190709080401,SOLO_SUCCESS,0102ee00
190709080402,TAG_DEPARTED_B,0102ee00
190709080403,TAG_ARRIVED_B,0102ee00
190709080404,SOLO_SUCCESS,0102ee00
190709080408,TAG_DEPARTED_B,0102ee00
190709080417,TAG_ARRIVED_A,01029a00
190709080418,SOLO_SUCCESS,01029a00
190709080418,TAG_ARRIVED_A,0102ee00
190709080419,SOLO_SUCCESS,0102ee00
190709080421,TAG_ARRIVED_B,01029a00
190709080422,STARTCOOP_SUCCESS,0102ee00_01029a00
190709080423,TAG_DEPARTED_A,0102ee00
190709080423,TAG_ARRIVED_B,0102ee00
190709080424,SOLO_SUCCESS,0102ee00
190709080436,TAG_DEPARTED_B,0102ee00
190709080443,TAG_ARRIVED_B,0102ee00
190709080444,SOLO_SUCCESS,0102ee00
190709080447,TAG_DEPARTED_B,0102ee00
190709080457,TAG_ARRIVED_A,01029a00
190709080458,SOLO_SUCCESS,01029a00
190709080459,TAG_DEPARTED_A,01029a00
190709080500,TAG_ARRIVED_A,01029a00
190709080501,SOLO_SUCCESS,01029a00
190709080503,TAG_DEPARTED_A,01029a00
190709080503,TAG_ARRIVED_A,0102ee00
190709080504,SOLO_SUCCESS,0102ee00
190709080508,TAG_DEPARTED_A,0102ee00
190709080508,TAG_ARRIVED_A,0102ee00
190709080509,SOLO_SUCCESS,0102ee00
190709080512,TAG_DEPARTED_A,0102ee00
190709080543,TAG_ARRIVED_A,0102ee00
190709080544,SOLO_SUCCESS,0102ee00
190709080545,TAG_DEPARTED_A,0102ee00
190709080546,TAG_ARRIVED_A,0102ee00
190709080547,SOLO_SUCCESS,0102ee00
190709080548,TAG_DEPARTED_A,0102ee00
190709080601,TAG_ARRIVED_A,01029a00
190709080602,SOLO_SUCCESS,01029a00
190709080608,TAG_DEPARTED_A,01029a00
190709080655,TAG_ARRIVED_A,01029a00
190709080656,SOLO_SUCCESS,01029a00
190709080705,TAG_DEPARTED_A,01029a00
190709080840,TAG_ARRIVED_A,01029a00
190709080841,SOLO_SUCCESS,01029a00
190709080852,TAG_DEPARTED_A,01029a00
190709080856,TAG_ARRIVED_A,01029a00
190709080856,SOLO_SUCCESS,01029a00
190709080913,TAG_DEPARTED_A,01029a00
190709080941,TAG_ARRIVED_A,01029a00
190709080942,SOLO_SUCCESS,01029a00
190709080947,TAG_DEPARTED_A,01029a00
190709080948,TAG_ARRIVED_A,01029a00
190709080948,SOLO_SUCCESS,01029a00
190709081007,TAG_DEPARTED_A,01029a00
190709081011,TAG_ARRIVED_A,01029a00
190709081012,SOLO_SUCCESS,01029a00
190709081016,TAG_DEPARTED_A,01029a00
190709081202,TAG_ARRIVED_A,0101ce00
190709081203,SOLO_SUCCESS,0101ce00
190709081204,TAG_ARRIVED_A,01029a00
190709081205,SOLO_SUCCESS,01029a00
190709081206,TAG_DEPARTED_A,01029a00
190709081222,TAG_ARRIVED_A,01029a00
190709081223,SOLO_SUCCESS,01029a00
190709081224,TAG_DEPARTED_A,01029a00
190709081225,TAG_ARRIVED_A,01029a00
190709081226,SOLO_SUCCESS,01029a00
190709081227,TAG_DEPARTED_A,01029a00
190709081229,TAG_ARRIVED_A,01029a00
190709081230,SOLO_SUCCESS,01029a00
190709081233,TAG_DEPARTED_A,01029a00
190709081246,TAG_ARRIVED_A,01029a00
190709081247,SOLO_SUCCESS,01029a00
190709081248,TAG_DEPARTED_A,01029a00
190709081253,TAG_ARRIVED_A,01029a00
190709081254,SOLO_SUCCESS,01029a00
190709081259,TAG_DEPARTED_A,01029a00
190709081316,TAG_ARRIVED_A,01029a00
190709081317,SOLO_SUCCESS,01029a00
190709081323,TAG_DEPARTED_A,01029a00
190709081529,TAG_ARRIVED_A,1021800
190709081530,SOLO_SUCCESS,1021800
190709081549,TAG_DEPARTED_A,1021800
190709081549,TAG_ARRIVED_A,1021800
190709081550,SOLO_SUCCESS,1021800
190709081552,TAG_DEPARTED_A,1021800
190709081556,TAG_ARRIVED_A,1021800
190709081556,SOLO_SUCCESS,1021800
190709081601,TAG_DEPARTED_A,1021800
190709081738,TAG_ARRIVED_B,01cf0600
190709081739,SOLO_SUCCESS,01cf0600
190709081759,TAG_DEPARTED_B,01cf0600
190709081759,TAG_ARRIVED_B,01cf0600
190709081800,SOLO_SUCCESS,01cf0600
190709081809,TAG_DEPARTED_B,01cf0600
190709081811,TAG_ARRIVED_B,1653700
190709081812,SOLO_SUCCESS,1653700
190709081816,TAG_DEPARTED_B,1653700
190709082046,TAG_ARRIVED_B,0101ce00
190709082046,SOLO_SUCCESS,0101ce00
190709082049,TAG_DEPARTED_B,0101ce00
190709082049,TAG_ARRIVED_B,0101ce00
190709082050,SOLO_SUCCESS,0101ce00
190709082051,TAG_DEPARTED_B,0101ce00
190709082209,TAG_ARRIVED_B,1040300
190709082209,SOLO_SUCCESS,1040300
190709082212,TAG_DEPARTED_B,1040300
190709082214,TAG_ARRIVED_B,1040300
190709082215,SOLO_SUCCESS,1040300
190709082218,TAG_DEPARTED_B,1040300
190709082316,TAG_ARRIVED_B,1040300
190709082316,SOLO_SUCCESS,1040300
190709082320,TAG_DEPARTED_B,1040300
190709083038,TAG_ARRIVED_A,0102ee00
190709083039,SOLO_SUCCESS,0102ee00
190709083040,TAG_DEPARTED_A,0102ee00
190709083042,TAG_ARRIVED_A,0102ee00
190709083043,SOLO_SUCCESS,0102ee00
190709083048,TAG_DEPARTED_A,0102ee00
190709083157,TAG_ARRIVED_A,0102ee00
190709083158,SOLO_SUCCESS,0102ee00
190709083201,TAG_DEPARTED_A,0102ee00
190709083206,TAG_ARRIVED_A,0102ee00
190709083207,SOLO_SUCCESS,0102ee00
190709083208,TAG_DEPARTED_A,0102ee00
190709083258,TAG_ARRIVED_A,0102ee00
190709083259,SOLO_SUCCESS,0102ee00
190709083301,TAG_DEPARTED_A,0102ee00
190709083328,TAG_ARRIVED_A,0102ee00
190709083329,SOLO_SUCCESS,0102ee00
190709083330,TAG_DEPARTED_A,0102ee00
190709083408,TAG_ARRIVED_A,0102ee00
190709083409,SOLO_SUCCESS,0102ee00
190709083415,TAG_DEPARTED_A,0102ee00
190709083528,TAG_ARRIVED_B,0102ee00
190709083529,SOLO_SUCCESS,0102ee00
190709083532,TAG_DEPARTED_B,0102ee00
190709083539,TAG_ARRIVED_A,0104b000
190709083540,SOLO_SUCCESS,0104b000
190709083541,TAG_DEPARTED_A,0104b000
190709083544,TAG_ARRIVED_A,1044100
190709083545,TAG_MISSING_A,1044100
190709083545,SOLO_SUCCESS,1044100
190709083546,TAG_ARRIVED_B,0102ee00
190709083547,SOLO_SUCCESS,0102ee00
190709083547,TAG_DEPARTED_B,0102ee00
190709083552,TAG_DEPARTED_A,1044100
190709083718,TAG_ARRIVED_B,0102ee00
190709083719,SOLO_SUCCESS,0102ee00
190709083722,TAG_DEPARTED_B,0102ee00
190709083747,TAG_ARRIVED_B,0102ee00
190709083748,SOLO_SUCCESS,0102ee00
190709083749,TAG_ARRIVED_A,0102ee00
190709083750,SOLO_SUCCESS,0102ee00
190709083750,TAG_DEPARTED_B,0102ee00
190709083751,TAG_DEPARTED_A,0102ee00
190709083905,TAG_ARRIVED_B,1021800
190709083906,SOLO_SUCCESS,1021800
190709083913,TAG_ARRIVED_A,1044100
190709083914,TAG_MISSING_A,1044100
190709083914,SOLO_SUCCESS,1044100
190709083915,TAG_DEPARTED_A,1044100
190709083918,TAG_ARRIVED_A,0101c200
190709083919,STARTCOOP_FAIL,01021800_0101c200
190709083920,TAG_DEPARTED_A,0101c200
190709083925,TAG_ARRIVED_A,0101c200
190709083927,STARTCOOP_FAIL,01021800_0101c200
190709083927,TAG_DEPARTED_A,0101c200
190709083937,TAG_ARRIVED_A,0101c200
190709083938,STARTCOOP_FAIL,01021800_0101c200
190709083941,TAG_DEPARTED_A,0101c200
190709083948,TAG_ARRIVED_A,0101c200
190709083949,STARTCOOP_FAIL,01021800_0101c200
190709083953,TAG_DEPARTED_A,0101c200
190709083953,TAG_ARRIVED_B,7991800
190709083954,SOLO_FAIL,7991800
190709083959,ENDCOOP_FAIL,07991800_
190709083959,TAG_DEPARTED_B,7991800
190709083959,TAG_ARRIVED_A,0101c200
190709084000,SOLO_FAIL,0101c200
190709084001,TAG_DEPARTED_A,0101c200
190709084002,TAG_ARRIVED_B,7991800
190709084002,SOLO_FAIL,7991800
190709084004,ENDCOOP_FAIL,07991800_
190709084004,TAG_DEPARTED_B,7991800
190709084005,TAG_ARRIVED_B,7991800
190709084005,SOLO_FAIL,7991800
190709084006,TAG_ARRIVED_A,0101c200
190709084007,STARTCOOP_FAIL,07991800_0101c200
190709084008,TAG_DEPARTED_A,0101c200
190709084016,ENDCOOP_FAIL,07991800_
190709084016,TAG_DEPARTED_B,7991800
190709084022,TAG_ARRIVED_A,0101c200
190709084023,SOLO_FAIL,0101c200
190709084033,TAG_DEPARTED_A,0101c200
190709084034,TAG_ARRIVED_B,01b57900
190709084034,SOLO_FAIL,01b57900
190709084038,TAG_ARRIVED_A,7991800
190709084039,STARTCOOP_SUCCESS,01b57900_07991800
190709084040,TAG_DEPARTED_A,7991800
190709084041,ENDCOOP_SUCCESS,01b57900_
190709084041,TAG_DEPARTED_B,01b57900
190709084041,TAG_ARRIVED_B,0101c200
190709084042,SOLO_FAIL,0101c200
190709084044,ENDCOOP_FAIL,0101c200_
190709084044,TAG_DEPARTED_B,0101c200
190709084046,TAG_ARRIVED_B,0101c200
190709084047,SOLO_FAIL,0101c200
190709084049,ENDCOOP_FAIL,0101c200_
190709084049,TAG_DEPARTED_B,0101c200
190709084054,TAG_ARRIVED_B,0101c200
190709084055,SOLO_FAIL,0101c200
190709084101,ENDCOOP_FAIL,0101c200_
190709084102,TAG_DEPARTED_B,0101c200
190709084123,TAG_ARRIVED_B,0101c200
190709084124,SOLO_FAIL,0101c200
190709084125,ENDCOOP_FAIL,0101c200_
190709084126,TAG_DEPARTED_B,0101c200
190709084149,TAG_ARRIVED_B,0101c200
190709084150,SOLO_FAIL,0101c200
190709084156,ENDCOOP_FAIL,0101c200_
190709084156,TAG_DEPARTED_B,0101c200
190709084207,LOCKOUT_ENDED,
190709084209,TAG_ARRIVED_B,0101c200
190709084210,SOLO_SUCCESS,0101c200
190709084210,TAG_ARRIVED_A,7991800
190709084211,STARTCOOP_FAIL,0101c200_07991800
190709084212,TAG_DEPARTED_A,7991800
190709084218,ENDCOOP_FAIL,0101c200_
190709084218,TAG_DEPARTED_B,0101c200
190709084219,TAG_ARRIVED_A,7991800
190709084220,SOLO_FAIL,7991800
190709084222,TAG_DEPARTED_A,7991800
190709084232,TAG_ARRIVED_A,0101c200
190709084233,SOLO_FAIL,0101c200
190709084236,TAG_DEPARTED_A,0101c200
190709084236,TAG_ARRIVED_B,0195b300
190709084237,SOLO_FAIL,0195b300
190709084239,ENDCOOP_FAIL,0195b300_
190709084239,TAG_DEPARTED_B,0195b300
190709084239,TAG_ARRIVED_A,0101c200
190709084240,SOLO_FAIL,0101c200
190709084241,TAG_DEPARTED_A,0101c200
190709084242,TAG_ARRIVED_A,0101c200
190709084243,SOLO_FAIL,0101c200
190709084304,TAG_DEPARTED_A,0101c200
190709084311,TAG_ARRIVED_A,0101c200
190709084312,SOLO_FAIL,0101c200
190709084313,TAG_DEPARTED_A,0101c200
190709084324,TAG_ARRIVED_A,0101c200
190709084325,SOLO_FAIL,0101c200
190709084341,TAG_DEPARTED_A,0101c200
190709084359,TAG_ARRIVED_A,0101c200
190709084400,SOLO_FAIL,0101c200
190709084411,LOCKOUT_ENDED,
190709084412,TAG_DEPARTED_A,0101c200
190709084416,TAG_ARRIVED_A,0101c200
190709084417,SOLO_SUCCESS,0101c200
190709084418,TAG_DEPARTED_A,0101c200
190709084427,TAG_ARRIVED_A,0101c200
190709084428,SOLO_SUCCESS,0101c200
190709084437,TAG_DEPARTED_A,0101c200
190709084513,TAG_ARRIVED_B,0101c200
190709084514,SOLO_SUCCESS,0101c200
190709084515,TAG_DEPARTED_B,0101c200
190709084516,TAG_ARRIVED_B,0101c200
190709084517,SOLO_SUCCESS,0101c200
190709084520,TAG_DEPARTED_B,0101c200
190709084523,TAG_ARRIVED_A,0102ae00
190709084523,SOLO_SUCCESS,0102ae00
190709084528,TAG_ARRIVED_B,0101c200
190709084529,STARTCOOP_FAIL,0102ae00_0101c200
190709084529,TAG_DEPARTED_A,0102ae00
190709084530,ENDCOOP_FAIL,0101c200_
190709084530,TAG_DEPARTED_B,0101c200
190709084532,TAG_ARRIVED_A,0102ae00
190709084533,SOLO_FAIL,0102ae00
190709084535,TAG_ARRIVED_B,0101c200
190709084536,STARTCOOP_FAIL,0102ae00_0101c200
190709084537,ENDCOOP_FAIL,0101c200_0102ae00
190709084537,TAG_DEPARTED_B,0101c200
190709084552,TAG_ARRIVED_A,0101c200
190709084553,SOLO_FAIL,0101c200
190709084554,TAG_DEPARTED_A,0101c200
190709084557,TAG_ARRIVED_B,01026d00
190709084558,SOLO_FAIL,01026d00
190709084559,ENDCOOP_FAIL,01026d00_
190709084600,TAG_DEPARTED_B,01026d00
190709084602,TAG_ARRIVED_A,1050400
190709084603,SOLO_FAIL,1050400
190709084608,TAG_ARRIVED_B,0101c200
190709084609,STARTCOOP_FAIL,01050400_0101c200
190709084610,TAG_DEPARTED_A,1050400
190709084610,TAG_ARRIVED_A,1050400
190709084611,STARTCOOP_FAIL,0101c200_01050400
190709084612,ENDCOOP_FAIL,0101c200_01050400
190709084612,TAG_DEPARTED_B,0101c200
190709084636,TAG_DEPARTED_A,1050400
190709084639,TAG_ARRIVED_A,01026d00
190709084640,SOLO_FAIL,01026d00
190709084643,TAG_DEPARTED_A,01026d00
190709084653,TAG_ARRIVED_B,0101c200
190709084654,SOLO_FAIL,0101c200
190709084658,ENDCOOP_FAIL,0101c200_
190709084658,TAG_DEPARTED_B,0101c200
190709084701,TAG_ARRIVED_A,01026d00
190709084702,SOLO_FAIL,01026d00
190709084703,TAG_DEPARTED_A,01026d00
190709084709,TAG_ARRIVED_B,1050400
190709084710,SOLO_FAIL,1050400
190709084713,ENDCOOP_FAIL,01050400_
190709084714,TAG_DEPARTED_B,1050400
190709084715,TAG_ARRIVED_A,01026d00
190709084715,SOLO_FAIL,01026d00
190709084716,TAG_ARRIVED_B,1050400
190709084716,STARTCOOP_SUCCESS,01026d00_01050400
190709084716,TAG_ARRIVED_A,01029a00
190709084717,STARTCOOP_FAIL,01050400_01029a00
190709084719,ENDCOOP_FAIL,01050400_01029a00
190709084719,TAG_DEPARTED_B,1050400
190709084720,TAG_ARRIVED_B,1050400
190709084720,STARTCOOP_FAIL,01029a00_01050400
190709084720,TAG_DEPARTED_A,01029a00
190709084722,ENDCOOP_FAIL,01050400_
190709084722,TAG_DEPARTED_B,1050400
190709084723,TAG_ARRIVED_B,1050400
190709084724,SOLO_FAIL,1050400
190709084728,TAG_ARRIVED_A,01029a00
190709084729,STARTCOOP_FAIL,01050400_01029a00
190709084730,ENDCOOP_FAIL,01050400_01029a00
190709084730,TAG_DEPARTED_B,1050400
190709084748,TAG_DEPARTED_A,01029a00
190709084758,TAG_ARRIVED_B,0102ae00
190709084759,SOLO_FAIL,0102ae00
190709084802,ENDCOOP_FAIL,0102ae00_
190709084802,TAG_DEPARTED_B,0102ae00
190709084808,TAG_ARRIVED_A,01029a00
190709084809,SOLO_FAIL,01029a00
190709084810,TAG_DEPARTED_A,01029a00
190709084814,TAG_ARRIVED_A,01029a00
190709084815,SOLO_FAIL,01029a00
190709084822,TAG_ARRIVED_B,01029a00
190709084823,SOLO_FAIL,01029a00
190709084824,TAG_DEPARTED_A,01029a00
190709084827,TAG_ARRIVED_A,0102ae00
190709084827,STARTCOOP_FAIL,01029a00_0102ae00
190709084830,TAG_ARRIVED_A,0102ee00
190709084831,STARTCOOP_SUCCESS,01029a00_0102ee00
190709084832,ENDCOOP_SUCCESS,01029a00_0102ee00
190709084833,TAG_DEPARTED_B,01029a00
190709084833,TAG_DEPARTED_A,0102ee00
190709084934,TAG_ARRIVED_B,0102ee00
190709084935,SOLO_FAIL,0102ee00
190709084937,TAG_ARRIVED_B,01029a00
190709084938,SOLO_FAIL,01029a00
190709084946,ENDCOOP_FAIL,01029a00_
190709084946,TAG_DEPARTED_B,01029a00
190709084954,TAG_ARRIVED_B,01029a00
190709084955,SOLO_FAIL,01029a00
190709085005,ENDCOOP_FAIL,01029a00_
190709085005,TAG_DEPARTED_B,01029a00
190709085027,LOCKOUT_ENDED,
190709085039,TAG_ARRIVED_B,01029a00
190709085040,SOLO_SUCCESS,01029a00
190709085047,TAG_DEPARTED_B,01029a00
190709085058,TAG_ARRIVED_B,01029a00
190709085059,SOLO_SUCCESS,01029a00
190709085103,TAG_DEPARTED_B,01029a00
190709085107,TAG_ARRIVED_B,01029a00
190709085108,SOLO_SUCCESS,01029a00
190709085110,TAG_DEPARTED_B,01029a00
190709085215,TAG_ARRIVED_B,01026d00
190709085215,SOLO_SUCCESS,01026d00
190709085217,TAG_DEPARTED_B,01026d00
190709085324,TAG_ARRIVED_A,0103bf00
190709085324,SOLO_SUCCESS,0103bf00
190709085326,TAG_DEPARTED_A,0103bf00
190709085329,TAG_ARRIVED_B,01029a00
190709085330,SOLO_SUCCESS,01029a00
190709085332,TAG_DEPARTED_B,01029a00
190709085333,TAG_ARRIVED_B,0140c700
190709085334,SOLO_SUCCESS,0140c700
190709085346,TAG_DEPARTED_B,0140c700
190709085429,TAG_ARRIVED_A,1653700
190709085430,SOLO_SUCCESS,1653700
190709085433,TAG_ARRIVED_A,0140c700
190709085434,SOLO_SUCCESS,0140c700
190709085437,TAG_DEPARTED_A,0140c700
190709085539,TAG_ARRIVED_A,0103bf00
190709085540,SOLO_SUCCESS,0103bf00
190709085552,TAG_DEPARTED_A,0103bf00
190709085557,TAG_ARRIVED_B,0140c700
190709085557,SOLO_SUCCESS,0140c700
190709085559,TAG_DEPARTED_B,0140c700
190709085609,TAG_ARRIVED_A,1653700
190709085610,SOLO_SUCCESS,1653700
190709085611,TAG_DEPARTED_A,1653700
190709085616,TAG_ARRIVED_A,1653700
190709085617,SOLO_SUCCESS,1653700
190709085618,TAG_DEPARTED_A,1653700
190709085621,TAG_ARRIVED_A,1653700
190709085622,SOLO_SUCCESS,1653700
190709085627,TAG_DEPARTED_A,1653700
190709085745,TAG_ARRIVED_A,0104a600
190709085746,SOLO_SUCCESS,0104a600
190709085758,TAG_DEPARTED_A,0104a600
190709085759,TAG_ARRIVED_A,0104a600
190709085800,SOLO_SUCCESS,0104a600
190709085806,TAG_DEPARTED_A,0104a600
190709085815,TAG_ARRIVED_A,0104a600
190709085816,SOLO_SUCCESS,0104a600
190709085819,TAG_DEPARTED_A,0104a600
190709085828,TAG_ARRIVED_B,1041100
190709085829,SOLO_SUCCESS,1041100
190709085830,TAG_DEPARTED_B,1041100
190709085832,TAG_ARRIVED_A,0102ee00
190709085833,SOLO_SUCCESS,0102ee00
190709085835,TAG_DEPARTED_A,0102ee00
190709085840,TAG_ARRIVED_A,01044c00
190709085840,SOLO_SUCCESS,01044c00
190709085842,TAG_ARRIVED_A,0104a600
190709085843,SOLO_SUCCESS,0104a600
190709085845,TAG_DEPARTED_A,0104a600
190709085855,TAG_ARRIVED_A,0104a600
190709085856,SOLO_SUCCESS,0104a600
190709085857,TAG_ARRIVED_B,0102ee00
190709085858,STARTCOOP_SUCCESS,0104a600_0102ee00
190709085902,ENDCOOP_SUCCESS,0102ee00_0104a600
190709085902,TAG_DEPARTED_B,0102ee00
190709085926,TAG_DEPARTED_A,0104a600
190709085926,TAG_ARRIVED_B,0102ee00
190709085927,SOLO_SUCCESS,0102ee00
190709085928,TAG_ARRIVED_A,0102ee00
190709085929,SOLO_SUCCESS,0102ee00
190709085929,TAG_DEPARTED_B,0102ee00
190709085933,TAG_DEPARTED_A,0102ee00
190709085940,TAG_ARRIVED_B,0104a600
190709085941,SOLO_SUCCESS,0104a600
190709085949,TAG_DEPARTED_B,0104a600
190709090000,TAG_ARRIVED_A,0102ee00
190709090001,SOLO_SUCCESS,0102ee00
190709090006,TAG_DEPARTED_A,0102ee00
190709090015,TAG_ARRIVED_B,1041100
190709090016,SOLO_SUCCESS,1041100
190709090034,TAG_ARRIVED_B,0104a600
190709090035,SOLO_SUCCESS,0104a600
190709090036,TAG_ARRIVED_A,0102ee00
190709090037,STARTCOOP_SUCCESS,0104a600_0102ee00
190709090038,TAG_DEPARTED_A,0102ee00
190709090038,ENDCOOP_SUCCESS,0104a600_
190709090039,TAG_DEPARTED_B,0104a600
190709090043,TAG_ARRIVED_A,0104a600
190709090044,SOLO_SUCCESS,0104a600
190709090050,TAG_DEPARTED_A,0104a600
190709090052,TAG_ARRIVED_A,0104a600
190709090053,SOLO_SUCCESS,0104a600
190709090104,TAG_ARRIVED_B,0102ee00
190709090105,STARTCOOP_SUCCESS,0104a600_0102ee00
190709090106,TAG_DEPARTED_A,0104a600
190709090107,TAG_ARRIVED_A,0104a600
190709090108,STARTCOOP_SUCCESS,0102ee00_0104a600
190709090109,ENDCOOP_SUCCESS,0102ee00_0104a600
190709090109,TAG_DEPARTED_B,0102ee00
190709090110,TAG_DEPARTED_A,0104a600
190709090115,TAG_ARRIVED_A,0104a600
190709090116,SOLO_SUCCESS,0104a600
190709090117,TAG_DEPARTED_A,0104a600
190709090117,TAG_ARRIVED_A,0104a600
190709090118,SOLO_SUCCESS,0104a600
190709090127,TAG_ARRIVED_B,0102ee00
190709090128,STARTCOOP_SUCCESS,0104a600_0102ee00
190709090128,TAG_DEPARTED_A,0104a600
190709090128,TAG_ARRIVED_A,0104a600
190709090129,STARTCOOP_SUCCESS,0102ee00_0104a600
190709090130,TAG_ARRIVED_A,0102ee00
190709090131,SOLO_SUCCESS,0102ee00
190709090131,TAG_DEPARTED_B,0102ee00
190709090134,TAG_DEPARTED_A,0102ee00
190709090200,TAG_ARRIVED_B,1041100
190709090201,SOLO_SUCCESS,1041100
190709090202,TAG_ARRIVED_B,0104a600
190709090203,SOLO_SUCCESS,0104a600
190709090204,TAG_DEPARTED_B,0104a600
190709090211,TAG_ARRIVED_B,0102ee00
190709090212,SOLO_SUCCESS,0102ee00
190709090221,TAG_ARRIVED_A,0104a600
190709090222,STARTCOOP_SUCCESS,0102ee00_0104a600
190709090227,TAG_DEPARTED_A,0104a600
190709090234,TAG_ARRIVED_A,0104a600
190709090235,STARTCOOP_SUCCESS,0102ee00_0104a600
190709090238,ENDCOOP_SUCCESS,0102ee00_0104a600
190709090238,TAG_DEPARTED_B,0102ee00
190709090241,TAG_ARRIVED_B,1041100
190709090242,STARTCOOP_SUCCESS,0104a600_01041100
190709090243,ENDCOOP_SUCCESS,01041100_0104a600
190709090243,TAG_DEPARTED_B,1041100
190709090248,TAG_ARRIVED_B,1041100
190709090250,STARTCOOP_SUCCESS,0104a600_01041100
190709090250,ENDCOOP_SUCCESS,01041100_0104a600
190709090251,TAG_DEPARTED_B,1041100
190709090301,TAG_ARRIVED_B,1041100
190709090302,STARTCOOP_SUCCESS,0104a600_01041100
190709090302,TAG_DEPARTED_A,0104a600
190709090303,ENDCOOP_SUCCESS,01041100_
190709090303,TAG_DEPARTED_B,1041100
190709090307,TAG_ARRIVED_A,0104a600
190709090308,SOLO_SUCCESS,0104a600
190709090310,TAG_DEPARTED_A,0104a600
190709090311,TAG_ARRIVED_A,0104a600
190709090312,SOLO_SUCCESS,0104a600
190709090312,TAG_ARRIVED_B,1041100
190709090313,STARTCOOP_SUCCESS,0104a600_01041100
190709090314,ENDCOOP_SUCCESS,01041100_0104a600
190709090314,TAG_DEPARTED_B,1041100
190709090319,TAG_ARRIVED_B,1041100
190709090320,STARTCOOP_SUCCESS,0104a600_01041100
190709090321,ENDCOOP_SUCCESS,01041100_0104a600
190709090321,TAG_DEPARTED_B,1041100
190709090322,TAG_DEPARTED_A,0104a600
190709090322,TAG_ARRIVED_B,1041100
190709090323,SOLO_SUCCESS,1041100
190709090324,TAG_ARRIVED_A,0104a600
190709090325,STARTCOOP_SUCCESS,01041100_0104a600
190709090327,ENDCOOP_SUCCESS,01041100_0104a600
190709090328,TAG_DEPARTED_B,1041100
190709090332,TAG_ARRIVED_B,1041100
190709090334,STARTCOOP_SUCCESS,0104a600_01041100
190709090336,ENDCOOP_SUCCESS,01041100_0104a600
190709090336,TAG_DEPARTED_B,1041100
190709090339,TAG_DEPARTED_A,0104a600
190709090341,TAG_ARRIVED_B,1041100
190709090342,SOLO_SUCCESS,1041100
190709090345,TAG_ARRIVED_A,0104a600
190709090346,STARTCOOP_SUCCESS,01041100_0104a600
190709090349,ENDCOOP_SUCCESS,01041100_0104a600
190709090349,TAG_DEPARTED_B,1041100
190709090354,TAG_ARRIVED_B,1041100
190709090355,STARTCOOP_SUCCESS,0104a600_01041100
190709090356,ENDCOOP_SUCCESS,01041100_0104a600
190709090356,TAG_DEPARTED_B,1041100
190709090357,TAG_ARRIVED_B,1041100
190709090358,STARTCOOP_SUCCESS,0104a600_01041100
190709090359,ENDCOOP_SUCCESS,01041100_0104a600
190709090359,TAG_DEPARTED_B,1041100
190709090407,TAG_DEPARTED_A,0104a600
190709090451,TAG_ARRIVED_A,0104a600
190709090452,SOLO_SUCCESS,0104a600
190709090503,TAG_DEPARTED_A,0104a600
190709090504,TAG_ARRIVED_A,0104a600
190709090505,SOLO_SUCCESS,0104a600
190709090506,TAG_ARRIVED_B,1050400
190709090506,STARTCOOP_FAIL,0104a600_01050400
190709090510,TAG_DEPARTED_A,0104a600
190709090514,TAG_ARRIVED_A,0104a600
190709090515,STARTCOOP_FAIL,01050400_0104a600
190709090528,TAG_DEPARTED_A,0104a600
190709090531,ENDCOOP_FAIL,01050400_
190709090531,TAG_DEPARTED_B,1050400
190709090540,TAG_ARRIVED_B,1050400
190709090541,SOLO_FAIL,1050400
190709090548,TAG_ARRIVED_A,0104a600
190709090549,STARTCOOP_FAIL,01050400_0104a600
190709090555,TAG_ARRIVED_B,1041300
190709090556,STARTCOOP_SUCCESS,0104a600_01041300
190709090557,TAG_ARRIVED_B,0104a600
190709090558,SOLO_FAIL,0104a600
190709090558,TAG_DEPARTED_A,0104a600
190709090604,ENDCOOP_FAIL,0104a600_
190709090604,TAG_DEPARTED_B,0104a600
190709090605,TAG_ARRIVED_B,0104a600
190709090606,SOLO_FAIL,0104a600
190709090609,ENDCOOP_FAIL,0104a600_
190709090610,TAG_DEPARTED_B,0104a600
190709090615,TAG_ARRIVED_A,0104a600
190709090616,SOLO_FAIL,0104a600
190709090620,TAG_DEPARTED_A,0104a600
190709090620,TAG_ARRIVED_A,0104a600
190709090621,SOLO_FAIL,0104a600
190709090622,TAG_ARRIVED_B,1021800
190709090623,STARTCOOP_FAIL,0104a600_01021800
190709090624,ENDCOOP_FAIL,01021800_0104a600
190709090625,TAG_DEPARTED_B,1021800
190709090629,TAG_DEPARTED_A,0104a600
190709090645,TAG_ARRIVED_B,1021800
190709090646,SOLO_FAIL,1021800
190709090656,TAG_ARRIVED_A,1040300
190709090657,STARTCOOP_SUCCESS,01021800_01040300
190709090700,ENDCOOP_SUCCESS,01021800_01040300
190709090700,TAG_DEPARTED_B,1021800
190709090721,TAG_DEPARTED_A,1040300
190709090727,TAG_ARRIVED_A,1040300
190709090728,SOLO_FAIL,1040300
190709090742,TAG_DEPARTED_A,1040300
190709090748,TAG_ARRIVED_B,1021800
190709090748,SOLO_FAIL,1021800
190709090750,ENDCOOP_FAIL,01021800_
190709090750,TAG_DEPARTED_B,1021800
190709090752,TAG_ARRIVED_B,1021800
190709090752,SOLO_FAIL,1021800
190709090755,ENDCOOP_FAIL,01021800_
190709090755,TAG_DEPARTED_B,1021800
190709090818,TAG_ARRIVED_B,1021800
190709090819,SOLO_FAIL,1021800
190709090820,ENDCOOP_FAIL,01021800_
190709090820,TAG_DEPARTED_B,1021800
190709090823,LOCKOUT_ENDED,
190709090825,TAG_ARRIVED_A,1040300
190709090826,SOLO_SUCCESS,1040300
190709090838,TAG_DEPARTED_A,1040300
190709090842,TAG_ARRIVED_A,1040300
190709090843,SOLO_SUCCESS,1040300
190709090845,TAG_DEPARTED_A,1040300
190709090847,TAG_ARRIVED_A,1040300
190709090847,SOLO_SUCCESS,1040300
190709090852,TAG_DEPARTED_A,1040300
190709090950,TAG_ARRIVED_A,1040300
190709090951,SOLO_SUCCESS,1040300
190709090955,TAG_DEPARTED_A,1040300
190709091028,TAG_ARRIVED_A,1040300
190709091029,SOLO_SUCCESS,1040300
190709091033,TAG_DEPARTED_A,1040300
190709091038,TAG_ARRIVED_A,0102ae00
190709091038,SOLO_SUCCESS,0102ae00
190709091046,TAG_DEPARTED_A,0102ae00
190709091048,TAG_ARRIVED_A,0102ae00
190709091049,SOLO_SUCCESS,0102ae00
190709091050,TAG_DEPARTED_A,0102ae00
190709091059,TAG_ARRIVED_A,0102ae00
190709091059,SOLO_SUCCESS,0102ae00
190709091101,TAG_DEPARTED_A,0102ae00
190709091101,TAG_ARRIVED_A,0102ae00
190709091102,SOLO_SUCCESS,0102ae00
190709091103,TAG_DEPARTED_A,0102ae00
190709091106,TAG_ARRIVED_A,0102ae00
190709091106,SOLO_SUCCESS,0102ae00
190709091110,TAG_DEPARTED_A,0102ae00
190709091228,TAG_ARRIVED_B,0102ae00
190709091228,SOLO_SUCCESS,0102ae00
190709091230,TAG_DEPARTED_B,0102ae00
190709091236,TAG_ARRIVED_B,0102ae00
190709091236,SOLO_SUCCESS,0102ae00
190709091241,TAG_DEPARTED_B,0102ae00
190709091244,TAG_ARRIVED_B,0102ae00
190709091244,SOLO_SUCCESS,0102ae00
190709091248,TAG_DEPARTED_B,0102ae00
190709091251,TAG_ARRIVED_B,0102ae00
190709091252,SOLO_SUCCESS,0102ae00
190709091253,TAG_DEPARTED_B,0102ae00
190709091257,TAG_ARRIVED_B,0102ae00
190709091257,SOLO_SUCCESS,0102ae00
190709091302,TAG_DEPARTED_B,0102ae00
190709091306,TAG_ARRIVED_B,0102ae00
190709091306,SOLO_SUCCESS,0102ae00
190709091309,TAG_DEPARTED_B,0102ae00
190709091310,TAG_ARRIVED_B,0102ae00
190709091310,SOLO_SUCCESS,0102ae00
190709091312,TAG_DEPARTED_B,0102ae00
190709091314,TAG_ARRIVED_B,0102ae00
190709091315,SOLO_SUCCESS,0102ae00
190709091317,TAG_DEPARTED_B,0102ae00
190709091317,TAG_ARRIVED_B,0102ae00
190709091318,SOLO_SUCCESS,0102ae00
190709091336,TAG_DEPARTED_B,0102ae00
190709091345,TAG_ARRIVED_A,1040300
190709091345,SOLO_SUCCESS,1040300
190709091349,TAG_DEPARTED_A,1040300
190709091406,TAG_ARRIVED_A,1040300
190709091406,SOLO_SUCCESS,1040300
190709091408,TAG_DEPARTED_A,1040300
190709091412,TAG_ARRIVED_A,1040300
190709091412,SOLO_SUCCESS,1040300
190709091414,TAG_DEPARTED_A,1040300
190709091426,TAG_ARRIVED_A,1040300
190709091426,SOLO_SUCCESS,1040300
190709091430,TAG_DEPARTED_A,1040300
190709091456,TAG_ARRIVED_B,01fe7600
190709091456,SOLO_SUCCESS,01fe7600
190709091458,TAG_DEPARTED_B,01fe7600
190709091501,TAG_ARRIVED_A,1040300
190709091501,SOLO_SUCCESS,1040300
190709091504,TAG_DEPARTED_A,1040300
190709091525,TAG_ARRIVED_A,1040300
190709091526,SOLO_SUCCESS,1040300
190709091535,TAG_ARRIVED_A,0101c200
190709091536,SOLO_SUCCESS,0101c200
190709091537,TAG_DEPARTED_A,0101c200
190709091538,TAG_ARRIVED_A,0101c200
190709091539,SOLO_SUCCESS,0101c200
190709091544,TAG_DEPARTED_A,0101c200
190709091550,TAG_ARRIVED_A,0101c200
190709091551,SOLO_SUCCESS,0101c200
190709091552,TAG_DEPARTED_A,0101c200
190709091611,TAG_ARRIVED_A,0101c200
190709091612,SOLO_SUCCESS,0101c200
190709091613,TAG_DEPARTED_A,0101c200
190709091642,TAG_ARRIVED_A,0101c200
190709091643,SOLO_SUCCESS,0101c200
190709091645,TAG_DEPARTED_A,0101c200
190709091646,TAG_ARRIVED_A,0101c200
190709091647,SOLO_SUCCESS,0101c200
190709091649,TAG_DEPARTED_A,0101c200
190709091701,TAG_ARRIVED_A,0101c200
190709091702,SOLO_SUCCESS,0101c200
190709091709,TAG_DEPARTED_A,0101c200
190709091711,TAG_ARRIVED_A,0101c200
190709091712,SOLO_SUCCESS,0101c200
190709091714,TAG_DEPARTED_A,0101c200
190709091730,TAG_ARRIVED_A,0101c200
190709091731,SOLO_SUCCESS,0101c200
190709091734,TAG_DEPARTED_A,0101c200
190709091739,TAG_ARRIVED_A,0101c200
190709091740,SOLO_SUCCESS,0101c200
190709091741,TAG_DEPARTED_A,0101c200
190709091754,TAG_ARRIVED_A,0101c200
190709091755,SOLO_SUCCESS,0101c200
190709091756,TAG_DEPARTED_A,0101c200
190709091801,TAG_ARRIVED_A,0101c200
190709091802,SOLO_SUCCESS,0101c200
190709091803,TAG_DEPARTED_A,0101c200
190709091824,TAG_ARRIVED_B,0101c200
190709091825,SOLO_SUCCESS,0101c200
190709091828,TAG_DEPARTED_B,0101c200
190709091830,TAG_ARRIVED_B,0101c200
190709091831,SOLO_SUCCESS,0101c200
190709091833,TAG_DEPARTED_B,0101c200
190709091834,TAG_ARRIVED_B,0101c200
190709091835,SOLO_SUCCESS,0101c200
190709091856,TAG_DEPARTED_B,0101c200
190709091934,TAG_ARRIVED_B,0101c200
190709091935,SOLO_SUCCESS,0101c200
190709091936,TAG_DEPARTED_B,0101c200
190709091941,TAG_ARRIVED_B,0101c200
190709091942,SOLO_SUCCESS,0101c200
190709091953,TAG_DEPARTED_B,0101c200
190709091956,TAG_ARRIVED_B,0101c200
190709091957,SOLO_SUCCESS,0101c200
190709091959,TAG_DEPARTED_B,0101c200
190709092013,TAG_ARRIVED_B,0101c200
190709092014,SOLO_SUCCESS,0101c200
190709092033,TAG_DEPARTED_B,0101c200
190709092047,TAG_ARRIVED_A,0101c200
190709092048,SOLO_SUCCESS,0101c200
190709092055,TAG_DEPARTED_A,0101c200
190709092124,TAG_ARRIVED_A,0101c200
190709092125,SOLO_SUCCESS,0101c200
190709092126,TAG_DEPARTED_A,0101c200
190709092134,TAG_ARRIVED_A,0101c200
190709092135,SOLO_SUCCESS,0101c200
190709092137,TAG_DEPARTED_A,0101c200
190709092144,TAG_ARRIVED_A,0101c200
190709092145,SOLO_SUCCESS,0101c200
190709092148,TAG_DEPARTED_A,0101c200
190709092220,TAG_ARRIVED_A,0101c200
190709092221,SOLO_SUCCESS,0101c200
190709092222,TAG_DEPARTED_A,0101c200
190709092231,TAG_ARRIVED_A,01bb2200
190709092232,SOLO_SUCCESS,01bb2200
190709092234,TAG_DEPARTED_A,01bb2200
190709092235,TAG_ARRIVED_A,01bb2200
190709092236,SOLO_SUCCESS,01bb2200
190709092239,TAG_DEPARTED_A,01bb2200
190709092244,TAG_ARRIVED_A,01bb2200
190709092245,SOLO_SUCCESS,01bb2200
190709092246,TAG_ARRIVED_B,1044100
190709092247,TAG_MISSING_B,1044100
190709092247,SOLO_SUCCESS,1044100
190709092247,TAG_DEPARTED_B,1044100
190709092248,TAG_DEPARTED_A,01bb2200
190709092248,TAG_ARRIVED_B,1044100
190709092250,TAG_MISSING_B,1044100
190709092250,SOLO_SUCCESS,1044100
190709092250,TAG_ARRIVED_A,01bb2200
190709092251,SOLO_SUCCESS,01bb2200
190709092251,TAG_DEPARTED_B,1044100
190709092252,TAG_DEPARTED_A,01bb2200
190709092254,TAG_ARRIVED_A,01bb2200
190709092255,SOLO_SUCCESS,01bb2200
190709092257,TAG_DEPARTED_A,01bb2200
190709092258,TAG_ARRIVED_B,1044100
190709092259,TAG_MISSING_B,1044100
190709092300,SOLO_SUCCESS,1044100
190709092301,TAG_ARRIVED_A,01bb2200
190709092302,SOLO_SUCCESS,01bb2200
190709092305,TAG_DEPARTED_B,1044100
190709092306,TAG_DEPARTED_A,01bb2200
190709092310,TAG_ARRIVED_A,01bb2200
190709092311,SOLO_SUCCESS,01bb2200
190709092347,TAG_DEPARTED_A,01bb2200
190709092442,TAG_ARRIVED_A,1026800
190709092442,SOLO_SUCCESS,1026800
190709092446,TAG_DEPARTED_A,1026800
190709092500,TAG_ARRIVED_B,1026800
190709092500,SOLO_SUCCESS,1026800
190709092502,TAG_DEPARTED_B,1026800
190709092520,TAG_ARRIVED_B,7991800
190709092521,SOLO_SUCCESS,7991800
190709092541,TAG_DEPARTED_B,7991800
190709092541,TAG_ARRIVED_B,7991800
190709092542,SOLO_SUCCESS,7991800
190709092556,TAG_DEPARTED_B,7991800
190709092558,TAG_ARRIVED_B,7991800
190709092558,SOLO_SUCCESS,7991800
190709092607,TAG_DEPARTED_B,7991800
190709092608,TAG_ARRIVED_B,7991800
190709092609,SOLO_SUCCESS,7991800
190709092612,TAG_DEPARTED_B,7991800
190709092642,TAG_ARRIVED_B,7991800
190709092642,SOLO_SUCCESS,7991800
190709092648,TAG_DEPARTED_B,7991800
190709092818,TAG_ARRIVED_A,1044100
190709092820,TAG_MISSING_A,1044100
190709092820,SOLO_SUCCESS,1044100
190709092823,TAG_DEPARTED_A,1044100
190709092827,TAG_ARRIVED_A,1044100
190709092829,TAG_MISSING_A,1044100
190709092829,SOLO_SUCCESS,1044100
190709092830,TAG_DEPARTED_A,1044100
190709092915,TAG_ARRIVED_A,1044100
190709092916,TAG_MISSING_A,1044100
190709092917,SOLO_SUCCESS,1044100
190709092925,TAG_DEPARTED_A,1044100
190709093532,TAG_ARRIVED_A,1041300
190709093533,SOLO_SUCCESS,1041300
190709093535,TAG_DEPARTED_A,1041300
190709093554,TAG_ARRIVED_B,0102ee00
190709093555,SOLO_SUCCESS,0102ee00
190709093603,TAG_DEPARTED_B,0102ee00
190709093616,TAG_ARRIVED_B,0101ce00
190709093617,SOLO_SUCCESS,0101ce00
190709093617,TAG_ARRIVED_B,1021800
190709093617,SOLO_SUCCESS,1021800
190709093622,TAG_DEPARTED_B,1021800
190709093717,TAG_ARRIVED_A,1041300
190709093718,SOLO_SUCCESS,1041300
190709093719,TAG_DEPARTED_A,1041300
190709093727,TAG_ARRIVED_B,1021800
190709093727,SOLO_SUCCESS,1021800
190709093729,TAG_DEPARTED_B,1021800
190709093732,TAG_ARRIVED_B,1021800
190709093732,SOLO_SUCCESS,1021800
190709093809,TAG_DEPARTED_B,1021800
190709093809,TAG_ARRIVED_B,1021800
190709093810,SOLO_SUCCESS,1021800
190709093812,TAG_DEPARTED_B,1021800
190709093813,TAG_ARRIVED_B,1021800
190709093813,SOLO_SUCCESS,1021800
190709093845,TAG_DEPARTED_B,1021800
190709093847,TAG_ARRIVED_B,1041300
190709093847,SOLO_SUCCESS,1041300
190709093930,TAG_DEPARTED_B,1041300
