190425055856,START_EXPERIMENT,
190425063627,TAG_ARRIVED_A,01bbe500
190425063627,SOLO_SUCCESS,01bbe500
190425063637,TAG_DEPARTED_A,01bbe500
190425063705,TAG_ARRIVED_A,01bbe500
190425063706,SOLO_SUCCESS,01bbe500
190425063710,TAG_DEPARTED_A,01bbe500
190425063825,TAG_ARRIVED_A,01bbe500
190425063825,SOLO_SUCCESS,01bbe500
190425063827,TAG_DEPARTED_A,01bbe500
190425063839,TAG_ARRIVED_A,01bbe500
190425063839,SOLO_SUCCESS,01bbe500
190425063851,TAG_DEPARTED_A,01bbe500
190425063853,TAG_ARRIVED_A,01bbe500
190425063853,SOLO_SUCCESS,01bbe500
190425063855,TAG_DEPARTED_A,01bbe500
190425063856,TAG_ARRIVED_A,01bbe500
190425063856,SOLO_SUCCESS,01bbe500
190425063858,TAG_DEPARTED_A,01bbe500
190425063859,TAG_ARRIVED_A,01bbe500
190425063859,SOLO_SUCCESS,01bbe500
190425063903,TAG_DEPARTED_A,01bbe500
190425065452,TAG_ARRIVED_B,01bbe500
190425065453,SOLO_SUCCESS,01bbe500
190425065454,TAG_DEPARTED_B,01bbe500
190425065516,TAG_ARRIVED_B,01bbe500
190425065517,SOLO_SUCCESS,01bbe500
190425065519,TAG_DEPARTED_B,01bbe500
190425065643,TAG_ARRIVED_A,01bbe500
190425065643,SOLO_SUCCESS,01bbe500
190425065647,TAG_DEPARTED_A,01bbe500
190425073547,TAG_ARRIVED_A,01653700
190425073548,SOLO_SUCCESS,01653700
190425073551,TAG_DEPARTED_A,01653700
190425073551,TAG_ARRIVED_A,01653700
190425073552,SOLO_SUCCESS,01653700
190425073553,TAG_DEPARTED_A,01653700
190425073601,TAG_ARRIVED_A,01653700
190425073602,SOLO_SUCCESS,01653700
190425073626,TAG_DEPARTED_A,01653700
190425073747,TAG_ARRIVED_A,01bbe500
190425073747,SOLO_SUCCESS,01bbe500
190425073750,TAG_DEPARTED_A,01bbe500
190425074011,TAG_ARRIVED_A,01bbe500
190425074012,SOLO_SUCCESS,01bbe500
190425074013,TAG_DEPARTED_A,01bbe500
190425074017,TAG_ARRIVED_A,01bbe500
190425074017,SOLO_SUCCESS,01bbe500
190425074022,TAG_DEPARTED_A,01bbe500
190425074029,TAG_ARRIVED_A,01bbe500
190425074029,SOLO_SUCCESS,01bbe500
190425074031,TAG_DEPARTED_A,01bbe500
190425074118,TAG_ARRIVED_A,01bbe500
190425074119,SOLO_SUCCESS,01bbe500
190425074120,TAG_DEPARTED_A,01bbe500
190425074226,TAG_ARRIVED_B,01bbe500
190425074227,SOLO_SUCCESS,01bbe500
190425074229,TAG_DEPARTED_B,01bbe500
190425083931,TAG_ARRIVED_A,01b47d00
190425083932,SOLO_SUCCESS,01b47d00
190425083937,TAG_DEPARTED_A,01b47d00
190425083939,TAG_ARRIVED_A,01b47d00
190425083939,SOLO_SUCCESS,01b47d00
190425083941,TAG_DEPARTED_A,01b47d00
190425083941,TAG_ARRIVED_A,01b47d00
190425083942,SOLO_SUCCESS,01b47d00
190425083943,TAG_DEPARTED_A,01b47d00
190425084014,TAG_ARRIVED_B,01b47d00
190425084015,SOLO_SUCCESS,01b47d00
190425084017,TAG_DEPARTED_B,01b47d00
190425084051,TAG_ARRIVED_B,01b47d00
190425084051,SOLO_SUCCESS,01b47d00
190425084104,TAG_DEPARTED_B,01b47d00
190425084106,TAG_ARRIVED_B,01b47d00
190425084106,SOLO_SUCCESS,01b47d00
190425084111,TAG_DEPARTED_B,01b47d00
190425084154,TAG_ARRIVED_A,01b47d00
190425084155,SOLO_SUCCESS,01b47d00
190425084158,TAG_DEPARTED_A,01b47d00
190425084206,TAG_ARRIVED_A,01b47d00
190425084207,SOLO_SUCCESS,01b47d00
190425084208,TAG_DEPARTED_A,01b47d00
190425084212,TAG_ARRIVED_A,01bbe500
190425084212,SOLO_SUCCESS,01bbe500
190425084216,TAG_DEPARTED_A,01bbe500
190425084221,TAG_ARRIVED_A,01bbe500
190425084221,SOLO_SUCCESS,01bbe500
190425084222,TAG_ARRIVED_B,01b47d00
190425084223,STARTCOOP_FAIL,01bbe500_01b47d00
190425084224,TAG_DEPARTED_A,01bbe500
190425084224,ENDCOOP_FAIL,01b47d00_
190425084225,TAG_DEPARTED_B,01b47d00
190425084356,TAG_ARRIVED_A,01bbe500
190425084357,SOLO_FAIL,01bbe500
190425084400,TAG_DEPARTED_A,01bbe500
190425084408,TAG_ARRIVED_A,01bbe500
190425084408,SOLO_FAIL,01bbe500
190425084410,TAG_DEPARTED_A,01bbe500
190425084423,LOCKOUT_ENDED,
190425085257,TAG_ARRIVED_B,01b47d00
190425085258,SOLO_SUCCESS,01b47d00
190425085320,TAG_DEPARTED_B,01b47d00
190425085322,TAG_ARRIVED_A,01b47d00
190425085323,SOLO_SUCCESS,01b47d00
190425085327,TAG_DEPARTED_A,01b47d00
190425085401,TAG_ARRIVED_B,01b47d00
190425085402,SOLO_SUCCESS,01b47d00
190425085404,TAG_DEPARTED_B,01b47d00
190425085410,TAG_ARRIVED_B,01b47d00
190425085411,SOLO_SUCCESS,01b47d00
190425085417,TAG_DEPARTED_B,01b47d00
190425085427,TAG_ARRIVED_A,01b47d00
190425085427,SOLO_SUCCESS,01b47d00
190425085429,TAG_DEPARTED_A,01b47d00
190425085431,TAG_ARRIVED_A,01b47d00
190425085431,SOLO_SUCCESS,01b47d00
190425085435,TAG_DEPARTED_A,01b47d00
190425085438,TAG_ARRIVED_A,01b47d00
190425085439,SOLO_SUCCESS,01b47d00
190425085446,TAG_DEPARTED_A,01b47d00
190425085533,TAG_ARRIVED_B,01b47d00
190425085533,SOLO_SUCCESS,01b47d00
190425085535,TAG_DEPARTED_B,01b47d00
190425085536,TAG_ARRIVED_B,01b47d00
190425085537,SOLO_SUCCESS,01b47d00
190425085547,TAG_DEPARTED_B,01b47d00
190425090701,TAG_ARRIVED_B,01b47d00
190425090702,SOLO_SUCCESS,01b47d00
190425090707,TAG_DEPARTED_B,01b47d00
190425090717,TAG_ARRIVED_A,01b47d00
190425090718,SOLO_SUCCESS,01b47d00
190425090736,TAG_DEPARTED_A,01b47d00
190425090746,TAG_ARRIVED_B,01b47d00
190425090747,SOLO_SUCCESS,01b47d00
190425090826,TAG_DEPARTED_B,01b47d00
190425090839,TAG_ARRIVED_B,01b47d00
190425090840,SOLO_SUCCESS,01b47d00
190425090845,TAG_DEPARTED_B,01b47d00
190425090849,TAG_ARRIVED_A,01b47d00
190425090850,SOLO_SUCCESS,01b47d00
190425090851,TAG_DEPARTED_A,01b47d00
190425090853,TAG_ARRIVED_A,01b47d00
190425090854,SOLO_SUCCESS,01b47d00
190425090855,TAG_DEPARTED_A,01b47d00
190425090857,TAG_ARRIVED_A,01b47d00
190425090858,SOLO_SUCCESS,01b47d00
190425090902,TAG_DEPARTED_A,01b47d00
190425090908,TAG_ARRIVED_A,01b47d00
190425090909,SOLO_SUCCESS,01b47d00
190425090913,TAG_DEPARTED_A,01b47d00
190425090924,TAG_ARRIVED_B,01b47d00
190425090925,SOLO_SUCCESS,01b47d00
190425090959,TAG_DEPARTED_B,01b47d00
190425091148,TAG_ARRIVED_A,01753200
190425091148,SOLO_SUCCESS,01753200
190425091150,TAG_DEPARTED_A,01753200
