190627054812,START_EXPERIMENT,
190627060053,TAG_ARRIVED_A,0102ee00
190627060054,SOLO_SUCCESS,0102ee00
190627060057,TAG_DEPARTED_A,0102ee00
190627060116,TAG_ARRIVED_B,0102ee00
190627060117,SOLO_SUCCESS,0102ee00
190627060119,TAG_DEPARTED_B,0102ee00
190627060155,TAG_ARRIVED_B,0102ee00
190627060156,SOLO_SUCCESS,0102ee00
190627060200,TAG_DEPARTED_B,0102ee00
190627060315,TAG_ARRIVED_B,0102ee00
190627060315,SOLO_SUCCESS,0102ee00
190627060345,TAG_DEPARTED_B,0102ee00
190627061127,TAG_ARRIVED_B,01043c00
190627061127,SOLO_SUCCESS,01043c00
190627061132,TAG_DEPARTED_B,01043c00
190627061147,TAG_ARRIVED_B,0102ae00
190627061147,SOLO_SUCCESS,0102ae00
190627061152,TAG_DEPARTED_B,0102ae00
190627061155,TAG_ARRIVED_A,01043c00
190627061156,SOLO_SUCCESS,01043c00
190627061201,TAG_DEPARTED_A,01043c00
190627061203,TAG_ARRIVED_A,0102ae00
190627061203,SOLO_SUCCESS,0102ae00
190627061209,TAG_DEPARTED_A,0102ae00
190627061210,TAG_ARRIVED_A,0102ae00
190627061210,SOLO_SUCCESS,0102ae00
190627061219,TAG_DEPARTED_A,0102ae00
190627061219,TAG_ARRIVED_A,0102ae00
190627061220,SOLO_SUCCESS,0102ae00
190627061224,TAG_DEPARTED_A,0102ae00
190627061225,TAG_ARRIVED_A,0102ae00
190627061225,SOLO_SUCCESS,0102ae00
190627061233,TAG_DEPARTED_A,0102ae00
190627061235,TAG_ARRIVED_A,0102ae00
190627061236,SOLO_SUCCESS,0102ae00
190627061237,TAG_DEPARTED_A,0102ae00
190627061238,TAG_ARRIVED_A,0102ae00
190627061238,SOLO_SUCCESS,0102ae00
190627061247,TAG_DEPARTED_A,0102ae00
190627061251,TAG_ARRIVED_A,0102ae00
190627061251,SOLO_SUCCESS,0102ae00
190627061301,TAG_DEPARTED_A,0102ae00
190627061303,TAG_ARRIVED_A,0102ae00
190627061303,SOLO_SUCCESS,0102ae00
190627061307,TAG_DEPARTED_A,0102ae00
190627061308,TAG_ARRIVED_A,0102ae00
190627061309,SOLO_SUCCESS,0102ae00
190627061311,TAG_DEPARTED_A,0102ae00
190627061313,TAG_ARRIVED_A,0102ae00
190627061314,SOLO_SUCCESS,0102ae00
190627061316,TAG_DEPARTED_A,0102ae00
190627061317,TAG_ARRIVED_A,0102ae00
190627061317,SOLO_SUCCESS,0102ae00
190627061320,TAG_DEPARTED_A,0102ae00
190627061322,TAG_ARRIVED_A,0102ae00
190627061322,SOLO_SUCCESS,0102ae00
190627061326,TAG_DEPARTED_A,0102ae00
190627061338,TAG_ARRIVED_A,0102ae00
190627061338,SOLO_SUCCESS,0102ae00
190627061344,TAG_DEPARTED_A,0102ae00
190627061345,TAG_ARRIVED_A,0102ae00
190627061345,SOLO_SUCCESS,0102ae00
190627061347,TAG_DEPARTED_A,0102ae00
190627061349,TAG_ARRIVED_A,0102ae00
190627061349,SOLO_SUCCESS,0102ae00
190627061352,TAG_DEPARTED_A,0102ae00
190627061353,TAG_ARRIVED_A,01043c00
190627061354,SOLO_SUCCESS,01043c00
190627061358,TAG_DEPARTED_A,01043c00
190627061411,TAG_ARRIVED_A,0101c200
190627061412,SOLO_SUCCESS,0101c200
190627061413,TAG_DEPARTED_A,0101c200
190627061428,TAG_ARRIVED_A,0101c200
190627061429,SOLO_SUCCESS,0101c200
190627061430,TAG_DEPARTED_A,0101c200
190627061433,TAG_ARRIVED_A,0101c200
190627061434,SOLO_SUCCESS,0101c200
190627061435,TAG_DEPARTED_A,0101c200
190627061437,TAG_ARRIVED_A,0101c200
190627061437,SOLO_SUCCESS,0101c200
190627061444,TAG_DEPARTED_A,0101c200
190627061453,TAG_ARRIVED_A,0101c200
190627061454,SOLO_SUCCESS,0101c200
190627061455,TAG_DEPARTED_A,0101c200
190627061457,TAG_ARRIVED_A,01050400
190627061457,SOLO_SUCCESS,01050400
190627061506,TAG_DEPARTED_A,01050400
190627061507,TAG_ARRIVED_A,01050400
190627061507,SOLO_SUCCESS,01050400
190627061511,TAG_ARRIVED_B,0101c200
190627061511,STARTCOOP_FAIL,01050400_0101c200
190627061515,ENDCOOP_FAIL,0101c200_01050400
190627061515,TAG_DEPARTED_B,0101c200
190627061515,TAG_DEPARTED_A,01050400
190627061519,TAG_ARRIVED_A,01050400
190627061519,SOLO_FAIL,01050400
190627061524,TAG_ARRIVED_B,0102ae00
190627061524,STARTCOOP_SUCCESS,01050400_0102ae00
190627061525,TAG_DEPARTED_A,01050400
190627061529,ENDCOOP_SUCCESS,0102ae00_
190627061529,TAG_DEPARTED_B,0102ae00
190627061539,TAG_ARRIVED_B,01050400
190627061539,SOLO_FAIL,01050400
190627061543,ENDCOOP_FAIL,01050400_
190627061543,TAG_DEPARTED_B,01050400
190627061554,TAG_ARRIVED_A,01050400
190627061555,SOLO_FAIL,01050400
190627061557,TAG_DEPARTED_A,01050400
190627061601,TAG_ARRIVED_A,01050400
190627061602,SOLO_FAIL,01050400
190627061603,TAG_DEPARTED_A,01050400
190627061611,TAG_ARRIVED_A,01050400
190627061611,SOLO_FAIL,01050400
190627061626,TAG_DEPARTED_A,01050400
190627061626,TAG_ARRIVED_A,0102ee00
190627061627,SOLO_FAIL,0102ee00
190627061628,TAG_DEPARTED_A,0102ee00
190627061635,TAG_ARRIVED_A,0102ee00
190627061636,SOLO_FAIL,0102ee00
190627061637,TAG_DEPARTED_A,0102ee00
190627061651,TAG_ARRIVED_B,0103f300
190627061652,SOLO_FAIL,0103f300
190627061652,TAG_ARRIVED_A,0101c200
190627061653,STARTCOOP_FAIL,0103f300_0101c200
190627061656,TAG_DEPARTED_A,0101c200
190627061702,ENDCOOP_FAIL,0103f300_
190627061703,TAG_DEPARTED_B,0103f300
190627061718,TAG_ARRIVED_A,0102ee00
190627061719,SOLO_FAIL,0102ee00
190627061722,TAG_DEPARTED_A,0102ee00
190627061724,TAG_ARRIVED_B,0101c200
190627061725,SOLO_FAIL,0101c200
190627061727,ENDCOOP_FAIL,0101c200_
190627061727,TAG_DEPARTED_B,0101c200
190627061736,TAG_ARRIVED_B,0101c200
190627061737,SOLO_FAIL,0101c200
190627061738,ENDCOOP_FAIL,0101c200_
190627061738,TAG_DEPARTED_B,0101c200
190627061739,TAG_ARRIVED_B,0101c200
190627061740,SOLO_FAIL,0101c200
190627061741,ENDCOOP_FAIL,0101c200_
190627061741,TAG_DEPARTED_B,0101c200
190627061741,TAG_ARRIVED_B,0101c200
190627061742,SOLO_FAIL,0101c200
190627061749,ENDCOOP_FAIL,0101c200_
190627061750,TAG_DEPARTED_B,0101c200
190627061754,TAG_ARRIVED_B,0101c200
190627061755,SOLO_FAIL,0101c200
190627061758,ENDCOOP_FAIL,0101c200_
190627061758,TAG_DEPARTED_B,0101c200
190627061804,TAG_ARRIVED_B,0101c200
190627061805,SOLO_FAIL,0101c200
190627061806,ENDCOOP_FAIL,0101c200_
190627061806,TAG_DEPARTED_B,0101c200
190627061817,TAG_ARRIVED_B,0101c200
190627061818,SOLO_FAIL,0101c200
190627061820,ENDCOOP_FAIL,0101c200_
190627061820,TAG_DEPARTED_B,0101c200
190627061831,TAG_ARRIVED_B,01050400
190627061831,SOLO_FAIL,01050400
190627061837,ENDCOOP_FAIL,01050400_
190627061837,TAG_DEPARTED_B,01050400
190627061853,LOCKOUT_ENDED,
190627062100,TAG_ARRIVED_A,01016400
190627062101,SOLO_SUCCESS,01016400
190627062111,TAG_DEPARTED_A,01016400
190627062114,TAG_ARRIVED_A,01016400
190627062114,SOLO_SUCCESS,01016400
190627062116,TAG_ARRIVED_B,07991800
190627062116,STARTCOOP_SUCCESS,01016400_07991800
190627062118,ENDCOOP_SUCCESS,07991800_01016400
190627062118,TAG_DEPARTED_B,07991800
190627062118,TAG_ARRIVED_A,07991800
190627062119,SOLO_SUCCESS,07991800
190627062121,TAG_DEPARTED_A,07991800
190627062139,TAG_ARRIVED_A,07991800
190627062139,SOLO_SUCCESS,07991800
190627062144,TAG_DEPARTED_A,07991800
190627062152,TAG_ARRIVED_A,07991800
190627062153,SOLO_SUCCESS,07991800
190627062210,TAG_DEPARTED_A,07991800
190627062212,TAG_ARRIVED_A,07991800
190627062212,SOLO_SUCCESS,07991800
190627062214,TAG_DEPARTED_A,07991800
190627062218,TAG_ARRIVED_A,07991800
190627062219,SOLO_SUCCESS,07991800
190627062222,TAG_DEPARTED_A,07991800
190627062229,TAG_ARRIVED_A,07991800
190627062229,SOLO_SUCCESS,07991800
190627062231,TAG_DEPARTED_A,07991800
190627062250,TAG_ARRIVED_A,07991800
190627062251,SOLO_SUCCESS,07991800
190627062253,TAG_DEPARTED_A,07991800
190627062302,TAG_ARRIVED_A,01016400
190627062302,SOLO_SUCCESS,01016400
190627062310,TAG_DEPARTED_A,01016400
190627062312,TAG_ARRIVED_A,01016400
190627062312,SOLO_SUCCESS,01016400
190627062314,TAG_DEPARTED_A,01016400
190627062318,TAG_ARRIVED_A,01d41b00
190627062319,SOLO_SUCCESS,01d41b00
190627062323,TAG_DEPARTED_A,01d41b00
190627062331,TAG_ARRIVED_A,01d41b00
190627062332,SOLO_SUCCESS,01d41b00
190627062334,TAG_DEPARTED_A,01d41b00
190627062342,TAG_ARRIVED_A,01d41b00
190627062342,SOLO_SUCCESS,01d41b00
190627062345,TAG_DEPARTED_A,01d41b00
190627062353,TAG_ARRIVED_A,01d41b00
190627062354,SOLO_SUCCESS,01d41b00
190627062356,TAG_DEPARTED_A,01d41b00
190627062359,TAG_ARRIVED_B,01d41b00
190627062400,SOLO_SUCCESS,01d41b00
190627062405,TAG_ARRIVED_A,01016400
190627062405,STARTCOOP_FAIL,01d41b00_01016400
190627062406,ENDCOOP_FAIL,01d41b00_01016400
190627062407,TAG_DEPARTED_B,01d41b00
190627062407,TAG_DEPARTED_A,01016400
190627062422,TAG_ARRIVED_B,01016400
190627062422,SOLO_FAIL,01016400
190627062426,ENDCOOP_FAIL,01016400_
190627062426,TAG_DEPARTED_B,01016400
190627062430,TAG_ARRIVED_B,01016400
190627062430,SOLO_FAIL,01016400
190627062438,ENDCOOP_FAIL,01016400_
190627062438,TAG_DEPARTED_B,01016400
190627062449,TAG_ARRIVED_A,01653700
190627062450,SOLO_FAIL,01653700
190627062455,TAG_DEPARTED_A,01653700
190627062455,TAG_ARRIVED_B,01653700
190627062456,SOLO_FAIL,01653700
190627062504,ENDCOOP_FAIL,01653700_
190627062504,TAG_DEPARTED_B,01653700
190627062505,TAG_ARRIVED_B,01653700
190627062506,SOLO_FAIL,01653700
190627062507,ENDCOOP_FAIL,01653700_
190627062507,TAG_DEPARTED_B,01653700
190627062507,TAG_ARRIVED_B,01653700
190627062508,SOLO_FAIL,01653700
190627062512,ENDCOOP_FAIL,01653700_
190627062512,TAG_DEPARTED_B,01653700
190627062513,TAG_ARRIVED_B,01653700
190627062514,SOLO_FAIL,01653700
190627062518,ENDCOOP_FAIL,01653700_
190627062518,TAG_DEPARTED_B,01653700
190627062519,TAG_ARRIVED_A,01653700
190627062520,SOLO_FAIL,01653700
190627062520,TAG_ARRIVED_B,01d41b00
190627062521,STARTCOOP_SUCCESS,01653700_01d41b00
190627062521,ENDCOOP_SUCCESS,01d41b00_01653700
190627062521,TAG_DEPARTED_B,01d41b00
190627062521,TAG_ARRIVED_B,01d41b00
190627062522,STARTCOOP_SUCCESS,01653700_01d41b00
190627062523,TAG_DEPARTED_A,01653700
190627062523,TAG_ARRIVED_A,01653700
190627062524,STARTCOOP_SUCCESS,01d41b00_01653700
190627062525,TAG_DEPARTED_A,01653700
190627062525,ENDCOOP_SUCCESS,01d41b00_
190627062526,TAG_DEPARTED_B,01d41b00
190627062531,TAG_ARRIVED_A,01d41b00
190627062532,SOLO_FAIL,01d41b00
190627062552,TAG_DEPARTED_A,01d41b00
190627062600,TAG_ARRIVED_A,01050400
190627062601,SOLO_FAIL,01050400
190627062605,TAG_DEPARTED_A,01050400
190627062605,LOCKOUT_ENDED,
190627062608,TAG_ARRIVED_B,0101c200
190627062609,SOLO_SUCCESS,0101c200
190627062610,TAG_ARRIVED_A,01050400
190627062610,STARTCOOP_FAIL,0101c200_01050400
190627062612,TAG_DEPARTED_A,01050400
190627062616,ENDCOOP_FAIL,0101c200_
190627062616,TAG_DEPARTED_B,0101c200
190627062634,TAG_ARRIVED_A,01050400
190627062634,SOLO_FAIL,01050400
190627062637,TAG_DEPARTED_A,01050400
190627062638,TAG_ARRIVED_B,0101c200
190627062639,SOLO_FAIL,0101c200
190627062642,ENDCOOP_FAIL,0101c200_
190627062643,TAG_DEPARTED_B,0101c200
190627062643,TAG_ARRIVED_A,01050400
190627062643,SOLO_FAIL,01050400
190627062644,TAG_ARRIVED_A,0101c200
190627062645,SOLO_FAIL,0101c200
190627062646,TAG_ARRIVED_B,01653700
190627062647,STARTCOOP_SUCCESS,0101c200_01653700
190627062647,TAG_DEPARTED_A,0101c200
190627062648,TAG_ARRIVED_B,01d41b00
190627062649,SOLO_FAIL,01d41b00
190627062655,ENDCOOP_FAIL,01d41b00_
190627062655,TAG_DEPARTED_B,01d41b00
190627062657,TAG_ARRIVED_B,01d41b00
190627062658,SOLO_FAIL,01d41b00
190627062704,ENDCOOP_FAIL,01d41b00_
190627062705,TAG_DEPARTED_B,01d41b00
190627062707,TAG_ARRIVED_B,01d41b00
190627062708,SOLO_FAIL,01d41b00
190627062708,TAG_ARRIVED_A,0101c200
190627062709,STARTCOOP_SUCCESS,01d41b00_0101c200
190627062709,TAG_DEPARTED_A,0101c200
190627062714,ENDCOOP_SUCCESS,01d41b00_
190627062714,TAG_DEPARTED_B,01d41b00
190627062716,TAG_ARRIVED_A,0101c200
190627062717,SOLO_FAIL,0101c200
190627062718,TAG_DEPARTED_A,0101c200
190627062721,TAG_ARRIVED_A,0101c200
190627062722,SOLO_FAIL,0101c200
190627062723,TAG_DEPARTED_A,0101c200
190627062724,TAG_ARRIVED_A,0101c200
190627062725,SOLO_FAIL,0101c200
190627062727,TAG_DEPARTED_A,0101c200
190627062729,TAG_ARRIVED_A,0101c200
190627062730,SOLO_FAIL,0101c200
190627062735,TAG_ARRIVED_B,01d41b00
190627062736,STARTCOOP_SUCCESS,0101c200_01d41b00
190627062737,ENDCOOP_SUCCESS,01d41b00_0101c200
190627062737,TAG_DEPARTED_B,01d41b00
190627062742,TAG_DEPARTED_A,0101c200
190627062743,TAG_ARRIVED_A,0101c200
190627062744,SOLO_FAIL,0101c200
190627062749,TAG_DEPARTED_A,0101c200
190627062750,TAG_ARRIVED_B,01d41b00
190627062751,SOLO_FAIL,01d41b00
190627062751,TAG_ARRIVED_A,0101c200
190627062752,STARTCOOP_SUCCESS,01d41b00_0101c200
190627062752,TAG_DEPARTED_A,0101c200
190627062752,TAG_ARRIVED_A,0101c200
190627062753,STARTCOOP_SUCCESS,01d41b00_0101c200
190627062755,ENDCOOP_SUCCESS,01d41b00_0101c200
190627062755,TAG_DEPARTED_B,01d41b00
190627062757,TAG_ARRIVED_B,01d41b00
190627062758,STARTCOOP_SUCCESS,0101c200_01d41b00
190627062759,TAG_DEPARTED_A,0101c200
190627062759,TAG_ARRIVED_A,0101c200
190627062800,STARTCOOP_SUCCESS,01d41b00_0101c200
190627062803,ENDCOOP_SUCCESS,01d41b00_0101c200
190627062803,TAG_DEPARTED_B,01d41b00
190627062810,TAG_DEPARTED_A,0101c200
190627062815,TAG_ARRIVED_A,0101c200
190627062816,SOLO_SUCCESS,0101c200
190627062819,TAG_DEPARTED_A,0101c200
190627062820,TAG_ARRIVED_A,0101c200
190627062821,SOLO_SUCCESS,0101c200
190627062826,TAG_ARRIVED_B,01d41b00
190627062827,STARTCOOP_SUCCESS,0101c200_01d41b00
190627062828,ENDCOOP_SUCCESS,01d41b00_0101c200
190627062828,TAG_DEPARTED_B,01d41b00
190627062835,TAG_ARRIVED_B,01d41b00
190627062836,STARTCOOP_SUCCESS,0101c200_01d41b00
190627062837,ENDCOOP_SUCCESS,01d41b00_0101c200
190627062837,TAG_DEPARTED_B,01d41b00
190627062852,TAG_DEPARTED_A,0101c200
190627062854,TAG_ARRIVED_A,0101c200
190627062855,SOLO_SUCCESS,0101c200
190627062856,TAG_DEPARTED_A,0101c200
190627062857,TAG_ARRIVED_A,0101c200
190627062858,SOLO_SUCCESS,0101c200
190627062908,TAG_DEPARTED_A,0101c200
190627062912,TAG_ARRIVED_A,0101c200
190627062913,SOLO_SUCCESS,0101c200
190627062916,TAG_DEPARTED_A,0101c200
190627062918,TAG_ARRIVED_A,0101c200
190627062919,SOLO_SUCCESS,0101c200
190627062925,TAG_ARRIVED_B,01653700
190627062926,STARTCOOP_SUCCESS,0101c200_01653700
190627062927,TAG_DEPARTED_A,0101c200
190627062927,ENDCOOP_SUCCESS,01653700_
190627062928,TAG_DEPARTED_B,01653700
190627062928,TAG_ARRIVED_B,01653700
190627062929,SOLO_SUCCESS,01653700
190627062931,TAG_DEPARTED_B,01653700
190627062932,TAG_ARRIVED_A,01653700
190627062933,SOLO_SUCCESS,01653700
190627062937,TAG_DEPARTED_A,01653700
190627062946,TAG_ARRIVED_A,01653700
190627062947,SOLO_SUCCESS,01653700
190627062948,TAG_DEPARTED_A,01653700
190627062959,TAG_ARRIVED_A,01653700
190627063000,SOLO_SUCCESS,01653700
190627063001,TAG_DEPARTED_A,01653700
190627063016,TAG_ARRIVED_B,01653700
190627063017,SOLO_SUCCESS,01653700
190627063020,TAG_DEPARTED_B,01653700
190627063021,TAG_ARRIVED_B,01653700
190627063022,SOLO_SUCCESS,01653700
190627063024,TAG_DEPARTED_B,01653700
190627063035,TAG_ARRIVED_B,01653700
190627063036,SOLO_SUCCESS,01653700
190627063037,TAG_DEPARTED_B,01653700
190627063043,TAG_ARRIVED_B,01653700
190627063044,SOLO_SUCCESS,01653700
190627063107,TAG_DEPARTED_B,01653700
190627063107,TAG_ARRIVED_B,01653700
190627063108,SOLO_SUCCESS,01653700
190627063109,TAG_DEPARTED_B,01653700
190627063118,TAG_ARRIVED_B,01653700
190627063119,SOLO_SUCCESS,01653700
190627063130,TAG_DEPARTED_B,01653700
190627063132,TAG_ARRIVED_B,01653700
190627063133,SOLO_SUCCESS,01653700
190627063137,TAG_DEPARTED_B,01653700
190627063201,TAG_ARRIVED_B,01653700
190627063202,SOLO_SUCCESS,01653700
190627063205,TAG_DEPARTED_B,01653700
190627063246,TAG_ARRIVED_B,01050400
190627063246,SOLO_SUCCESS,01050400
190627063246,TAG_ARRIVED_A,0101c200
190627063247,STARTCOOP_FAIL,01050400_0101c200
190627063248,ENDCOOP_FAIL,01050400_0101c200
190627063248,TAG_DEPARTED_B,01050400
190627063248,TAG_DEPARTED_A,0101c200
190627063248,TAG_ARRIVED_B,01050400
190627063249,SOLO_FAIL,01050400
190627063254,ENDCOOP_FAIL,01050400_
190627063255,TAG_DEPARTED_B,01050400
190627063256,TAG_ARRIVED_B,01050400
190627063256,SOLO_FAIL,01050400
190627063257,TAG_ARRIVED_A,01050400
190627063258,SOLO_FAIL,01050400
190627063258,ENDCOOP_FAIL,01050400_01050400
190627063258,TAG_DEPARTED_B,01050400
190627063323,TAG_DEPARTED_A,01050400
190627063335,TAG_ARRIVED_A,01050400
190627063335,SOLO_FAIL,01050400
190627063337,TAG_DEPARTED_A,01050400
190627063359,TAG_ARRIVED_A,01050400
190627063359,SOLO_FAIL,01050400
190627063402,TAG_DEPARTED_A,01050400
190627063404,TAG_ARRIVED_A,0101c200
190627063404,SOLO_FAIL,0101c200
190627063405,TAG_DEPARTED_A,0101c200
190627063447,LOCKOUT_ENDED,
190627063520,TAG_ARRIVED_B,01df6400
190627063520,SOLO_SUCCESS,01df6400
190627063522,TAG_DEPARTED_B,01df6400
190627063525,TAG_ARRIVED_B,01df6400
190627063526,SOLO_SUCCESS,01df6400
190627063527,TAG_DEPARTED_B,01df6400
190627063530,TAG_ARRIVED_B,01df6400
190627063531,SOLO_SUCCESS,01df6400
190627063539,TAG_DEPARTED_B,01df6400
190627063607,TAG_ARRIVED_B,01df6400
190627063608,SOLO_SUCCESS,01df6400
190627063611,TAG_DEPARTED_B,01df6400
190627063627,TAG_ARRIVED_B,01df6400
190627063628,SOLO_SUCCESS,01df6400
190627063631,TAG_ARRIVED_B,01026c00
190627063632,SOLO_SUCCESS,01026c00
190627063634,TAG_DEPARTED_B,01026c00
190627063644,TAG_ARRIVED_B,01026c00
190627063645,SOLO_SUCCESS,01026c00
190627063647,TAG_DEPARTED_B,01026c00
190627063648,TAG_ARRIVED_B,01026c00
190627063649,SOLO_SUCCESS,01026c00
190627063655,TAG_DEPARTED_B,01026c00
190627063801,TAG_ARRIVED_A,01026c00
190627063802,SOLO_SUCCESS,01026c00
190627063803,TAG_DEPARTED_A,01026c00
190627063810,TAG_ARRIVED_A,01026c00
190627063811,SOLO_SUCCESS,01026c00
190627063812,TAG_DEPARTED_A,01026c00
190627063815,TAG_ARRIVED_A,01026c00
190627063816,SOLO_SUCCESS,01026c00
190627063823,TAG_DEPARTED_A,01026c00
190627063837,TAG_ARRIVED_A,01026c00
190627063838,SOLO_SUCCESS,01026c00
190627063846,TAG_DEPARTED_A,01026c00
190627063848,TAG_ARRIVED_A,01026c00
190627063849,SOLO_SUCCESS,01026c00
190627063853,TAG_DEPARTED_A,01026c00
190627063854,TAG_ARRIVED_A,01026c00
190627063855,SOLO_SUCCESS,01026c00
190627063857,TAG_DEPARTED_A,01026c00
190627063914,TAG_ARRIVED_B,0102ee00
190627063915,SOLO_SUCCESS,0102ee00
190627063917,TAG_DEPARTED_B,0102ee00
190627063933,TAG_ARRIVED_B,0102ee00
190627063934,SOLO_SUCCESS,0102ee00
190627063936,TAG_DEPARTED_B,0102ee00
190627063940,TAG_ARRIVED_B,0102ee00
190627063941,SOLO_SUCCESS,0102ee00
190627064055,TAG_DEPARTED_B,0102ee00
190627064112,TAG_ARRIVED_A,01050400
190627064112,SOLO_SUCCESS,01050400
190627064117,TAG_DEPARTED_A,01050400
190627064119,TAG_ARRIVED_A,01050400
190627064119,SOLO_SUCCESS,01050400
190627064122,TAG_DEPARTED_A,01050400
190627064123,TAG_ARRIVED_A,0102ee00
190627064124,SOLO_SUCCESS,0102ee00
190627064130,TAG_DEPARTED_A,0102ee00
190627064133,TAG_ARRIVED_A,0102ee00
190627064133,SOLO_SUCCESS,0102ee00
190627064139,TAG_DEPARTED_A,0102ee00
190627064142,TAG_ARRIVED_A,0102ee00
190627064143,SOLO_SUCCESS,0102ee00
190627064150,TAG_DEPARTED_A,0102ee00
190627064202,TAG_ARRIVED_A,0102ee00
190627064203,SOLO_SUCCESS,0102ee00
190627064205,TAG_DEPARTED_A,0102ee00
190627064206,TAG_ARRIVED_A,0102ee00
190627064207,SOLO_SUCCESS,0102ee00
190627064208,TAG_DEPARTED_A,0102ee00
190627064209,TAG_ARRIVED_A,0102ee00
190627064210,SOLO_SUCCESS,0102ee00
190627064227,TAG_DEPARTED_A,0102ee00
190627064232,TAG_ARRIVED_A,0102ee00
190627064232,SOLO_SUCCESS,0102ee00
190627064238,TAG_DEPARTED_A,0102ee00
190627064243,TAG_ARRIVED_A,0101c200
190627064244,SOLO_SUCCESS,0101c200
190627064245,TAG_DEPARTED_A,0101c200
190627064250,TAG_ARRIVED_A,01050400
190627064250,SOLO_SUCCESS,01050400
190627064255,TAG_DEPARTED_A,01050400
190627064258,TAG_ARRIVED_B,01021800
190627064258,SOLO_SUCCESS,01021800
190627064359,TAG_DEPARTED_B,01021800
190627064400,TAG_ARRIVED_A,0101c200
190627064401,SOLO_SUCCESS,0101c200
190627064403,TAG_ARRIVED_A,01050400
190627064403,SOLO_SUCCESS,01050400
190627064432,TAG_DEPARTED_A,01050400
190627064442,TAG_ARRIVED_B,0101c200
190627064443,SOLO_SUCCESS,0101c200
190627064445,TAG_DEPARTED_B,0101c200
190627064510,TAG_ARRIVED_B,0101c200
190627064511,SOLO_SUCCESS,0101c200
190627064516,TAG_DEPARTED_B,0101c200
190627064533,TAG_ARRIVED_B,01016400
190627064533,SOLO_SUCCESS,01016400
190627064535,TAG_DEPARTED_B,01016400
190627064545,TAG_ARRIVED_B,01016400
190627064545,SOLO_SUCCESS,01016400
190627064547,TAG_DEPARTED_B,01016400
190627064557,TAG_ARRIVED_B,01050400
190627064557,SOLO_SUCCESS,01050400
190627064604,TAG_DEPARTED_B,01050400
190627064605,TAG_ARRIVED_B,01d41b00
190627064606,SOLO_SUCCESS,01d41b00
190627064609,TAG_DEPARTED_B,01d41b00
190627064612,TAG_ARRIVED_B,01d41b00
190627064613,SOLO_SUCCESS,01d41b00
190627064614,TAG_DEPARTED_B,01d41b00
190627064734,TAG_ARRIVED_B,01d41b00
190627064735,SOLO_SUCCESS,01d41b00
190627064743,TAG_DEPARTED_B,01d41b00
190627064749,TAG_ARRIVED_B,01d41b00
190627064750,SOLO_SUCCESS,01d41b00
190627064751,TAG_DEPARTED_B,01d41b00
190627064805,TAG_ARRIVED_B,01c2e300
190627064806,SOLO_SUCCESS,01c2e300
190627064808,TAG_DEPARTED_B,01c2e300
190627064819,TAG_ARRIVED_B,01653700
190627064820,SOLO_SUCCESS,01653700
190627064824,TAG_DEPARTED_B,01653700
190627064853,TAG_ARRIVED_B,0101c200
190627064854,SOLO_SUCCESS,0101c200
190627064859,TAG_DEPARTED_B,0101c200
190627064912,TAG_ARRIVED_A,0102ee00
190627064913,SOLO_SUCCESS,0102ee00
190627064914,TAG_ARRIVED_B,0101c200
190627064915,STARTCOOP_SUCCESS,0102ee00_0101c200
190627064915,TAG_DEPARTED_A,0102ee00
190627064916,TAG_ARRIVED_A,0102ee00
190627064917,STARTCOOP_SUCCESS,0101c200_0102ee00
190627064918,TAG_DEPARTED_A,0102ee00
190627064921,TAG_ARRIVED_A,0102ee00
190627064922,STARTCOOP_SUCCESS,0101c200_0102ee00
190627064923,TAG_DEPARTED_A,0102ee00
190627064925,TAG_ARRIVED_A,0102ee00
190627064926,STARTCOOP_SUCCESS,0101c200_0102ee00
190627064930,TAG_DEPARTED_A,0102ee00
190627064931,ENDCOOP_SUCCESS,0101c200_
190627064931,TAG_DEPARTED_B,0101c200
190627064934,TAG_ARRIVED_A,0101c200
190627064935,SOLO_SUCCESS,0101c200
190627065000,TAG_DEPARTED_A,0101c200
190627065023,TAG_ARRIVED_A,0102ee00
190627065024,SOLO_SUCCESS,0102ee00
190627065115,TAG_ARRIVED_B,01009100
190627065116,STARTCOOP_SUCCESS,0102ee00_01009100
190627065118,ENDCOOP_SUCCESS,01009100_0102ee00
190627065118,TAG_DEPARTED_B,01009100
190627065151,TAG_ARRIVED_B,01753200
190627065152,STARTCOOP_SUCCESS,0102ee00_01753200
190627065206,TAG_DEPARTED_A,0102ee00
190627065229,TAG_DEPARTED_B,01753200
190627065239,TAG_ARRIVED_B,01050400
190627065239,SOLO_SUCCESS,01050400
190627065243,TAG_DEPARTED_B,01050400
190627065247,TAG_ARRIVED_B,01050400
190627065247,SOLO_SUCCESS,01050400
190627065248,TAG_ARRIVED_A,01050400
190627065249,SOLO_SUCCESS,01050400
190627065249,TAG_DEPARTED_B,01050400
190627065254,TAG_ARRIVED_B,01753200
190627065255,STARTCOOP_FAIL,01050400_01753200
190627065306,TAG_DEPARTED_A,01050400
190627065307,TAG_ARRIVED_A,01050400
190627065308,STARTCOOP_FAIL,01753200_01050400
190627065314,TAG_DEPARTED_A,01050400
190627065316,TAG_ARRIVED_A,01050400
190627065316,STARTCOOP_FAIL,01753200_01050400
190627065317,ENDCOOP_FAIL,01753200_01050400
190627065317,TAG_DEPARTED_B,01753200
190627065319,TAG_ARRIVED_B,01753200
190627065320,STARTCOOP_FAIL,01050400_01753200
190627065321,TAG_DEPARTED_A,01050400
190627065322,TAG_ARRIVED_A,01050400
190627065322,STARTCOOP_FAIL,01753200_01050400
190627065327,TAG_DEPARTED_A,01050400
190627065327,TAG_ARRIVED_A,01050400
190627065327,STARTCOOP_FAIL,01753200_01050400
190627065329,TAG_DEPARTED_A,01050400
190627065330,TAG_ARRIVED_A,01050400
190627065331,STARTCOOP_FAIL,01753200_01050400
190627065336,TAG_DEPARTED_A,01050400
190627065347,TAG_ARRIVED_A,01050400
190627065347,STARTCOOP_FAIL,01753200_01050400
190627065351,TAG_DEPARTED_A,01050400
190627065354,TAG_ARRIVED_A,01009100
190627065355,STARTCOOP_SUCCESS,01753200_01009100
190627065356,TAG_DEPARTED_A,01009100
190627065428,ENDCOOP_FAIL,01753200_
190627065429,TAG_DEPARTED_B,01753200
190627065433,TAG_ARRIVED_B,01753200
190627065434,SOLO_FAIL,01753200
190627065442,ENDCOOP_FAIL,01753200_
190627065442,TAG_DEPARTED_B,01753200
190627065444,TAG_ARRIVED_B,01753200
190627065445,SOLO_FAIL,01753200
190627065449,ENDCOOP_FAIL,01753200_
190627065449,TAG_DEPARTED_B,01753200
190627065451,TAG_ARRIVED_B,01753200
190627065452,SOLO_FAIL,01753200
190627065504,ENDCOOP_FAIL,01753200_
190627065504,TAG_DEPARTED_B,01753200
190627065507,TAG_ARRIVED_A,01753200
190627065508,SOLO_FAIL,01753200
190627065519,TAG_DEPARTED_A,01753200
190627065547,LOCKOUT_ENDED,
190627065642,TAG_ARRIVED_B,01753200
190627065643,SOLO_SUCCESS,01753200
190627065646,TAG_DEPARTED_B,01753200
190627065722,TAG_ARRIVED_A,01753200
190627065723,SOLO_SUCCESS,01753200
190627065725,TAG_DEPARTED_A,01753200
190627065727,TAG_ARRIVED_A,01753200
190627065728,SOLO_SUCCESS,01753200
190627065730,TAG_DEPARTED_A,01753200
190627065928,TAG_ARRIVED_A,01d41b00
190627065929,SOLO_SUCCESS,01d41b00
190627065930,TAG_DEPARTED_A,01d41b00
190627065958,TAG_ARRIVED_A,01d41b00
190627065959,SOLO_SUCCESS,01d41b00
190627070013,TAG_DEPARTED_A,01d41b00
190627070954,TAG_ARRIVED_B,0139d100
190627070955,SOLO_SUCCESS,0139d100
190627070955,TAG_ARRIVED_A,01783900
190627070956,STARTCOOP_SUCCESS,0139d100_01783900
190627070957,TAG_DEPARTED_A,01783900
190627070958,ENDCOOP_SUCCESS,0139d100_
190627070958,TAG_DEPARTED_B,0139d100
190627071908,TAG_ARRIVED_A,0102ee00
190627071909,SOLO_SUCCESS,0102ee00
190627071912,TAG_DEPARTED_A,0102ee00
190627071924,TAG_ARRIVED_B,01df6400
190627071925,SOLO_SUCCESS,01df6400
190627071932,TAG_DEPARTED_B,01df6400
190627071937,TAG_ARRIVED_B,01df6400
190627071938,SOLO_SUCCESS,01df6400
190627071941,TAG_DEPARTED_B,01df6400
190627071942,TAG_ARRIVED_A,0102ee00
190627071943,SOLO_SUCCESS,0102ee00
190627071944,TAG_ARRIVED_B,01050400
190627071944,STARTCOOP_FAIL,0102ee00_01050400
190627071945,TAG_DEPARTED_A,0102ee00
190627071958,ENDCOOP_FAIL,01050400_
190627071958,TAG_DEPARTED_B,01050400
190627072002,TAG_ARRIVED_A,0102ee00
190627072003,SOLO_FAIL,0102ee00
190627072005,TAG_DEPARTED_A,0102ee00
190627072008,TAG_ARRIVED_B,01050400
190627072009,SOLO_FAIL,01050400
190627072016,ENDCOOP_FAIL,01050400_
190627072016,TAG_DEPARTED_B,01050400
190627072019,TAG_ARRIVED_B,01050400
190627072019,SOLO_FAIL,01050400
190627072023,TAG_ARRIVED_B,0101c200
190627072024,SOLO_FAIL,0101c200
190627072025,ENDCOOP_FAIL,0101c200_
190627072026,TAG_DEPARTED_B,0101c200
190627072026,TAG_ARRIVED_B,0101c200
190627072027,SOLO_FAIL,0101c200
190627072029,ENDCOOP_FAIL,0101c200_
190627072030,TAG_DEPARTED_B,0101c200
190627072032,TAG_ARRIVED_B,0101c200
190627072033,SOLO_FAIL,0101c200
190627072035,ENDCOOP_FAIL,0101c200_
190627072035,TAG_DEPARTED_B,0101c200
190627072039,TAG_ARRIVED_B,0101c200
190627072040,SOLO_FAIL,0101c200
190627072043,ENDCOOP_FAIL,0101c200_
190627072043,TAG_DEPARTED_B,0101c200
190627072047,TAG_ARRIVED_B,0101c200
190627072048,SOLO_FAIL,0101c200
190627072049,ENDCOOP_FAIL,0101c200_
190627072050,TAG_DEPARTED_B,0101c200
190627072052,TAG_ARRIVED_B,0101c200
190627072053,SOLO_FAIL,0101c200
190627072054,ENDCOOP_FAIL,0101c200_
190627072055,TAG_DEPARTED_B,0101c200
190627072118,TAG_ARRIVED_A,0101c200
190627072119,SOLO_FAIL,0101c200
190627072121,TAG_DEPARTED_A,0101c200
190627072129,TAG_ARRIVED_A,01050400
190627072129,SOLO_FAIL,01050400
190627072136,TAG_DEPARTED_A,01050400
190627072137,TAG_ARRIVED_B,0101c200
190627072138,SOLO_FAIL,0101c200
190627072139,TAG_ARRIVED_A,0102ee00
190627072140,STARTCOOP_SUCCESS,0101c200_0102ee00
190627072140,ENDCOOP_SUCCESS,0101c200_0102ee00
190627072140,TAG_DEPARTED_B,0101c200
190627072141,TAG_DEPARTED_A,0102ee00
190627072147,TAG_ARRIVED_B,0101c200
190627072147,SOLO_SUCCESS,0101c200
190627072154,TAG_DEPARTED_B,0101c200
190627072158,TAG_ARRIVED_B,0101c200
190627072159,SOLO_SUCCESS,0101c200
190627072200,TAG_DEPARTED_B,0101c200
190627072202,TAG_ARRIVED_B,0101c200
190627072203,SOLO_SUCCESS,0101c200
190627072208,TAG_DEPARTED_B,0101c200
190627072212,TAG_ARRIVED_B,0101c200
190627072213,SOLO_SUCCESS,0101c200
190627072214,TAG_DEPARTED_B,0101c200
190627072218,TAG_ARRIVED_A,0101c200
190627072219,SOLO_SUCCESS,0101c200
190627072220,TAG_DEPARTED_A,0101c200
190627072223,TAG_ARRIVED_A,0101c200
190627072224,SOLO_SUCCESS,0101c200
190627072241,TAG_DEPARTED_A,0101c200
190627072250,TAG_ARRIVED_A,0101c200
190627072250,SOLO_SUCCESS,0101c200
190627072309,TAG_DEPARTED_A,0101c200
190627072310,TAG_ARRIVED_A,0101c200
190627072311,SOLO_SUCCESS,0101c200
190627072312,TAG_DEPARTED_A,0101c200
190627072313,TAG_ARRIVED_A,0101c200
190627072314,SOLO_SUCCESS,0101c200
190627072314,TAG_ARRIVED_B,0102ee00
190627072315,STARTCOOP_SUCCESS,0101c200_0102ee00
190627072315,ENDCOOP_SUCCESS,0102ee00_0101c200
190627072315,TAG_DEPARTED_B,0102ee00
190627072316,TAG_ARRIVED_B,01d41b00
190627072317,STARTCOOP_SUCCESS,0101c200_01d41b00
190627072317,TAG_DEPARTED_A,0101c200
190627072323,ENDCOOP_SUCCESS,01d41b00_
190627072323,TAG_DEPARTED_B,01d41b00
190627072326,TAG_ARRIVED_A,0101c200
190627072327,SOLO_SUCCESS,0101c200
190627072328,TAG_ARRIVED_B,01d41b00
190627072329,STARTCOOP_SUCCESS,0101c200_01d41b00
190627072330,ENDCOOP_SUCCESS,01d41b00_0101c200
190627072330,TAG_DEPARTED_B,01d41b00
190627072332,TAG_ARRIVED_A,01c2e300
190627072333,SOLO_SUCCESS,01c2e300
190627072334,TAG_DEPARTED_A,01c2e300
190627072338,TAG_ARRIVED_B,01d41b00
190627072339,SOLO_SUCCESS,01d41b00
190627072339,TAG_ARRIVED_A,01c2e300
190627072340,STARTCOOP_SUCCESS,01d41b00_01c2e300
190627072342,ENDCOOP_SUCCESS,01d41b00_01c2e300
190627072342,TAG_DEPARTED_B,01d41b00
190627072344,TAG_ARRIVED_B,01d41b00
190627072345,STARTCOOP_SUCCESS,01c2e300_01d41b00
190627072345,TAG_DEPARTED_A,01c2e300
190627072347,TAG_ARRIVED_A,01c2e300
190627072348,STARTCOOP_SUCCESS,01d41b00_01c2e300
190627072351,TAG_DEPARTED_A,01c2e300
190627072352,ENDCOOP_SUCCESS,01d41b00_
190627072352,TAG_DEPARTED_B,01d41b00
190627072402,TAG_ARRIVED_A,01c2e300
190627072403,SOLO_SUCCESS,01c2e300
190627072404,TAG_DEPARTED_A,01c2e300
190627072406,TAG_ARRIVED_A,0101c200
190627072406,SOLO_SUCCESS,0101c200
190627072408,TAG_DEPARTED_A,0101c200
190627072416,TAG_ARRIVED_A,01c2e300
190627072417,SOLO_SUCCESS,01c2e300
190627072422,TAG_DEPARTED_A,01c2e300
190627072426,TAG_ARRIVED_A,01c2e300
190627072427,SOLO_SUCCESS,01c2e300
190627072429,TAG_DEPARTED_A,01c2e300
190627072430,TAG_ARRIVED_B,01d41b00
190627072430,SOLO_SUCCESS,01d41b00
190627072439,TAG_DEPARTED_B,01d41b00
190627072504,TAG_ARRIVED_A,0101c200
190627072505,SOLO_SUCCESS,0101c200
190627072507,TAG_DEPARTED_A,0101c200
190627072507,TAG_ARRIVED_B,01d41b00
190627072508,SOLO_SUCCESS,01d41b00
190627072510,TAG_DEPARTED_B,01d41b00
190627072528,TAG_ARRIVED_A,0101c200
190627072529,SOLO_SUCCESS,0101c200
190627072530,TAG_DEPARTED_A,0101c200
190627072531,TAG_ARRIVED_B,01df6400
190627072532,SOLO_SUCCESS,01df6400
190627072534,TAG_DEPARTED_B,01df6400
190627072535,TAG_ARRIVED_B,01df6400
190627072536,SOLO_SUCCESS,01df6400
190627072537,TAG_DEPARTED_B,01df6400
190627072538,TAG_ARRIVED_A,01c2e300
190627072539,SOLO_SUCCESS,01c2e300
190627072540,TAG_DEPARTED_A,01c2e300
190627072543,TAG_ARRIVED_A,01c2e300
190627072544,SOLO_SUCCESS,01c2e300
190627072551,TAG_DEPARTED_A,01c2e300
190627072604,TAG_ARRIVED_A,0101c200
190627072605,SOLO_SUCCESS,0101c200
190627072606,TAG_DEPARTED_A,0101c200
190627072623,TAG_ARRIVED_A,01c2e300
190627072624,SOLO_SUCCESS,01c2e300
190627072632,TAG_DEPARTED_A,01c2e300
190627072646,TAG_ARRIVED_A,01c2e300
190627072647,SOLO_SUCCESS,01c2e300
190627072648,TAG_DEPARTED_A,01c2e300
190627072649,TAG_ARRIVED_A,01c2e300
190627072650,SOLO_SUCCESS,01c2e300
190627072658,TAG_DEPARTED_A,01c2e300
190627072704,TAG_ARRIVED_A,01c2e300
190627072705,SOLO_SUCCESS,01c2e300
190627072706,TAG_DEPARTED_A,01c2e300
190627072711,TAG_ARRIVED_A,01c2e300
190627072712,SOLO_SUCCESS,01c2e300
190627072719,TAG_ARRIVED_A,01df6400
190627072720,SOLO_SUCCESS,01df6400
190627072726,TAG_DEPARTED_A,01df6400
190627072733,TAG_ARRIVED_A,01df6400
190627072733,SOLO_SUCCESS,01df6400
190627072735,TAG_ARRIVED_A,01c2e300
190627072735,SOLO_SUCCESS,01c2e300
190627072751,TAG_DEPARTED_A,01c2e300
190627072757,TAG_ARRIVED_A,01c2e300
190627072758,SOLO_SUCCESS,01c2e300
190627072800,TAG_DEPARTED_A,01c2e300
190627072805,TAG_ARRIVED_A,01df6400
190627072805,SOLO_SUCCESS,01df6400
190627072808,TAG_DEPARTED_A,01df6400
190627072816,TAG_ARRIVED_A,01df6400
190627072817,SOLO_SUCCESS,01df6400
190627072818,TAG_DEPARTED_A,01df6400
190627072818,TAG_ARRIVED_A,01df6400
190627072819,SOLO_SUCCESS,01df6400
190627072820,TAG_DEPARTED_A,01df6400
190627072821,TAG_ARRIVED_A,01df6400
190627072822,SOLO_SUCCESS,01df6400
190627072824,TAG_DEPARTED_A,01df6400
190627072826,TAG_ARRIVED_A,01df6400
190627072826,SOLO_SUCCESS,01df6400
190627072828,TAG_DEPARTED_A,01df6400
190627072831,TAG_ARRIVED_A,01df6400
190627072832,SOLO_SUCCESS,01df6400
190627072833,TAG_DEPARTED_A,01df6400
190627072834,TAG_ARRIVED_A,01df6400
190627072835,SOLO_SUCCESS,01df6400
190627072837,TAG_DEPARTED_A,01df6400
190627072837,TAG_ARRIVED_A,01df6400
190627072838,SOLO_SUCCESS,01df6400
190627072840,TAG_DEPARTED_A,01df6400
190627072857,TAG_ARRIVED_B,01fe7600
190627072858,SOLO_SUCCESS,01fe7600
190627072859,TAG_DEPARTED_B,01fe7600
190627072900,TAG_ARRIVED_A,01df6400
190627072901,SOLO_SUCCESS,01df6400
190627072902,TAG_DEPARTED_A,01df6400
190627072905,TAG_ARRIVED_A,01df6400
190627072906,SOLO_SUCCESS,01df6400
190627072909,TAG_DEPARTED_A,01df6400
190627072914,TAG_ARRIVED_B,01009100
190627072915,SOLO_SUCCESS,01009100
190627072915,TAG_ARRIVED_A,01df6400
190627072916,STARTCOOP_SUCCESS,01009100_01df6400
190627072916,ENDCOOP_SUCCESS,01009100_01df6400
190627072917,TAG_DEPARTED_B,01009100
190627072918,TAG_DEPARTED_A,01df6400
190627072928,TAG_ARRIVED_B,0125d900
190627072928,SOLO_SUCCESS,0125d900
190627072930,TAG_DEPARTED_B,0125d900
190627072940,TAG_ARRIVED_B,01050400
190627072940,SOLO_SUCCESS,01050400
190627072944,TAG_ARRIVED_A,01df6400
190627072945,STARTCOOP_FAIL,01050400_01df6400
190627072948,TAG_DEPARTED_A,01df6400
190627072951,ENDCOOP_FAIL,01050400_
190627072951,TAG_DEPARTED_B,01050400
190627072952,TAG_ARRIVED_B,01050400
190627072952,SOLO_FAIL,01050400
190627072954,ENDCOOP_FAIL,01050400_
190627072955,TAG_DEPARTED_B,01050400
190627072957,TAG_ARRIVED_B,01050400
190627072957,SOLO_FAIL,01050400
190627073012,ENDCOOP_FAIL,01050400_
190627073012,TAG_DEPARTED_B,01050400
190627073029,TAG_ARRIVED_B,01050400
190627073030,SOLO_FAIL,01050400
190627073031,ENDCOOP_FAIL,01050400_
190627073032,TAG_DEPARTED_B,01050400
190627073034,TAG_ARRIVED_B,01fe7600
190627073035,SOLO_FAIL,01fe7600
190627073036,ENDCOOP_FAIL,01fe7600_
190627073037,TAG_DEPARTED_B,01fe7600
190627073037,TAG_ARRIVED_A,01050400
190627073038,SOLO_FAIL,01050400
190627073041,TAG_DEPARTED_A,01050400
190627073046,TAG_ARRIVED_A,01050400
190627073046,SOLO_FAIL,01050400
190627073055,TAG_DEPARTED_A,01050400
190627073059,TAG_ARRIVED_B,01653700
190627073100,SOLO_FAIL,01653700
190627073101,ENDCOOP_FAIL,01653700_
190627073101,TAG_DEPARTED_B,01653700
190627073113,TAG_ARRIVED_A,0101c200
190627073114,SOLO_FAIL,0101c200
190627073115,TAG_DEPARTED_A,0101c200
190627073121,TAG_ARRIVED_B,0101c200
190627073122,SOLO_FAIL,0101c200
190627073130,ENDCOOP_FAIL,0101c200_
190627073130,TAG_DEPARTED_B,0101c200
190627073139,TAG_ARRIVED_A,0101c200
190627073140,SOLO_FAIL,0101c200
190627073142,TAG_DEPARTED_A,0101c200
190627073145,LOCKOUT_ENDED,
190627073211,TAG_ARRIVED_B,0101c200
190627073212,SOLO_SUCCESS,0101c200
190627073213,TAG_DEPARTED_B,0101c200
190627073217,TAG_ARRIVED_B,0101c200
190627073218,SOLO_SUCCESS,0101c200
190627073220,TAG_DEPARTED_B,0101c200
190627073234,TAG_ARRIVED_B,0101c200
190627073235,SOLO_SUCCESS,0101c200
190627073303,TAG_ARRIVED_A,0101c200
190627073304,SOLO_SUCCESS,0101c200
190627073304,TAG_DEPARTED_B,0101c200
190627073305,TAG_ARRIVED_B,01653700
190627073307,STARTCOOP_SUCCESS,0101c200_01653700
190627073307,TAG_DEPARTED_A,0101c200
190627073308,ENDCOOP_SUCCESS,01653700_
190627073308,TAG_DEPARTED_B,01653700
190627073314,TAG_ARRIVED_B,01021800
190627073314,SOLO_SUCCESS,01021800
190627073318,TAG_DEPARTED_B,01021800
190627073319,TAG_ARRIVED_B,01021800
190627073320,SOLO_SUCCESS,01021800
190627073325,TAG_DEPARTED_B,01021800
190627073328,TAG_ARRIVED_A,0101c200
190627073329,SOLO_SUCCESS,0101c200
190627073329,TAG_ARRIVED_B,01021800
190627073329,STARTCOOP_FAIL,0101c200_01021800
190627073330,TAG_DEPARTED_A,0101c200
190627073426,TAG_ARRIVED_A,0101c200
190627073427,STARTCOOP_FAIL,01021800_0101c200
190627073427,ENDCOOP_FAIL,01021800_0101c200
190627073427,TAG_DEPARTED_B,01021800
190627073428,TAG_DEPARTED_A,0101c200
190627073627,LOCKOUT_ENDED,
190627073632,TAG_ARRIVED_A,0101c200
190627073633,SOLO_SUCCESS,0101c200
190627073634,TAG_ARRIVED_B,01653700
190627073635,STARTCOOP_SUCCESS,0101c200_01653700
190627073635,TAG_DEPARTED_A,0101c200
190627073636,ENDCOOP_SUCCESS,01653700_
190627073636,TAG_DEPARTED_B,01653700
190627073636,TAG_ARRIVED_B,01653700
190627073637,SOLO_SUCCESS,01653700
190627073638,TAG_DEPARTED_B,01653700
190627073639,TAG_ARRIVED_B,01653700
190627073640,SOLO_SUCCESS,01653700
190627073641,TAG_DEPARTED_B,01653700
190627073651,TAG_ARRIVED_B,01653700
190627073652,SOLO_SUCCESS,01653700
190627073653,TAG_DEPARTED_B,01653700
190627073823,TAG_ARRIVED_B,0101c200
190627073824,SOLO_SUCCESS,0101c200
190627073838,TAG_DEPARTED_B,0101c200
190627073850,TAG_ARRIVED_B,0101c200
190627073851,SOLO_SUCCESS,0101c200
190627073852,TAG_DEPARTED_B,0101c200
190627073852,TAG_ARRIVED_A,0140c700
190627073853,SOLO_SUCCESS,0140c700
190627073854,TAG_DEPARTED_A,0140c700
190627074024,TAG_ARRIVED_A,0101c200
190627074025,SOLO_SUCCESS,0101c200
190627074026,TAG_DEPARTED_A,0101c200
190627074027,TAG_ARRIVED_A,0101c200
190627074028,SOLO_SUCCESS,0101c200
190627074029,TAG_DEPARTED_A,0101c200
190627074040,TAG_ARRIVED_A,01050400
190627074040,SOLO_SUCCESS,01050400
190627074045,TAG_DEPARTED_A,01050400
190627074046,TAG_ARRIVED_A,01050400
190627074046,SOLO_SUCCESS,01050400
190627074049,TAG_DEPARTED_A,01050400
190627074051,TAG_ARRIVED_A,01050400
190627074051,SOLO_SUCCESS,01050400
190627074053,TAG_DEPARTED_A,01050400
190627074056,TAG_ARRIVED_A,0101c200
190627074057,SOLO_SUCCESS,0101c200
190627074100,TAG_DEPARTED_A,0101c200
190627074101,TAG_ARRIVED_A,0101c200
190627074102,SOLO_SUCCESS,0101c200
190627074103,TAG_DEPARTED_A,0101c200
190627074110,TAG_ARRIVED_A,01c2e300
190627074111,SOLO_SUCCESS,01c2e300
190627074116,TAG_DEPARTED_A,01c2e300
190627074117,TAG_ARRIVED_A,01c2e300
190627074118,SOLO_SUCCESS,01c2e300
190627074132,TAG_DEPARTED_A,01c2e300
190627074322,TAG_ARRIVED_A,0140c700
190627074322,SOLO_SUCCESS,0140c700
190627074324,TAG_DEPARTED_A,0140c700
190627074439,TAG_ARRIVED_A,0102ee00
190627074440,SOLO_SUCCESS,0102ee00
190627074442,TAG_DEPARTED_A,0102ee00
190627074458,TAG_ARRIVED_A,0102ee00
190627074459,SOLO_SUCCESS,0102ee00
190627074501,TAG_DEPARTED_A,0102ee00
190627074505,TAG_ARRIVED_A,0102ee00
190627074506,SOLO_SUCCESS,0102ee00
190627074507,TAG_DEPARTED_A,0102ee00
190627074649,TAG_ARRIVED_A,0140c700
190627074649,SOLO_SUCCESS,0140c700
190627074651,TAG_DEPARTED_A,0140c700
190627074844,TAG_ARRIVED_A,0140c700
190627074844,SOLO_SUCCESS,0140c700
190627074846,TAG_DEPARTED_A,0140c700
190627074905,TAG_ARRIVED_A,0140c700
190627074906,SOLO_SUCCESS,0140c700
190627074910,TAG_DEPARTED_A,0140c700
190627075005,TAG_ARRIVED_A,01043c00
190627075006,SOLO_SUCCESS,01043c00
190627075020,TAG_DEPARTED_A,01043c00
190627075021,TAG_ARRIVED_A,01043c00
190627075022,SOLO_SUCCESS,01043c00
190627075022,TAG_DEPARTED_A,01043c00
190627075023,TAG_ARRIVED_A,01043c00
190627075024,SOLO_SUCCESS,01043c00
190627075038,TAG_DEPARTED_A,01043c00
190627075040,TAG_ARRIVED_A,0103f300
190627075040,SOLO_SUCCESS,0103f300
190627075042,TAG_DEPARTED_A,0103f300
190627075048,TAG_ARRIVED_A,01b49c00
190627075049,SOLO_SUCCESS,01b49c00
190627075052,TAG_DEPARTED_A,01b49c00
190627075054,TAG_ARRIVED_A,0101c200
190627075055,SOLO_SUCCESS,0101c200
190627075057,TAG_DEPARTED_A,0101c200
190627075059,TAG_ARRIVED_A,0101c200
190627075059,SOLO_SUCCESS,0101c200
190627075101,TAG_ARRIVED_A,01050400
190627075101,SOLO_SUCCESS,01050400
190627075240,TAG_ARRIVED_A,0101c200
190627075241,SOLO_SUCCESS,0101c200
190627075243,TAG_DEPARTED_A,0101c200
190627075248,TAG_ARRIVED_A,0101c200
190627075249,SOLO_SUCCESS,0101c200
190627075250,TAG_DEPARTED_A,0101c200
190627075256,TAG_ARRIVED_A,0101c200
190627075257,SOLO_SUCCESS,0101c200
190627075302,TAG_ARRIVED_A,01050400
190627075303,SOLO_SUCCESS,01050400
190627075316,TAG_ARRIVED_A,0101c200
190627075317,SOLO_SUCCESS,0101c200
190627075318,TAG_DEPARTED_A,0101c200
190627075337,TAG_ARRIVED_A,0101c200
190627075338,SOLO_SUCCESS,0101c200
190627075341,TAG_DEPARTED_A,0101c200
190627075345,TAG_ARRIVED_A,0101c200
190627075346,SOLO_SUCCESS,0101c200
190627075349,TAG_DEPARTED_A,0101c200
190627075354,TAG_ARRIVED_A,0101c200
190627075355,SOLO_SUCCESS,0101c200
190627075359,TAG_DEPARTED_A,0101c200
190627075402,TAG_ARRIVED_A,0101c200
190627075403,SOLO_SUCCESS,0101c200
190627075407,TAG_DEPARTED_A,0101c200
190627075526,TAG_ARRIVED_A,0140c700
190627075527,SOLO_SUCCESS,0140c700
190627075531,TAG_DEPARTED_A,0140c700
190627075532,TAG_ARRIVED_A,0101c200
190627075533,SOLO_SUCCESS,0101c200
190627075534,TAG_DEPARTED_A,0101c200
190627075555,TAG_ARRIVED_A,0101c200
190627075556,SOLO_SUCCESS,0101c200
190627075601,TAG_DEPARTED_A,0101c200
190627075603,TAG_ARRIVED_A,0101c200
190627075604,SOLO_SUCCESS,0101c200
190627075606,TAG_DEPARTED_A,0101c200
190627075622,TAG_ARRIVED_A,0101c200
190627075623,SOLO_SUCCESS,0101c200
190627075635,TAG_DEPARTED_A,0101c200
190627075644,TAG_ARRIVED_A,0101c200
190627075645,SOLO_SUCCESS,0101c200
190627075701,TAG_DEPARTED_A,0101c200
190627075705,TAG_ARRIVED_A,0101c200
190627075706,SOLO_SUCCESS,0101c200
190627075714,TAG_DEPARTED_A,0101c200
190627075903,TAG_ARRIVED_A,0102ee00
190627075904,SOLO_SUCCESS,0102ee00
190627075905,TAG_DEPARTED_A,0102ee00
190627075943,TAG_ARRIVED_A,0102ee00
190627075944,SOLO_SUCCESS,0102ee00
190627075959,TAG_DEPARTED_A,0102ee00
190627080000,TAG_ARRIVED_A,0102ee00
190627080001,SOLO_SUCCESS,0102ee00
190627080005,TAG_DEPARTED_A,0102ee00
190627080117,TAG_ARRIVED_B,0102ee00
190627080118,SOLO_SUCCESS,0102ee00
190627080128,TAG_DEPARTED_B,0102ee00
190627080228,TAG_ARRIVED_B,0102ee00
190627080229,SOLO_SUCCESS,0102ee00
190627080230,TAG_DEPARTED_B,0102ee00
190627080259,TAG_ARRIVED_B,0102ee00
190627080300,SOLO_SUCCESS,0102ee00
190627080310,TAG_DEPARTED_B,0102ee00
190627080311,TAG_ARRIVED_A,0102ee00
190627080312,SOLO_SUCCESS,0102ee00
190627080317,TAG_DEPARTED_A,0102ee00
190627080318,TAG_ARRIVED_A,0102ee00
190627080319,SOLO_SUCCESS,0102ee00
190627080326,TAG_DEPARTED_A,0102ee00
190627080349,TAG_ARRIVED_B,0102ee00
190627080350,SOLO_SUCCESS,0102ee00
190627080354,TAG_DEPARTED_B,0102ee00
190627080355,TAG_ARRIVED_A,0102ee00
190627080356,SOLO_SUCCESS,0102ee00
190627080357,TAG_DEPARTED_A,0102ee00
190627080405,TAG_ARRIVED_B,01c4ca00
190627080406,SOLO_SUCCESS,01c4ca00
190627080407,TAG_DEPARTED_B,01c4ca00
190627080443,TAG_ARRIVED_B,01c4ca00
190627080444,SOLO_SUCCESS,01c4ca00
190627080449,TAG_DEPARTED_B,01c4ca00
190627080456,TAG_ARRIVED_B,01c4ca00
190627080457,SOLO_SUCCESS,01c4ca00
190627080500,TAG_DEPARTED_B,01c4ca00
190627080515,TAG_ARRIVED_B,01c4ca00
190627080515,SOLO_SUCCESS,01c4ca00
190627080519,TAG_DEPARTED_B,01c4ca00
190627080556,TAG_ARRIVED_B,0101c200
190627080557,SOLO_SUCCESS,0101c200
190627080559,TAG_DEPARTED_B,0101c200
190627080606,TAG_ARRIVED_B,0101c200
190627080607,SOLO_SUCCESS,0101c200
190627080608,TAG_DEPARTED_B,0101c200
190627080633,TAG_ARRIVED_B,01753200
190627080634,SOLO_SUCCESS,01753200
190627080640,TAG_DEPARTED_B,01753200
190627080758,TAG_ARRIVED_B,0140c700
190627080759,SOLO_SUCCESS,0140c700
190627080802,TAG_DEPARTED_B,0140c700
190627080805,TAG_ARRIVED_B,0140c700
190627080806,SOLO_SUCCESS,0140c700
190627080812,TAG_DEPARTED_B,0140c700
190627080828,TAG_ARRIVED_B,0140c700
190627080828,SOLO_SUCCESS,0140c700
190627080834,TAG_DEPARTED_B,0140c700
190627081010,TAG_ARRIVED_A,01753200
190627081010,SOLO_SUCCESS,01753200
190627081015,TAG_DEPARTED_A,01753200
190627081024,TAG_ARRIVED_A,01c2e300
190627081025,SOLO_SUCCESS,01c2e300
190627081031,TAG_DEPARTED_A,01c2e300
190627081045,TAG_ARRIVED_B,0102ae00
190627081045,SOLO_SUCCESS,0102ae00
190627081047,TAG_DEPARTED_B,0102ae00
190627081054,TAG_ARRIVED_A,01c2e300
190627081055,SOLO_SUCCESS,01c2e300
190627081100,TAG_DEPARTED_A,01c2e300
190627081423,TAG_ARRIVED_B,0103f300
190627081423,SOLO_SUCCESS,0103f300
190627081426,TAG_DEPARTED_B,0103f300
190627081429,TAG_ARRIVED_B,0103f300
190627081429,SOLO_SUCCESS,0103f300
190627081432,TAG_DEPARTED_B,0103f300
190627081445,TAG_ARRIVED_B,01021800
190627081445,SOLO_SUCCESS,01021800
190627081447,TAG_DEPARTED_B,01021800
190627081459,TAG_ARRIVED_B,01021800
190627081459,SOLO_SUCCESS,01021800
190627081501,TAG_DEPARTED_B,01021800
190627082057,TAG_ARRIVED_A,01c2e300
190627082058,SOLO_SUCCESS,01c2e300
190627082100,TAG_DEPARTED_A,01c2e300
190627083007,TAG_ARRIVED_B,0102ee00
190627083008,SOLO_SUCCESS,0102ee00
190627083011,TAG_DEPARTED_B,0102ee00
190627083017,TAG_ARRIVED_B,0102ee00
190627083018,SOLO_SUCCESS,0102ee00
190627083030,TAG_DEPARTED_B,0102ee00
190627093020,TAG_ARRIVED_A,01fe7600
190627093021,SOLO_SUCCESS,01fe7600
190627093040,TAG_DEPARTED_A,01fe7600
190627093040,TAG_ARRIVED_A,01fe7600
190627093041,SOLO_SUCCESS,01fe7600
190627093042,TAG_DEPARTED_A,01fe7600
190627093110,TAG_ARRIVED_A,01fe7600
190627093110,SOLO_SUCCESS,01fe7600
190627093115,TAG_DEPARTED_A,01fe7600
190627093135,TAG_ARRIVED_B,01125300
190627093136,SOLO_SUCCESS,01125300
190627093157,TAG_DEPARTED_B,01125300
