190528060213,START_EXPERIMENT,
190528061509,TAG_ARRIVED_B,01c4ca00
190528061510,TAG_MISSING_B,01c4ca00
190528061510,SOLO_SUCCESS,01c4ca00
190528061518,TAG_DEPARTED_B,01c4ca00
190528061519,TAG_ARRIVED_B,01c4ca00
190528061520,TAG_MISSING_B,01c4ca00
190528061520,SOLO_SUCCESS,01c4ca00
190528061530,TAG_DEPARTED_B,01c4ca00
190528061532,TAG_ARRIVED_B,01c4ca00
190528061533,TAG_MISSING_B,01c4ca00
190528061534,SOLO_SUCCESS,01c4ca00
190528061538,TAG_DEPARTED_B,01c4ca00
190528061540,TAG_ARRIVED_B,01c4ca00
190528061542,TAG_MISSING_B,01c4ca00
190528061542,SOLO_SUCCESS,01c4ca00
190528061546,TAG_DEPARTED_B,01c4ca00
190528061548,TAG_ARRIVED_B,01c4ca00
190528061549,TAG_MISSING_B,01c4ca00
190528061550,SOLO_SUCCESS,01c4ca00
190528061605,TAG_DEPARTED_B,01c4ca00
190528061607,TAG_ARRIVED_B,01c4ca00
190528061608,TAG_MISSING_B,01c4ca00
190528061608,SOLO_SUCCESS,01c4ca00
190528061610,TAG_DEPARTED_B,01c4ca00
190528061611,TAG_ARRIVED_B,01c4ca00
190528061612,TAG_MISSING_B,01c4ca00
190528061612,SOLO_SUCCESS,01c4ca00
190528061621,TAG_DEPARTED_B,01c4ca00
190528061707,TAG_ARRIVED_B,01c4ca00
190528061708,TAG_MISSING_B,01c4ca00
190528061708,SOLO_SUCCESS,01c4ca00
190528061726,TAG_DEPARTED_B,01c4ca00
190528061736,TAG_ARRIVED_B,01c4ca00
190528061738,TAG_MISSING_B,01c4ca00
190528061738,SOLO_SUCCESS,01c4ca00
190528061738,TAG_DEPARTED_B,01c4ca00
190528061739,TAG_ARRIVED_B,01c4ca00
190528061740,TAG_MISSING_B,01c4ca00
190528061740,SOLO_SUCCESS,01c4ca00
190528061752,TAG_DEPARTED_B,01c4ca00
190528061800,TAG_ARRIVED_B,01c4ca00
190528061801,TAG_MISSING_B,01c4ca00
190528061801,SOLO_SUCCESS,01c4ca00
190528061802,TAG_DEPARTED_B,01c4ca00
190528061803,TAG_ARRIVED_B,01c4ca00
190528061804,TAG_MISSING_B,01c4ca00
190528061804,SOLO_SUCCESS,01c4ca00
190528061832,TAG_DEPARTED_B,01c4ca00
190528061832,TAG_ARRIVED_B,01c4ca00
190528061833,TAG_MISSING_B,01c4ca00
190528061834,SOLO_SUCCESS,01c4ca00
190528061838,TAG_DEPARTED_B,01c4ca00
190528061838,TAG_ARRIVED_B,01c4ca00
190528061839,TAG_MISSING_B,01c4ca00
190528061840,SOLO_SUCCESS,01c4ca00
190528061901,TAG_DEPARTED_B,01c4ca00
190528061912,TAG_ARRIVED_B,01c4ca00
190528061913,TAG_MISSING_B,01c4ca00
190528061914,SOLO_SUCCESS,01c4ca00
190528061924,TAG_DEPARTED_B,01c4ca00
190528061926,TAG_ARRIVED_B,01c4ca00
190528061927,TAG_MISSING_B,01c4ca00
190528061927,SOLO_SUCCESS,01c4ca00
190528061937,TAG_DEPARTED_B,01c4ca00
190528061949,TAG_ARRIVED_B,01c4ca00
190528061950,TAG_MISSING_B,01c4ca00
190528061951,SOLO_SUCCESS,01c4ca00
190528061951,TAG_DEPARTED_B,01c4ca00
190528062003,TAG_ARRIVED_B,01c4ca00
190528062004,TAG_MISSING_B,01c4ca00
190528062004,SOLO_SUCCESS,01c4ca00
190528062025,TAG_DEPARTED_B,01c4ca00
190528062151,TAG_ARRIVED_B,01021800
190528062151,SOLO_SUCCESS,01021800
190528062204,TAG_DEPARTED_B,01021800
190528062215,TAG_ARRIVED_B,01c4ca00
190528062216,TAG_MISSING_B,01c4ca00
190528062216,SOLO_SUCCESS,01c4ca00
190528062224,TAG_DEPARTED_B,01c4ca00
190528062351,TAG_ARRIVED_B,01c4ca00
190528062353,TAG_MISSING_B,01c4ca00
190528062353,SOLO_SUCCESS,01c4ca00
190528062416,TAG_DEPARTED_B,01c4ca00
190528062416,TAG_ARRIVED_A,01c4ca00
190528062418,TAG_MISSING_A,01c4ca00
190528062418,SOLO_SUCCESS,01c4ca00
190528062420,TAG_DEPARTED_A,01c4ca00
190528062439,TAG_ARRIVED_A,01c4ca00
190528062440,TAG_MISSING_A,01c4ca00
190528062441,SOLO_SUCCESS,01c4ca00
190528062456,TAG_DEPARTED_A,01c4ca00
190528062458,TAG_ARRIVED_A,01c4ca00
190528062459,TAG_MISSING_A,01c4ca00
190528062459,SOLO_SUCCESS,01c4ca00
190528062515,TAG_DEPARTED_A,01c4ca00
190528062520,TAG_ARRIVED_A,01c4ca00
190528062521,TAG_MISSING_A,01c4ca00
190528062521,SOLO_SUCCESS,01c4ca00
190528062551,TAG_DEPARTED_A,01c4ca00
190528062553,TAG_ARRIVED_A,01c4ca00
190528062554,TAG_MISSING_A,01c4ca00
190528062554,SOLO_SUCCESS,01c4ca00
190528062555,TAG_DEPARTED_A,01c4ca00
190528062556,TAG_ARRIVED_A,01c4ca00
190528062558,TAG_MISSING_A,01c4ca00
190528062558,SOLO_SUCCESS,01c4ca00
190528062559,TAG_DEPARTED_A,01c4ca00
190528062600,TAG_ARRIVED_A,01c4ca00
190528062601,TAG_MISSING_A,01c4ca00
190528062601,SOLO_SUCCESS,01c4ca00
190528062602,TAG_DEPARTED_A,01c4ca00
190528062808,TAG_ARRIVED_B,01c4ca00
190528062809,TAG_MISSING_B,01c4ca00
190528062810,SOLO_SUCCESS,01c4ca00
190528062817,TAG_DEPARTED_B,01c4ca00
190528062818,TAG_ARRIVED_B,01c4ca00
190528062819,TAG_MISSING_B,01c4ca00
190528062820,SOLO_SUCCESS,01c4ca00
190528062846,TAG_DEPARTED_B,01c4ca00
190528063546,TAG_ARRIVED_A,01fe7600
190528063546,SOLO_SUCCESS,01fe7600
190528063554,TAG_DEPARTED_A,01fe7600
190528070824,TAG_ARRIVED_B,01021800
190528070824,SOLO_SUCCESS,01021800
190528070831,TAG_ARRIVED_A,01653700
190528070832,STARTCOOP_FAIL,01021800_01653700
190528070833,TAG_DEPARTED_A,01653700
190528070834,ENDCOOP_FAIL,01021800_
190528070834,TAG_DEPARTED_B,01021800
190528071031,LOCKOUT_ENDED,
190528071234,TAG_ARRIVED_B,01c4ca00
190528071235,TAG_MISSING_B,01c4ca00
190528071236,SOLO_SUCCESS,01c4ca00
190528071305,TAG_DEPARTED_B,01c4ca00
190528071753,TAG_ARRIVED_A,01fe7600
190528071753,SOLO_SUCCESS,01fe7600
190528071755,TAG_DEPARTED_A,01fe7600
190528071756,TAG_ARRIVED_A,01fe7600
190528071756,SOLO_SUCCESS,01fe7600
190528071759,TAG_DEPARTED_A,01fe7600
190528071827,TAG_ARRIVED_B,01c4ca00
190528071828,TAG_MISSING_B,01c4ca00
190528071828,SOLO_SUCCESS,01c4ca00
190528071834,TAG_DEPARTED_B,01c4ca00
190528071844,TAG_ARRIVED_A,01050400
190528071844,SOLO_SUCCESS,01050400
190528071855,TAG_ARRIVED_B,01c4ca00
190528071856,TAG_MISSING_B,01c4ca00
190528071856,STARTCOOP_FAIL,01050400_01c4ca00
190528071857,ENDCOOP_FAIL,01c4ca00_01050400
190528071857,TAG_DEPARTED_B,01c4ca00
190528071857,TAG_ARRIVED_B,01c4ca00
190528071859,TAG_MISSING_B,01c4ca00
190528071859,STARTCOOP_FAIL,01050400_01c4ca00
190528071859,TAG_DEPARTED_A,01050400
190528071914,ENDCOOP_FAIL,01c4ca00_
190528071915,TAG_DEPARTED_B,01c4ca00
190528071915,TAG_ARRIVED_B,01c4ca00
190528071916,TAG_MISSING_B,01c4ca00
190528071916,SOLO_FAIL,01c4ca00
190528071917,TAG_ARRIVED_A,01fe7600
190528071917,STARTCOOP_FAIL,01c4ca00_01fe7600
190528071918,ENDCOOP_FAIL,01c4ca00_01fe7600
190528071918,TAG_DEPARTED_B,01c4ca00
190528071918,TAG_ARRIVED_A,01c4ca00
190528071919,TAG_MISSING_A,01c4ca00
190528071920,SOLO_FAIL,01c4ca00
190528071924,TAG_DEPARTED_A,01c4ca00
190528071930,TAG_ARRIVED_A,01fe7600
190528071930,SOLO_FAIL,01fe7600
190528071934,TAG_DEPARTED_A,01fe7600
190528071949,TAG_ARRIVED_A,01c4ca00
190528071951,TAG_MISSING_A,01c4ca00
190528071951,SOLO_FAIL,01c4ca00
190528072012,TAG_DEPARTED_A,01c4ca00
190528072117,LOCKOUT_ENDED,
190528072206,TAG_ARRIVED_B,07991800
190528072207,TAG_MISSING_B,07991800
190528072207,SOLO_SUCCESS,07991800
190528072210,TAG_DEPARTED_B,07991800
190528072211,TAG_ARRIVED_B,07991800
190528072212,TAG_MISSING_B,07991800
190528072212,SOLO_SUCCESS,07991800
190528072223,TAG_DEPARTED_B,07991800
190528072223,TAG_ARRIVED_B,07991800
190528072225,TAG_MISSING_B,07991800
190528072225,SOLO_SUCCESS,07991800
190528072242,TAG_DEPARTED_B,07991800
190528072602,TAG_ARRIVED_B,07991800
190528072603,TAG_MISSING_B,07991800
190528072603,SOLO_SUCCESS,07991800
190528072622,TAG_DEPARTED_B,07991800
190528072818,TAG_ARRIVED_B,01c4ca00
190528072819,TAG_MISSING_B,01c4ca00
190528072820,SOLO_SUCCESS,01c4ca00
190528072830,TAG_DEPARTED_B,01c4ca00
190528072939,TAG_ARRIVED_B,01c4ca00
190528072940,TAG_MISSING_B,01c4ca00
190528072940,SOLO_SUCCESS,01c4ca00
190528072941,TAG_DEPARTED_B,01c4ca00
190528072942,TAG_ARRIVED_B,01c4ca00
190528072943,TAG_MISSING_B,01c4ca00
190528072943,SOLO_SUCCESS,01c4ca00
190528072945,TAG_DEPARTED_B,01c4ca00
190528072949,TAG_ARRIVED_B,01c4ca00
190528072950,TAG_MISSING_B,01c4ca00
190528072950,SOLO_SUCCESS,01c4ca00
190528073004,TAG_DEPARTED_B,01c4ca00
190528073212,TAG_ARRIVED_B,01c4ca00
190528073213,TAG_MISSING_B,01c4ca00
190528073213,SOLO_SUCCESS,01c4ca00
190528073223,TAG_DEPARTED_B,01c4ca00
190528073224,TAG_ARRIVED_B,01c4ca00
190528073225,TAG_MISSING_B,01c4ca00
190528073225,SOLO_SUCCESS,01c4ca00
190528073229,TAG_DEPARTED_B,01c4ca00
190528073239,TAG_ARRIVED_B,01c4ca00
190528073241,TAG_MISSING_B,01c4ca00
190528073241,SOLO_SUCCESS,01c4ca00
190528073249,TAG_DEPARTED_B,01c4ca00
190528073249,TAG_ARRIVED_B,01c4ca00
190528073251,TAG_MISSING_B,01c4ca00
190528073251,SOLO_SUCCESS,01c4ca00
190528073300,TAG_DEPARTED_B,01c4ca00
190528073306,TAG_ARRIVED_B,01c4ca00
190528073308,TAG_MISSING_B,01c4ca00
190528073308,SOLO_SUCCESS,01c4ca00
190528073308,TAG_DEPARTED_B,01c4ca00
190528073313,TAG_ARRIVED_B,01c4ca00
190528073314,TAG_MISSING_B,01c4ca00
190528073314,SOLO_SUCCESS,01c4ca00
190528073333,TAG_DEPARTED_B,01c4ca00
190528073338,TAG_ARRIVED_B,01c4ca00
190528073339,TAG_MISSING_B,01c4ca00
190528073340,SOLO_SUCCESS,01c4ca00
190528073340,TAG_DEPARTED_B,01c4ca00
190528073344,TAG_ARRIVED_B,01c4ca00
190528073345,TAG_MISSING_B,01c4ca00
190528073345,SOLO_SUCCESS,01c4ca00
190528073346,TAG_DEPARTED_B,01c4ca00
190528073402,TAG_ARRIVED_B,01c4ca00
190528073403,TAG_MISSING_B,01c4ca00
190528073403,SOLO_SUCCESS,01c4ca00
190528073438,TAG_DEPARTED_B,01c4ca00
190528073454,TAG_ARRIVED_B,01c4ca00
190528073455,TAG_MISSING_B,01c4ca00
190528073456,SOLO_SUCCESS,01c4ca00
190528073502,TAG_DEPARTED_B,01c4ca00
190528073505,TAG_ARRIVED_B,01c4ca00
190528073506,TAG_MISSING_B,01c4ca00
190528073506,SOLO_SUCCESS,01c4ca00
190528073523,TAG_DEPARTED_B,01c4ca00
190528073525,TAG_ARRIVED_B,01bbe500
190528073525,SOLO_SUCCESS,01bbe500
190528073527,TAG_DEPARTED_B,01bbe500
190528073613,TAG_ARRIVED_B,01bbe500
190528073613,SOLO_SUCCESS,01bbe500
190528073617,TAG_DEPARTED_B,01bbe500
190528073638,TAG_ARRIVED_B,01753200
190528073639,SOLO_SUCCESS,01753200
190528073652,TAG_DEPARTED_B,01753200
190528073702,TAG_ARRIVED_B,01050400
190528073702,SOLO_SUCCESS,01050400
190528073705,TAG_DEPARTED_B,01050400
190528073812,TAG_ARRIVED_B,01050400
190528073812,SOLO_SUCCESS,01050400
190528073818,TAG_DEPARTED_B,01050400
190528073822,TAG_ARRIVED_B,01753200
190528073823,SOLO_SUCCESS,01753200
190528073824,TAG_DEPARTED_B,01753200
190528073826,TAG_ARRIVED_B,01753200
190528073827,SOLO_SUCCESS,01753200
190528073836,TAG_DEPARTED_B,01753200
190528073902,TAG_ARRIVED_B,01753200
190528073903,SOLO_SUCCESS,01753200
190528073926,TAG_DEPARTED_B,01753200
190528073926,TAG_ARRIVED_B,01050400
190528073927,SOLO_SUCCESS,01050400
190528073944,TAG_DEPARTED_B,01050400
190528073950,TAG_ARRIVED_B,01753200
190528073951,SOLO_SUCCESS,01753200
190528074001,TAG_DEPARTED_B,01753200
190528074004,TAG_ARRIVED_B,01753200
190528074005,SOLO_SUCCESS,01753200
190528074015,TAG_DEPARTED_B,01753200
190528074017,TAG_ARRIVED_B,01753200
190528074018,SOLO_SUCCESS,01753200
190528074027,TAG_DEPARTED_B,01753200
190528074032,TAG_ARRIVED_B,01021800
190528074033,SOLO_SUCCESS,01021800
190528074058,TAG_DEPARTED_B,01021800
190528074104,TAG_ARRIVED_B,01753200
190528074105,SOLO_SUCCESS,01753200
190528074116,TAG_ARRIVED_B,01050400
190528074116,SOLO_SUCCESS,01050400
190528074120,TAG_DEPARTED_B,01050400
190528074134,TAG_ARRIVED_B,01050400
190528074134,SOLO_SUCCESS,01050400
190528074136,TAG_DEPARTED_B,01050400
190528074209,TAG_ARRIVED_A,01753200
190528074210,SOLO_SUCCESS,01753200
190528074254,TAG_DEPARTED_A,01753200
190528074304,TAG_ARRIVED_A,01753200
190528074305,SOLO_SUCCESS,01753200
190528074328,TAG_DEPARTED_A,01753200
190528074346,TAG_ARRIVED_A,01753200
190528074347,SOLO_SUCCESS,01753200
190528074349,TAG_DEPARTED_A,01753200
190528074400,TAG_ARRIVED_A,01753200
190528074401,SOLO_SUCCESS,01753200
190528074402,TAG_DEPARTED_A,01753200
190528074413,TAG_ARRIVED_A,07991800
190528074414,TAG_MISSING_A,07991800
190528074414,SOLO_SUCCESS,07991800
190528074416,TAG_DEPARTED_A,07991800
190528074417,TAG_ARRIVED_B,07991800
190528074418,TAG_MISSING_B,07991800
190528074419,SOLO_SUCCESS,07991800
190528074504,TAG_DEPARTED_B,07991800
190528074505,TAG_ARRIVED_B,07991800
190528074506,TAG_MISSING_B,07991800
190528074506,SOLO_SUCCESS,07991800
190528074548,TAG_DEPARTED_B,07991800
190528074615,TAG_ARRIVED_A,018b0800
190528074615,SOLO_SUCCESS,018b0800
190528074617,TAG_DEPARTED_A,018b0800
190528074618,TAG_ARRIVED_A,01c98500
190528074619,SOLO_SUCCESS,01c98500
190528074646,TAG_ARRIVED_B,018b0800
190528074647,STARTCOOP_FAIL,01c98500_018b0800
190528074648,ENDCOOP_FAIL,018b0800_01c98500
190528074648,TAG_DEPARTED_B,018b0800
190528074651,TAG_DEPARTED_A,01c98500
190528074651,TAG_ARRIVED_B,018b0800
190528074652,SOLO_FAIL,018b0800
190528074656,ENDCOOP_FAIL,018b0800_
190528074657,TAG_DEPARTED_B,018b0800
190528074700,TAG_ARRIVED_A,01c98500
190528074701,SOLO_FAIL,01c98500
190528074702,TAG_DEPARTED_A,01c98500
190528074708,TAG_ARRIVED_A,01c98500
190528074709,SOLO_FAIL,01c98500
190528074715,TAG_DEPARTED_A,01c98500
190528074718,TAG_ARRIVED_A,01c98500
190528074719,SOLO_FAIL,01c98500
190528074720,TAG_DEPARTED_A,01c98500
190528074847,LOCKOUT_ENDED,
190528080117,TAG_ARRIVED_A,07991800
190528080118,TAG_MISSING_A,07991800
190528080118,SOLO_SUCCESS,07991800
190528080121,TAG_DEPARTED_A,07991800
190528080124,TAG_ARRIVED_A,07991800
190528080126,TAG_MISSING_A,07991800
190528080126,SOLO_SUCCESS,07991800
190528080127,TAG_DEPARTED_A,07991800
190528080200,TAG_ARRIVED_A,07991800
190528080201,TAG_MISSING_A,07991800
190528080201,SOLO_SUCCESS,07991800
190528080206,TAG_DEPARTED_A,07991800
190528080210,TAG_ARRIVED_A,07991800
190528080211,TAG_MISSING_A,07991800
190528080211,SOLO_SUCCESS,07991800
190528080225,TAG_DEPARTED_A,07991800
190528080226,TAG_ARRIVED_A,07991800
190528080228,TAG_MISSING_A,07991800
190528080228,SOLO_SUCCESS,07991800
190528080231,TAG_DEPARTED_A,07991800
190528080628,TAG_ARRIVED_A,01653700
190528080629,SOLO_SUCCESS,01653700
190528080650,TAG_DEPARTED_A,01653700
190528080658,TAG_ARRIVED_A,01653700
190528080659,SOLO_SUCCESS,01653700
190528080700,TAG_DEPARTED_A,01653700
190528080727,TAG_ARRIVED_A,01653700
190528080728,SOLO_SUCCESS,01653700
190528080729,TAG_DEPARTED_A,01653700
190528080730,TAG_ARRIVED_A,01653700
190528080731,SOLO_SUCCESS,01653700
190528080732,TAG_DEPARTED_A,01653700
190528080738,TAG_ARRIVED_A,01653700
190528080739,SOLO_SUCCESS,01653700
190528080800,TAG_DEPARTED_A,01653700
190528080801,TAG_ARRIVED_A,0102ae00
190528080802,TAG_MISSING_A,0102ae00
190528080802,SOLO_SUCCESS,0102ae00
190528080812,TAG_DEPARTED_A,0102ae00
190528080813,TAG_ARRIVED_A,0102ae00
190528080814,TAG_MISSING_A,0102ae00
190528080814,SOLO_SUCCESS,0102ae00
190528080819,TAG_DEPARTED_A,0102ae00
190528081031,TAG_ARRIVED_A,01050400
190528081031,SOLO_SUCCESS,01050400
190528081054,TAG_DEPARTED_A,01050400
190528081611,TAG_ARRIVED_B,01c4ca00
190528081612,TAG_MISSING_B,01c4ca00
190528081613,SOLO_SUCCESS,01c4ca00
190528081619,TAG_DEPARTED_B,01c4ca00
190528081620,TAG_ARRIVED_B,01c4ca00
190528081621,TAG_MISSING_B,01c4ca00
190528081621,SOLO_SUCCESS,01c4ca00
190528081623,TAG_DEPARTED_B,01c4ca00
190528081626,TAG_ARRIVED_B,01c4ca00
190528081628,TAG_MISSING_B,01c4ca00
190528081628,SOLO_SUCCESS,01c4ca00
190528081628,TAG_DEPARTED_B,01c4ca00
190528081630,TAG_ARRIVED_B,01c4ca00
190528081631,TAG_MISSING_B,01c4ca00
190528081632,SOLO_SUCCESS,01c4ca00
190528081636,TAG_DEPARTED_B,01c4ca00
190528081757,TAG_ARRIVED_B,01c4ca00
190528081758,TAG_MISSING_B,01c4ca00
190528081759,SOLO_SUCCESS,01c4ca00
190528081826,TAG_ARRIVED_A,01043c00
190528081827,STARTCOOP_FAIL,01c4ca00_01043c00
190528081828,TAG_DEPARTED_A,01043c00
190528081829,ENDCOOP_FAIL,01c4ca00_
190528081829,TAG_DEPARTED_B,01c4ca00
190528082022,TAG_ARRIVED_A,01753200
190528082023,SOLO_FAIL,01753200
190528082024,TAG_DEPARTED_A,01753200
190528082027,LOCKOUT_ENDED,
190528082055,TAG_ARRIVED_A,01c4ca00
190528082056,TAG_MISSING_A,01c4ca00
190528082056,SOLO_SUCCESS,01c4ca00
190528082105,TAG_DEPARTED_A,01c4ca00
190528082111,TAG_ARRIVED_A,01c4ca00
190528082112,TAG_MISSING_A,01c4ca00
190528082112,SOLO_SUCCESS,01c4ca00
190528082115,TAG_DEPARTED_A,01c4ca00
190528082117,TAG_ARRIVED_A,01c4ca00
190528082118,TAG_MISSING_A,01c4ca00
190528082119,SOLO_SUCCESS,01c4ca00
190528082120,TAG_DEPARTED_A,01c4ca00
190528082120,TAG_ARRIVED_A,01c4ca00
190528082121,TAG_MISSING_A,01c4ca00
190528082122,SOLO_SUCCESS,01c4ca00
190528082125,TAG_DEPARTED_A,01c4ca00
190528082146,TAG_ARRIVED_A,0102ae00
190528082147,TAG_MISSING_A,0102ae00
190528082147,SOLO_SUCCESS,0102ae00
190528082151,TAG_DEPARTED_A,0102ae00
190528082156,TAG_ARRIVED_A,0102ae00
190528082157,TAG_MISSING_A,0102ae00
190528082158,SOLO_SUCCESS,0102ae00
190528082211,TAG_DEPARTED_A,0102ae00
190528082313,TAG_ARRIVED_A,01753200
190528082314,SOLO_SUCCESS,01753200
190528082343,TAG_DEPARTED_A,01753200
190528082652,TAG_ARRIVED_A,01bbe500
190528082652,SOLO_SUCCESS,01bbe500
190528082654,TAG_DEPARTED_A,01bbe500
190528082704,TAG_ARRIVED_A,01bbe500
190528082704,SOLO_SUCCESS,01bbe500
190528082707,TAG_DEPARTED_A,01bbe500
190528082725,TAG_ARRIVED_A,01bbe500
190528082725,SOLO_SUCCESS,01bbe500
190528082727,TAG_DEPARTED_A,01bbe500
190528082757,TAG_ARRIVED_A,01bbe500
190528082758,SOLO_SUCCESS,01bbe500
190528082806,TAG_DEPARTED_A,01bbe500
190528084309,TAG_ARRIVED_A,01fe7600
190528084310,SOLO_SUCCESS,01fe7600
190528084313,TAG_DEPARTED_A,01fe7600
190528084853,TAG_ARRIVED_A,01c4ca00
190528084854,TAG_MISSING_A,01c4ca00
190528084854,SOLO_SUCCESS,01c4ca00
190528084903,TAG_DEPARTED_A,01c4ca00
190528084921,TAG_ARRIVED_A,01c4ca00
190528084923,TAG_MISSING_A,01c4ca00
190528084923,SOLO_SUCCESS,01c4ca00
190528084927,TAG_DEPARTED_A,01c4ca00
190528085734,TAG_ARRIVED_B,01050400
190528085734,SOLO_SUCCESS,01050400
190528085740,TAG_DEPARTED_B,01050400
190528085759,TAG_ARRIVED_A,018b0800
190528085800,SOLO_SUCCESS,018b0800
190528085801,TAG_DEPARTED_A,018b0800
190528085803,TAG_ARRIVED_A,018b0800
190528085803,SOLO_SUCCESS,018b0800
190528085807,TAG_DEPARTED_A,018b0800
190528085812,TAG_ARRIVED_A,018b0800
190528085812,SOLO_SUCCESS,018b0800
190528085818,TAG_DEPARTED_A,018b0800
190528085819,TAG_ARRIVED_A,018b0800
190528085820,SOLO_SUCCESS,018b0800
190528085821,TAG_DEPARTED_A,018b0800
190528085827,TAG_ARRIVED_A,018b0800
190528085828,SOLO_SUCCESS,018b0800
190528085830,TAG_DEPARTED_A,018b0800
190528085948,TAG_ARRIVED_A,018b0800
190528085949,SOLO_SUCCESS,018b0800
190528085952,TAG_DEPARTED_A,018b0800
190528090058,TAG_ARRIVED_B,018b0800
190528090059,SOLO_SUCCESS,018b0800
190528090104,TAG_DEPARTED_B,018b0800
190528090128,TAG_ARRIVED_B,018b0800
190528090128,SOLO_SUCCESS,018b0800
190528090132,TAG_DEPARTED_B,018b0800
190528090343,TAG_ARRIVED_A,01050400
190528090344,SOLO_SUCCESS,01050400
190528090345,TAG_DEPARTED_A,01050400
190528090824,TAG_ARRIVED_A,0102ae00
190528090825,TAG_MISSING_A,0102ae00
190528090826,SOLO_SUCCESS,0102ae00
190528090829,TAG_DEPARTED_A,0102ae00
190528091253,TAG_ARRIVED_A,01fe7600
190528091253,SOLO_SUCCESS,01fe7600
190528091259,TAG_DEPARTED_A,01fe7600
190528091503,TAG_ARRIVED_A,01fe7600
190528091503,SOLO_SUCCESS,01fe7600
190528091511,TAG_DEPARTED_A,01fe7600
190528091512,TAG_ARRIVED_A,01653700
190528091513,SOLO_SUCCESS,01653700
190528091517,TAG_DEPARTED_A,01653700
190528091523,TAG_ARRIVED_A,01653700
190528091524,SOLO_SUCCESS,01653700
190528091525,TAG_DEPARTED_A,01653700
190528091557,TAG_ARRIVED_A,01653700
190528091557,SOLO_SUCCESS,01653700
190528091559,TAG_DEPARTED_A,01653700
190528091608,TAG_ARRIVED_A,01653700
190528091608,SOLO_SUCCESS,01653700
190528091612,TAG_DEPARTED_A,01653700
190528091635,TAG_ARRIVED_A,01fe7600
190528091635,SOLO_SUCCESS,01fe7600
190528091644,TAG_ARRIVED_A,01506d00
190528091644,SOLO_SUCCESS,01506d00
190528091646,TAG_ARRIVED_A,01fe7600
190528091647,SOLO_SUCCESS,01fe7600
190528091650,TAG_DEPARTED_A,01fe7600
190528091651,TAG_ARRIVED_A,01fe7600
190528091652,SOLO_SUCCESS,01fe7600
190528091654,TAG_DEPARTED_A,01fe7600
190528091702,TAG_ARRIVED_A,01fe7600
190528091702,SOLO_SUCCESS,01fe7600
190528091705,TAG_DEPARTED_A,01fe7600
190528091747,TAG_ARRIVED_A,01c4ca00
190528091749,TAG_MISSING_A,01c4ca00
190528091749,SOLO_SUCCESS,01c4ca00
190528091752,TAG_DEPARTED_A,01c4ca00
190528091753,TAG_ARRIVED_A,01c4ca00
190528091754,TAG_MISSING_A,01c4ca00
190528091754,SOLO_SUCCESS,01c4ca00
190528091810,TAG_DEPARTED_A,01c4ca00
190528091810,TAG_ARRIVED_A,01c4ca00
190528091811,TAG_MISSING_A,01c4ca00
190528091812,SOLO_SUCCESS,01c4ca00
190528091820,TAG_DEPARTED_A,01c4ca00
190528091831,TAG_ARRIVED_A,01fe7600
190528091832,SOLO_SUCCESS,01fe7600
190528091857,TAG_DEPARTED_A,01fe7600
190528092454,TAG_ARRIVED_A,01bbe500
190528092455,SOLO_SUCCESS,01bbe500
190528092456,TAG_DEPARTED_A,01bbe500
190528092501,TAG_ARRIVED_A,01c98500
190528092502,SOLO_SUCCESS,01c98500
190528092503,TAG_DEPARTED_A,01c98500
190528092529,TAG_ARRIVED_B,01bbe500
190528092529,SOLO_SUCCESS,01bbe500
190528092531,TAG_DEPARTED_B,01bbe500
190528093441,TAG_ARRIVED_B,01043c00
190528093442,SOLO_SUCCESS,01043c00
190528093444,TAG_DEPARTED_B,01043c00
190528093600,TAG_ARRIVED_B,01050400
190528093600,SOLO_SUCCESS,01050400
190528093603,TAG_DEPARTED_B,01050400
190528093905,TAG_ARRIVED_B,01c4ca00
190528093906,TAG_MISSING_B,01c4ca00
190528093906,SOLO_SUCCESS,01c4ca00
190528093950,TAG_DEPARTED_B,01c4ca00
190528093950,TAG_ARRIVED_B,01c4ca00
190528093952,TAG_MISSING_B,01c4ca00
190528093952,SOLO_SUCCESS,01c4ca00
190528093957,TAG_DEPARTED_B,01c4ca00
190528093958,TAG_ARRIVED_B,01c4ca00
190528093959,TAG_MISSING_B,01c4ca00
190528093959,SOLO_SUCCESS,01c4ca00
190528093959,TAG_DEPARTED_B,01c4ca00
190528094609,TAG_ARRIVED_A,018b0800
190528094610,SOLO_SUCCESS,018b0800
190528094626,TAG_DEPARTED_A,018b0800
190528094713,TAG_ARRIVED_A,018b0800
190528094713,SOLO_SUCCESS,018b0800
190528094715,TAG_DEPARTED_A,018b0800
190528094718,TAG_ARRIVED_A,018b0800
190528094719,SOLO_SUCCESS,018b0800
190528094803,TAG_DEPARTED_A,018b0800
190528094809,TAG_ARRIVED_A,018b0800
190528094810,SOLO_SUCCESS,018b0800
190528094822,TAG_DEPARTED_A,018b0800
190528095027,TAG_ARRIVED_B,01bbe500
190528095027,SOLO_SUCCESS,01bbe500
190528095029,TAG_DEPARTED_B,01bbe500
190528095039,TAG_ARRIVED_A,01bbe500
190528095040,SOLO_SUCCESS,01bbe500
190528095041,TAG_DEPARTED_A,01bbe500
190528095238,TAG_ARRIVED_A,01bbe500
190528095239,SOLO_SUCCESS,01bbe500
190528095241,TAG_DEPARTED_A,01bbe500
190528095437,TAG_ARRIVED_B,01050400
190528095437,SOLO_SUCCESS,01050400
190528095505,TAG_DEPARTED_B,01050400
190528095544,TAG_ARRIVED_B,07991800
190528095545,TAG_MISSING_B,07991800
190528095545,SOLO_SUCCESS,07991800
190528095546,TAG_DEPARTED_B,07991800
190528095548,TAG_ARRIVED_B,07991800
190528095549,TAG_MISSING_B,07991800
190528095549,SOLO_SUCCESS,07991800
190528095551,TAG_DEPARTED_B,07991800
190528095551,TAG_ARRIVED_B,07991800
190528095552,TAG_MISSING_B,07991800
190528095552,SOLO_SUCCESS,07991800
190528095553,TAG_DEPARTED_B,07991800
190528095555,TAG_ARRIVED_B,07991800
190528095557,TAG_MISSING_B,07991800
190528095557,SOLO_SUCCESS,07991800
190528095620,TAG_DEPARTED_B,07991800
190528095735,TAG_ARRIVED_A,01506d00
190528095735,SOLO_SUCCESS,01506d00
190528095741,TAG_DEPARTED_A,01506d00
190528095825,TAG_ARRIVED_A,01506d00
190528095826,SOLO_SUCCESS,01506d00
190528095827,TAG_DEPARTED_A,01506d00
190528100401,TAG_ARRIVED_A,01753200
190528100402,SOLO_SUCCESS,01753200
190528100404,TAG_DEPARTED_A,01753200
190528100431,TAG_ARRIVED_A,01753200
190528100432,SOLO_SUCCESS,01753200
190528100439,TAG_DEPARTED_A,01753200
190528100450,TAG_ARRIVED_B,01021800
190528100450,SOLO_SUCCESS,01021800
190528100517,TAG_DEPARTED_B,01021800
190528101237,TAG_ARRIVED_A,01506d00
190528101237,SOLO_SUCCESS,01506d00
190528101242,TAG_DEPARTED_A,01506d00
190528101304,TAG_ARRIVED_A,01506d00
190528101305,SOLO_SUCCESS,01506d00
190528101310,TAG_DEPARTED_A,01506d00
190528102344,TAG_ARRIVED_B,0102ae00
190528102346,TAG_MISSING_B,0102ae00
190528102346,SOLO_SUCCESS,0102ae00
190528102346,TAG_DEPARTED_B,0102ae00
190528103249,TAG_ARRIVED_A,01fe7600
190528103249,SOLO_SUCCESS,01fe7600
190528103254,TAG_DEPARTED_A,01fe7600
190528103254,TAG_ARRIVED_A,01fe7600
190528103255,SOLO_SUCCESS,01fe7600
190528103256,TAG_DEPARTED_A,01fe7600
190528103257,TAG_ARRIVED_A,01fe7600
190528103257,SOLO_SUCCESS,01fe7600
190528103300,TAG_DEPARTED_A,01fe7600
190528103301,TAG_ARRIVED_A,01fe7600
190528103301,SOLO_SUCCESS,01fe7600
190528103306,TAG_DEPARTED_A,01fe7600
190528103310,TAG_ARRIVED_A,01fe7600
190528103311,SOLO_SUCCESS,01fe7600
190528103314,TAG_DEPARTED_A,01fe7600
190528103314,TAG_ARRIVED_A,01fe7600
190528103315,SOLO_SUCCESS,01fe7600
190528103318,TAG_DEPARTED_A,01fe7600
190528103320,TAG_ARRIVED_A,01fe7600
190528103320,SOLO_SUCCESS,01fe7600
190528103322,TAG_DEPARTED_A,01fe7600
190528103338,TAG_ARRIVED_A,01fe7600
190528103339,SOLO_SUCCESS,01fe7600
190528103341,TAG_DEPARTED_A,01fe7600
190528103416,TAG_ARRIVED_A,01fe7600
190528103417,SOLO_SUCCESS,01fe7600
190528103419,TAG_DEPARTED_A,01fe7600
190528103419,TAG_ARRIVED_A,01fe7600
190528103420,SOLO_SUCCESS,01fe7600
190528103424,TAG_DEPARTED_A,01fe7600
190528103813,TAG_ARRIVED_B,07991800
190528103814,TAG_MISSING_B,07991800
190528103814,SOLO_SUCCESS,07991800
190528103820,TAG_DEPARTED_B,07991800
190528103820,TAG_ARRIVED_B,07991800
190528103821,TAG_MISSING_B,07991800
190528103821,SOLO_SUCCESS,07991800
190528103822,TAG_DEPARTED_B,07991800
190528103959,TAG_ARRIVED_A,0102ae00
190528104000,TAG_MISSING_A,0102ae00
190528104000,SOLO_SUCCESS,0102ae00
190528104001,TAG_DEPARTED_A,0102ae00
190528104002,TAG_ARRIVED_A,0102ae00
190528104003,TAG_MISSING_A,0102ae00
190528104003,SOLO_SUCCESS,0102ae00
190528104008,TAG_DEPARTED_A,0102ae00
190528104038,TAG_ARRIVED_A,01653700
190528104039,SOLO_SUCCESS,01653700
190528104042,TAG_DEPARTED_A,01653700
190528104109,TAG_ARRIVED_A,01653700
190528104109,SOLO_SUCCESS,01653700
190528104112,TAG_DEPARTED_A,01653700
190528104151,TAG_ARRIVED_B,01bbe500
190528104152,SOLO_SUCCESS,01bbe500
190528104157,TAG_DEPARTED_B,01bbe500

