190501055357,START_EXPERIMENT,
190501065227,TAG_ARRIVED_A,01c2e300
190501065227,SOLO_SUCCESS,01c2e300
190501065229,TAG_DEPARTED_A,01c2e300
190501065619,TAG_ARRIVED_A,01653700
190501065620,SOLO_SUCCESS,01653700
190501065622,TAG_DEPARTED_A,01653700
190501065627,TAG_ARRIVED_A,01653700
190501065628,SOLO_SUCCESS,01653700
190501065639,TAG_DEPARTED_A,01653700
190501065645,TAG_ARRIVED_A,01653700
190501065646,SOLO_SUCCESS,01653700
190501065651,TAG_DEPARTED_A,01653700
190501072843,TAG_ARRIVED_B,01bbe500
190501072843,SOLO_SUCCESS,01bbe500
190501072845,TAG_DEPARTED_B,01bbe500
190501073110,TAG_ARRIVED_A,01df6400
190501073110,SOLO_SUCCESS,01df6400
190501073112,TAG_DEPARTED_A,01df6400
190501082747,TAG_ARRIVED_A,01653700
190501082748,SOLO_SUCCESS,01653700
190501082749,TAG_DEPARTED_A,01653700
190501082751,TAG_ARRIVED_A,01653700
190501082751,SOLO_SUCCESS,01653700
190501082753,TAG_DEPARTED_A,01653700
190501082755,TAG_ARRIVED_A,01653700
190501082756,SOLO_SUCCESS,01653700
190501082803,TAG_DEPARTED_A,01653700
190501083422,TAG_ARRIVED_A,01b47d00
190501083422,SOLO_SUCCESS,01b47d00
190501083437,TAG_DEPARTED_A,01b47d00
190501083439,TAG_ARRIVED_A,01b47d00
190501083440,SOLO_SUCCESS,01b47d00
190501083448,TAG_DEPARTED_A,01b47d00
190501084026,TAG_ARRIVED_A,01bbe500
190501084027,SOLO_SUCCESS,01bbe500
190501084036,TAG_DEPARTED_A,01bbe500
190501091750,TAG_ARRIVED_A,01653700
190501091750,SOLO_SUCCESS,01653700
190501091753,TAG_DEPARTED_A,01653700
190501091802,TAG_ARRIVED_A,01653700
190501091802,SOLO_SUCCESS,01653700
190501091808,TAG_DEPARTED_A,01653700
190501092446,TAG_ARRIVED_B,01b47d00
190501092447,SOLO_SUCCESS,01b47d00
190501092448,TAG_DEPARTED_B,01b47d00
190501092501,TAG_ARRIVED_A,01b47d00
190501092502,SOLO_SUCCESS,01b47d00
190501092526,TAG_DEPARTED_A,01b47d00
