190509055935,START_EXPERIMENT,
190509063614,TAG_ARRIVED_A,01653700
190509063615,SOLO_SUCCESS,01653700
190509063619,TAG_DEPARTED_A,01653700
190509063624,TAG_ARRIVED_A,01653700
190509063625,SOLO_SUCCESS,01653700
190509063626,TAG_DEPARTED_A,01653700
190509063629,TAG_ARRIVED_A,01653700
190509063630,SOLO_SUCCESS,01653700
190509063631,TAG_DEPARTED_A,01653700
190509063636,TAG_ARRIVED_A,01653700
190509063637,SOLO_SUCCESS,01653700
190509063639,TAG_DEPARTED_A,01653700
190509063719,TAG_ARRIVED_A,01753200
190509063721,TAG_MISSING_A,01753200
190509063721,SOLO_SUCCESS,01753200
190509063729,TAG_DEPARTED_A,01753200
190509064124,TAG_ARRIVED_B,01753200
190509064126,TAG_MISSING_B,01753200
190509064126,SOLO_SUCCESS,01753200
190509064149,TAG_DEPARTED_B,01753200
190509064400,TAG_ARRIVED_B,01753200
190509064401,TAG_MISSING_B,01753200
190509064402,SOLO_SUCCESS,01753200
190509064407,TAG_DEPARTED_B,01753200
190509064413,TAG_ARRIVED_B,01753200
190509064414,TAG_MISSING_B,01753200
190509064414,SOLO_SUCCESS,01753200
190509064416,TAG_DEPARTED_B,01753200
190509064515,TAG_ARRIVED_A,01753200
190509064516,TAG_MISSING_A,01753200
190509064517,SOLO_SUCCESS,01753200
190509064518,TAG_DEPARTED_A,01753200
190509073936,TAG_ARRIVED_A,01df6400
190509073936,SOLO_SUCCESS,01df6400
190509073938,TAG_DEPARTED_A,01df6400
190509074220,TAG_ARRIVED_A,01753200
190509074221,TAG_MISSING_A,01753200
190509074222,SOLO_SUCCESS,01753200
190509074225,TAG_DEPARTED_A,01753200
190509074230,TAG_ARRIVED_A,01753200
190509074231,TAG_MISSING_A,01753200
190509074231,SOLO_SUCCESS,01753200
190509074232,TAG_DEPARTED_A,01753200
190509074232,TAG_ARRIVED_A,01753200
190509074233,TAG_MISSING_A,01753200
190509074233,SOLO_SUCCESS,01753200
190509074234,TAG_DEPARTED_A,01753200
190509074239,TAG_ARRIVED_A,01753200
190509074241,TAG_MISSING_A,01753200
190509074241,SOLO_SUCCESS,01753200
190509074258,TAG_DEPARTED_A,01753200
190509074314,TAG_ARRIVED_A,01753200
190509074315,TAG_MISSING_A,01753200
190509074315,SOLO_SUCCESS,01753200
190509074316,TAG_DEPARTED_A,01753200
190509074321,TAG_ARRIVED_B,01753200
190509074323,TAG_MISSING_B,01753200
190509074323,SOLO_SUCCESS,01753200
190509074324,TAG_DEPARTED_B,01753200
190509074325,TAG_ARRIVED_B,01753200
190509074326,TAG_MISSING_B,01753200
190509074326,SOLO_SUCCESS,01753200
190509074326,TAG_DEPARTED_B,01753200
190509074351,TAG_ARRIVED_B,01bbe500
190509074352,SOLO_SUCCESS,01bbe500
190509074355,TAG_DEPARTED_B,01bbe500
190509074355,TAG_ARRIVED_B,01bbe500
190509074356,SOLO_SUCCESS,01bbe500
190509074358,TAG_DEPARTED_B,01bbe500
190509074402,TAG_ARRIVED_B,01bbe500
190509074403,SOLO_SUCCESS,01bbe500
190509074404,TAG_DEPARTED_B,01bbe500
190509074540,TAG_ARRIVED_B,01bbe500
190509074540,SOLO_SUCCESS,01bbe500
190509074545,TAG_DEPARTED_B,01bbe500
190509075622,TAG_ARRIVED_A,01653700
190509075623,SOLO_SUCCESS,01653700
190509075632,TAG_DEPARTED_A,01653700
190509081045,TAG_ARRIVED_A,01c98500
190509081046,SOLO_SUCCESS,01c98500
190509081047,TAG_DEPARTED_A,01c98500
190509081050,TAG_ARRIVED_A,01c98500
190509081051,SOLO_SUCCESS,01c98500
190509081059,TAG_DEPARTED_A,01c98500
190509081059,TAG_ARRIVED_A,01c98500
190509081100,SOLO_SUCCESS,01c98500
190509081109,TAG_DEPARTED_A,01c98500
190509081113,TAG_ARRIVED_A,01c98500
190509081114,SOLO_SUCCESS,01c98500
190509081116,TAG_DEPARTED_A,01c98500
190509083017,TAG_ARRIVED_B,07991800
190509083018,SOLO_SUCCESS,07991800
190509083019,TAG_DEPARTED_B,07991800
190509083032,TAG_ARRIVED_B,07991800
190509083032,SOLO_SUCCESS,07991800
190509083036,TAG_DEPARTED_B,07991800
190509083039,TAG_ARRIVED_B,07991800
190509083039,SOLO_SUCCESS,07991800
190509083044,TAG_DEPARTED_B,07991800
190509083259,TAG_ARRIVED_A,01653700
190509083300,SOLO_SUCCESS,01653700
190509083301,TAG_DEPARTED_A,01653700
190509083304,TAG_ARRIVED_A,01653700
190509083304,SOLO_SUCCESS,01653700
190509083309,TAG_DEPARTED_A,01653700
190509083309,TAG_ARRIVED_A,01653700
190509083310,SOLO_SUCCESS,01653700
190509083315,TAG_DEPARTED_A,01653700
190509083629,TAG_ARRIVED_A,01c98500
190509083630,SOLO_SUCCESS,01c98500
190509083641,TAG_DEPARTED_A,01c98500
190509083643,TAG_ARRIVED_B,01c98500
190509083644,SOLO_SUCCESS,01c98500
190509083649,TAG_DEPARTED_B,01c98500
190509083649,TAG_ARRIVED_A,01c98500
190509083650,SOLO_SUCCESS,01c98500
190509083655,TAG_DEPARTED_A,01c98500
190509083655,TAG_ARRIVED_A,01c98500
190509083656,SOLO_SUCCESS,01c98500
190509083711,TAG_DEPARTED_A,01c98500
190509084311,TAG_ARRIVED_A,01653700
190509084312,SOLO_SUCCESS,01653700
190509084314,TAG_DEPARTED_A,01653700
190509090415,TAG_ARRIVED_B,01bbe500
190509090416,SOLO_SUCCESS,01bbe500
190509090420,TAG_DEPARTED_B,01bbe500
190509090429,TAG_ARRIVED_B,01bbe500
190509090429,SOLO_SUCCESS,01bbe500
190509090435,TAG_DEPARTED_B,01bbe500
190509090754,TAG_ARRIVED_A,01bbe500
190509090754,SOLO_SUCCESS,01bbe500
190509090759,TAG_DEPARTED_A,01bbe500
190509091107,TAG_ARRIVED_A,01653700
190509091108,SOLO_SUCCESS,01653700
190509091112,TAG_DEPARTED_A,01653700
190509091119,TAG_ARRIVED_A,01653700
190509091120,SOLO_SUCCESS,01653700
190509091126,TAG_DEPARTED_A,01653700
190509091202,TAG_ARRIVED_A,01df6400
190509091203,SOLO_SUCCESS,01df6400
190509091206,TAG_DEPARTED_A,01df6400
190509091800,TAG_ARRIVED_A,01c98500
190509091801,SOLO_SUCCESS,01c98500
190509091805,TAG_DEPARTED_A,01c98500
190509091810,TAG_ARRIVED_A,01c98500
190509091811,SOLO_SUCCESS,01c98500
190509091816,TAG_DEPARTED_A,01c98500
190509091823,TAG_ARRIVED_A,01c98500
190509091823,SOLO_SUCCESS,01c98500
190509091829,TAG_DEPARTED_A,01c98500
190509100122,TAG_ARRIVED_A,01653700
190509100123,SOLO_SUCCESS,01653700
190509100125,TAG_DEPARTED_A,01653700
190509100126,TAG_ARRIVED_A,01653700
190509100127,SOLO_SUCCESS,01653700
190509100132,TAG_DEPARTED_A,01653700
190509100151,TAG_ARRIVED_A,01653700
190509100151,SOLO_SUCCESS,01653700
190509100157,TAG_DEPARTED_A,01653700
190509100158,TAG_ARRIVED_A,01653700
190509100159,SOLO_SUCCESS,01653700
190509100200,TAG_DEPARTED_A,01653700
190509100206,TAG_ARRIVED_B,01bbe500
190509100206,SOLO_SUCCESS,01bbe500
190509100207,TAG_ARRIVED_A,01653700
190509100208,STARTCOOP_FAIL,01bbe500_01653700
190509100209,ENDCOOP_FAIL,01bbe500_01653700
190509100209,TAG_DEPARTED_B,01bbe500
190509100210,TAG_DEPARTED_A,01653700
190509100311,TAG_ARRIVED_B,01bbe500
190509100311,SOLO_FAIL,01bbe500
190509100314,ENDCOOP_FAIL,01bbe500_
190509100314,TAG_DEPARTED_B,01bbe500
190509100341,TAG_ARRIVED_B,01bbe500
190509100341,SOLO_FAIL,01bbe500
190509100348,ENDCOOP_FAIL,01bbe500_
190509100348,TAG_DEPARTED_B,01bbe500
190509100408,LOCKOUT_ENDED,
190509100452,TAG_ARRIVED_A,01bbe500
190509100452,SOLO_SUCCESS,01bbe500
190509100454,TAG_DEPARTED_A,01bbe500
190509100509,TAG_ARRIVED_A,01bbe500
190509100510,SOLO_SUCCESS,01bbe500
190509100511,TAG_DEPARTED_A,01bbe500
190509100528,TAG_ARRIVED_A,01bbe500
190509100528,SOLO_SUCCESS,01bbe500
190509100531,TAG_DEPARTED_A,01bbe500
190509100541,TAG_ARRIVED_A,01bbe500
190509100541,SOLO_SUCCESS,01bbe500
190509100543,TAG_DEPARTED_A,01bbe500
190509100543,TAG_ARRIVED_A,01bbe500
190509100544,SOLO_SUCCESS,01bbe500
190509100548,TAG_DEPARTED_A,01bbe500
