190718060503,START_EXPERIMENT,
190718060556,TAG_ARRIVED_A,01783900
190718060557,SOLO_FAIL,01783900
190718060558,TAG_ARRIVED_B,0139d100
190718060559,STARTCOOP_SUCCESS,01783900_0139d100
190718060600,ENDCOOP_SUCCESS,0139d100_01783900
190718060600,TAG_DEPARTED_B,0139d100
190718060600,TAG_DEPARTED_A,01783900
190718060701,LOCKOUT_ENDED,
190718061941,TAG_ARRIVED_B,0104dd00
190718061942,SOLO_SUCCESS,0104dd00
190718061943,TAG_DEPARTED_B,0104dd00
190718061945,TAG_ARRIVED_B,0104dd00
190718061946,SOLO_SUCCESS,0104dd00
190718061947,TAG_DEPARTED_B,0104dd00
190718061948,TAG_ARRIVED_B,0104dd00
190718061949,SOLO_SUCCESS,0104dd00
190718061956,TAG_DEPARTED_B,0104dd00
190718063739,TAG_ARRIVED_B,01ae2b00
190718063739,SOLO_SUCCESS,01ae2b00
190718063741,TAG_DEPARTED_B,01ae2b00
190718063741,TAG_ARRIVED_A,0102ee00
190718063742,SOLO_SUCCESS,0102ee00
190718063744,TAG_DEPARTED_A,0102ee00
190718063845,TAG_ARRIVED_A,0102ee00
190718063846,SOLO_SUCCESS,0102ee00
190718063852,TAG_DEPARTED_A,0102ee00
190718063913,TAG_ARRIVED_A,0102ee00
190718063914,SOLO_SUCCESS,0102ee00
190718063922,TAG_DEPARTED_A,0102ee00
190718064010,TAG_ARRIVED_A,0102ee00
190718064011,SOLO_SUCCESS,0102ee00
190718064115,TAG_DEPARTED_A,0102ee00
190718064119,TAG_ARRIVED_A,01021800
190718064120,SOLO_SUCCESS,01021800
190718064130,TAG_DEPARTED_A,01021800
190718064151,TAG_ARRIVED_B,0102ee00
190718064152,SOLO_SUCCESS,0102ee00
190718064153,TAG_DEPARTED_B,0102ee00
190718064225,TAG_ARRIVED_A,0103bf00
190718064226,SOLO_SUCCESS,0103bf00
190718064227,TAG_ARRIVED_A,01021800
190718064228,SOLO_SUCCESS,01021800
190718064229,TAG_DEPARTED_A,01021800
190718064939,TAG_ARRIVED_A,0102ee00
190718064940,SOLO_SUCCESS,0102ee00
190718064941,TAG_DEPARTED_A,0102ee00
190718064952,TAG_ARRIVED_A,0102ee00
190718064953,SOLO_SUCCESS,0102ee00
190718065006,TAG_DEPARTED_A,0102ee00
190718065013,TAG_ARRIVED_A,0102ee00
190718065014,SOLO_SUCCESS,0102ee00
190718065016,TAG_DEPARTED_A,0102ee00
190718065145,TAG_ARRIVED_A,0102ee00
190718065146,SOLO_SUCCESS,0102ee00
190718065147,TAG_DEPARTED_A,0102ee00
190718073647,TAG_ARRIVED_B,01cf0600
190718073648,SOLO_SUCCESS,01cf0600
190718073701,TAG_ARRIVED_B,0102ee00
190718073702,SOLO_SUCCESS,0102ee00
190718073703,TAG_DEPARTED_B,0102ee00
190718073809,TAG_ARRIVED_B,0102ee00
190718073810,SOLO_SUCCESS,0102ee00
190718073815,TAG_DEPARTED_B,0102ee00
190718073936,TAG_ARRIVED_A,01cf0600
190718073937,SOLO_SUCCESS,01cf0600
190718073938,TAG_DEPARTED_A,01cf0600
190718073939,TAG_ARRIVED_A,0102ee00
190718073940,SOLO_SUCCESS,0102ee00
190718073941,TAG_DEPARTED_A,0102ee00
190718073947,TAG_ARRIVED_A,0102ee00
190718073948,SOLO_SUCCESS,0102ee00
190718073954,TAG_DEPARTED_A,0102ee00
190718074109,TAG_ARRIVED_A,01021800
190718074109,SOLO_SUCCESS,01021800
190718074135,TAG_DEPARTED_A,01021800
190718075259,TAG_ARRIVED_A,01fe7600
190718075259,SOLO_SUCCESS,01fe7600
190718075303,TAG_DEPARTED_A,01fe7600
190718075314,TAG_ARRIVED_A,01fe7600
190718075314,SOLO_SUCCESS,01fe7600
190718075330,TAG_DEPARTED_A,01fe7600
190718075332,TAG_ARRIVED_A,01fe7600
190718075332,SOLO_SUCCESS,01fe7600
190718075335,TAG_DEPARTED_A,01fe7600
190718075341,TAG_ARRIVED_A,01fe7600
190718075342,SOLO_SUCCESS,01fe7600
190718075402,TAG_DEPARTED_A,01fe7600
190718075435,TAG_ARRIVED_A,01fe7600
190718075435,SOLO_SUCCESS,01fe7600
190718075504,TAG_DEPARTED_A,01fe7600
190718075506,TAG_ARRIVED_A,01fe7600
190718075506,SOLO_SUCCESS,01fe7600
190718075511,TAG_DEPARTED_A,01fe7600
190718075517,TAG_ARRIVED_A,0102ee00
190718075518,SOLO_SUCCESS,0102ee00
190718075519,TAG_DEPARTED_A,0102ee00
190718075630,TAG_ARRIVED_B,0102ee00
190718075631,SOLO_SUCCESS,0102ee00
190718075634,TAG_DEPARTED_B,0102ee00
190718075704,TAG_ARRIVED_B,0102ee00
190718075705,SOLO_SUCCESS,0102ee00
190718075729,TAG_DEPARTED_B,0102ee00
190718075833,TAG_ARRIVED_A,0101c200
190718075834,SOLO_SUCCESS,0101c200
190718075835,TAG_DEPARTED_A,0101c200
190718075837,TAG_ARRIVED_A,01050400
190718075837,SOLO_SUCCESS,01050400
190718075839,TAG_DEPARTED_A,01050400
190718075843,TAG_ARRIVED_A,01050400
190718075844,SOLO_SUCCESS,01050400
190718075844,TAG_ARRIVED_A,0102ee00
190718075845,SOLO_SUCCESS,0102ee00
190718075846,TAG_DEPARTED_A,0102ee00
190718075851,TAG_ARRIVED_B,0102ee00
190718075852,SOLO_SUCCESS,0102ee00
190718075853,TAG_DEPARTED_B,0102ee00
190718075904,TAG_ARRIVED_A,01050400
190718075904,SOLO_SUCCESS,01050400
190718075911,TAG_DEPARTED_A,01050400
190718075912,TAG_ARRIVED_A,01050400
190718075912,SOLO_SUCCESS,01050400
190718075915,TAG_DEPARTED_A,01050400
190718075915,TAG_ARRIVED_A,0102ee00
190718075916,SOLO_SUCCESS,0102ee00
190718075916,TAG_ARRIVED_B,0101c200
190718075917,STARTCOOP_SUCCESS,0102ee00_0101c200
190718075917,TAG_DEPARTED_A,0102ee00
190718075918,TAG_ARRIVED_A,0102ee00
190718075919,STARTCOOP_SUCCESS,0101c200_0102ee00
190718075919,TAG_DEPARTED_A,0102ee00
190718075920,ENDCOOP_SUCCESS,0101c200_
190718075920,TAG_DEPARTED_B,0101c200
190718075926,TAG_ARRIVED_A,07991800
190718075926,SOLO_SUCCESS,07991800
190718075926,TAG_ARRIVED_B,0102ee00
190718075927,STARTCOOP_FAIL,07991800_0102ee00
190718075931,TAG_DEPARTED_A,07991800
190718075931,ENDCOOP_FAIL,0102ee00_
190718075931,TAG_DEPARTED_B,0102ee00
190718075939,TAG_ARRIVED_A,07991800
190718075940,SOLO_FAIL,07991800
190718075948,TAG_DEPARTED_A,07991800
190718075952,TAG_ARRIVED_A,07991800
190718075953,SOLO_FAIL,07991800
190718075958,TAG_DEPARTED_A,07991800
190718075958,TAG_ARRIVED_A,07991800
190718075959,SOLO_FAIL,07991800
190718080000,TAG_DEPARTED_A,07991800
190718080003,TAG_ARRIVED_A,07991800
190718080004,SOLO_FAIL,07991800
190718080016,TAG_DEPARTED_A,07991800
190718080019,TAG_ARRIVED_A,07991800
190718080020,SOLO_FAIL,07991800
190718080027,TAG_DEPARTED_A,07991800
190718080030,TAG_ARRIVED_B,0102ee00
190718080031,SOLO_FAIL,0102ee00
190718080036,TAG_ARRIVED_A,07991800
190718080036,STARTCOOP_FAIL,0102ee00_07991800
190718080038,ENDCOOP_FAIL,0102ee00_07991800
190718080039,TAG_DEPARTED_B,0102ee00
190718080040,TAG_ARRIVED_B,07991800
190718080040,SOLO_FAIL,07991800
190718080040,TAG_DEPARTED_A,07991800
190718080046,TAG_ARRIVED_A,01bb2200
190718080047,STARTCOOP_FAIL,07991800_01bb2200
190718080048,TAG_DEPARTED_A,01bb2200
190718080049,TAG_ARRIVED_A,01bb2200
190718080050,STARTCOOP_FAIL,07991800_01bb2200
190718080055,TAG_DEPARTED_A,01bb2200
190718080055,TAG_ARRIVED_A,01bb2200
190718080056,STARTCOOP_FAIL,07991800_01bb2200
190718080059,TAG_DEPARTED_A,01bb2200
190718080100,TAG_ARRIVED_A,01bb2200
190718080101,STARTCOOP_FAIL,07991800_01bb2200
190718080115,ENDCOOP_FAIL,07991800_01bb2200
190718080115,TAG_DEPARTED_B,07991800
190718080117,TAG_DEPARTED_A,01bb2200
190718080301,LOCKOUT_ENDED,
190718080419,TAG_ARRIVED_B,0104dd00
190718080420,SOLO_SUCCESS,0104dd00
190718080441,TAG_DEPARTED_B,0104dd00
190718080453,TAG_ARRIVED_B,01d41b00
190718080454,SOLO_SUCCESS,01d41b00
190718080457,TAG_DEPARTED_B,01d41b00
190718080516,TAG_ARRIVED_B,01d41b00
190718080517,SOLO_SUCCESS,01d41b00
190718080522,TAG_DEPARTED_B,01d41b00
190718080523,TAG_ARRIVED_B,01021800
190718080524,SOLO_SUCCESS,01021800
190718080707,TAG_DEPARTED_B,01021800
190718080711,TAG_ARRIVED_B,01021800
190718080711,SOLO_SUCCESS,01021800
190718080734,TAG_DEPARTED_B,01021800
190718080738,TAG_ARRIVED_B,0101c200
190718080739,SOLO_SUCCESS,0101c200
190718080740,TAG_DEPARTED_B,0101c200
190718080800,TAG_ARRIVED_B,0101c200
190718080801,SOLO_SUCCESS,0101c200
190718080802,TAG_DEPARTED_B,0101c200
190718080806,TAG_ARRIVED_B,0101c200
190718080807,SOLO_SUCCESS,0101c200
190718080808,TAG_DEPARTED_B,0101c200
190718080838,TAG_ARRIVED_B,0102ae00
190718080838,SOLO_SUCCESS,0102ae00
190718080842,TAG_DEPARTED_B,0102ae00
190718080842,TAG_ARRIVED_B,0102ae00
190718080843,SOLO_SUCCESS,0102ae00
190718080906,TAG_DEPARTED_B,0102ae00
190718080912,TAG_ARRIVED_B,0102ae00
190718080912,SOLO_SUCCESS,0102ae00
190718080918,TAG_DEPARTED_B,0102ae00
190718080926,TAG_ARRIVED_B,0102ae00
190718080927,SOLO_SUCCESS,0102ae00
190718080928,TAG_DEPARTED_B,0102ae00
190718080933,TAG_ARRIVED_B,0102ae00
190718080934,SOLO_SUCCESS,0102ae00
190718080935,TAG_DEPARTED_B,0102ae00
190718080938,TAG_ARRIVED_B,0102ae00
190718080938,SOLO_SUCCESS,0102ae00
190718080943,TAG_DEPARTED_B,0102ae00
190718081043,TAG_ARRIVED_B,01bb2200
190718081044,SOLO_SUCCESS,01bb2200
190718081047,TAG_DEPARTED_B,01bb2200
190718081237,TAG_ARRIVED_B,01ae2b00
190718081238,SOLO_SUCCESS,01ae2b00
190718081241,TAG_DEPARTED_B,01ae2b00
190718081521,TAG_ARRIVED_A,07991800
190718081522,SOLO_SUCCESS,07991800
190718081534,TAG_DEPARTED_A,07991800
190718081535,TAG_ARRIVED_A,07991800
190718081535,SOLO_SUCCESS,07991800
190718081611,TAG_DEPARTED_A,07991800
190718081620,TAG_ARRIVED_A,07991800
190718081620,SOLO_SUCCESS,07991800
190718081624,TAG_DEPARTED_A,07991800
190718081626,TAG_ARRIVED_A,07991800
190718081627,SOLO_SUCCESS,07991800
190718081642,TAG_DEPARTED_A,07991800
190718081713,TAG_ARRIVED_A,0104a600
190718081714,SOLO_SUCCESS,0104a600
190718081715,TAG_DEPARTED_A,0104a600
190718081717,TAG_ARRIVED_A,0104a600
190718081718,SOLO_SUCCESS,0104a600
190718081719,TAG_DEPARTED_A,0104a600
190718081721,TAG_ARRIVED_A,0104a600
190718081722,SOLO_SUCCESS,0104a600
190718081726,TAG_DEPARTED_A,0104a600
190718081729,TAG_ARRIVED_A,0104a600
190718081730,SOLO_SUCCESS,0104a600
190718081736,TAG_DEPARTED_A,0104a600
190718081739,TAG_ARRIVED_A,0104a600
190718081740,SOLO_SUCCESS,0104a600
190718081742,TAG_DEPARTED_A,0104a600
190718081752,TAG_ARRIVED_A,0104a600
190718081753,SOLO_SUCCESS,0104a600
190718081755,TAG_DEPARTED_A,0104a600
190718081757,TAG_ARRIVED_A,0104a600
190718081758,SOLO_SUCCESS,0104a600
190718081759,TAG_DEPARTED_A,0104a600
190718081801,TAG_ARRIVED_A,0104a600
190718081802,SOLO_SUCCESS,0104a600
190718081804,TAG_DEPARTED_A,0104a600
190718081834,TAG_ARRIVED_A,0104a600
190718081835,SOLO_SUCCESS,0104a600
190718081840,TAG_DEPARTED_A,0104a600
190718081840,TAG_ARRIVED_A,0104a600
190718081841,SOLO_SUCCESS,0104a600
190718081843,TAG_DEPARTED_A,0104a600
190718081844,TAG_ARRIVED_A,0104a600
190718081845,SOLO_SUCCESS,0104a600
190718081902,TAG_DEPARTED_A,0104a600
190718081913,TAG_ARRIVED_A,0104a600
190718081914,SOLO_SUCCESS,0104a600
190718081918,TAG_DEPARTED_A,0104a600
190718081931,TAG_ARRIVED_A,0104a600
190718081932,SOLO_SUCCESS,0104a600
190718081935,TAG_DEPARTED_A,0104a600
190718081937,TAG_ARRIVED_A,0104a600
190718081938,SOLO_SUCCESS,0104a600
190718081943,TAG_DEPARTED_A,0104a600
190718081945,TAG_ARRIVED_A,0104a600
190718081946,SOLO_SUCCESS,0104a600
190718081948,TAG_DEPARTED_A,0104a600
190718081953,TAG_ARRIVED_A,0104a600
190718081954,SOLO_SUCCESS,0104a600
190718081956,TAG_DEPARTED_A,0104a600
190718082007,TAG_ARRIVED_A,0104a600
190718082008,SOLO_SUCCESS,0104a600
190718082011,TAG_DEPARTED_A,0104a600
190718082027,TAG_ARRIVED_B,01c23400
190718082028,SOLO_SUCCESS,01c23400
190718082028,TAG_ARRIVED_A,0104a600
190718082029,STARTCOOP_FAIL,01c23400_0104a600
190718082029,ENDCOOP_FAIL,01c23400_0104a600
190718082029,TAG_DEPARTED_B,01c23400
190718082031,TAG_DEPARTED_A,0104a600
190718082047,TAG_ARRIVED_A,0104a600
190718082048,SOLO_FAIL,0104a600
190718082049,TAG_DEPARTED_A,0104a600
190718082102,TAG_ARRIVED_A,0104a600
190718082103,SOLO_FAIL,0104a600
190718082105,TAG_DEPARTED_A,0104a600
190718082125,TAG_ARRIVED_A,0104a600
190718082126,SOLO_FAIL,0104a600
190718082131,TAG_ARRIVED_B,0101ef00
190718082132,STARTCOOP_SUCCESS,0104a600_0101ef00
190718082133,ENDCOOP_SUCCESS,0101ef00_0104a600
190718082133,TAG_DEPARTED_B,0101ef00
190718082135,TAG_DEPARTED_A,0104a600
190718082135,TAG_ARRIVED_A,0104a600
190718082136,SOLO_FAIL,0104a600
190718082142,TAG_DEPARTED_A,0104a600
190718082146,TAG_ARRIVED_A,0104a600
190718082147,SOLO_FAIL,0104a600
190718082148,TAG_DEPARTED_A,0104a600
190718082152,TAG_ARRIVED_A,0104a600
190718082153,SOLO_FAIL,0104a600
190718082155,TAG_DEPARTED_A,0104a600
190718082156,TAG_ARRIVED_A,0104a600
190718082157,SOLO_FAIL,0104a600
190718082200,TAG_DEPARTED_A,0104a600
190718082220,TAG_ARRIVED_A,0104a600
190718082221,SOLO_FAIL,0104a600
190718082222,TAG_DEPARTED_A,0104a600
190718082223,TAG_ARRIVED_A,0104a600
190718082223,SOLO_FAIL,0104a600
190718082226,TAG_DEPARTED_A,0104a600
190718082228,TAG_ARRIVED_A,0104a600
190718082229,SOLO_SUCCESS,0104a600
190718082236,TAG_DEPARTED_A,0104a600
190718082247,TAG_ARRIVED_A,0104a600
190718082248,SOLO_SUCCESS,0104a600
190718082250,TAG_DEPARTED_A,0104a600
190718082252,TAG_ARRIVED_A,0104a600
190718082253,SOLO_SUCCESS,0104a600
190718082254,TAG_DEPARTED_A,0104a600
190718082259,TAG_ARRIVED_A,0104a600
190718082259,SOLO_SUCCESS,0104a600
190718082302,TAG_DEPARTED_A,0104a600
190718082307,TAG_ARRIVED_A,01c4ca00
190718082308,SOLO_SUCCESS,01c4ca00
190718082311,TAG_DEPARTED_A,01c4ca00
190718082316,TAG_ARRIVED_A,01c4ca00
190718082317,SOLO_SUCCESS,01c4ca00
190718082318,TAG_ARRIVED_A,01026800
190718082319,SOLO_SUCCESS,01026800
190718082322,TAG_DEPARTED_A,01026800
190718082329,TAG_ARRIVED_A,01026800
190718082329,SOLO_SUCCESS,01026800
190718082331,TAG_DEPARTED_A,01026800
190718082332,TAG_ARRIVED_A,01026800
190718082332,SOLO_SUCCESS,01026800
190718082337,TAG_DEPARTED_A,01026800
190718082338,TAG_ARRIVED_A,01026800
190718082338,SOLO_SUCCESS,01026800
190718082340,TAG_DEPARTED_A,01026800
190718082347,TAG_ARRIVED_A,01026800
190718082347,SOLO_SUCCESS,01026800
190718082349,TAG_DEPARTED_A,01026800
190718082355,TAG_ARRIVED_A,01026800
190718082355,SOLO_SUCCESS,01026800
190718082400,TAG_DEPARTED_A,01026800
190718082409,TAG_ARRIVED_A,01026800
190718082409,SOLO_SUCCESS,01026800
190718082410,TAG_DEPARTED_A,01026800
190718082415,TAG_ARRIVED_A,01bb2200
190718082416,SOLO_SUCCESS,01bb2200
190718082422,TAG_DEPARTED_A,01bb2200
190718082422,TAG_ARRIVED_A,01bb2200
190718082423,SOLO_SUCCESS,01bb2200
190718082427,TAG_DEPARTED_A,01bb2200
190718082428,TAG_ARRIVED_A,01bb2200
190718082429,SOLO_SUCCESS,01bb2200
190718082449,TAG_DEPARTED_A,01bb2200
190718082449,TAG_ARRIVED_A,01bb2200
190718082450,SOLO_SUCCESS,01bb2200
190718082505,TAG_DEPARTED_A,01bb2200
190718082509,TAG_ARRIVED_A,01bb2200
190718082510,SOLO_SUCCESS,01bb2200
190718082511,TAG_DEPARTED_A,01bb2200
190718082512,TAG_ARRIVED_A,01bb2200
190718082513,SOLO_SUCCESS,01bb2200
190718082514,TAG_ARRIVED_B,01026800
190718082515,STARTCOOP_FAIL,01bb2200_01026800
190718082517,TAG_DEPARTED_A,01bb2200
190718082518,TAG_ARRIVED_A,01bb2200
190718082519,STARTCOOP_FAIL,01026800_01bb2200
190718082520,TAG_DEPARTED_A,01bb2200
190718082522,TAG_ARRIVED_A,01bb2200
190718082523,STARTCOOP_FAIL,01026800_01bb2200
190718082523,ENDCOOP_FAIL,01026800_01bb2200
190718082524,TAG_DEPARTED_B,01026800
190718082524,TAG_ARRIVED_B,01026800
190718082524,STARTCOOP_FAIL,01bb2200_01026800
190718082527,ENDCOOP_FAIL,01026800_01bb2200
190718082527,TAG_DEPARTED_B,01026800
190718082528,TAG_ARRIVED_A,01026800
190718082529,SOLO_FAIL,01026800
190718082539,TAG_DEPARTED_A,01026800
190718082540,TAG_ARRIVED_A,01026800
190718082540,SOLO_FAIL,01026800
190718082541,TAG_ARRIVED_B,01c4ca00
190718082542,STARTCOOP_FAIL,01026800_01c4ca00
190718082543,ENDCOOP_FAIL,01c4ca00_01026800
190718082543,TAG_DEPARTED_B,01c4ca00
190718082544,TAG_DEPARTED_A,01026800
190718082545,TAG_ARRIVED_B,01026800
190718082546,SOLO_FAIL,01026800
190718082546,TAG_ARRIVED_A,01c4ca00
190718082547,STARTCOOP_FAIL,01026800_01c4ca00
190718082548,ENDCOOP_FAIL,01026800_01c4ca00
190718082548,TAG_DEPARTED_B,01026800
190718082548,TAG_DEPARTED_A,01c4ca00
190718082557,TAG_ARRIVED_A,01026800
190718082557,SOLO_FAIL,01026800
190718082605,TAG_ARRIVED_B,01c4ca00
190718082606,STARTCOOP_FAIL,01026800_01c4ca00
190718082608,ENDCOOP_FAIL,01c4ca00_01026800
190718082609,TAG_DEPARTED_B,01c4ca00
190718082611,TAG_ARRIVED_B,01c4ca00
190718082612,STARTCOOP_FAIL,01026800_01c4ca00
190718082613,ENDCOOP_FAIL,01c4ca00_01026800
190718082613,TAG_DEPARTED_B,01c4ca00
190718082613,TAG_DEPARTED_A,01026800
190718082613,TAG_ARRIVED_A,01026800
190718082614,SOLO_FAIL,01026800
190718082614,TAG_ARRIVED_B,01c4ca00
190718082615,STARTCOOP_FAIL,01026800_01c4ca00
190718082616,ENDCOOP_FAIL,01c4ca00_01026800
190718082616,TAG_DEPARTED_B,01c4ca00
190718082617,TAG_DEPARTED_A,01026800
190718082618,TAG_ARRIVED_B,01c4ca00
190718082619,SOLO_FAIL,01c4ca00
190718082619,TAG_ARRIVED_B,01026800
190718082620,SOLO_FAIL,01026800
190718082626,ENDCOOP_FAIL,01026800_
190718082626,TAG_DEPARTED_B,01026800
190718082630,TAG_ARRIVED_B,01026800
190718082630,SOLO_FAIL,01026800
190718082632,ENDCOOP_FAIL,01026800_
190718082632,TAG_DEPARTED_B,01026800
190718082632,TAG_ARRIVED_A,01026800
190718082633,SOLO_FAIL,01026800
190718082654,TAG_DEPARTED_A,01026800
190718082655,TAG_ARRIVED_B,01026800
190718082655,SOLO_FAIL,01026800
190718082659,ENDCOOP_FAIL,01026800_
190718082700,TAG_DEPARTED_B,01026800
190718082705,TAG_ARRIVED_B,01026800
190718082705,SOLO_FAIL,01026800
190718082715,ENDCOOP_FAIL,01026800_
190718082715,TAG_DEPARTED_B,01026800
190718082715,TAG_ARRIVED_A,01026800
190718082715,SOLO_FAIL,01026800
190718082717,TAG_DEPARTED_A,01026800
190718082719,TAG_ARRIVED_B,01c4ca00
190718082720,SOLO_FAIL,01c4ca00
190718082720,TAG_ARRIVED_A,01026800
190718082720,STARTCOOP_FAIL,01c4ca00_01026800
190718082721,TAG_DEPARTED_A,01026800
190718082742,ENDCOOP_FAIL,01c4ca00_
190718082743,TAG_DEPARTED_B,01c4ca00
190718082744,TAG_ARRIVED_B,01c4ca00
190718082744,SOLO_FAIL,01c4ca00
190718082745,TAG_ARRIVED_A,01026800
190718082746,STARTCOOP_FAIL,01c4ca00_01026800
190718082759,TAG_DEPARTED_A,01026800
190718082800,TAG_ARRIVED_A,01026800
190718082800,STARTCOOP_FAIL,01c4ca00_01026800
190718082805,ENDCOOP_FAIL,01c4ca00_01026800
190718082805,TAG_DEPARTED_B,01c4ca00
190718082806,TAG_ARRIVED_B,01c4ca00
190718082807,STARTCOOP_FAIL,01026800_01c4ca00
190718082807,ENDCOOP_FAIL,01c4ca00_01026800
190718082807,TAG_DEPARTED_B,01c4ca00
190718082808,TAG_ARRIVED_B,01c4ca00
190718082809,STARTCOOP_FAIL,01026800_01c4ca00
190718082809,TAG_DEPARTED_A,01026800
190718082811,TAG_ARRIVED_A,01026800
190718082811,STARTCOOP_FAIL,01c4ca00_01026800
190718082816,TAG_DEPARTED_A,01026800
190718082818,ENDCOOP_FAIL,01c4ca00_
190718082818,TAG_DEPARTED_B,01c4ca00
190718082822,TAG_ARRIVED_B,01c4ca00
190718082823,SOLO_FAIL,01c4ca00
190718082830,TAG_ARRIVED_A,01029a00
190718082830,STARTCOOP_SUCCESS,01c4ca00_01029a00
190718082836,ENDCOOP_SUCCESS,01c4ca00_01029a00
190718082837,TAG_DEPARTED_B,01c4ca00
190718082837,TAG_ARRIVED_B,01c4ca00
190718082838,STARTCOOP_SUCCESS,01029a00_01c4ca00
190718082838,TAG_DEPARTED_A,01029a00
190718082838,TAG_ARRIVED_A,01029a00
190718082839,STARTCOOP_SUCCESS,01c4ca00_01029a00
190718082840,TAG_DEPARTED_A,01029a00
190718082852,TAG_ARRIVED_A,01029a00
190718082853,STARTCOOP_SUCCESS,01c4ca00_01029a00
190718082856,TAG_DEPARTED_A,01029a00
190718082857,TAG_ARRIVED_A,01029a00
190718082858,STARTCOOP_SUCCESS,01c4ca00_01029a00
190718082859,TAG_DEPARTED_A,01029a00
190718082903,ENDCOOP_SUCCESS,01c4ca00_
190718082903,TAG_DEPARTED_B,01c4ca00
190718082908,TAG_ARRIVED_B,01c4ca00
190718082909,SOLO_FAIL,01c4ca00
190718082913,ENDCOOP_FAIL,01c4ca00_
190718082914,TAG_DEPARTED_B,01c4ca00
190718082914,TAG_ARRIVED_A,01029a00
190718082915,SOLO_FAIL,01029a00
190718082926,TAG_ARRIVED_A,01c4ca00
190718082927,SOLO_FAIL,01c4ca00
190718082935,TAG_DEPARTED_A,01c4ca00
190718082940,TAG_ARRIVED_A,01026800
190718082940,SOLO_FAIL,01026800
190718082943,TAG_DEPARTED_A,01026800
190718082946,TAG_ARRIVED_A,01026800
190718082946,SOLO_FAIL,01026800
190718083004,TAG_DEPARTED_A,01026800
190718083005,TAG_ARRIVED_A,01026800
190718083006,SOLO_FAIL,01026800
190718083009,TAG_DEPARTED_A,01026800
190718083011,LOCKOUT_ENDED,
190718083026,TAG_ARRIVED_B,01026800
190718083026,SOLO_SUCCESS,01026800
190718083038,TAG_DEPARTED_B,01026800
190718083043,TAG_ARRIVED_B,01026800
190718083043,SOLO_SUCCESS,01026800
190718083045,TAG_DEPARTED_B,01026800
190718083047,TAG_ARRIVED_B,01026800
190718083047,SOLO_SUCCESS,01026800
190718083049,TAG_DEPARTED_B,01026800
190718083101,TAG_ARRIVED_B,01026800
190718083101,SOLO_SUCCESS,01026800
190718083106,TAG_DEPARTED_B,01026800
190718083124,TAG_ARRIVED_B,01029a00
190718083125,SOLO_SUCCESS,01029a00
190718083127,TAG_DEPARTED_B,01029a00
190718083207,TAG_ARRIVED_A,01029a00
190718083207,SOLO_SUCCESS,01029a00
190718083209,TAG_DEPARTED_A,01029a00
190718083254,TAG_ARRIVED_A,01029a00
190718083255,SOLO_SUCCESS,01029a00
190718083258,TAG_DEPARTED_A,01029a00
190718083322,TAG_ARRIVED_A,01029a00
190718083323,SOLO_SUCCESS,01029a00
190718083440,TAG_DEPARTED_A,01029a00
190718083450,TAG_ARRIVED_A,01029a00
190718083451,SOLO_SUCCESS,01029a00
190718083452,TAG_DEPARTED_A,01029a00
190718083535,TAG_ARRIVED_A,01653700
190718083536,SOLO_SUCCESS,01653700
190718083537,TAG_DEPARTED_A,01653700
190718083606,TAG_ARRIVED_A,01653700
190718083607,SOLO_SUCCESS,01653700
190718083609,TAG_DEPARTED_A,01653700
190718083654,TAG_ARRIVED_A,0102ee00
190718083655,SOLO_SUCCESS,0102ee00
190718083656,TAG_DEPARTED_A,0102ee00
190718083734,TAG_ARRIVED_A,0102ee00
190718083735,SOLO_SUCCESS,0102ee00
190718083740,TAG_DEPARTED_A,0102ee00
190718083829,TAG_ARRIVED_A,0102ee00
190718083830,SOLO_SUCCESS,0102ee00
190718083842,TAG_DEPARTED_A,0102ee00
190718083858,TAG_ARRIVED_A,01653700
190718083859,SOLO_SUCCESS,01653700
190718083904,TAG_ARRIVED_B,0102ee00
190718083905,STARTCOOP_SUCCESS,01653700_0102ee00
190718083905,TAG_DEPARTED_A,01653700
190718083907,TAG_ARRIVED_A,01653700
190718083908,STARTCOOP_SUCCESS,0102ee00_01653700
190718083908,ENDCOOP_SUCCESS,0102ee00_01653700
190718083908,TAG_DEPARTED_B,0102ee00
190718083921,TAG_DEPARTED_A,01653700
190718084206,TAG_ARRIVED_A,0102ee00
190718084207,SOLO_SUCCESS,0102ee00
190718084211,TAG_DEPARTED_A,0102ee00
190718084616,TAG_ARRIVED_A,01026d00
190718084616,SOLO_SUCCESS,01026d00
190718084646,TAG_DEPARTED_A,01026d00
190718084648,TAG_ARRIVED_A,01026d00
190718084648,SOLO_SUCCESS,01026d00
190718084732,TAG_ARRIVED_B,0104dd00
190718084733,STARTCOOP_FAIL,01026d00_0104dd00
190718084733,TAG_DEPARTED_A,01026d00
190718084736,TAG_ARRIVED_A,01026d00
190718084737,STARTCOOP_FAIL,0104dd00_01026d00
190718084748,TAG_DEPARTED_A,01026d00
190718084758,ENDCOOP_FAIL,0104dd00_
190718084759,TAG_DEPARTED_B,0104dd00
190718084759,TAG_ARRIVED_B,0104dd00
190718084800,SOLO_FAIL,0104dd00
190718084802,ENDCOOP_FAIL,0104dd00_
190718084802,TAG_DEPARTED_B,0104dd00
190718084802,TAG_ARRIVED_B,0104dd00
190718084803,SOLO_FAIL,0104dd00
190718084804,ENDCOOP_FAIL,0104dd00_
190718084804,TAG_DEPARTED_B,0104dd00
190718084805,TAG_ARRIVED_B,0104dd00
190718084805,SOLO_FAIL,0104dd00
190718084806,TAG_ARRIVED_A,01026d00
190718084806,STARTCOOP_FAIL,0104dd00_01026d00
190718084807,ENDCOOP_FAIL,0104dd00_01026d00
190718084807,TAG_DEPARTED_B,0104dd00
190718084807,TAG_ARRIVED_B,0104dd00
190718084808,STARTCOOP_FAIL,01026d00_0104dd00
190718084809,ENDCOOP_FAIL,0104dd00_01026d00
190718084809,TAG_DEPARTED_B,0104dd00
190718084815,TAG_ARRIVED_B,0104dd00
190718084816,STARTCOOP_FAIL,01026d00_0104dd00
190718084817,ENDCOOP_FAIL,0104dd00_01026d00
190718084817,TAG_DEPARTED_B,0104dd00
190718084819,TAG_ARRIVED_B,0104dd00
190718084820,STARTCOOP_FAIL,01026d00_0104dd00
190718084829,TAG_DEPARTED_A,01026d00
190718084849,ENDCOOP_FAIL,0104dd00_
190718084849,TAG_DEPARTED_B,0104dd00
190718084849,TAG_ARRIVED_B,0104dd00
190718084850,SOLO_FAIL,0104dd00
190718084855,TAG_ARRIVED_A,01026d00
190718084855,STARTCOOP_FAIL,0104dd00_01026d00
190718084911,TAG_DEPARTED_A,01026d00
190718084913,TAG_ARRIVED_A,01026d00
190718084913,STARTCOOP_FAIL,0104dd00_01026d00
190718084949,TAG_DEPARTED_A,01026d00
190718084949,TAG_ARRIVED_A,01026d00
190718084949,STARTCOOP_FAIL,0104dd00_01026d00
190718084955,TAG_DEPARTED_A,01026d00
190718085012,ENDCOOP_FAIL,0104dd00_
190718085012,TAG_DEPARTED_B,0104dd00
190718085013,TAG_ARRIVED_A,0104dd00
190718085013,SOLO_FAIL,0104dd00
190718085034,TAG_DEPARTED_A,0104dd00
190718085105,TAG_ARRIVED_B,0104dd00
190718085106,SOLO_FAIL,0104dd00
190718085111,ENDCOOP_FAIL,0104dd00_
190718085111,TAG_DEPARTED_B,0104dd00
190718085114,TAG_ARRIVED_B,0104dd00
190718085115,SOLO_FAIL,0104dd00
190718085118,ENDCOOP_FAIL,0104dd00_
190718085118,TAG_DEPARTED_B,0104dd00
190718085149,LOCKOUT_ENDED,
190718091456,TAG_ARRIVED_B,0102ee00
190718091457,SOLO_SUCCESS,0102ee00
190718091501,TAG_ARRIVED_A,0102ae00
190718091502,STARTCOOP_FAIL,0102ee00_0102ae00
190718091502,ENDCOOP_FAIL,0102ee00_0102ae00
190718091503,TAG_DEPARTED_B,0102ee00
190718091506,TAG_DEPARTED_A,0102ae00
190718091518,TAG_ARRIVED_B,0102ee00
190718091519,SOLO_FAIL,0102ee00
190718091522,ENDCOOP_FAIL,0102ee00_
190718091522,TAG_DEPARTED_B,0102ee00
190718091541,TAG_ARRIVED_B,0102ee00
190718091542,SOLO_FAIL,0102ee00
190718091543,ENDCOOP_FAIL,0102ee00_
190718091543,TAG_DEPARTED_B,0102ee00
190718091543,TAG_ARRIVED_B,0102ee00
190718091544,SOLO_FAIL,0102ee00
190718091553,ENDCOOP_FAIL,0102ee00_
190718091553,TAG_DEPARTED_B,0102ee00
190718091701,TAG_ARRIVED_B,0102ee00
190718091702,SOLO_FAIL,0102ee00
190718091702,LOCKOUT_ENDED,
190718091703,TAG_DEPARTED_B,0102ee00
190718091705,TAG_ARRIVED_B,0102ee00
190718091706,SOLO_SUCCESS,0102ee00
190718091707,TAG_DEPARTED_B,0102ee00
190718091713,TAG_ARRIVED_A,01043c00
190718091714,SOLO_SUCCESS,01043c00
190718091715,TAG_ARRIVED_A,0102ae00
190718091716,SOLO_SUCCESS,0102ae00
190718091717,TAG_DEPARTED_A,0102ae00
190718091733,TAG_ARRIVED_A,0102ae00
190718091733,SOLO_SUCCESS,0102ae00
190718091738,TAG_ARRIVED_B,0102ee00
190718091739,STARTCOOP_FAIL,0102ae00_0102ee00
190718091740,ENDCOOP_FAIL,0102ee00_0102ae00
190718091740,TAG_DEPARTED_B,0102ee00
190718091743,TAG_ARRIVED_A,0102ee00
190718091744,SOLO_FAIL,0102ee00
190718091744,TAG_ARRIVED_B,01021800
190718091745,STARTCOOP_FAIL,0102ee00_01021800
190718091745,TAG_DEPARTED_A,0102ee00
190718091818,TAG_ARRIVED_A,0102ee00
190718091819,STARTCOOP_FAIL,01021800_0102ee00
190718091819,ENDCOOP_FAIL,01021800_0102ee00
190718091819,TAG_DEPARTED_B,01021800
190718091826,TAG_DEPARTED_A,0102ee00
190718091915,TAG_ARRIVED_A,0102ee00
190718091916,SOLO_FAIL,0102ee00
190718091920,TAG_DEPARTED_A,0102ee00
190718091957,TAG_ARRIVED_A,0102ee00
190718091958,SOLO_FAIL,0102ee00
190718092004,TAG_DEPARTED_A,0102ee00
190718092019,LOCKOUT_ENDED,
190718092034,TAG_ARRIVED_B,0102ee00
190718092035,SOLO_SUCCESS,0102ee00
190718092038,TAG_DEPARTED_B,0102ee00
190718092056,TAG_ARRIVED_A,0102ee00
190718092057,SOLO_SUCCESS,0102ee00
190718092102,TAG_DEPARTED_A,0102ee00
190718092316,TAG_ARRIVED_B,0102ee00
190718092317,SOLO_SUCCESS,0102ee00
190718092323,TAG_DEPARTED_B,0102ee00
190718092343,TAG_ARRIVED_B,0102ee00
190718092344,SOLO_SUCCESS,0102ee00
190718092401,TAG_DEPARTED_B,0102ee00
190718092410,TAG_ARRIVED_A,0102ee00
190718092411,SOLO_SUCCESS,0102ee00
190718092413,TAG_DEPARTED_A,0102ee00
190718092422,TAG_ARRIVED_A,0102ee00
190718092423,SOLO_SUCCESS,0102ee00
190718092426,TAG_DEPARTED_A,0102ee00
190718092436,TAG_ARRIVED_A,0102ee00
190718092437,SOLO_SUCCESS,0102ee00
190718092443,TAG_DEPARTED_A,0102ee00
190718092520,TAG_ARRIVED_B,0102ee00
190718092521,SOLO_SUCCESS,0102ee00
190718092521,TAG_ARRIVED_A,01040300
190718092521,STARTCOOP_FAIL,0102ee00_01040300
190718092522,ENDCOOP_FAIL,0102ee00_01040300
190718092522,TAG_DEPARTED_B,0102ee00
190718092522,TAG_ARRIVED_B,0102ee00
190718092523,STARTCOOP_FAIL,01040300_0102ee00
190718092524,ENDCOOP_FAIL,0102ee00_01040300
190718092524,TAG_DEPARTED_B,0102ee00
190718092524,TAG_DEPARTED_A,01040300
190718092525,TAG_ARRIVED_B,0102ee00
190718092526,SOLO_FAIL,0102ee00
190718092527,ENDCOOP_FAIL,0102ee00_
190718092527,TAG_DEPARTED_B,0102ee00
190718092528,TAG_ARRIVED_A,01040300
190718092529,SOLO_FAIL,01040300
190718092541,TAG_DEPARTED_A,01040300
190718092545,TAG_ARRIVED_A,01040300
190718092546,SOLO_FAIL,01040300
190718092606,TAG_DEPARTED_A,01040300
190718092623,TAG_ARRIVED_A,01040300
190718092623,SOLO_FAIL,01040300
190718092648,TAG_DEPARTED_A,01040300
190718092654,TAG_ARRIVED_B,01040300
190718092655,SOLO_FAIL,01040300
190718092658,ENDCOOP_FAIL,01040300_
190718092658,TAG_DEPARTED_B,01040300
190718092711,TAG_ARRIVED_A,01040300
190718092712,SOLO_FAIL,01040300
190718092713,TAG_DEPARTED_A,01040300
190718092723,LOCKOUT_ENDED,
190718092726,TAG_ARRIVED_A,01040300
190718092727,SOLO_SUCCESS,01040300
190718092733,TAG_DEPARTED_A,01040300
190718092918,TAG_ARRIVED_B,01021800
190718092918,SOLO_SUCCESS,01021800
190718092926,TAG_DEPARTED_B,01021800
190718092931,TAG_ARRIVED_A,01043c00
190718092932,SOLO_SUCCESS,01043c00
190718092942,TAG_ARRIVED_B,0101c200
190718092943,STARTCOOP_SUCCESS,01043c00_0101c200
190718092944,ENDCOOP_SUCCESS,0101c200_01043c00
190718092944,TAG_DEPARTED_B,0101c200
190718092944,TAG_ARRIVED_A,0101c200
190718092945,SOLO_SUCCESS,0101c200
190718092946,TAG_DEPARTED_A,0101c200
190718092948,TAG_ARRIVED_A,0101c200
190718092949,SOLO_SUCCESS,0101c200
190718092950,TAG_DEPARTED_A,0101c200
190718092958,TAG_ARRIVED_A,0101c200
190718092959,SOLO_SUCCESS,0101c200
190718093000,TAG_DEPARTED_A,0101c200
190718093001,TAG_ARRIVED_A,0101c200
190718093002,SOLO_SUCCESS,0101c200
190718093006,TAG_DEPARTED_A,0101c200
190718093013,TAG_ARRIVED_A,0101c200
190718093014,SOLO_SUCCESS,0101c200
190718093022,TAG_DEPARTED_A,0101c200
190718093048,TAG_ARRIVED_A,0101c200
190718093049,SOLO_SUCCESS,0101c200
190718093051,TAG_DEPARTED_A,0101c200
190718093053,TAG_ARRIVED_A,01043c00
190718093054,SOLO_SUCCESS,01043c00
190718093056,TAG_ARRIVED_B,0101c200
190718093057,STARTCOOP_SUCCESS,01043c00_0101c200
190718093100,TAG_DEPARTED_A,01043c00
190718093102,ENDCOOP_SUCCESS,0101c200_
190718093102,TAG_DEPARTED_B,0101c200
190718093114,TAG_ARRIVED_B,0101c200
190718093115,SOLO_SUCCESS,0101c200
190718093119,TAG_ARRIVED_A,0101c200
190718093120,SOLO_SUCCESS,0101c200
190718093121,TAG_DEPARTED_B,0101c200
190718093122,TAG_ARRIVED_B,01021800
190718093122,STARTCOOP_FAIL,0101c200_01021800
190718093124,TAG_DEPARTED_A,0101c200
190718093125,TAG_ARRIVED_A,0101c200
190718093126,STARTCOOP_FAIL,01021800_0101c200
190718093126,ENDCOOP_FAIL,01021800_0101c200
190718093126,TAG_DEPARTED_B,01021800
190718093128,TAG_DEPARTED_A,0101c200
190718093136,TAG_ARRIVED_A,0101c200
190718093137,SOLO_FAIL,0101c200
190718093138,TAG_DEPARTED_A,0101c200
190718093152,TAG_ARRIVED_A,0101c200
190718093153,SOLO_FAIL,0101c200
190718093156,TAG_DEPARTED_A,0101c200
190718093158,TAG_ARRIVED_A,0101c200
190718093159,SOLO_FAIL,0101c200
190718093208,TAG_DEPARTED_A,0101c200
190718093217,TAG_ARRIVED_A,0101c200
190718093218,SOLO_FAIL,0101c200
190718093223,TAG_DEPARTED_A,0101c200
190718093226,TAG_ARRIVED_A,0101c200
190718093227,SOLO_FAIL,0101c200
190718093241,TAG_DEPARTED_A,0101c200
190718093253,TAG_ARRIVED_A,0101c200
190718093254,SOLO_FAIL,0101c200
190718093255,TAG_DEPARTED_A,0101c200
190718093258,TAG_ARRIVED_A,0101c200
190718093259,SOLO_FAIL,0101c200
190718093301,TAG_DEPARTED_A,0101c200
190718093301,TAG_ARRIVED_A,0101c200
190718093302,SOLO_FAIL,0101c200
190718093303,TAG_DEPARTED_A,0101c200
190718093315,TAG_ARRIVED_A,0101c200
190718093316,SOLO_FAIL,0101c200
190718093326,LOCKOUT_ENDED,
190718093328,TAG_ARRIVED_B,01021800
190718093329,STARTCOOP_FAIL,0101c200_01021800
190718093331,TAG_DEPARTED_A,0101c200
190718093333,TAG_ARRIVED_A,0101c200
190718093334,STARTCOOP_FAIL,01021800_0101c200
190718093335,TAG_DEPARTED_A,0101c200
190718093335,ENDCOOP_FAIL,01021800_
190718093335,TAG_DEPARTED_B,01021800
190718093336,TAG_ARRIVED_A,0101c200
190718093337,SOLO_FAIL,0101c200
190718093338,TAG_DEPARTED_A,0101c200
190718093342,TAG_ARRIVED_B,01021800
190718093342,SOLO_FAIL,01021800
190718093344,ENDCOOP_FAIL,01021800_
190718093344,TAG_DEPARTED_B,01021800
190718093344,TAG_ARRIVED_A,0101c200
190718093345,SOLO_FAIL,0101c200
190718093347,TAG_DEPARTED_A,0101c200
190718093348,TAG_ARRIVED_A,0101c200
190718093349,SOLO_FAIL,0101c200
190718093351,TAG_DEPARTED_A,0101c200
190718093354,TAG_ARRIVED_A,0101c200
190718093355,SOLO_FAIL,0101c200
190718093359,TAG_ARRIVED_B,01047d00
190718093400,STARTCOOP_SUCCESS,0101c200_01047d00
190718093400,TAG_DEPARTED_A,0101c200
190718093401,TAG_ARRIVED_A,0101c200
190718093402,STARTCOOP_SUCCESS,01047d00_0101c200
190718093403,TAG_DEPARTED_A,0101c200
190718093403,TAG_ARRIVED_A,0101c200
190718093404,STARTCOOP_SUCCESS,01047d00_0101c200
190718093417,TAG_DEPARTED_A,0101c200
190718093435,TAG_ARRIVED_A,0101c200
190718093436,STARTCOOP_SUCCESS,01047d00_0101c200
190718093439,ENDCOOP_SUCCESS,01047d00_0101c200
190718093439,TAG_DEPARTED_B,01047d00
190718093439,TAG_ARRIVED_B,01043c00
190718093440,STARTCOOP_SUCCESS,0101c200_01043c00
190718093441,ENDCOOP_SUCCESS,01043c00_0101c200
190718093441,TAG_DEPARTED_B,01043c00
190718093442,TAG_ARRIVED_B,01043c00
190718093443,STARTCOOP_SUCCESS,0101c200_01043c00
190718093443,ENDCOOP_SUCCESS,01043c00_0101c200
190718093444,TAG_DEPARTED_B,01043c00
190718093449,TAG_DEPARTED_A,0101c200
190718093457,TAG_ARRIVED_A,0101c200
190718093458,SOLO_FAIL,0101c200
190718093458,TAG_ARRIVED_B,01043c00
190718093459,STARTCOOP_SUCCESS,0101c200_01043c00
190718093501,TAG_DEPARTED_A,0101c200
190718093504,TAG_ARRIVED_A,0101c200
190718093505,STARTCOOP_SUCCESS,01043c00_0101c200
190718093505,ENDCOOP_SUCCESS,01043c00_0101c200
190718093505,TAG_DEPARTED_B,01043c00
190718093505,TAG_ARRIVED_B,01043c00
190718093507,STARTCOOP_SUCCESS,0101c200_01043c00
190718093521,ENDCOOP_SUCCESS,01043c00_0101c200
190718093521,TAG_DEPARTED_B,01043c00
190718093526,TAG_DEPARTED_A,0101c200
190718093527,TAG_ARRIVED_A,01043c00
190718093528,SOLO_FAIL,01043c00
190718093533,LOCKOUT_ENDED,
190718093536,TAG_DEPARTED_A,01043c00
190718093536,TAG_ARRIVED_A,01043c00
190718093537,SOLO_SUCCESS,01043c00
190718093540,TAG_ARRIVED_B,0101c200
190718093541,STARTCOOP_SUCCESS,01043c00_0101c200
190718093542,ENDCOOP_SUCCESS,0101c200_01043c00
190718093542,TAG_DEPARTED_B,0101c200
190718093544,TAG_DEPARTED_A,01043c00
190718093606,TAG_ARRIVED_A,0101c200
190718093607,SOLO_SUCCESS,0101c200
190718093608,TAG_ARRIVED_B,01047d00
190718093609,STARTCOOP_SUCCESS,0101c200_01047d00
190718093615,TAG_DEPARTED_A,0101c200
190718093616,ENDCOOP_SUCCESS,01047d00_
190718093616,TAG_DEPARTED_B,01047d00
190718093616,TAG_ARRIVED_A,0101c200
190718093617,SOLO_SUCCESS,0101c200
190718093623,TAG_ARRIVED_A,01050400
190718093623,SOLO_SUCCESS,01050400
190718093626,TAG_ARRIVED_B,0101c200
190718093628,STARTCOOP_FAIL,01050400_0101c200
190718093628,ENDCOOP_FAIL,0101c200_01050400
190718093629,TAG_DEPARTED_B,0101c200
190718093631,TAG_DEPARTED_A,01050400
190718093638,TAG_ARRIVED_A,01050400
190718093639,SOLO_FAIL,01050400
190718093640,TAG_ARRIVED_B,0101c200
190718093641,STARTCOOP_FAIL,01050400_0101c200
190718093644,ENDCOOP_FAIL,0101c200_01050400
190718093644,TAG_DEPARTED_B,0101c200
190718093657,TAG_ARRIVED_B,0101c200
190718093658,STARTCOOP_FAIL,01050400_0101c200
190718093728,ENDCOOP_FAIL,0101c200_01050400
190718093728,TAG_DEPARTED_B,0101c200
190718093731,TAG_DEPARTED_A,01050400
190718093731,TAG_ARRIVED_A,01050400
190718093732,SOLO_FAIL,01050400
190718093733,TAG_DEPARTED_A,01050400
190718093746,TAG_ARRIVED_A,01050400
190718093746,SOLO_FAIL,01050400
190718093802,TAG_DEPARTED_A,01050400
190718093829,TAG_ARRIVED_B,0101c200
190718093830,SOLO_FAIL,0101c200
190718093831,ENDCOOP_FAIL,0101c200_
190718093832,TAG_DEPARTED_B,0101c200
190718093837,TAG_ARRIVED_A,01050400
190718093837,SOLO_FAIL,01050400
190718093857,LOCKOUT_ENDED,
190718093859,TAG_ARRIVED_B,0101c200
190718093900,STARTCOOP_FAIL,01050400_0101c200
190718093934,ENDCOOP_FAIL,0101c200_01050400
190718093934,TAG_DEPARTED_B,0101c200
190718093935,TAG_DEPARTED_A,01050400
190718093941,TAG_ARRIVED_A,01050400
190718093941,SOLO_FAIL,01050400
190718093944,TAG_DEPARTED_A,01050400
190718094100,LOCKOUT_ENDED,
190718094111,TAG_ARRIVED_A,0104a700
190718094112,SOLO_SUCCESS,0104a700
190718094123,TAG_ARRIVED_B,01fe7600
190718094124,STARTCOOP_SUCCESS,0104a700_01fe7600
190718094126,TAG_DEPARTED_A,0104a700
190718094128,ENDCOOP_SUCCESS,01fe7600_
190718094128,TAG_DEPARTED_B,01fe7600
190718094129,TAG_ARRIVED_B,01fe7600
190718094130,SOLO_SUCCESS,01fe7600
190718094131,TAG_DEPARTED_B,01fe7600
190718094133,TAG_ARRIVED_B,01d41b00
190718094134,SOLO_SUCCESS,01d41b00
190718094134,TAG_ARRIVED_A,01fe7600
190718094134,STARTCOOP_FAIL,01d41b00_01fe7600
190718094135,ENDCOOP_FAIL,01d41b00_01fe7600
190718094135,TAG_DEPARTED_B,01d41b00
190718094135,TAG_DEPARTED_A,01fe7600
190718094137,TAG_ARRIVED_A,01d41b00
190718094138,SOLO_FAIL,01d41b00
190718094139,TAG_DEPARTED_A,01d41b00
190718094144,TAG_ARRIVED_A,01d41b00
190718094145,SOLO_FAIL,01d41b00
190718094146,TAG_DEPARTED_A,01d41b00
190718094155,TAG_ARRIVED_A,01d41b00
190718094156,SOLO_FAIL,01d41b00
190718094158,TAG_DEPARTED_A,01d41b00
190718094158,TAG_ARRIVED_B,0102ae00
190718094159,SOLO_FAIL,0102ae00
190718094218,ENDCOOP_FAIL,0102ae00_
190718094218,TAG_DEPARTED_B,0102ae00
190718094226,TAG_ARRIVED_B,01b49c00
190718094227,SOLO_FAIL,01b49c00
190718094228,TAG_ARRIVED_A,01d41b00
190718094229,STARTCOOP_SUCCESS,01b49c00_01d41b00
190718094230,ENDCOOP_SUCCESS,01b49c00_01d41b00
190718094230,TAG_DEPARTED_B,01b49c00
190718094230,TAG_DEPARTED_A,01d41b00
190718094231,TAG_ARRIVED_B,01d41b00
190718094232,SOLO_FAIL,01d41b00
190718094233,TAG_ARRIVED_A,0102ae00
190718094234,STARTCOOP_FAIL,01d41b00_0102ae00
190718094235,ENDCOOP_FAIL,01d41b00_0102ae00
190718094236,TAG_DEPARTED_B,01d41b00
190718094237,TAG_ARRIVED_B,01d41b00
190718094238,STARTCOOP_FAIL,0102ae00_01d41b00
190718094239,TAG_DEPARTED_A,0102ae00
190718094243,ENDCOOP_FAIL,01d41b00_
190718094244,TAG_DEPARTED_B,01d41b00
190718094245,TAG_ARRIVED_B,01d41b00
190718094246,SOLO_FAIL,01d41b00
190718094246,TAG_ARRIVED_A,0102ae00
190718094246,STARTCOOP_FAIL,01d41b00_0102ae00
190718094247,ENDCOOP_FAIL,01d41b00_0102ae00
190718094247,TAG_DEPARTED_B,01d41b00
190718094249,TAG_ARRIVED_B,01d41b00
190718094250,STARTCOOP_FAIL,0102ae00_01d41b00
190718094254,TAG_DEPARTED_A,0102ae00
190718094257,ENDCOOP_FAIL,01d41b00_
190718094257,TAG_DEPARTED_B,01d41b00
190718094258,TAG_ARRIVED_A,01bb2200
190718094259,SOLO_FAIL,01bb2200
190718094302,TAG_ARRIVED_B,01036100
190718094303,STARTCOOP_SUCCESS,01bb2200_01036100
190718094306,TAG_ARRIVED_B,01d41b00
190718094307,STARTCOOP_SUCCESS,01bb2200_01d41b00
190718094307,TAG_DEPARTED_A,01bb2200
190718094317,TAG_ARRIVED_A,01bb2200
190718094318,STARTCOOP_SUCCESS,01d41b00_01bb2200
190718094319,ENDCOOP_SUCCESS,01d41b00_01bb2200
190718094319,TAG_DEPARTED_B,01d41b00
190718094319,TAG_ARRIVED_B,01d41b00
190718094320,STARTCOOP_SUCCESS,01bb2200_01d41b00
190718094321,TAG_DEPARTED_A,01bb2200
190718094325,ENDCOOP_SUCCESS,01d41b00_
190718094325,TAG_DEPARTED_B,01d41b00
190718094326,TAG_ARRIVED_B,01d41b00
190718094327,SOLO_FAIL,01d41b00
190718094334,TAG_ARRIVED_A,01bb2200
190718094335,STARTCOOP_SUCCESS,01d41b00_01bb2200
190718094336,TAG_DEPARTED_A,01bb2200
190718094337,ENDCOOP_SUCCESS,01d41b00_
190718094337,TAG_DEPARTED_B,01d41b00
190718094337,TAG_ARRIVED_B,01d41b00
190718094338,SOLO_FAIL,01d41b00
190718094343,TAG_ARRIVED_A,01bb2200
190718094345,STARTCOOP_SUCCESS,01d41b00_01bb2200
190718094345,TAG_DEPARTED_A,01bb2200
190718094346,TAG_ARRIVED_A,01bb2200
190718094347,STARTCOOP_SUCCESS,01d41b00_01bb2200
190718094348,ENDCOOP_SUCCESS,01d41b00_01bb2200
190718094348,TAG_DEPARTED_B,01d41b00
190718094348,TAG_DEPARTED_A,01bb2200
190718094357,TAG_ARRIVED_B,01d41b00
190718094358,SOLO_FAIL,01d41b00
190718094358,TAG_ARRIVED_A,01bb2200
190718094359,STARTCOOP_SUCCESS,01d41b00_01bb2200
190718094359,TAG_DEPARTED_A,01bb2200
190718094359,TAG_DEPARTED_B,01d41b00
190718094400,TAG_ARRIVED_B,01d41b00
190718094401,SOLO_FAIL,01d41b00
190718094401,TAG_ARRIVED_A,01bb2200
190718094402,STARTCOOP_SUCCESS,01d41b00_01bb2200
190718094403,TAG_DEPARTED_A,01bb2200
190718094403,TAG_ARRIVED_A,01bb2200
190718094404,STARTCOOP_SUCCESS,01d41b00_01bb2200
190718094405,TAG_DEPARTED_A,01bb2200
190718094405,TAG_ARRIVED_A,01bb2200
190718094406,STARTCOOP_SUCCESS,01d41b00_01bb2200
190718094409,TAG_DEPARTED_A,01bb2200
190718094410,TAG_ARRIVED_A,01bb2200
190718094411,STARTCOOP_SUCCESS,01d41b00_01bb2200
190718094418,TAG_DEPARTED_A,01bb2200
190718094418,TAG_ARRIVED_A,01bb2200
190718094419,STARTCOOP_SUCCESS,01d41b00_01bb2200
190718094419,ENDCOOP_SUCCESS,01d41b00_01bb2200
190718094419,TAG_DEPARTED_B,01d41b00
190718094420,TAG_DEPARTED_A,01bb2200
190718094421,TAG_ARRIVED_A,01bb2200
190718094423,SOLO_FAIL,01bb2200
190718094424,TAG_ARRIVED_B,01d41b00
190718094425,STARTCOOP_SUCCESS,01bb2200_01d41b00
190718094426,ENDCOOP_SUCCESS,01d41b00_01bb2200
190718094426,TAG_DEPARTED_B,01d41b00
190718094426,TAG_ARRIVED_B,01d41b00
190718094428,STARTCOOP_SUCCESS,01bb2200_01d41b00
190718094428,TAG_DEPARTED_A,01bb2200
190718094449,TAG_ARRIVED_A,01bb2200
190718094450,STARTCOOP_SUCCESS,01d41b00_01bb2200
190718094450,ENDCOOP_SUCCESS,01d41b00_01bb2200
190718094450,TAG_DEPARTED_B,01d41b00
190718094451,TAG_ARRIVED_B,01d41b00
190718094452,STARTCOOP_SUCCESS,01bb2200_01d41b00
190718094452,TAG_DEPARTED_A,01bb2200
190718094453,TAG_ARRIVED_A,01bb2200
190718094454,STARTCOOP_SUCCESS,01d41b00_01bb2200
190718094455,ENDCOOP_SUCCESS,01d41b00_01bb2200
190718094456,TAG_DEPARTED_B,01d41b00
190718094511,TAG_DEPARTED_A,01bb2200
190718094522,TAG_ARRIVED_B,01d41b00
190718094523,SOLO_SUCCESS,01d41b00
190718094524,TAG_ARRIVED_A,01bb2200
190718094525,STARTCOOP_SUCCESS,01d41b00_01bb2200
190718094527,TAG_DEPARTED_A,01bb2200
190718094531,ENDCOOP_SUCCESS,01d41b00_
190718094531,TAG_DEPARTED_B,01d41b00
190718094537,TAG_ARRIVED_B,01d41b00
190718094538,SOLO_SUCCESS,01d41b00
190718094539,TAG_DEPARTED_B,01d41b00
190718094541,TAG_ARRIVED_B,0102ae00
190718094542,SOLO_SUCCESS,0102ae00
190718094551,TAG_DEPARTED_B,0102ae00
190718094551,TAG_ARRIVED_B,01bb2200
190718094552,SOLO_SUCCESS,01bb2200
190718094558,TAG_DEPARTED_B,01bb2200
190718094603,TAG_ARRIVED_B,01bb2200
190718094604,SOLO_SUCCESS,01bb2200
190718094605,TAG_ARRIVED_A,0102ae00
190718094606,STARTCOOP_FAIL,01bb2200_0102ae00
190718094606,ENDCOOP_FAIL,01bb2200_0102ae00
190718094607,TAG_DEPARTED_B,01bb2200
190718094607,TAG_DEPARTED_A,0102ae00
190718094615,TAG_ARRIVED_A,0102ae00
190718094616,SOLO_FAIL,0102ae00
190718094643,TAG_DEPARTED_A,0102ae00
190718094648,TAG_ARRIVED_A,0102ae00
190718094648,SOLO_FAIL,0102ae00
190718094651,TAG_DEPARTED_A,0102ae00
190718094657,TAG_ARRIVED_A,0102ae00
190718094657,SOLO_FAIL,0102ae00
190718094659,TAG_DEPARTED_A,0102ae00
190718094702,TAG_ARRIVED_A,0102ae00
190718094702,SOLO_FAIL,0102ae00
190718094707,TAG_DEPARTED_A,0102ae00
190718094710,TAG_ARRIVED_A,0102ae00
190718094711,SOLO_FAIL,0102ae00
190718094713,TAG_DEPARTED_A,0102ae00
190718094718,TAG_ARRIVED_A,0102ae00
190718094719,SOLO_FAIL,0102ae00
190718094722,TAG_DEPARTED_A,0102ae00
190718094723,TAG_ARRIVED_A,0102ae00
190718094724,SOLO_FAIL,0102ae00
190718094734,TAG_DEPARTED_A,0102ae00
190718094743,TAG_ARRIVED_A,0102ae00
190718094743,SOLO_FAIL,0102ae00
190718094754,TAG_DEPARTED_A,0102ae00
190718094754,TAG_ARRIVED_A,0102ae00
190718094755,SOLO_FAIL,0102ae00
190718094806,LOCKOUT_ENDED,
190718094806,TAG_DEPARTED_A,0102ae00
190718094818,TAG_ARRIVED_A,0102ae00
190718094818,SOLO_SUCCESS,0102ae00
190718094827,TAG_DEPARTED_A,0102ae00
190718094834,TAG_ARRIVED_A,0102ae00
190718094834,SOLO_SUCCESS,0102ae00
190718094839,TAG_DEPARTED_A,0102ae00
190718094840,TAG_ARRIVED_A,0102ae00
190718094841,SOLO_SUCCESS,0102ae00
190718094853,TAG_DEPARTED_A,0102ae00
190718094858,TAG_ARRIVED_A,0102ae00
190718094859,SOLO_SUCCESS,0102ae00
190718094859,TAG_ARRIVED_B,07991800
190718094900,STARTCOOP_SUCCESS,0102ae00_07991800
190718094900,TAG_DEPARTED_A,0102ae00
190718094902,TAG_ARRIVED_A,0102ae00
190718094902,STARTCOOP_SUCCESS,07991800_0102ae00
190718094907,TAG_DEPARTED_A,0102ae00
190718094908,ENDCOOP_SUCCESS,07991800_
190718094909,TAG_DEPARTED_B,07991800
190718094919,TAG_ARRIVED_A,0102ae00
190718094920,SOLO_SUCCESS,0102ae00
190718094920,TAG_ARRIVED_B,07991800
190718094920,STARTCOOP_SUCCESS,0102ae00_07991800
190718094928,TAG_DEPARTED_A,0102ae00
190718094929,ENDCOOP_SUCCESS,07991800_
190718094929,TAG_DEPARTED_B,07991800
190718094931,TAG_ARRIVED_B,07991800
190718094931,SOLO_SUCCESS,07991800
190718094937,TAG_DEPARTED_B,07991800
190718095040,TAG_ARRIVED_B,07991800
190718095040,SOLO_SUCCESS,07991800
190718095046,TAG_DEPARTED_B,07991800
190718095139,TAG_ARRIVED_B,07991800
190718095140,SOLO_SUCCESS,07991800
190718095144,TAG_DEPARTED_B,07991800
190718095147,TAG_ARRIVED_B,07991800
190718095147,SOLO_SUCCESS,07991800
190718095153,TAG_DEPARTED_B,07991800
190718095154,TAG_ARRIVED_B,07991800
190718095154,SOLO_SUCCESS,07991800
190718095156,TAG_DEPARTED_B,07991800
190718095206,TAG_ARRIVED_B,07991800
190718095206,SOLO_SUCCESS,07991800
190718095212,TAG_DEPARTED_B,07991800
190718095248,TAG_ARRIVED_B,07991800
190718095249,SOLO_SUCCESS,07991800
190718095304,TAG_DEPARTED_B,07991800
190718095424,TAG_ARRIVED_B,07991800
190718095424,SOLO_SUCCESS,07991800
190718095426,TAG_DEPARTED_B,07991800
190718095517,TAG_ARRIVED_B,01c4ca00
190718095518,SOLO_SUCCESS,01c4ca00
190718095521,TAG_DEPARTED_B,01c4ca00
190718095523,TAG_ARRIVED_B,01c4ca00
190718095524,SOLO_SUCCESS,01c4ca00
190718095525,TAG_DEPARTED_B,01c4ca00
190718095528,TAG_ARRIVED_B,01c4ca00
190718095529,SOLO_SUCCESS,01c4ca00
190718095536,TAG_DEPARTED_B,01c4ca00
190718095559,TAG_ARRIVED_B,01c4ca00
190718095600,SOLO_SUCCESS,01c4ca00
190718095602,TAG_DEPARTED_B,01c4ca00
190718095606,TAG_ARRIVED_B,0104a600
190718095607,SOLO_SUCCESS,0104a600
190718095612,TAG_DEPARTED_B,0104a600
190718095613,TAG_ARRIVED_B,0104a600
190718095614,SOLO_SUCCESS,0104a600
190718095617,TAG_DEPARTED_B,0104a600
190718095619,TAG_ARRIVED_B,0104a600
190718095620,SOLO_SUCCESS,0104a600
190718095621,TAG_DEPARTED_B,0104a600
190718095623,TAG_ARRIVED_B,0104a600
190718095624,SOLO_SUCCESS,0104a600
190718095630,TAG_DEPARTED_B,0104a600
190718095649,TAG_ARRIVED_B,0104a600
190718095650,SOLO_SUCCESS,0104a600
190718095651,TAG_DEPARTED_B,0104a600
190718095653,TAG_ARRIVED_B,0104a600
190718095654,SOLO_SUCCESS,0104a600
190718095657,TAG_DEPARTED_B,0104a600
190718095730,TAG_ARRIVED_B,0104a600
190718095731,SOLO_SUCCESS,0104a600
190718095733,TAG_DEPARTED_B,0104a600
190718095736,TAG_ARRIVED_B,0104a600
190718095737,SOLO_SUCCESS,0104a600
190718095740,TAG_DEPARTED_B,0104a600
190718095743,TAG_ARRIVED_B,0104a600
190718095744,SOLO_SUCCESS,0104a600
190718095745,TAG_DEPARTED_B,0104a600
190718095809,TAG_ARRIVED_B,0104a600
190718095810,SOLO_SUCCESS,0104a600
190718095811,TAG_DEPARTED_B,0104a600
190718095842,TAG_ARRIVED_B,0104a600
190718095843,SOLO_SUCCESS,0104a600
190718095845,TAG_DEPARTED_B,0104a600
190718095848,TAG_ARRIVED_B,0104a600
190718095849,SOLO_SUCCESS,0104a600
190718095854,TAG_DEPARTED_B,0104a600
190718095859,TAG_ARRIVED_B,0104a600
190718095900,SOLO_SUCCESS,0104a600
190718095901,TAG_DEPARTED_B,0104a600
190718095932,TAG_ARRIVED_B,0104a600
190718095933,SOLO_SUCCESS,0104a600
190718100006,TAG_DEPARTED_B,0104a600
190718100014,TAG_ARRIVED_B,0104a600
190718100015,SOLO_SUCCESS,0104a600
190718100016,TAG_DEPARTED_B,0104a600
190718100018,TAG_ARRIVED_B,0104a600
190718100019,SOLO_SUCCESS,0104a600
190718100021,TAG_DEPARTED_B,0104a600
190718100041,TAG_ARRIVED_B,0104a600
190718100042,SOLO_SUCCESS,0104a600
190718100051,TAG_DEPARTED_B,0104a600
190718100106,TAG_ARRIVED_B,0104a600
190718100107,SOLO_SUCCESS,0104a600
190718100110,TAG_DEPARTED_B,0104a600
