190502062237,START_EXPERIMENT,
190502072513,TAG_ARRIVED_B,018feb00
190502072513,SOLO_SUCCESS,018feb00
190502072515,TAG_DEPARTED_B,018feb00
190502072537,TAG_ARRIVED_A,018feb00
190502072537,SOLO_SUCCESS,018feb00
190502072542,TAG_DEPARTED_A,018feb00
190502083627,TAG_ARRIVED_B,017e1f00
190502083628,SOLO_SUCCESS,017e1f00
190502083629,TAG_DEPARTED_B,017e1f00
190502083639,TAG_ARRIVED_B,017e1f00
190502083640,SOLO_SUCCESS,017e1f00
190502083642,TAG_DEPARTED_B,017e1f00
190502083642,TAG_ARRIVED_B,017e1f00
190502083643,SOLO_SUCCESS,017e1f00
190502083644,TAG_DEPARTED_B,017e1f00
190502083707,TAG_ARRIVED_B,017e1f00
190502083709,SOLO_SUCCESS,017e1f00
190502083709,TAG_DEPARTED_B,017e1f00
190502090152,TAG_ARRIVED_A,018d9900
190502090153,SOLO_SUCCESS,018d9900
190502090157,TAG_DEPARTED_A,018d9900
190502090200,TAG_ARRIVED_A,018d9900
190502090201,SOLO_SUCCESS,018d9900
190502090202,TAG_DEPARTED_A,018d9900
190502090210,TAG_ARRIVED_A,018d9900
190502090210,SOLO_SUCCESS,018d9900
190502090213,TAG_DEPARTED_A,018d9900
190502090214,TAG_ARRIVED_A,018d9900
190502090215,SOLO_SUCCESS,018d9900
190502090216,TAG_DEPARTED_A,018d9900
190502090218,TAG_ARRIVED_A,018d9900
190502090219,SOLO_SUCCESS,018d9900
190502090219,TAG_ARRIVED_A,01181900
190502090219,SOLO_SUCCESS,01181900
190502090221,TAG_DEPARTED_A,01181900
190502091551,TAG_ARRIVED_B,018feb00
190502091552,SOLO_SUCCESS,018feb00
190502091553,TAG_DEPARTED_B,018feb00
190502091627,TAG_ARRIVED_A,018feb00
190502091627,SOLO_SUCCESS,018feb00
190502091629,TAG_DEPARTED_A,018feb00
