190620060331,START_EXPERIMENT,
190620062129,TAG_ARRIVED_B,01e14200
190620062130,SOLO_SUCCESS,01e14200
190620062132,TAG_DEPARTED_B,01e14200
190620062144,TAG_ARRIVED_B,01037b00
190620062145,SOLO_SUCCESS,01037b00
190620062149,TAG_DEPARTED_B,01037b00
190620062152,TAG_ARRIVED_B,01037b00
190620062153,SOLO_SUCCESS,01037b00
190620062155,TAG_DEPARTED_B,01037b00
190620062200,TAG_ARRIVED_B,018ef600
190620062201,SOLO_SUCCESS,018ef600
190620062202,TAG_ARRIVED_B,01037b00
190620062203,SOLO_SUCCESS,01037b00
190620062204,TAG_DEPARTED_B,01037b00
190620062211,TAG_ARRIVED_B,01037b00
190620062212,SOLO_SUCCESS,01037b00
190620062223,TAG_DEPARTED_B,01037b00
190620062224,TAG_ARRIVED_B,01037b00
190620062225,SOLO_SUCCESS,01037b00
190620062226,TAG_DEPARTED_B,01037b00
190620062232,TAG_ARRIVED_B,01037b00
190620062233,SOLO_SUCCESS,01037b00
190620062234,TAG_DEPARTED_B,01037b00
190620062238,TAG_ARRIVED_B,01037b00
190620062239,SOLO_SUCCESS,01037b00
190620062241,TAG_DEPARTED_B,01037b00
190620062241,TAG_ARRIVED_B,01037b00
190620062242,SOLO_SUCCESS,01037b00
190620062243,TAG_DEPARTED_B,01037b00
190620062247,TAG_ARRIVED_B,01037b00
190620062248,SOLO_SUCCESS,01037b00
190620062249,TAG_DEPARTED_B,01037b00
190620062300,TAG_ARRIVED_B,01037b00
190620062301,SOLO_SUCCESS,01037b00
190620062302,TAG_DEPARTED_B,01037b00
190620062310,TAG_ARRIVED_B,01037b00
190620062311,SOLO_SUCCESS,01037b00
190620062314,TAG_DEPARTED_B,01037b00
190620062347,TAG_ARRIVED_B,01037b00
190620062348,SOLO_SUCCESS,01037b00
190620062401,TAG_DEPARTED_B,01037b00
190620062409,TAG_ARRIVED_B,01e01400
190620062409,SOLO_SUCCESS,01e01400
190620062411,TAG_DEPARTED_B,01e01400
190620062419,TAG_ARRIVED_B,01e01400
190620062420,SOLO_SUCCESS,01e01400
190620062423,TAG_DEPARTED_B,01e01400
190620062433,TAG_ARRIVED_B,01e01400
190620062434,SOLO_SUCCESS,01e01400
190620062437,TAG_DEPARTED_B,01e01400
190620062441,TAG_ARRIVED_B,01e01400
190620062442,SOLO_SUCCESS,01e01400
190620062447,TAG_DEPARTED_B,01e01400
190620062451,TAG_ARRIVED_B,01026c00
190620062451,SOLO_SUCCESS,01026c00
190620062452,TAG_ARRIVED_B,01e01400
190620062453,SOLO_SUCCESS,01e01400
190620062458,TAG_DEPARTED_B,01e01400
190620062545,TAG_ARRIVED_B,01037b00
190620062546,SOLO_SUCCESS,01037b00
190620062547,TAG_DEPARTED_B,01037b00
190620062553,TAG_ARRIVED_B,01e01400
190620062554,SOLO_SUCCESS,01e01400
190620062557,TAG_DEPARTED_B,01e01400
190620062618,TAG_ARRIVED_B,01e01400
190620062619,SOLO_SUCCESS,01e01400
190620062625,TAG_DEPARTED_B,01e01400
190620062635,TAG_ARRIVED_B,01026c00
190620062635,SOLO_SUCCESS,01026c00
190620062640,TAG_DEPARTED_B,01026c00
190620062641,TAG_ARRIVED_B,01026c00
190620062642,SOLO_SUCCESS,01026c00
190620062703,TAG_DEPARTED_B,01026c00
190620063017,TAG_ARRIVED_B,013d7200
190620063018,SOLO_SUCCESS,013d7200
190620063019,TAG_DEPARTED_B,013d7200
190620063245,TAG_ARRIVED_B,01c4ca00
190620063246,SOLO_SUCCESS,01c4ca00
190620063248,TAG_DEPARTED_B,01c4ca00
190620063249,TAG_ARRIVED_B,01c4ca00
190620063249,SOLO_SUCCESS,01c4ca00
190620063252,TAG_DEPARTED_B,01c4ca00
190620063258,TAG_ARRIVED_B,01c4ca00
190620063259,SOLO_SUCCESS,01c4ca00
190620063302,TAG_DEPARTED_B,01c4ca00
190620063306,TAG_ARRIVED_B,01c4ca00
190620063307,SOLO_SUCCESS,01c4ca00
190620063308,TAG_DEPARTED_B,01c4ca00
190620063332,TAG_ARRIVED_B,01c4ca00
190620063333,SOLO_SUCCESS,01c4ca00
190620063334,TAG_DEPARTED_B,01c4ca00
190620063347,TAG_ARRIVED_B,01c4ca00
190620063348,SOLO_SUCCESS,01c4ca00
190620063350,TAG_DEPARTED_B,01c4ca00
190620063354,TAG_ARRIVED_B,01c4ca00
190620063355,SOLO_SUCCESS,01c4ca00
190620063402,TAG_DEPARTED_B,01c4ca00
190620063403,TAG_ARRIVED_B,01c4ca00
190620063404,SOLO_SUCCESS,01c4ca00
190620063405,TAG_DEPARTED_B,01c4ca00
190620063407,TAG_ARRIVED_B,01c4ca00
190620063407,SOLO_SUCCESS,01c4ca00
190620063412,TAG_DEPARTED_B,01c4ca00
190620063416,TAG_ARRIVED_B,01c4ca00
190620063417,SOLO_SUCCESS,01c4ca00
190620063421,TAG_DEPARTED_B,01c4ca00
190620063432,TAG_ARRIVED_B,01c4ca00
190620063432,SOLO_SUCCESS,01c4ca00
190620063434,TAG_DEPARTED_B,01c4ca00
190620063446,TAG_ARRIVED_B,01c4ca00
190620063447,SOLO_SUCCESS,01c4ca00
190620063500,TAG_DEPARTED_B,01c4ca00
190620063512,TAG_ARRIVED_B,01c4ca00
190620063513,SOLO_SUCCESS,01c4ca00
190620063514,TAG_DEPARTED_B,01c4ca00
190620063514,TAG_ARRIVED_B,01c4ca00
190620063515,SOLO_SUCCESS,01c4ca00
190620063518,TAG_DEPARTED_B,01c4ca00
190620063522,TAG_ARRIVED_B,01c4ca00
190620063523,SOLO_SUCCESS,01c4ca00
190620063523,TAG_ARRIVED_A,01c4ca00
190620063524,SOLO_SUCCESS,01c4ca00
190620063524,TAG_DEPARTED_B,01c4ca00
190620063529,TAG_DEPARTED_A,01c4ca00
190620063534,TAG_ARRIVED_A,01c4ca00
190620063535,SOLO_SUCCESS,01c4ca00
190620063543,TAG_DEPARTED_A,01c4ca00
190620063544,TAG_ARRIVED_A,01c4ca00
190620063545,SOLO_SUCCESS,01c4ca00
190620063546,TAG_ARRIVED_B,0102d900
190620063547,STARTCOOP_SUCCESS,01c4ca00_0102d900
190620063549,TAG_DEPARTED_A,01c4ca00
190620063553,ENDCOOP_SUCCESS,0102d900_
190620063553,TAG_DEPARTED_B,0102d900
190620063556,TAG_ARRIVED_A,01c4ca00
190620063557,SOLO_SUCCESS,01c4ca00
190620063558,TAG_DEPARTED_A,01c4ca00
190620063602,TAG_ARRIVED_A,01c4ca00
190620063603,SOLO_SUCCESS,01c4ca00
190620063609,TAG_DEPARTED_A,01c4ca00
190620063612,TAG_ARRIVED_B,01c4ca00
190620063613,SOLO_SUCCESS,01c4ca00
190620063616,TAG_ARRIVED_A,01e14200
190620063617,STARTCOOP_FAIL,01c4ca00_01e14200
190620063621,ENDCOOP_FAIL,01c4ca00_01e14200
190620063621,TAG_DEPARTED_B,01c4ca00
190620063621,TAG_DEPARTED_A,01e14200
190620063622,TAG_ARRIVED_B,01c4ca00
190620063623,SOLO_FAIL,01c4ca00
190620063624,ENDCOOP_FAIL,01c4ca00_
190620063624,TAG_DEPARTED_B,01c4ca00
190620063706,TAG_ARRIVED_B,01c4ca00
190620063707,SOLO_FAIL,01c4ca00
190620063712,ENDCOOP_FAIL,01c4ca00_
190620063712,TAG_DEPARTED_B,01c4ca00
190620063713,TAG_ARRIVED_A,01c4ca00
190620063714,SOLO_FAIL,01c4ca00
190620063721,TAG_DEPARTED_A,01c4ca00
190620063722,TAG_ARRIVED_A,01c4ca00
190620063723,SOLO_FAIL,01c4ca00
190620063733,TAG_DEPARTED_A,01c4ca00
190620063817,LOCKOUT_ENDED,
190620063827,TAG_ARRIVED_A,01e01400
190620063828,SOLO_SUCCESS,01e01400
190620063857,TAG_DEPARTED_A,01e01400
190620063858,TAG_ARRIVED_B,01e01400
190620063859,SOLO_SUCCESS,01e01400
190620063905,TAG_DEPARTED_B,01e01400
190620063906,TAG_ARRIVED_A,01e01400
190620063906,SOLO_SUCCESS,01e01400
190620063910,TAG_DEPARTED_A,01e01400
190620063917,TAG_ARRIVED_A,01e01400
190620063917,SOLO_SUCCESS,01e01400
190620063918,TAG_DEPARTED_A,01e01400
190620063919,TAG_ARRIVED_A,01e01400
190620063920,SOLO_SUCCESS,01e01400
190620063935,TAG_DEPARTED_A,01e01400
190620064835,TAG_ARRIVED_B,01471d00
190620064835,SOLO_SUCCESS,01471d00
190620064839,TAG_DEPARTED_B,01471d00
190620064841,TAG_ARRIVED_B,01471d00
190620064841,SOLO_SUCCESS,01471d00
190620064843,TAG_DEPARTED_B,01471d00
190620064843,TAG_ARRIVED_B,01471d00
190620064844,SOLO_SUCCESS,01471d00
190620064847,TAG_DEPARTED_B,01471d00
190620064902,TAG_ARRIVED_B,01471d00
190620064903,SOLO_SUCCESS,01471d00
190620064903,TAG_ARRIVED_A,0102d900
190620064904,STARTCOOP_FAIL,01471d00_0102d900
190620064905,TAG_DEPARTED_A,0102d900
190620064919,ENDCOOP_FAIL,01471d00_
190620064919,TAG_DEPARTED_B,01471d00
190620064922,TAG_ARRIVED_A,01471d00
190620064923,SOLO_FAIL,01471d00
190620064926,TAG_DEPARTED_A,01471d00
190620064927,TAG_ARRIVED_A,01471d00
190620064927,SOLO_FAIL,01471d00
190620064929,TAG_DEPARTED_A,01471d00
190620064931,TAG_ARRIVED_A,01471d00
190620064932,SOLO_FAIL,01471d00
190620064934,TAG_DEPARTED_A,01471d00
190620065105,LOCKOUT_ENDED,
190620065422,TAG_ARRIVED_A,01037b00
190620065423,SOLO_SUCCESS,01037b00
190620065426,TAG_ARRIVED_B,0103f300
190620065426,STARTCOOP_FAIL,01037b00_0103f300
190620065428,ENDCOOP_FAIL,0103f300_01037b00
190620065428,TAG_DEPARTED_B,0103f300
190620065428,TAG_DEPARTED_A,01037b00
190620065429,TAG_ARRIVED_B,0103f300
190620065429,SOLO_FAIL,0103f300
190620065434,TAG_ARRIVED_A,01037b00
190620065435,STARTCOOP_FAIL,0103f300_01037b00
190620065439,TAG_DEPARTED_A,01037b00
190620065441,TAG_ARRIVED_A,01037b00
190620065442,STARTCOOP_FAIL,0103f300_01037b00
190620065443,TAG_DEPARTED_A,01037b00
190620065443,TAG_ARRIVED_A,01037b00
190620065444,STARTCOOP_FAIL,0103f300_01037b00
190620065445,TAG_DEPARTED_A,01037b00
190620065445,TAG_ARRIVED_A,01037b00
190620065446,STARTCOOP_FAIL,0103f300_01037b00
190620065447,ENDCOOP_FAIL,0103f300_01037b00
190620065447,TAG_DEPARTED_B,0103f300
190620065451,TAG_DEPARTED_A,01037b00
190620065511,TAG_ARRIVED_A,01037b00
190620065511,SOLO_FAIL,01037b00
190620065532,TAG_DEPARTED_A,01037b00
190620065534,TAG_ARRIVED_A,01037b00
190620065535,SOLO_FAIL,01037b00
190620065538,TAG_DEPARTED_A,01037b00
190620065553,TAG_ARRIVED_A,01037b00
190620065554,SOLO_FAIL,01037b00
190620065603,TAG_ARRIVED_B,01037b00
190620065604,SOLO_FAIL,01037b00
190620065604,TAG_DEPARTED_A,01037b00
190620065619,TAG_ARRIVED_A,01037b00
190620065620,SOLO_FAIL,01037b00
190620065620,ENDCOOP_FAIL,01037b00_01037b00
190620065620,TAG_DEPARTED_B,01037b00
190620065621,TAG_DEPARTED_A,01037b00
190620065621,TAG_ARRIVED_A,01037b00
190620065622,SOLO_FAIL,01037b00
190620065646,LOCKOUT_ENDED,
190620065650,TAG_DEPARTED_A,01037b00
190620065651,TAG_ARRIVED_A,01037b00
190620065652,SOLO_SUCCESS,01037b00
190620065653,TAG_DEPARTED_A,01037b00
190620065658,TAG_ARRIVED_A,01037b00
190620065659,SOLO_SUCCESS,01037b00
190620065700,TAG_ARRIVED_B,0103f300
190620065701,STARTCOOP_FAIL,01037b00_0103f300
190620065701,TAG_DEPARTED_A,01037b00
190620065702,ENDCOOP_FAIL,0103f300_
190620065703,TAG_DEPARTED_B,0103f300
190620065703,TAG_ARRIVED_A,01037b00
190620065704,SOLO_FAIL,01037b00
190620065712,TAG_ARRIVED_B,0103f300
190620065713,STARTCOOP_FAIL,01037b00_0103f300
190620065714,TAG_DEPARTED_A,01037b00
190620065714,TAG_ARRIVED_A,01037b00
190620065715,STARTCOOP_FAIL,0103f300_01037b00
190620065716,TAG_ARRIVED_B,01037b00
190620065717,SOLO_FAIL,01037b00
190620065717,TAG_DEPARTED_A,01037b00
190620065718,TAG_ARRIVED_A,01037b00
190620065719,SOLO_FAIL,01037b00
190620065719,ENDCOOP_FAIL,01037b00_01037b00
190620065719,TAG_DEPARTED_B,01037b00
190620065720,TAG_ARRIVED_B,0103f300
190620065720,STARTCOOP_FAIL,01037b00_0103f300
190620065726,ENDCOOP_FAIL,0103f300_01037b00
190620065726,TAG_DEPARTED_B,0103f300
190620065726,TAG_ARRIVED_B,0103f300
190620065727,STARTCOOP_FAIL,01037b00_0103f300
190620065727,TAG_DEPARTED_B,0103f300
190620065727,REPLACEMENT,01037b00_0103f300
190620065727,TAG_ARRIVED_B,01037b00
190620065728,SOLO_FAIL,01037b00
190620065728,TAG_DEPARTED_A,01037b00
190620065736,TAG_ARRIVED_A,01037b00
190620065737,SOLO_FAIL,01037b00
190620065737,ENDCOOP_FAIL,01037b00_01037b00
190620065737,TAG_DEPARTED_B,01037b00
190620065752,TAG_DEPARTED_A,01037b00
190620065755,TAG_ARRIVED_B,01037b00
190620065756,SOLO_FAIL,01037b00
190620065807,ENDCOOP_FAIL,01037b00_
190620065807,TAG_DEPARTED_B,01037b00
190620065808,TAG_ARRIVED_A,01037b00
190620065809,SOLO_FAIL,01037b00
190620065819,TAG_DEPARTED_A,01037b00
190620065821,TAG_ARRIVED_A,0103f300
190620065822,SOLO_FAIL,0103f300
190620065833,TAG_DEPARTED_A,0103f300
190620065833,TAG_ARRIVED_A,0103f300
190620065833,SOLO_FAIL,0103f300
190620065836,TAG_DEPARTED_A,0103f300
190620065837,TAG_ARRIVED_A,0103f300
190620065837,SOLO_FAIL,0103f300
190620065855,TAG_ARRIVED_B,0103f300
190620065856,SOLO_FAIL,0103f300
190620065856,TAG_DEPARTED_A,0103f300
190620065904,ENDCOOP_FAIL,0103f300_
190620065904,TAG_DEPARTED_B,0103f300
190620065905,TAG_ARRIVED_B,0103f300
190620065905,SOLO_FAIL,0103f300
190620065917,ENDCOOP_FAIL,0103f300_
190620065917,TAG_DEPARTED_B,0103f300
190620065918,TAG_ARRIVED_A,0103f300
190620065918,SOLO_FAIL,0103f300
190620065926,LOCKOUT_ENDED,
190620065929,TAG_DEPARTED_A,0103f300
190620065940,TAG_ARRIVED_A,0103f300
190620065941,SOLO_SUCCESS,0103f300
190620065944,TAG_ARRIVED_A,01037b00
190620065944,SOLO_SUCCESS,01037b00
190620065948,TAG_DEPARTED_A,01037b00
190620065952,TAG_ARRIVED_A,01037b00
190620065953,SOLO_SUCCESS,01037b00
190620065954,TAG_DEPARTED_A,01037b00
190620065959,TAG_ARRIVED_A,01037b00
190620070000,SOLO_SUCCESS,01037b00
190620070001,TAG_DEPARTED_A,01037b00
190620070005,TAG_ARRIVED_A,01037b00
190620070006,SOLO_SUCCESS,01037b00
190620070008,TAG_DEPARTED_A,01037b00
190620070010,TAG_ARRIVED_A,01037b00
190620070011,SOLO_SUCCESS,01037b00
190620070018,TAG_DEPARTED_A,01037b00
190620070018,TAG_ARRIVED_A,01037b00
190620070019,SOLO_SUCCESS,01037b00
190620070024,TAG_ARRIVED_A,01026c00
190620070025,SOLO_SUCCESS,01026c00
190620070028,TAG_DEPARTED_A,01026c00
190620070030,TAG_ARRIVED_A,01037b00
190620070030,SOLO_SUCCESS,01037b00
190620070032,TAG_DEPARTED_A,01037b00
190620070032,TAG_ARRIVED_A,01037b00
190620070033,SOLO_SUCCESS,01037b00
190620070040,TAG_DEPARTED_A,01037b00
190620070043,TAG_ARRIVED_A,01037b00
190620070044,SOLO_SUCCESS,01037b00
190620070045,TAG_DEPARTED_A,01037b00
190620070049,TAG_ARRIVED_A,01037b00
190620070050,SOLO_SUCCESS,01037b00
190620070056,TAG_DEPARTED_A,01037b00
190620070059,TAG_ARRIVED_B,01026c00
190620070100,SOLO_SUCCESS,01026c00
190620070102,TAG_ARRIVED_A,01037b00
190620070103,STARTCOOP_SUCCESS,01026c00_01037b00
190620070104,TAG_DEPARTED_A,01037b00
190620070105,TAG_ARRIVED_A,01037b00
190620070105,STARTCOOP_SUCCESS,01026c00_01037b00
190620070106,ENDCOOP_SUCCESS,01026c00_01037b00
190620070106,TAG_DEPARTED_B,01026c00
190620070109,TAG_ARRIVED_B,01026c00
190620070110,STARTCOOP_SUCCESS,01037b00_01026c00
190620070111,ENDCOOP_SUCCESS,01026c00_01037b00
190620070111,TAG_DEPARTED_B,01026c00
190620070128,TAG_ARRIVED_B,01026c00
190620070129,STARTCOOP_SUCCESS,01037b00_01026c00
190620070131,TAG_DEPARTED_A,01037b00
190620070131,TAG_ARRIVED_A,01037b00
190620070132,STARTCOOP_SUCCESS,01026c00_01037b00
190620070132,ENDCOOP_SUCCESS,01026c00_01037b00
190620070132,TAG_DEPARTED_B,01026c00
190620070151,TAG_ARRIVED_B,01026c00
190620070152,STARTCOOP_SUCCESS,01037b00_01026c00
190620070153,TAG_DEPARTED_A,01037b00
190620070153,TAG_ARRIVED_A,01037b00
190620070154,STARTCOOP_SUCCESS,01026c00_01037b00
190620070158,ENDCOOP_SUCCESS,01026c00_01037b00
190620070158,TAG_DEPARTED_B,01026c00
190620070202,TAG_ARRIVED_B,0103f300
190620070202,STARTCOOP_FAIL,01037b00_0103f300
190620070205,ENDCOOP_FAIL,0103f300_01037b00
190620070206,TAG_DEPARTED_B,0103f300
190620070206,TAG_ARRIVED_B,0103f300
190620070206,STARTCOOP_FAIL,01037b00_0103f300
190620070210,ENDCOOP_FAIL,0103f300_01037b00
190620070210,TAG_DEPARTED_B,0103f300
190620070211,TAG_ARRIVED_B,0103f300
190620070211,STARTCOOP_FAIL,01037b00_0103f300
190620070213,ENDCOOP_FAIL,0103f300_01037b00
190620070213,TAG_DEPARTED_B,0103f300
190620070213,TAG_DEPARTED_A,01037b00
190620070222,TAG_ARRIVED_B,01037b00
190620070222,SOLO_FAIL,01037b00
190620070223,TAG_ARRIVED_A,01037b00
190620070223,SOLO_FAIL,01037b00
190620070224,ENDCOOP_FAIL,01037b00_01037b00
190620070224,TAG_DEPARTED_B,01037b00
190620070225,TAG_DEPARTED_A,01037b00
190620070227,TAG_ARRIVED_A,01037b00
190620070228,SOLO_FAIL,01037b00
190620070228,TAG_ARRIVED_B,01e01400
190620070229,STARTCOOP_SUCCESS,01037b00_01e01400
190620070229,TAG_ARRIVED_A,01e01400
190620070230,SOLO_FAIL,01e01400
190620070230,ENDCOOP_FAIL,01e01400_01e01400
190620070230,TAG_DEPARTED_B,01e01400
190620070234,TAG_DEPARTED_A,01e01400
190620070235,TAG_ARRIVED_A,01e01400
190620070236,SOLO_FAIL,01e01400
190620070242,TAG_DEPARTED_A,01e01400
190620070247,TAG_ARRIVED_A,01037b00
190620070248,SOLO_FAIL,01037b00
190620070250,TAG_ARRIVED_B,01d18f00
190620070251,STARTCOOP_SUCCESS,01037b00_01d18f00
190620070254,ENDCOOP_SUCCESS,01d18f00_01037b00
190620070254,TAG_DEPARTED_B,01d18f00
190620070258,TAG_DEPARTED_A,01037b00
190620070301,TAG_ARRIVED_A,01037b00
190620070302,SOLO_FAIL,01037b00
190620070303,TAG_ARRIVED_A,01e01400
190620070304,SOLO_FAIL,01e01400
190620070307,TAG_DEPARTED_A,01e01400
190620070308,TAG_ARRIVED_B,01e01400
190620070309,SOLO_FAIL,01e01400
190620070312,ENDCOOP_FAIL,01e01400_
190620070312,TAG_DEPARTED_B,01e01400
190620070317,TAG_ARRIVED_A,01e01400
190620070318,SOLO_FAIL,01e01400
190620070319,TAG_DEPARTED_A,01e01400
190620070321,TAG_ARRIVED_A,01037b00
190620070322,SOLO_FAIL,01037b00
190620070324,TAG_DEPARTED_A,01037b00
190620070324,TAG_ARRIVED_B,01cbb800
190620070325,SOLO_FAIL,01cbb800
190620070326,ENDCOOP_FAIL,01cbb800_
190620070326,TAG_DEPARTED_B,01cbb800
190620070329,TAG_ARRIVED_A,01037b00
190620070330,SOLO_FAIL,01037b00
190620070342,TAG_ARRIVED_B,01037b00
190620070343,SOLO_FAIL,01037b00
190620070343,TAG_DEPARTED_A,01037b00
190620070347,TAG_ARRIVED_A,01037b00
190620070348,SOLO_FAIL,01037b00
190620070349,ENDCOOP_FAIL,01037b00_01037b00
190620070349,TAG_DEPARTED_B,01037b00
190620070350,TAG_DEPARTED_A,01037b00
190620070351,TAG_ARRIVED_A,01037b00
190620070352,SOLO_FAIL,01037b00
190620070405,TAG_DEPARTED_A,01037b00
190620070406,TAG_ARRIVED_B,01c4ca00
190620070407,SOLO_FAIL,01c4ca00
190620070411,LOCKOUT_ENDED,
190620070413,TAG_DEPARTED_B,01c4ca00
190620070418,TAG_ARRIVED_A,01026c00
190620070419,SOLO_SUCCESS,01026c00
190620070420,TAG_DEPARTED_A,01026c00
190620070423,TAG_ARRIVED_B,01026c00
190620070424,SOLO_SUCCESS,01026c00
190620070430,TAG_DEPARTED_B,01026c00
190620070436,TAG_ARRIVED_B,01026c00
190620070437,SOLO_SUCCESS,01026c00
190620070442,TAG_DEPARTED_B,01026c00
190620070442,TAG_ARRIVED_B,01026c00
190620070443,SOLO_SUCCESS,01026c00
190620070448,TAG_DEPARTED_B,01026c00
190620070450,TAG_ARRIVED_B,01026c00
190620070451,SOLO_SUCCESS,01026c00
190620070501,TAG_DEPARTED_B,01026c00
190620070505,TAG_ARRIVED_A,01df6400
190620070506,SOLO_SUCCESS,01df6400
190620070511,TAG_ARRIVED_B,01026c00
190620070511,STARTCOOP_SUCCESS,01df6400_01026c00
190620070512,TAG_DEPARTED_A,01df6400
190620070515,ENDCOOP_SUCCESS,01026c00_
190620070515,TAG_DEPARTED_B,01026c00
190620070515,TAG_ARRIVED_A,01df6400
190620070516,SOLO_SUCCESS,01df6400
190620070519,TAG_ARRIVED_B,01026c00
190620070520,STARTCOOP_SUCCESS,01df6400_01026c00
190620070520,TAG_DEPARTED_A,01df6400
190620070523,ENDCOOP_SUCCESS,01026c00_
190620070523,TAG_DEPARTED_B,01026c00
190620070528,TAG_ARRIVED_A,01df6400
190620070529,SOLO_SUCCESS,01df6400
190620070534,TAG_ARRIVED_B,01026c00
190620070535,STARTCOOP_SUCCESS,01df6400_01026c00
190620070536,TAG_DEPARTED_A,01df6400
190620070538,ENDCOOP_SUCCESS,01026c00_
190620070538,TAG_DEPARTED_B,01026c00
190620070542,TAG_ARRIVED_A,01df6400
190620070543,SOLO_SUCCESS,01df6400
190620070548,TAG_DEPARTED_A,01df6400
190620070549,TAG_ARRIVED_B,01026c00
190620070550,SOLO_SUCCESS,01026c00
190620070555,TAG_DEPARTED_B,01026c00
190620070557,TAG_ARRIVED_B,01026c00
190620070558,SOLO_SUCCESS,01026c00
190620070619,TAG_DEPARTED_B,01026c00
190620070628,TAG_ARRIVED_B,01026c00
190620070629,SOLO_SUCCESS,01026c00
190620070634,TAG_ARRIVED_A,01df6400
190620070635,STARTCOOP_SUCCESS,01026c00_01df6400
190620070640,TAG_DEPARTED_A,01df6400
190620070644,ENDCOOP_SUCCESS,01026c00_
190620070644,TAG_DEPARTED_B,01026c00
190620070647,TAG_ARRIVED_A,01df6400
190620070647,SOLO_SUCCESS,01df6400
190620070651,TAG_ARRIVED_B,01026c00
190620070652,STARTCOOP_SUCCESS,01df6400_01026c00
190620070653,ENDCOOP_SUCCESS,01026c00_01df6400
190620070654,TAG_DEPARTED_B,01026c00
190620070657,TAG_DEPARTED_A,01df6400
190620070658,TAG_ARRIVED_A,01df6400
190620070659,SOLO_SUCCESS,01df6400
190620070700,TAG_DEPARTED_A,01df6400
190620070701,TAG_ARRIVED_A,01df6400
190620070702,SOLO_SUCCESS,01df6400
190620070704,TAG_DEPARTED_A,01df6400
190620070705,TAG_ARRIVED_B,01026c00
190620070706,SOLO_SUCCESS,01026c00
190620070716,TAG_DEPARTED_B,01026c00
190620070716,TAG_ARRIVED_A,01df6400
190620070717,SOLO_SUCCESS,01df6400
190620070717,TAG_ARRIVED_B,01026c00
190620070718,STARTCOOP_SUCCESS,01df6400_01026c00
190620070718,ENDCOOP_SUCCESS,01026c00_01df6400
190620070718,TAG_DEPARTED_B,01026c00
190620070721,TAG_ARRIVED_B,01026c00
190620070722,STARTCOOP_SUCCESS,01df6400_01026c00
190620070724,ENDCOOP_SUCCESS,01026c00_01df6400
190620070724,TAG_DEPARTED_B,01026c00
190620070726,TAG_DEPARTED_A,01df6400
190620070727,TAG_ARRIVED_A,01df6400
190620070728,SOLO_SUCCESS,01df6400
190620070728,TAG_ARRIVED_B,01026c00
190620070729,STARTCOOP_SUCCESS,01df6400_01026c00
190620070729,TAG_DEPARTED_A,01df6400
190620070729,ENDCOOP_SUCCESS,01026c00_
190620070729,TAG_DEPARTED_B,01026c00
190620070730,TAG_ARRIVED_A,0103f300
190620070731,SOLO_SUCCESS,0103f300
190620070734,TAG_DEPARTED_A,0103f300
190620070735,TAG_ARRIVED_B,01026c00
190620070736,SOLO_SUCCESS,01026c00
190620070737,TAG_ARRIVED_A,0103f300
190620070738,STARTCOOP_FAIL,01026c00_0103f300
190620070740,ENDCOOP_FAIL,01026c00_0103f300
190620070740,TAG_DEPARTED_B,01026c00
190620070741,TAG_ARRIVED_B,01026c00
190620070742,STARTCOOP_FAIL,0103f300_01026c00
190620070742,TAG_DEPARTED_A,0103f300
190620070742,TAG_ARRIVED_A,0103f300
190620070743,STARTCOOP_FAIL,01026c00_0103f300
190620070743,ENDCOOP_FAIL,01026c00_0103f300
190620070743,TAG_DEPARTED_B,01026c00
190620070746,TAG_ARRIVED_B,01026c00
190620070747,STARTCOOP_FAIL,0103f300_01026c00
190620070748,TAG_DEPARTED_A,0103f300
190620070755,ENDCOOP_FAIL,01026c00_
190620070755,TAG_DEPARTED_B,01026c00
190620070758,TAG_ARRIVED_B,0103f300
190620070758,SOLO_FAIL,0103f300
190620070801,TAG_ARRIVED_A,01cbb800
190620070802,STARTCOOP_FAIL,0103f300_01cbb800
190620070803,TAG_DEPARTED_A,01cbb800
190620070805,TAG_ARRIVED_A,01cbb800
190620070806,STARTCOOP_FAIL,0103f300_01cbb800
190620070806,ENDCOOP_FAIL,0103f300_01cbb800
190620070806,TAG_DEPARTED_B,0103f300
190620070808,TAG_DEPARTED_A,01cbb800
190620070820,TAG_ARRIVED_A,01cbb800
190620070820,SOLO_FAIL,01cbb800
190620070822,TAG_DEPARTED_A,01cbb800
190620070903,TAG_ARRIVED_A,0103f300
190620070903,SOLO_FAIL,0103f300
190620070915,TAG_DEPARTED_A,0103f300
190620070943,TAG_ARRIVED_A,0103f300
190620070943,SOLO_FAIL,0103f300
190620070946,TAG_DEPARTED_A,0103f300
190620070946,TAG_ARRIVED_B,0103f300
190620070947,SOLO_FAIL,0103f300
190620070948,ENDCOOP_FAIL,0103f300_
190620070949,TAG_DEPARTED_B,0103f300
190620071006,LOCKOUT_ENDED,
190620071007,TAG_ARRIVED_A,01026c00
190620071008,SOLO_SUCCESS,01026c00
190620071009,TAG_DEPARTED_A,01026c00
190620071024,TAG_ARRIVED_B,01026c00
190620071024,SOLO_SUCCESS,01026c00
190620071036,TAG_ARRIVED_A,01026c00
190620071037,SOLO_SUCCESS,01026c00
190620071037,TAG_DEPARTED_B,01026c00
190620071039,TAG_DEPARTED_A,01026c00
190620071043,TAG_ARRIVED_A,01026c00
190620071043,SOLO_SUCCESS,01026c00
190620071045,TAG_DEPARTED_A,01026c00
190620071045,TAG_ARRIVED_A,01026c00
190620071046,SOLO_SUCCESS,01026c00
190620071047,TAG_DEPARTED_A,01026c00
190620071048,TAG_ARRIVED_B,01026c00
190620071049,SOLO_SUCCESS,01026c00
190620071049,TAG_ARRIVED_A,01026c00
190620071050,SOLO_SUCCESS,01026c00
190620071050,TAG_DEPARTED_B,01026c00
190620071054,TAG_DEPARTED_A,01026c00
190620071104,TAG_ARRIVED_A,01026c00
190620071105,SOLO_SUCCESS,01026c00
190620071107,TAG_DEPARTED_A,01026c00
190620071108,TAG_ARRIVED_A,01026c00
190620071109,SOLO_SUCCESS,01026c00
190620071110,TAG_DEPARTED_A,01026c00
190620071111,TAG_ARRIVED_A,01026c00
190620071112,SOLO_SUCCESS,01026c00
190620071118,TAG_DEPARTED_A,01026c00
190620071127,TAG_ARRIVED_B,01026c00
190620071128,SOLO_SUCCESS,01026c00
190620071130,TAG_ARRIVED_A,01026c00
190620071130,SOLO_SUCCESS,01026c00
190620071131,TAG_DEPARTED_B,01026c00
190620071131,TAG_ARRIVED_B,01026c00
190620071132,SOLO_SUCCESS,01026c00
190620071132,TAG_DEPARTED_A,01026c00
190620071138,TAG_DEPARTED_B,01026c00
190620071153,TAG_ARRIVED_B,01026c00
190620071154,SOLO_SUCCESS,01026c00
190620071205,TAG_DEPARTED_B,01026c00
190620071206,TAG_ARRIVED_A,01026c00
190620071207,SOLO_SUCCESS,01026c00
190620071207,TAG_ARRIVED_B,01026c00
190620071208,SOLO_SUCCESS,01026c00
190620071208,TAG_DEPARTED_A,01026c00
190620071224,TAG_DEPARTED_B,01026c00
190620071225,TAG_ARRIVED_A,01026c00
190620071226,SOLO_SUCCESS,01026c00
190620071234,TAG_DEPARTED_A,01026c00
190620071236,TAG_ARRIVED_B,01026c00
190620071237,SOLO_SUCCESS,01026c00
190620071246,TAG_DEPARTED_B,01026c00
190620071247,TAG_ARRIVED_B,01e01400
190620071248,SOLO_SUCCESS,01e01400
190620071300,TAG_DEPARTED_B,01e01400
190620071300,TAG_ARRIVED_B,01e01400
190620071301,SOLO_SUCCESS,01e01400
190620071302,TAG_DEPARTED_B,01e01400
190620071303,TAG_ARRIVED_B,01e01400
190620071303,SOLO_SUCCESS,01e01400
190620071324,TAG_DEPARTED_B,01e01400
190620071422,TAG_ARRIVED_A,013d7200
190620071422,SOLO_SUCCESS,013d7200
190620071424,TAG_DEPARTED_A,013d7200
190620071427,TAG_ARRIVED_A,013d7200
190620071427,SOLO_SUCCESS,013d7200
190620071430,TAG_DEPARTED_A,013d7200
190620071431,TAG_ARRIVED_A,013d7200
190620071431,SOLO_SUCCESS,013d7200
190620071433,TAG_DEPARTED_A,013d7200
190620071550,TAG_ARRIVED_A,013d7200
190620071550,SOLO_SUCCESS,013d7200
190620071552,TAG_DEPARTED_A,013d7200
190620071554,TAG_ARRIVED_A,013d7200
190620071554,SOLO_SUCCESS,013d7200
190620071556,TAG_DEPARTED_A,013d7200
190620071602,TAG_ARRIVED_B,1023300
190620071602,SOLO_SUCCESS,1023300
190620071623,TAG_DEPARTED_B,1023300
190620071624,TAG_ARRIVED_B,1023300
190620071625,SOLO_SUCCESS,1023300
190620071630,TAG_DEPARTED_B,1023300
190620071631,TAG_ARRIVED_B,1023300
190620071632,SOLO_SUCCESS,1023300
190620071634,TAG_DEPARTED_B,1023300
190620071641,TAG_ARRIVED_B,1023300
190620071642,SOLO_SUCCESS,1023300
190620071648,TAG_DEPARTED_B,1023300
190620071650,TAG_ARRIVED_B,1023300
190620071651,SOLO_SUCCESS,1023300
190620071655,TAG_DEPARTED_B,1023300
190620071659,TAG_ARRIVED_B,1023300
190620071659,SOLO_SUCCESS,1023300
190620071706,TAG_DEPARTED_B,1023300
190620071707,TAG_ARRIVED_B,1023300
190620071708,SOLO_SUCCESS,1023300
190620071709,TAG_DEPARTED_B,1023300
190620071711,TAG_ARRIVED_B,1023300
190620071711,SOLO_SUCCESS,1023300
190620071715,TAG_DEPARTED_B,1023300
190620071728,TAG_ARRIVED_B,01037b00
190620071729,SOLO_SUCCESS,01037b00
190620071730,TAG_DEPARTED_B,01037b00
190620071731,TAG_ARRIVED_B,01037b00
190620071732,SOLO_SUCCESS,01037b00
190620071734,TAG_DEPARTED_B,01037b00
190620071736,TAG_ARRIVED_B,1023300
190620071736,SOLO_SUCCESS,1023300
190620071745,TAG_DEPARTED_B,1023300
190620071747,TAG_ARRIVED_B,0102d900
190620071748,SOLO_SUCCESS,0102d900
190620071749,TAG_DEPARTED_B,0102d900
190620071751,TAG_ARRIVED_B,0102d900
190620071752,SOLO_SUCCESS,0102d900
190620071753,TAG_DEPARTED_B,0102d900
190620071756,TAG_ARRIVED_A,1048700
190620071757,SOLO_SUCCESS,1048700
190620071759,TAG_ARRIVED_B,0102d900
190620071800,STARTCOOP_SUCCESS,01048700_0102d900
190620071801,ENDCOOP_SUCCESS,0102d900_01048700
190620071801,TAG_DEPARTED_B,0102d900
190620071812,TAG_DEPARTED_A,1048700
190620071814,TAG_ARRIVED_A,1048700
190620071815,SOLO_SUCCESS,1048700
190620071818,TAG_ARRIVED_B,1023300
190620071819,STARTCOOP_FAIL,01048700_01023300
190620071820,TAG_ARRIVED_B,1048700
190620071820,SOLO_FAIL,1048700
190620071821,TAG_DEPARTED_A,1048700
190620071821,TAG_ARRIVED_A,1048700
190620071822,SOLO_FAIL,1048700
190620071822,ENDCOOP_FAIL,01048700_01048700
190620071822,TAG_DEPARTED_B,1048700
190620071824,TAG_DEPARTED_A,1048700
190620071825,TAG_ARRIVED_A,1048700
190620071826,SOLO_FAIL,1048700
190620071840,TAG_ARRIVED_B,1048700
190620071841,SOLO_FAIL,1048700
190620071841,TAG_DEPARTED_A,1048700
190620071845,TAG_ARRIVED_A,01e01400
190620071846,STARTCOOP_SUCCESS,01048700_01e01400
190620071847,ENDCOOP_SUCCESS,01048700_01e01400
190620071847,TAG_DEPARTED_B,1048700
190620071848,TAG_DEPARTED_A,01e01400
190620071848,TAG_ARRIVED_B,01e01400
190620071849,SOLO_FAIL,01e01400
190620071856,ENDCOOP_FAIL,01e01400_
190620071856,TAG_DEPARTED_B,01e01400
190620071900,TAG_ARRIVED_B,01e01400
190620071900,SOLO_FAIL,01e01400
190620071901,TAG_ARRIVED_A,01e14200
190620071902,STARTCOOP_FAIL,01e01400_01e14200
190620071903,ENDCOOP_FAIL,01e01400_01e14200
190620071903,TAG_DEPARTED_B,01e01400
190620071907,TAG_ARRIVED_B,01e01400
190620071908,STARTCOOP_FAIL,01e14200_01e01400
190620071909,ENDCOOP_FAIL,01e01400_01e14200
190620071910,TAG_DEPARTED_B,01e01400
190620071911,TAG_ARRIVED_B,01e01400
190620071912,STARTCOOP_FAIL,01e14200_01e01400
190620071913,ENDCOOP_FAIL,01e01400_01e14200
190620071913,TAG_DEPARTED_B,01e01400
190620071913,TAG_ARRIVED_B,01e01400
190620071914,STARTCOOP_FAIL,01e14200_01e01400
190620071915,TAG_DEPARTED_A,01e14200
190620071915,TAG_ARRIVED_A,01e14200
190620071916,STARTCOOP_FAIL,01e01400_01e14200
190620071916,ENDCOOP_FAIL,01e01400_01e14200
190620071916,TAG_DEPARTED_B,01e01400
190620071922,TAG_ARRIVED_B,01e01400
190620071923,STARTCOOP_FAIL,01e14200_01e01400
190620071926,ENDCOOP_FAIL,01e01400_01e14200
190620071926,TAG_DEPARTED_B,01e01400
190620071933,TAG_DEPARTED_A,01e14200
190620071934,TAG_ARRIVED_B,01e01400
190620071935,SOLO_FAIL,01e01400
190620071938,ENDCOOP_FAIL,01e01400_
190620071938,TAG_DEPARTED_B,01e01400
190620071939,TAG_ARRIVED_B,01e01400
190620071940,SOLO_FAIL,01e01400
190620071944,ENDCOOP_FAIL,01e01400_
190620071945,TAG_DEPARTED_B,01e01400
190620071948,TAG_ARRIVED_B,01e01400
190620071949,SOLO_FAIL,01e01400
190620071954,ENDCOOP_FAIL,01e01400_
190620071954,TAG_DEPARTED_B,01e01400
190620071956,TAG_ARRIVED_B,01e01400
190620071957,SOLO_FAIL,01e01400
190620071959,TAG_ARRIVED_A,01e01400
190620072000,SOLO_FAIL,01e01400
190620072000,ENDCOOP_FAIL,01e01400_01e01400
190620072000,TAG_DEPARTED_B,01e01400
190620072002,TAG_DEPARTED_A,01e01400
190620072014,TAG_ARRIVED_B,01e01400
190620072015,SOLO_FAIL,01e01400
190620072016,ENDCOOP_FAIL,01e01400_
190620072016,TAG_DEPARTED_B,01e01400
190620072018,TAG_ARRIVED_B,01e01400
190620072019,SOLO_FAIL,01e01400
190620072020,ENDCOOP_FAIL,01e01400_
190620072020,TAG_DEPARTED_B,01e01400
190620072022,TAG_ARRIVED_A,1048700
190620072023,SOLO_FAIL,1048700
190620072036,TAG_DEPARTED_A,1048700
190620072123,LOCKOUT_ENDED,
190620074233,TAG_ARRIVED_B,018ef600
190620074234,SOLO_SUCCESS,018ef600
190620074245,TAG_DEPARTED_B,018ef600
190620074248,TAG_ARRIVED_B,01026c00
190620074249,SOLO_SUCCESS,01026c00
190620074250,TAG_DEPARTED_B,01026c00
190620074251,TAG_ARRIVED_B,01026c00
190620074252,SOLO_SUCCESS,01026c00
190620074253,TAG_DEPARTED_B,01026c00
190620074303,TAG_ARRIVED_B,01cbb800
190620074304,SOLO_SUCCESS,01cbb800
190620074308,TAG_DEPARTED_B,01cbb800
190620074316,TAG_ARRIVED_B,018feb00
190620074316,SOLO_SUCCESS,018feb00
190620074318,TAG_DEPARTED_B,018feb00
190620074344,TAG_ARRIVED_B,018feb00
190620074344,SOLO_SUCCESS,018feb00
190620074346,TAG_DEPARTED_B,018feb00
190620074352,TAG_ARRIVED_B,018feb00
190620074353,SOLO_SUCCESS,018feb00
190620074354,TAG_DEPARTED_B,018feb00
190620074355,TAG_ARRIVED_B,01cbb800
190620074356,SOLO_SUCCESS,01cbb800
190620074359,TAG_DEPARTED_B,01cbb800
190620074405,TAG_ARRIVED_B,01cbb800
190620074406,SOLO_SUCCESS,01cbb800
190620074409,TAG_DEPARTED_B,01cbb800
190620074411,TAG_ARRIVED_B,01cbb800
190620074412,SOLO_SUCCESS,01cbb800
190620074417,TAG_DEPARTED_B,01cbb800
190620074418,TAG_ARRIVED_B,018feb00
190620074418,SOLO_SUCCESS,018feb00
190620074420,TAG_DEPARTED_B,018feb00
190620074433,TAG_ARRIVED_A,018feb00
190620074434,SOLO_SUCCESS,018feb00
190620074436,TAG_DEPARTED_A,018feb00
190620074436,TAG_ARRIVED_A,018feb00
190620074437,SOLO_SUCCESS,018feb00
190620074439,TAG_DEPARTED_A,018feb00
190620074449,TAG_ARRIVED_A,018feb00
190620074450,SOLO_SUCCESS,018feb00
190620074452,TAG_DEPARTED_A,018feb00
190620074453,TAG_ARRIVED_A,018feb00
190620074453,SOLO_SUCCESS,018feb00
190620074455,TAG_DEPARTED_A,018feb00
190620075316,TAG_ARRIVED_A,01037b00
190620075317,SOLO_SUCCESS,01037b00
190620075319,TAG_DEPARTED_A,01037b00
190620075319,TAG_ARRIVED_A,01037b00
190620075320,SOLO_SUCCESS,01037b00
190620075332,TAG_DEPARTED_A,01037b00
190620075335,TAG_ARRIVED_A,01037b00
190620075335,SOLO_SUCCESS,01037b00
190620075341,TAG_DEPARTED_A,01037b00
190620075342,TAG_ARRIVED_B,01037b00
190620075343,SOLO_SUCCESS,01037b00
190620075344,TAG_ARRIVED_A,01037b00
190620075345,SOLO_SUCCESS,01037b00
190620075345,TAG_DEPARTED_B,01037b00
190620075347,TAG_DEPARTED_A,01037b00
190620075350,TAG_ARRIVED_A,01037b00
190620075350,SOLO_SUCCESS,01037b00
190620075352,TAG_DEPARTED_A,01037b00
190620075355,TAG_ARRIVED_A,01037b00
190620075356,SOLO_SUCCESS,01037b00
190620075402,TAG_DEPARTED_A,01037b00
190620082018,TAG_ARRIVED_B,018ef600
190620082018,SOLO_SUCCESS,018ef600
190620082021,TAG_DEPARTED_B,018ef600
190620082029,TAG_ARRIVED_B,018ef600
190620082029,SOLO_SUCCESS,018ef600
190620082048,TAG_DEPARTED_B,018ef600
190620082148,TAG_ARRIVED_B,01037b00
190620082149,SOLO_SUCCESS,01037b00
190620082156,TAG_DEPARTED_B,01037b00
190620082157,TAG_ARRIVED_B,01037b00
190620082158,SOLO_SUCCESS,01037b00
190620082203,TAG_DEPARTED_B,01037b00
190620082203,TAG_ARRIVED_B,01037b00
190620082204,SOLO_SUCCESS,01037b00
190620082221,TAG_DEPARTED_B,01037b00
190620082222,TAG_ARRIVED_B,01037b00
190620082223,SOLO_SUCCESS,01037b00
190620082225,TAG_DEPARTED_B,01037b00
190620082229,TAG_ARRIVED_B,01037b00
190620082230,SOLO_SUCCESS,01037b00
190620082231,TAG_DEPARTED_B,01037b00
190620082235,TAG_ARRIVED_B,01037b00
190620082236,SOLO_SUCCESS,01037b00
190620082240,TAG_DEPARTED_B,01037b00
190620082249,TAG_ARRIVED_B,01037b00
190620082250,SOLO_SUCCESS,01037b00
190620082250,TAG_ARRIVED_A,01037b00
190620082251,SOLO_SUCCESS,01037b00
190620082251,TAG_DEPARTED_B,01037b00
190620082253,TAG_ARRIVED_B,0103f300
190620082254,STARTCOOP_FAIL,01037b00_0103f300
190620082258,ENDCOOP_FAIL,0103f300_01037b00
190620082258,TAG_DEPARTED_B,0103f300
190620082305,TAG_DEPARTED_A,01037b00
190620082311,TAG_ARRIVED_B,01037b00
190620082312,SOLO_FAIL,01037b00
190620082313,TAG_ARRIVED_A,0103f300
190620082313,STARTCOOP_FAIL,01037b00_0103f300
190620082314,TAG_ARRIVED_A,01037b00
190620082315,SOLO_FAIL,01037b00
190620082315,ENDCOOP_FAIL,01037b00_01037b00
190620082315,TAG_DEPARTED_B,01037b00
190620082317,TAG_DEPARTED_A,01037b00
190620082322,TAG_ARRIVED_A,0103f300
190620082323,SOLO_FAIL,0103f300
190620082330,TAG_ARRIVED_A,01e01400
190620082331,SOLO_FAIL,01e01400
190620082331,TAG_ARRIVED_B,01e01400
190620082332,SOLO_FAIL,01e01400
190620082333,TAG_DEPARTED_A,01e01400
190620082335,ENDCOOP_FAIL,01e01400_
190620082335,TAG_DEPARTED_B,01e01400
190620082350,TAG_ARRIVED_A,01e01400
190620082351,SOLO_FAIL,01e01400
190620082358,TAG_ARRIVED_B,01e01400
190620082359,SOLO_FAIL,01e01400
190620082359,TAG_DEPARTED_A,01e01400
190620082402,TAG_ARRIVED_A,01037b00
190620082403,STARTCOOP_SUCCESS,01e01400_01037b00
190620082404,ENDCOOP_SUCCESS,01e01400_01037b00
190620082404,TAG_DEPARTED_B,01e01400
190620082405,TAG_ARRIVED_B,01e01400
190620082406,STARTCOOP_SUCCESS,01037b00_01e01400
190620082407,ENDCOOP_SUCCESS,01e01400_01037b00
190620082407,TAG_DEPARTED_B,01e01400
190620082407,TAG_ARRIVED_B,01e01400
190620082408,STARTCOOP_SUCCESS,01037b00_01e01400
190620082409,TAG_DEPARTED_A,01037b00
190620082409,TAG_ARRIVED_A,01037b00
190620082410,STARTCOOP_SUCCESS,01e01400_01037b00
190620082415,TAG_DEPARTED_A,01037b00
190620082415,ENDCOOP_SUCCESS,01e01400_
190620082415,TAG_DEPARTED_B,01e01400
190620082417,TAG_ARRIVED_B,01e01400
190620082418,SOLO_FAIL,01e01400
190620082420,TAG_ARRIVED_A,01037b00
190620082421,STARTCOOP_SUCCESS,01e01400_01037b00
190620082421,ENDCOOP_SUCCESS,01e01400_01037b00
190620082421,TAG_DEPARTED_B,01e01400
190620082422,TAG_ARRIVED_B,01e01400
190620082423,STARTCOOP_SUCCESS,01037b00_01e01400
190620082429,ENDCOOP_SUCCESS,01e01400_01037b00
190620082429,TAG_DEPARTED_B,01e01400
190620082434,TAG_DEPARTED_A,01037b00
190620082435,TAG_ARRIVED_A,01037b00
190620082436,SOLO_FAIL,01037b00
190620082437,TAG_ARRIVED_B,01e01400
190620082438,STARTCOOP_SUCCESS,01037b00_01e01400
190620082439,ENDCOOP_SUCCESS,01e01400_01037b00
190620082439,TAG_DEPARTED_B,01e01400
190620082440,TAG_ARRIVED_B,01e01400
190620082441,STARTCOOP_SUCCESS,01037b00_01e01400
190620082443,ENDCOOP_SUCCESS,01e01400_01037b00
190620082444,TAG_DEPARTED_B,01e01400
190620082449,TAG_DEPARTED_A,01037b00
190620082450,TAG_ARRIVED_A,01037b00
190620082451,SOLO_FAIL,01037b00
190620082452,TAG_DEPARTED_A,01037b00
190620082453,TAG_ARRIVED_B,01e01400
190620082454,SOLO_FAIL,01e01400
190620082456,ENDCOOP_FAIL,01e01400_
190620082456,TAG_DEPARTED_B,01e01400
190620082457,TAG_ARRIVED_B,01e01400
190620082458,SOLO_FAIL,01e01400
190620082459,ENDCOOP_FAIL,01e01400_
190620082459,TAG_DEPARTED_B,01e01400
190620082502,TAG_ARRIVED_B,01e01400
190620082503,SOLO_FAIL,01e01400
190620082505,ENDCOOP_FAIL,01e01400_
190620082505,TAG_DEPARTED_B,01e01400
190620082509,TAG_ARRIVED_A,01037b00
190620082510,SOLO_FAIL,01037b00
190620082514,LOCKOUT_ENDED,
190620082528,TAG_ARRIVED_B,01037b00
190620082529,SOLO_SUCCESS,01037b00
190620082529,TAG_DEPARTED_A,01037b00
190620082530,TAG_ARRIVED_A,01037b00
190620082531,SOLO_SUCCESS,01037b00
190620082531,TAG_DEPARTED_B,01037b00
190620082534,TAG_DEPARTED_A,01037b00
190620082536,TAG_ARRIVED_A,01037b00
190620082537,SOLO_SUCCESS,01037b00
190620082538,TAG_DEPARTED_A,01037b00
190620082542,TAG_ARRIVED_B,01037b00
190620082543,SOLO_SUCCESS,01037b00
190620082544,TAG_DEPARTED_B,01037b00
190620082548,TAG_ARRIVED_A,01037b00
190620082549,SOLO_SUCCESS,01037b00
190620082550,TAG_ARRIVED_B,01e01400
190620082551,STARTCOOP_SUCCESS,01037b00_01e01400
190620082552,TAG_DEPARTED_A,01037b00
190620082552,TAG_ARRIVED_A,01037b00
190620082553,STARTCOOP_SUCCESS,01e01400_01037b00
190620082554,ENDCOOP_SUCCESS,01e01400_01037b00
190620082554,TAG_DEPARTED_B,01e01400
190620082601,TAG_DEPARTED_A,01037b00
190620082601,TAG_ARRIVED_A,01e01400
190620082602,SOLO_SUCCESS,01e01400
190620082603,TAG_DEPARTED_A,01e01400
190620082613,TAG_ARRIVED_A,01037b00
190620082614,SOLO_SUCCESS,01037b00
190620082615,TAG_DEPARTED_A,01037b00
190620082616,TAG_ARRIVED_B,01e01400
190620082617,SOLO_SUCCESS,01e01400
190620082618,TAG_DEPARTED_B,01e01400
190620082623,TAG_ARRIVED_B,01e01400
190620082624,SOLO_SUCCESS,01e01400
190620082627,TAG_DEPARTED_B,01e01400
190620082628,TAG_ARRIVED_A,01e01400
190620082629,SOLO_SUCCESS,01e01400
190620082630,TAG_DEPARTED_A,01e01400
190620082631,TAG_ARRIVED_A,01e01400
190620082631,SOLO_SUCCESS,01e01400
190620082634,TAG_DEPARTED_A,01e01400
190620082636,TAG_ARRIVED_B,01e01400
190620082637,SOLO_SUCCESS,01e01400
190620082640,TAG_DEPARTED_B,01e01400
190620082641,TAG_ARRIVED_B,01e01400
190620082642,SOLO_SUCCESS,01e01400
190620082654,TAG_DEPARTED_B,01e01400
190620082702,TAG_ARRIVED_A,01e01400
190620082703,SOLO_SUCCESS,01e01400
190620082708,TAG_DEPARTED_A,01e01400
190620082709,TAG_ARRIVED_B,01e01400
190620082710,SOLO_SUCCESS,01e01400
190620082721,TAG_DEPARTED_B,01e01400
190620082727,TAG_ARRIVED_A,01037b00
190620082728,SOLO_SUCCESS,01037b00
190620082743,TAG_DEPARTED_A,01037b00
190620082754,TAG_ARRIVED_A,01026c00
190620082755,SOLO_SUCCESS,01026c00
190620082757,TAG_DEPARTED_A,01026c00
190620082824,TAG_ARRIVED_B,01026c00
190620082825,SOLO_SUCCESS,01026c00
190620082828,TAG_ARRIVED_A,01026c00
190620082829,SOLO_SUCCESS,01026c00
190620082829,TAG_DEPARTED_B,01026c00
190620082831,TAG_DEPARTED_A,01026c00
190620082834,TAG_ARRIVED_A,01026c00
190620082835,SOLO_SUCCESS,01026c00
190620082840,TAG_DEPARTED_A,01026c00
190620082912,TAG_ARRIVED_A,01026c00
190620082913,SOLO_SUCCESS,01026c00
190620082914,TAG_ARRIVED_B,01026c00
190620082914,SOLO_SUCCESS,01026c00
190620082915,TAG_DEPARTED_A,01026c00
190620082915,TAG_ARRIVED_A,01026c00
190620082916,SOLO_SUCCESS,01026c00
190620082916,TAG_DEPARTED_B,01026c00
190620082921,TAG_ARRIVED_B,01026c00
190620082922,SOLO_SUCCESS,01026c00
190620082922,TAG_DEPARTED_A,01026c00
190620082924,TAG_ARRIVED_A,01026c00
190620082925,SOLO_SUCCESS,01026c00
190620082925,TAG_DEPARTED_B,01026c00
190620082926,TAG_DEPARTED_A,01026c00
190620082933,TAG_ARRIVED_A,01026c00
190620082934,SOLO_SUCCESS,01026c00
190620082939,TAG_DEPARTED_A,01026c00
190620082939,TAG_ARRIVED_B,01026c00
190620082940,SOLO_SUCCESS,01026c00
190620082943,TAG_ARRIVED_A,01026c00
190620082944,SOLO_SUCCESS,01026c00
190620082944,TAG_DEPARTED_B,01026c00
190620082950,TAG_DEPARTED_A,01026c00
190620082951,TAG_ARRIVED_B,01026c00
190620082952,SOLO_SUCCESS,01026c00
190620082956,TAG_DEPARTED_B,01026c00
190620082956,TAG_ARRIVED_A,01026c00
190620082957,SOLO_SUCCESS,01026c00
190620083002,TAG_DEPARTED_A,01026c00
190620083003,TAG_ARRIVED_B,01026c00
190620083004,SOLO_SUCCESS,01026c00
190620083004,TAG_ARRIVED_A,01026c00
190620083005,SOLO_SUCCESS,01026c00
190620083005,TAG_DEPARTED_B,01026c00
190620083007,TAG_ARRIVED_B,01026c00
190620083008,SOLO_SUCCESS,01026c00
190620083008,TAG_DEPARTED_A,01026c00
190620083023,TAG_DEPARTED_B,01026c00
190620083027,TAG_ARRIVED_B,01026c00
190620083028,SOLO_SUCCESS,01026c00
190620083029,TAG_ARRIVED_A,01026c00
190620083030,SOLO_SUCCESS,01026c00
190620083031,TAG_DEPARTED_B,01026c00
190620083040,TAG_DEPARTED_A,01026c00
190620083043,TAG_ARRIVED_A,01026c00
190620083043,SOLO_SUCCESS,01026c00
190620083050,TAG_DEPARTED_A,01026c00
190620083806,TAG_ARRIVED_A,01e01400
190620083807,SOLO_SUCCESS,01e01400
190620083808,TAG_ARRIVED_B,01e01400
190620083809,SOLO_SUCCESS,01e01400
190620083810,TAG_DEPARTED_A,01e01400
190620083810,TAG_DEPARTED_B,01e01400
190620083816,TAG_ARRIVED_B,01e01400
190620083817,SOLO_SUCCESS,01e01400
190620083843,TAG_DEPARTED_B,01e01400
190620084014,TAG_ARRIVED_B,0102d900
190620084015,SOLO_SUCCESS,0102d900
190620084016,TAG_DEPARTED_B,0102d900
190620084016,TAG_ARRIVED_A,0102d900
190620084017,SOLO_SUCCESS,0102d900
190620084019,TAG_DEPARTED_A,0102d900
190620084124,TAG_ARRIVED_B,01e01400
190620084125,SOLO_SUCCESS,01e01400
190620084139,TAG_DEPARTED_B,01e01400
190620084143,TAG_ARRIVED_B,01e01400
190620084144,SOLO_SUCCESS,01e01400
190620084146,TAG_DEPARTED_B,01e01400
190620084150,TAG_ARRIVED_B,01e01400
190620084151,SOLO_SUCCESS,01e01400
190620084155,TAG_DEPARTED_B,01e01400
190620084156,TAG_ARRIVED_A,01e01400
190620084157,SOLO_SUCCESS,01e01400
190620084204,TAG_DEPARTED_A,01e01400
190620084228,TAG_ARRIVED_A,0102d900
190620084229,SOLO_SUCCESS,0102d900
190620084244,TAG_DEPARTED_A,0102d900
190620084246,TAG_ARRIVED_A,0102d900
190620084247,SOLO_SUCCESS,0102d900
190620084248,TAG_DEPARTED_A,0102d900
190620084657,TAG_ARRIVED_A,01e01400
190620084658,SOLO_SUCCESS,01e01400
190620084706,TAG_DEPARTED_A,01e01400
190620084839,TAG_ARRIVED_B,01037b00
190620084840,SOLO_SUCCESS,01037b00
190620084842,TAG_ARRIVED_A,01037b00
190620084843,SOLO_SUCCESS,01037b00
190620084843,TAG_DEPARTED_B,01037b00
190620084850,TAG_DEPARTED_A,01037b00
190620085111,TAG_ARRIVED_A,01e01400
190620085112,SOLO_SUCCESS,01e01400
190620085115,TAG_DEPARTED_A,01e01400
190620085126,TAG_ARRIVED_A,01e01400
190620085127,SOLO_SUCCESS,01e01400
190620085128,TAG_DEPARTED_A,01e01400
190620085129,TAG_ARRIVED_A,01e01400
190620085130,SOLO_SUCCESS,01e01400
190620085133,TAG_DEPARTED_A,01e01400
190620085827,TAG_ARRIVED_B,01037b00
190620085828,SOLO_SUCCESS,01037b00
190620085836,TAG_DEPARTED_B,01037b00
190620085857,TAG_ARRIVED_B,01037b00
190620085858,SOLO_SUCCESS,01037b00
190620085900,TAG_DEPARTED_B,01037b00
190620085901,TAG_ARRIVED_B,01037b00
190620085902,SOLO_SUCCESS,01037b00
190620085903,TAG_DEPARTED_B,01037b00
190620085925,TAG_ARRIVED_A,01037b00
190620085926,SOLO_SUCCESS,01037b00
190620085930,TAG_ARRIVED_A,01d41b00
190620085931,SOLO_SUCCESS,01d41b00
190620085936,TAG_DEPARTED_A,01d41b00
190620085937,TAG_ARRIVED_A,01d41b00
190620085938,SOLO_SUCCESS,01d41b00
190620085939,TAG_DEPARTED_A,01d41b00
190620092210,TAG_ARRIVED_A,018ef600
190620092211,SOLO_SUCCESS,018ef600
190620092213,TAG_DEPARTED_A,018ef600
190620092213,TAG_ARRIVED_A,018ef600
190620092214,SOLO_SUCCESS,018ef600
190620092216,TAG_DEPARTED_A,018ef600
190620092218,TAG_ARRIVED_A,018ef600
190620092218,SOLO_SUCCESS,018ef600
190620092221,TAG_DEPARTED_A,018ef600
190620092226,TAG_ARRIVED_A,01e01400
190620092227,SOLO_SUCCESS,01e01400
190620092244,TAG_DEPARTED_A,01e01400
190620092314,TAG_ARRIVED_B,01e01400
190620092315,SOLO_SUCCESS,01e01400
190620092317,TAG_DEPARTED_B,01e01400
190620092318,TAG_ARRIVED_B,01e01400
190620092319,SOLO_SUCCESS,01e01400
190620092331,TAG_DEPARTED_B,01e01400
190620092331,TAG_ARRIVED_A,01e01400
190620092332,SOLO_SUCCESS,01e01400
190620092340,TAG_DEPARTED_A,01e01400
190620092440,TAG_ARRIVED_B,018ef600
190620092441,SOLO_SUCCESS,018ef600
190620092443,TAG_DEPARTED_B,018ef600
190620092516,TAG_ARRIVED_A,01da8200
190620092516,SOLO_SUCCESS,01da8200
190620092518,TAG_DEPARTED_A,01da8200
190620095803,TAG_ARRIVED_A,01037b00
190620095804,SOLO_SUCCESS,01037b00
190620095811,TAG_DEPARTED_A,01037b00
190620095811,TAG_ARRIVED_A,01037b00
190620095812,SOLO_SUCCESS,01037b00
190620095832,TAG_DEPARTED_A,01037b00
190620095835,TAG_ARRIVED_A,01037b00
190620095835,SOLO_SUCCESS,01037b00
190620095838,TAG_DEPARTED_A,01037b00
190620095840,TAG_ARRIVED_A,01037b00
190620095841,SOLO_SUCCESS,01037b00
190620095843,TAG_ARRIVED_B,01037b00
190620095844,SOLO_SUCCESS,01037b00
190620095844,TAG_DEPARTED_A,01037b00
190620095846,TAG_DEPARTED_B,01037b00
190620095851,TAG_ARRIVED_B,01037b00
190620095852,SOLO_SUCCESS,01037b00
190620095853,TAG_ARRIVED_A,01037b00
190620095854,SOLO_SUCCESS,01037b00
190620095854,TAG_DEPARTED_B,01037b00
190620095858,TAG_DEPARTED_A,01037b00
190620095904,TAG_ARRIVED_A,01037b00
190620095905,SOLO_SUCCESS,01037b00
190620095910,TAG_DEPARTED_A,01037b00
190620095910,TAG_ARRIVED_A,01037b00
190620095911,SOLO_SUCCESS,01037b00
190620095918,TAG_DEPARTED_A,01037b00
190620095919,TAG_ARRIVED_A,01037b00
190620095920,SOLO_SUCCESS,01037b00
190620095924,TAG_DEPARTED_A,01037b00
190620095925,TAG_ARRIVED_A,01037b00
190620095926,SOLO_SUCCESS,01037b00
190620095927,TAG_DEPARTED_A,01037b00
190620100316,TAG_ARRIVED_A,01da8200
190620100317,SOLO_SUCCESS,01da8200
190620100319,TAG_DEPARTED_A,01da8200
190620100322,TAG_ARRIVED_A,01da8200
190620100322,SOLO_SUCCESS,01da8200
190620100325,TAG_DEPARTED_A,01da8200
190620100325,TAG_ARRIVED_A,01da8200
190620100326,SOLO_SUCCESS,01da8200
190620100330,TAG_DEPARTED_A,01da8200
190620100404,TAG_ARRIVED_A,01037b00
190620100406,SOLO_SUCCESS,01037b00
190620100408,TAG_DEPARTED_A,01037b00
190620100409,TAG_ARRIVED_A,01037b00
190620100410,SOLO_SUCCESS,01037b00
190620100426,TAG_ARRIVED_B,0102d900
190620100427,STARTCOOP_SUCCESS,01037b00_0102d900
190620100436,TAG_DEPARTED_A,01037b00
190620100436,TAG_ARRIVED_A,01037b00
190620100437,STARTCOOP_SUCCESS,0102d900_01037b00
190620100439,ENDCOOP_SUCCESS,0102d900_01037b00
190620100439,TAG_DEPARTED_B,0102d900
190620100458,TAG_DEPARTED_A,01037b00
190620100500,TAG_ARRIVED_A,01037b00
190620100501,SOLO_SUCCESS,01037b00
190620100502,TAG_ARRIVED_B,01fdbd00
190620100504,STARTCOOP_SUCCESS,01037b00_01fdbd00
190620100504,ENDCOOP_SUCCESS,01fdbd00_01037b00
190620100505,TAG_DEPARTED_B,01fdbd00
190620100505,TAG_DEPARTED_A,01037b00
190620100505,TAG_ARRIVED_B,01fdbd00
190620100506,SOLO_SUCCESS,01fdbd00
190620100507,TAG_DEPARTED_B,01fdbd00
190620100507,TAG_ARRIVED_A,01037b00
190620100508,SOLO_SUCCESS,01037b00
190620100518,TAG_ARRIVED_B,01fdbd00
190620100520,STARTCOOP_SUCCESS,01037b00_01fdbd00
190620100520,TAG_DEPARTED_A,01037b00
190620100520,TAG_ARRIVED_A,01037b00
190620100521,STARTCOOP_SUCCESS,01fdbd00_01037b00
190620100527,TAG_DEPARTED_A,01037b00
190620100527,TAG_ARRIVED_A,01037b00
190620100528,STARTCOOP_SUCCESS,01fdbd00_01037b00
190620100529,ENDCOOP_SUCCESS,01fdbd00_01037b00
190620100529,TAG_DEPARTED_B,01fdbd00
190620100536,TAG_DEPARTED_A,01037b00
190620100537,TAG_ARRIVED_A,01037b00
190620100538,SOLO_SUCCESS,01037b00
190620100539,TAG_DEPARTED_A,01037b00
190620100539,TAG_ARRIVED_A,01037b00
190620100540,SOLO_SUCCESS,01037b00
190620100541,TAG_DEPARTED_A,01037b00
190620100543,TAG_ARRIVED_A,01037b00
190620100543,SOLO_SUCCESS,01037b00
190620100545,TAG_DEPARTED_A,01037b00
190620100547,TAG_ARRIVED_A,01037b00
190620100548,SOLO_SUCCESS,01037b00
190620100548,TAG_ARRIVED_B,01fdbd00
190620100550,STARTCOOP_SUCCESS,01037b00_01fdbd00
190620100550,ENDCOOP_SUCCESS,01fdbd00_01037b00
190620100551,TAG_DEPARTED_B,01fdbd00
190620100551,TAG_ARRIVED_B,01fdbd00
190620100552,STARTCOOP_SUCCESS,01037b00_01fdbd00
190620100553,ENDCOOP_SUCCESS,01fdbd00_01037b00
190620100553,TAG_DEPARTED_B,01fdbd00
190620100555,TAG_ARRIVED_B,01fdbd00
190620100557,STARTCOOP_SUCCESS,01037b00_01fdbd00
190620100557,TAG_DEPARTED_A,01037b00
190620100557,TAG_ARRIVED_A,01037b00
190620100558,STARTCOOP_SUCCESS,01fdbd00_01037b00
190620100559,ENDCOOP_SUCCESS,01fdbd00_01037b00
190620100559,TAG_DEPARTED_B,01fdbd00
190620100609,TAG_DEPARTED_A,01037b00
190620100610,TAG_ARRIVED_A,01037b00
190620100611,SOLO_SUCCESS,01037b00
190620100614,TAG_ARRIVED_B,01fdbd00
190620100616,STARTCOOP_SUCCESS,01037b00_01fdbd00
190620100616,ENDCOOP_SUCCESS,01fdbd00_01037b00
190620100617,TAG_DEPARTED_B,01fdbd00
190620100621,TAG_DEPARTED_A,01037b00
190620100622,TAG_ARRIVED_A,01037b00
190620100623,SOLO_SUCCESS,01037b00
190620100638,TAG_DEPARTED_A,01037b00
190620100649,TAG_ARRIVED_A,01ea1a00
190620100649,SOLO_SUCCESS,01ea1a00
190620100658,TAG_DEPARTED_A,01ea1a00
190620100738,TAG_ARRIVED_A,01ea1a00
190620100739,SOLO_SUCCESS,01ea1a00
190620100741,TAG_DEPARTED_A,01ea1a00
190620100742,TAG_ARRIVED_B,0102d900
190620100743,SOLO_SUCCESS,0102d900
190620100744,TAG_DEPARTED_B,0102d900
190620100753,TAG_ARRIVED_A,01037b00
190620100754,SOLO_SUCCESS,01037b00
190620100803,TAG_ARRIVED_B,01037b00
190620100804,SOLO_SUCCESS,01037b00
190620100804,TAG_DEPARTED_A,01037b00
190620100805,TAG_ARRIVED_A,01ea1a00
190620100806,STARTCOOP_FAIL,01037b00_01ea1a00
190620100806,TAG_ARRIVED_A,01037b00
190620100807,SOLO_FAIL,01037b00
190620100807,TAG_DEPARTED_B,01037b00
190620100826,TAG_DEPARTED_A,01037b00
190620100827,TAG_ARRIVED_B,01037b00
190620100828,SOLO_FAIL,01037b00
190620100829,ENDCOOP_FAIL,01037b00_
190620100829,TAG_DEPARTED_B,01037b00
190620100830,TAG_ARRIVED_A,01037b00
190620100831,SOLO_FAIL,01037b00
190620100839,TAG_ARRIVED_B,01037b00
190620100840,SOLO_FAIL,01037b00
190620100840,TAG_DEPARTED_A,01037b00
190620100841,ENDCOOP_FAIL,01037b00_
190620100842,TAG_DEPARTED_B,01037b00
190620100843,TAG_ARRIVED_A,01037b00
190620100844,SOLO_FAIL,01037b00
190620100849,TAG_DEPARTED_A,01037b00
190620100851,TAG_ARRIVED_A,01037b00
190620100852,SOLO_FAIL,01037b00
190620100858,TAG_DEPARTED_A,01037b00
190620100859,TAG_ARRIVED_A,01037b00
190620100900,SOLO_FAIL,01037b00
190620100916,TAG_DEPARTED_A,01037b00
190620100921,TAG_ARRIVED_A,01037b00
190620100922,SOLO_FAIL,01037b00
190620100936,TAG_DEPARTED_A,01037b00
190620100958,TAG_ARRIVED_A,0102d900
190620100959,SOLO_FAIL,0102d900
190620101005,TAG_DEPARTED_A,0102d900
190620101006,LOCKOUT_ENDED,
190620101029,TAG_ARRIVED_A,0102d900
190620101030,SOLO_SUCCESS,0102d900
190620101046,TAG_DEPARTED_A,0102d900
190620101051,TAG_ARRIVED_A,0102d900
190620101052,SOLO_SUCCESS,0102d900
190620101053,TAG_DEPARTED_A,0102d900
190620101055,TAG_ARRIVED_A,0102d900
190620101056,SOLO_SUCCESS,0102d900
190620101100,TAG_DEPARTED_A,0102d900
190620101101,TAG_ARRIVED_A,0102d900
190620101102,SOLO_SUCCESS,0102d900
190620101105,TAG_DEPARTED_A,0102d900
190620101107,TAG_ARRIVED_A,0102d900
190620101108,SOLO_SUCCESS,0102d900
190620101116,TAG_DEPARTED_A,0102d900
190620101116,TAG_ARRIVED_A,01d41b00
190620101117,SOLO_SUCCESS,01d41b00
190620101122,TAG_DEPARTED_A,01d41b00
190620101128,TAG_ARRIVED_A,01d41b00
190620101129,SOLO_SUCCESS,01d41b00
190620101130,TAG_DEPARTED_A,01d41b00
190620101152,TAG_ARRIVED_B,0102d900
190620101153,SOLO_SUCCESS,0102d900
190620101154,TAG_DEPARTED_B,0102d900
190620101155,TAG_ARRIVED_A,01d41b00
190620101156,SOLO_SUCCESS,01d41b00
190620101158,TAG_DEPARTED_A,01d41b00
190620101159,TAG_ARRIVED_B,0102d900
190620101200,SOLO_SUCCESS,0102d900
190620101201,TAG_ARRIVED_A,01d41b00
190620101202,STARTCOOP_SUCCESS,0102d900_01d41b00
190620101202,ENDCOOP_SUCCESS,0102d900_01d41b00
190620101202,TAG_DEPARTED_B,0102d900
190620101203,TAG_DEPARTED_A,01d41b00
190620101203,TAG_ARRIVED_A,0102d900
190620101204,SOLO_SUCCESS,0102d900
190620101205,TAG_DEPARTED_A,0102d900
190620101206,TAG_ARRIVED_A,0102d900
190620101207,SOLO_SUCCESS,0102d900
190620101210,TAG_DEPARTED_A,0102d900
190620101636,TAG_ARRIVED_A,0102d400
190620101637,SOLO_SUCCESS,0102d400
190620101641,TAG_DEPARTED_A,0102d400
190620101647,TAG_ARRIVED_A,0102d400
190620101648,SOLO_SUCCESS,0102d400
190620101649,TAG_DEPARTED_A,0102d400
190620101659,TAG_ARRIVED_A,0102d400
190620101700,SOLO_SUCCESS,0102d400
190620101702,TAG_DEPARTED_A,0102d400
190620101705,TAG_ARRIVED_A,0102d400
190620101706,SOLO_SUCCESS,0102d400
190620101708,TAG_DEPARTED_A,0102d400
190620101708,TAG_ARRIVED_B,01e01400
190620101709,SOLO_SUCCESS,01e01400
190620101724,TAG_DEPARTED_B,01e01400
190620101733,TAG_ARRIVED_A,0102d400
190620101734,SOLO_SUCCESS,0102d400
190620101737,TAG_DEPARTED_A,0102d400
190620101737,TAG_ARRIVED_A,01037b00
190620101738,SOLO_SUCCESS,01037b00
190620101739,TAG_DEPARTED_A,01037b00
190620101745,TAG_ARRIVED_A,01037b00
190620101746,SOLO_SUCCESS,01037b00
190620101749,TAG_DEPARTED_A,01037b00
190620101757,TAG_ARRIVED_A,01037b00
190620101758,SOLO_SUCCESS,01037b00
190620101801,TAG_DEPARTED_A,01037b00
190620101802,TAG_ARRIVED_A,01037b00
190620101803,SOLO_SUCCESS,01037b00
190620101804,TAG_DEPARTED_A,01037b00
190620101805,TAG_ARRIVED_A,01037b00
190620101806,SOLO_SUCCESS,01037b00
190620101807,TAG_DEPARTED_A,01037b00
190620101814,TAG_ARRIVED_A,01037b00
190620101815,SOLO_SUCCESS,01037b00
190620101817,TAG_DEPARTED_A,01037b00
190620101828,TAG_ARRIVED_A,01037b00
190620101829,SOLO_SUCCESS,01037b00
190620101833,TAG_DEPARTED_A,01037b00
190620101837,TAG_ARRIVED_A,01037b00
190620101837,SOLO_SUCCESS,01037b00
190620101843,TAG_DEPARTED_A,01037b00
190620101855,TAG_ARRIVED_B,01da8200
190620101855,SOLO_SUCCESS,01da8200
190620101857,TAG_DEPARTED_B,01da8200
190620101907,TAG_ARRIVED_A,01026c00
190620101908,SOLO_SUCCESS,01026c00
190620101912,TAG_DEPARTED_A,01026c00
190620101936,TAG_ARRIVED_B,018feb00
190620101937,SOLO_SUCCESS,018feb00
190620101938,TAG_DEPARTED_B,018feb00
190620101947,TAG_ARRIVED_A,01026c00
190620101948,SOLO_SUCCESS,01026c00
190620101950,TAG_DEPARTED_A,01026c00
190620101957,TAG_ARRIVED_B,01026c00
190620101958,SOLO_SUCCESS,01026c00
190620102000,TAG_DEPARTED_B,01026c00
190620102002,TAG_ARRIVED_A,01026c00
190620102003,SOLO_SUCCESS,01026c00
190620102020,TAG_ARRIVED_B,01026c00
190620102021,SOLO_SUCCESS,01026c00
190620102021,TAG_DEPARTED_A,01026c00
190620102033,TAG_ARRIVED_A,01026c00
190620102034,SOLO_SUCCESS,01026c00
190620102034,TAG_DEPARTED_B,01026c00
190620102038,TAG_DEPARTED_A,01026c00
190620102039,TAG_ARRIVED_B,01026c00
190620102040,SOLO_SUCCESS,01026c00
190620102049,TAG_ARRIVED_A,01026c00
190620102050,SOLO_SUCCESS,01026c00
190620102050,TAG_DEPARTED_B,01026c00
190620102103,TAG_ARRIVED_B,01026c00
190620102104,SOLO_SUCCESS,01026c00
190620102104,TAG_DEPARTED_A,01026c00
190620102107,TAG_DEPARTED_B,01026c00
190620102109,TAG_ARRIVED_B,01026c00
190620102110,SOLO_SUCCESS,01026c00
190620102113,TAG_DEPARTED_B,01026c00
190620102115,TAG_ARRIVED_B,01026c00
190620102116,SOLO_SUCCESS,01026c00
190620102133,TAG_DEPARTED_B,01026c00
190620102133,TAG_ARRIVED_A,01026c00
190620102134,SOLO_SUCCESS,01026c00
190620102158,TAG_DEPARTED_A,01026c00
190620102203,TAG_ARRIVED_A,01026c00
190620102204,SOLO_SUCCESS,01026c00
190620102209,TAG_ARRIVED_B,01026c00
190620102210,SOLO_SUCCESS,01026c00
190620102211,TAG_DEPARTED_A,01026c00
190620102238,TAG_DEPARTED_B,01026c00
190620102328,TAG_ARRIVED_A,018ef600
190620102329,SOLO_SUCCESS,018ef600
190620102333,TAG_DEPARTED_A,018ef600
190620102336,TAG_ARRIVED_A,018ef600
190620102337,SOLO_SUCCESS,018ef600
190620102340,TAG_DEPARTED_A,018ef600
190620102355,TAG_ARRIVED_A,018ef600
190620102356,SOLO_SUCCESS,018ef600
190620102406,TAG_ARRIVED_A,0103ed00
190620102406,SOLO_SUCCESS,0103ed00
190620102408,TAG_DEPARTED_A,0103ed00
190620102410,TAG_ARRIVED_A,018feb00
190620102411,SOLO_SUCCESS,018feb00
190620102415,TAG_DEPARTED_A,018feb00
190620102710,TAG_ARRIVED_B,01e01400
190620102711,SOLO_SUCCESS,01e01400
190620102713,TAG_DEPARTED_B,01e01400
190620102713,TAG_ARRIVED_B,01e01400
190620102714,SOLO_SUCCESS,01e01400
190620102721,TAG_DEPARTED_B,01e01400
190620102723,TAG_ARRIVED_B,01e01400
190620102724,SOLO_SUCCESS,01e01400
190620102725,TAG_DEPARTED_B,01e01400
190620102745,TAG_ARRIVED_B,01037b00
190620102746,SOLO_SUCCESS,01037b00
190620102750,TAG_DEPARTED_B,01037b00
