190610050702,START_EXPERIMENT,
190610054532,TAG_ARRIVED_B,01cbb800
190610054533,SOLO_SUCCESS,01cbb800
190610054548,TAG_DEPARTED_B,01cbb800
190610054556,TAG_ARRIVED_B,1023300
190610054556,SOLO_SUCCESS,1023300
190610054558,TAG_DEPARTED_B,1023300
190610054559,TAG_ARRIVED_B,1023300
190610054600,SOLO_SUCCESS,1023300
190610054601,TAG_DEPARTED_B,1023300
190610054744,TAG_ARRIVED_B,1023300
190610054745,SOLO_SUCCESS,1023300
190610054746,TAG_DEPARTED_B,1023300
190610054812,TAG_ARRIVED_B,1023300
190610054813,SOLO_SUCCESS,1023300
190610054824,TAG_DEPARTED_B,1023300
190610054825,TAG_ARRIVED_B,1023300
190610054826,SOLO_SUCCESS,1023300
190610054830,TAG_DEPARTED_B,1023300
190610054830,TAG_ARRIVED_B,1023300
190610054831,SOLO_SUCCESS,1023300
190610054833,TAG_DEPARTED_B,1023300
190610054836,TAG_ARRIVED_B,1023300
190610054837,SOLO_SUCCESS,1023300
190610054838,TAG_DEPARTED_B,1023300
190610054839,TAG_ARRIVED_B,1023300
190610054839,SOLO_SUCCESS,1023300
190610054845,TAG_DEPARTED_B,1023300
190610054846,TAG_ARRIVED_B,1023300
190610054846,SOLO_SUCCESS,1023300
190610054854,TAG_DEPARTED_B,1023300
190610054857,TAG_ARRIVED_B,1023300
190610054858,SOLO_SUCCESS,1023300
190610054902,TAG_DEPARTED_B,1023300
190610054906,TAG_ARRIVED_A,01037b00
190610054906,SOLO_SUCCESS,01037b00
190610054912,TAG_ARRIVED_B,01037b00
190610054912,SOLO_SUCCESS,01037b00
190610054913,TAG_DEPARTED_A,01037b00
190610054920,TAG_DEPARTED_B,01037b00
190610054921,TAG_ARRIVED_B,01037b00
190610054922,SOLO_SUCCESS,01037b00
190610054923,TAG_DEPARTED_B,01037b00
190610054933,TAG_ARRIVED_B,01037b00
190610054934,SOLO_SUCCESS,01037b00
190610054937,TAG_DEPARTED_B,01037b00
190610054941,TAG_ARRIVED_B,01037b00
190610054942,SOLO_SUCCESS,01037b00
190610054944,TAG_DEPARTED_B,01037b00
190610054958,TAG_ARRIVED_B,01037b00
190610054958,SOLO_SUCCESS,01037b00
190610055010,TAG_DEPARTED_B,01037b00
190610055024,TAG_ARRIVED_B,01037b00
190610055025,SOLO_SUCCESS,01037b00
190610055027,TAG_DEPARTED_B,01037b00
190610055029,TAG_ARRIVED_B,01037b00
190610055030,SOLO_SUCCESS,01037b00
190610055036,TAG_DEPARTED_B,01037b00
190610055037,TAG_ARRIVED_B,01037b00
190610055038,SOLO_SUCCESS,01037b00
190610055049,TAG_DEPARTED_B,01037b00
190610055102,TAG_ARRIVED_B,01037b00
190610055102,SOLO_SUCCESS,01037b00
190610055108,TAG_DEPARTED_B,01037b00
190610055114,TAG_ARRIVED_B,01037b00
190610055115,SOLO_SUCCESS,01037b00
190610055116,TAG_DEPARTED_B,01037b00
190610055118,TAG_ARRIVED_B,01037b00
190610055119,SOLO_SUCCESS,01037b00
190610055133,TAG_DEPARTED_B,01037b00
190610055134,TAG_ARRIVED_B,01037b00
190610055135,SOLO_SUCCESS,01037b00
190610055138,TAG_DEPARTED_B,01037b00
190610055154,TAG_ARRIVED_B,01037b00
190610055155,SOLO_SUCCESS,01037b00
190610055158,TAG_DEPARTED_B,01037b00
190610055211,TAG_ARRIVED_B,01037b00
190610055212,SOLO_SUCCESS,01037b00
190610055214,TAG_DEPARTED_B,01037b00
190610055313,TAG_ARRIVED_B,1023300
190610055314,SOLO_SUCCESS,1023300
190610055410,TAG_DEPARTED_B,1023300
190610055412,TAG_ARRIVED_B,1023300
190610055413,SOLO_SUCCESS,1023300
190610055424,TAG_DEPARTED_B,1023300
190610055424,TAG_ARRIVED_B,1023300
190610055425,SOLO_SUCCESS,1023300
190610055448,TAG_DEPARTED_B,1023300
190610055449,TAG_ARRIVED_B,1023300
190610055450,SOLO_SUCCESS,1023300
190610055455,TAG_DEPARTED_B,1023300
190610055456,TAG_ARRIVED_B,1023300
190610055456,SOLO_SUCCESS,1023300
190610055458,TAG_DEPARTED_B,1023300
190610055503,TAG_ARRIVED_B,1023300
190610055504,SOLO_SUCCESS,1023300
190610055507,TAG_DEPARTED_B,1023300
190610055512,TAG_ARRIVED_B,1023300
190610055512,SOLO_SUCCESS,1023300
190610055515,TAG_DEPARTED_B,1023300
190610055524,TAG_ARRIVED_B,1023300
190610055525,SOLO_SUCCESS,1023300
190610055536,TAG_DEPARTED_B,1023300
190610055539,TAG_ARRIVED_B,1023300
190610055540,SOLO_SUCCESS,1023300
190610055541,TAG_DEPARTED_B,1023300
190610055545,TAG_ARRIVED_B,1023300
190610055546,SOLO_SUCCESS,1023300
190610055610,TAG_DEPARTED_B,1023300
190610055623,TAG_ARRIVED_B,1023300
190610055624,SOLO_SUCCESS,1023300
190610055908,TAG_DEPARTED_B,1023300
190610055937,TAG_ARRIVED_B,1023300
190610055938,SOLO_SUCCESS,1023300
190610060125,TAG_ARRIVED_A,01471d00
190610060125,STARTCOOP_SUCCESS,01023300_01471d00
190610060129,ENDCOOP_SUCCESS,01023300_01471d00
190610060129,TAG_DEPARTED_B,1023300
190610060129,TAG_DEPARTED_A,01471d00
190610060130,TAG_ARRIVED_A,01471d00
190610060130,SOLO_SUCCESS,01471d00
190610060132,TAG_DEPARTED_A,01471d00
190610060137,TAG_ARRIVED_A,01471d00
190610060138,SOLO_SUCCESS,01471d00
190610060146,TAG_DEPARTED_A,01471d00
190610060147,TAG_ARRIVED_A,01471d00
190610060148,SOLO_SUCCESS,01471d00
190610060212,TAG_DEPARTED_A,01471d00
190610060213,TAG_ARRIVED_A,01471d00
190610060214,SOLO_SUCCESS,01471d00
190610060215,TAG_DEPARTED_A,01471d00
190610060217,TAG_ARRIVED_A,01471d00
190610060217,SOLO_SUCCESS,01471d00
190610060229,TAG_DEPARTED_A,01471d00
190610060240,TAG_ARRIVED_A,1023300
190610060240,SOLO_SUCCESS,1023300
190610060305,TAG_DEPARTED_A,1023300
190610060312,TAG_ARRIVED_A,1023300
190610060313,SOLO_SUCCESS,1023300
190610060317,TAG_ARRIVED_B,01471d00
190610060318,STARTCOOP_SUCCESS,01023300_01471d00
190610060320,ENDCOOP_SUCCESS,01471d00_01023300
190610060320,TAG_DEPARTED_B,01471d00
190610060320,TAG_DEPARTED_A,1023300
190610060907,TAG_ARRIVED_A,013d7200
190610060907,SOLO_SUCCESS,013d7200
190610060910,TAG_DEPARTED_A,013d7200
190610060940,TAG_ARRIVED_B,013d7200
190610060940,SOLO_SUCCESS,013d7200
190610060946,TAG_DEPARTED_B,013d7200
190610060949,TAG_ARRIVED_B,013d7200
190610060950,SOLO_SUCCESS,013d7200
190610060956,TAG_DEPARTED_B,013d7200
190610060956,TAG_ARRIVED_B,013d7200
190610060957,SOLO_SUCCESS,013d7200
190610061004,TAG_DEPARTED_B,013d7200
190610061005,TAG_ARRIVED_B,013d7200
190610061005,SOLO_SUCCESS,013d7200
190610061010,TAG_DEPARTED_B,013d7200
190610061011,TAG_ARRIVED_B,013d7200
190610061011,SOLO_SUCCESS,013d7200
190610061015,TAG_DEPARTED_B,013d7200
190610061017,TAG_ARRIVED_B,013d7200
190610061017,SOLO_SUCCESS,013d7200
190610061020,TAG_DEPARTED_B,013d7200
190610061030,TAG_ARRIVED_A,013d7200
190610061031,SOLO_SUCCESS,013d7200
190610061038,TAG_DEPARTED_A,013d7200
190610061039,TAG_ARRIVED_B,013d7200
190610061039,SOLO_SUCCESS,013d7200
190610061040,TAG_DEPARTED_B,013d7200
190610061042,TAG_ARRIVED_B,013d7200
190610061042,SOLO_SUCCESS,013d7200
190610061044,TAG_DEPARTED_B,013d7200
190610061047,TAG_ARRIVED_B,013d7200
190610061048,SOLO_SUCCESS,013d7200
190610061052,TAG_DEPARTED_B,013d7200
190610061055,TAG_ARRIVED_B,013d7200
190610061055,SOLO_SUCCESS,013d7200
190610061057,TAG_DEPARTED_B,013d7200
190610061106,TAG_ARRIVED_B,013d7200
190610061106,SOLO_SUCCESS,013d7200
190610061109,TAG_DEPARTED_B,013d7200
190610061114,TAG_ARRIVED_B,013d7200
190610061114,SOLO_SUCCESS,013d7200
190610061117,TAG_DEPARTED_B,013d7200
190610061118,TAG_ARRIVED_B,013d7200
190610061119,SOLO_SUCCESS,013d7200
190610061121,TAG_DEPARTED_B,013d7200
190610061130,TAG_ARRIVED_B,013d7200
190610061131,SOLO_SUCCESS,013d7200
190610061132,TAG_DEPARTED_B,013d7200
190610061134,TAG_ARRIVED_B,013d7200
190610061134,SOLO_SUCCESS,013d7200
190610061137,TAG_DEPARTED_B,013d7200
190610061144,TAG_ARRIVED_B,013d7200
190610061144,SOLO_SUCCESS,013d7200
190610061148,TAG_DEPARTED_B,013d7200
190610061150,TAG_ARRIVED_B,013d7200
190610061150,SOLO_SUCCESS,013d7200
190610061152,TAG_DEPARTED_B,013d7200
190610061153,TAG_ARRIVED_B,013d7200
190610061153,SOLO_SUCCESS,013d7200
190610061158,TAG_ARRIVED_B,1041100
190610061159,SOLO_SUCCESS,1041100
190610061200,TAG_DEPARTED_B,1041100
190610061200,TAG_ARRIVED_B,1041100
190610061201,SOLO_SUCCESS,1041100
190610061252,TAG_DEPARTED_B,1041100
190610061258,TAG_ARRIVED_B,1041100
190610061259,SOLO_SUCCESS,1041100
190610061310,TAG_DEPARTED_B,1041100
190610061310,TAG_ARRIVED_B,1041100
190610061311,SOLO_SUCCESS,1041100
190610061313,TAG_DEPARTED_B,1041100
190610061316,TAG_ARRIVED_B,1041100
190610061317,SOLO_SUCCESS,1041100
190610061321,TAG_DEPARTED_B,1041100
190610061322,TAG_ARRIVED_B,1041100
190610061323,SOLO_SUCCESS,1041100
190610061326,TAG_ARRIVED_A,1041100
190610061327,SOLO_SUCCESS,1041100
190610061328,TAG_DEPARTED_B,1041100
190610061337,TAG_DEPARTED_A,1041100
190610061337,TAG_ARRIVED_B,1041100
190610061338,SOLO_SUCCESS,1041100
190610061405,TAG_DEPARTED_B,1041100
190610062028,TAG_ARRIVED_A,018feb00
190610062029,SOLO_SUCCESS,018feb00
190610062030,TAG_DEPARTED_A,018feb00
190610062038,TAG_ARRIVED_B,018feb00
190610062039,SOLO_SUCCESS,018feb00
190610062041,TAG_DEPARTED_B,018feb00
190610062155,TAG_ARRIVED_A,018feb00
190610062156,SOLO_SUCCESS,018feb00
190610062159,TAG_DEPARTED_A,018feb00
190610062203,TAG_ARRIVED_A,018feb00
190610062204,SOLO_SUCCESS,018feb00
190610062205,TAG_DEPARTED_A,018feb00
190610062232,TAG_ARRIVED_A,01bc6d00
190610062233,SOLO_SUCCESS,01bc6d00
190610062234,TAG_DEPARTED_A,01bc6d00
190610062247,TAG_ARRIVED_A,018feb00
190610062247,SOLO_SUCCESS,018feb00
190610062249,TAG_DEPARTED_A,018feb00
190610062259,TAG_ARRIVED_A,018feb00
190610062259,SOLO_SUCCESS,018feb00
190610062304,TAG_DEPARTED_A,018feb00
190610062310,TAG_ARRIVED_A,018feb00
190610062310,SOLO_SUCCESS,018feb00
190610062312,TAG_DEPARTED_A,018feb00
190610062419,TAG_ARRIVED_A,01bc6d00
190610062420,SOLO_SUCCESS,01bc6d00
190610062427,TAG_DEPARTED_A,01bc6d00
190610062429,TAG_ARRIVED_A,01bc6d00
190610062430,SOLO_SUCCESS,01bc6d00
190610062432,TAG_DEPARTED_A,01bc6d00
190610062446,TAG_ARRIVED_A,01bc6d00
190610062446,SOLO_SUCCESS,01bc6d00
190610062448,TAG_DEPARTED_A,01bc6d00
190610062532,TAG_ARRIVED_B,0103f300
190610062532,SOLO_SUCCESS,0103f300
190610062535,TAG_DEPARTED_B,0103f300
190610062614,TAG_ARRIVED_B,0103f300
190610062615,SOLO_SUCCESS,0103f300
190610062618,TAG_DEPARTED_B,0103f300
190610062624,TAG_ARRIVED_B,0103f300
190610062625,SOLO_SUCCESS,0103f300
190610062627,TAG_DEPARTED_B,0103f300
190610062629,TAG_ARRIVED_B,0103f300
190610062629,SOLO_SUCCESS,0103f300
190610062637,TAG_DEPARTED_B,0103f300
190610062639,TAG_ARRIVED_B,0103f300
190610062639,SOLO_SUCCESS,0103f300
190610062642,TAG_DEPARTED_B,0103f300
190610062708,TAG_ARRIVED_B,0103f300
190610062709,SOLO_SUCCESS,0103f300
190610062715,TAG_DEPARTED_B,0103f300
190610062718,TAG_ARRIVED_B,0103f300
190610062718,SOLO_SUCCESS,0103f300
190610062720,TAG_DEPARTED_B,0103f300
190610062910,TAG_ARRIVED_B,018feb00
190610062910,SOLO_SUCCESS,018feb00
190610062912,TAG_DEPARTED_B,018feb00
190610062918,TAG_ARRIVED_B,01037b00
190610062918,SOLO_SUCCESS,01037b00
190610062926,TAG_DEPARTED_B,01037b00
190610062928,TAG_ARRIVED_B,01037b00
190610062929,SOLO_SUCCESS,01037b00
190610062931,TAG_DEPARTED_B,01037b00
190610063009,TAG_ARRIVED_A,01037b00
190610063010,SOLO_SUCCESS,01037b00
190610063014,TAG_DEPARTED_A,01037b00
190610063033,TAG_ARRIVED_A,01037b00
190610063033,SOLO_SUCCESS,01037b00
190610063117,TAG_DEPARTED_A,01037b00
190610063530,TAG_ARRIVED_B,013d7200
190610063531,SOLO_SUCCESS,013d7200
190610063535,TAG_DEPARTED_B,013d7200
190610063538,TAG_ARRIVED_B,013d7200
190610063538,SOLO_SUCCESS,013d7200
190610063543,TAG_DEPARTED_B,013d7200
190610063545,TAG_ARRIVED_B,013d7200
190610063545,SOLO_SUCCESS,013d7200
190610063549,TAG_DEPARTED_B,013d7200
190610063553,TAG_ARRIVED_B,013d7200
190610063553,SOLO_SUCCESS,013d7200
190610063555,TAG_DEPARTED_B,013d7200
190610063556,TAG_ARRIVED_B,013d7200
190610063556,SOLO_SUCCESS,013d7200
190610063603,TAG_DEPARTED_B,013d7200
190610063603,TAG_ARRIVED_B,013d7200
190610063604,SOLO_SUCCESS,013d7200
190610063609,TAG_DEPARTED_B,013d7200
190610063646,TAG_ARRIVED_A,013d7200
190610063647,SOLO_SUCCESS,013d7200
190610063653,TAG_DEPARTED_A,013d7200
190610063658,TAG_ARRIVED_B,013d7200
190610063658,SOLO_SUCCESS,013d7200
190610063701,TAG_DEPARTED_B,013d7200
190610063707,TAG_ARRIVED_B,013d7200
190610063708,SOLO_SUCCESS,013d7200
190610063711,TAG_DEPARTED_B,013d7200
190610064219,TAG_ARRIVED_B,01037b00
190610064220,SOLO_SUCCESS,01037b00
190610064220,TAG_ARRIVED_B,01cbb800
190610064221,SOLO_SUCCESS,01cbb800
190610064223,TAG_DEPARTED_B,01cbb800
190610064346,TAG_ARRIVED_A,1023300
190610064346,SOLO_SUCCESS,1023300
190610064349,TAG_DEPARTED_A,1023300
190610064353,TAG_ARRIVED_A,1023300
190610064354,SOLO_SUCCESS,1023300
190610064355,TAG_DEPARTED_A,1023300
190610064357,TAG_ARRIVED_A,1023300
190610064358,SOLO_SUCCESS,1023300
190610064400,TAG_DEPARTED_A,1023300
190610064404,TAG_ARRIVED_A,1023300
190610064405,SOLO_SUCCESS,1023300
190610064409,TAG_DEPARTED_A,1023300
190610064410,TAG_ARRIVED_A,1023300
190610064410,SOLO_SUCCESS,1023300
190610064415,TAG_DEPARTED_A,1023300
190610064419,TAG_ARRIVED_A,1023300
190610064420,SOLO_SUCCESS,1023300
190610064421,TAG_DEPARTED_A,1023300
190610064422,TAG_ARRIVED_A,1023300
190610064422,SOLO_SUCCESS,1023300
190610064424,TAG_DEPARTED_A,1023300
190610064425,TAG_ARRIVED_A,1023300
190610064425,SOLO_SUCCESS,1023300
190610064433,TAG_DEPARTED_A,1023300
190610064435,TAG_ARRIVED_A,1023300
190610064435,SOLO_SUCCESS,1023300
190610064438,TAG_DEPARTED_A,1023300
190610064438,TAG_ARRIVED_A,1023300
190610064439,SOLO_SUCCESS,1023300
190610064446,TAG_DEPARTED_A,1023300
190610064446,TAG_ARRIVED_A,01d18f00
190610064447,SOLO_SUCCESS,01d18f00
190610064449,TAG_DEPARTED_A,01d18f00
190610064508,TAG_ARRIVED_B,1023300
190610064509,SOLO_SUCCESS,1023300
190610064513,TAG_DEPARTED_B,1023300
190610064517,TAG_ARRIVED_B,1023300
190610064518,SOLO_SUCCESS,1023300
190610064525,TAG_DEPARTED_B,1023300
190610064758,TAG_ARRIVED_A,1023300
190610064758,SOLO_SUCCESS,1023300
190610064802,TAG_DEPARTED_A,1023300
190610064807,TAG_ARRIVED_A,1023300
190610064808,SOLO_SUCCESS,1023300
190610064818,TAG_DEPARTED_A,1023300
190610064820,TAG_ARRIVED_B,01471d00
190610064820,SOLO_SUCCESS,01471d00
190610064822,TAG_DEPARTED_B,01471d00
190610064830,TAG_ARRIVED_B,01471d00
190610064831,SOLO_SUCCESS,01471d00
190610064845,TAG_DEPARTED_B,01471d00
190610064859,TAG_ARRIVED_B,01471d00
190610064859,SOLO_SUCCESS,01471d00
190610064909,TAG_DEPARTED_B,01471d00
190610065015,TAG_ARRIVED_A,1023300
190610065015,SOLO_SUCCESS,1023300
190610065017,TAG_DEPARTED_A,1023300
190610065057,TAG_ARRIVED_A,01471d00
190610065057,SOLO_SUCCESS,01471d00
190610065100,TAG_DEPARTED_A,01471d00
190610065105,TAG_ARRIVED_A,01471d00
190610065105,SOLO_SUCCESS,01471d00
190610065111,TAG_DEPARTED_A,01471d00
190610065119,TAG_ARRIVED_B,01471d00
190610065119,SOLO_SUCCESS,01471d00
190610065134,TAG_DEPARTED_B,01471d00
190610065134,TAG_ARRIVED_B,01471d00
190610065135,SOLO_SUCCESS,01471d00
190610065139,TAG_DEPARTED_B,01471d00
190610065141,TAG_ARRIVED_B,01471d00
190610065141,SOLO_SUCCESS,01471d00
190610065144,TAG_DEPARTED_B,01471d00
190610065144,TAG_ARRIVED_B,01471d00
190610065145,SOLO_SUCCESS,01471d00
190610065147,TAG_DEPARTED_B,01471d00
190610065150,TAG_ARRIVED_B,01471d00
190610065150,SOLO_SUCCESS,01471d00
190610065153,TAG_DEPARTED_B,01471d00
190610065206,TAG_ARRIVED_A,01037b00
190610065207,SOLO_SUCCESS,01037b00
190610065208,TAG_DEPARTED_A,01037b00
190610065208,TAG_ARRIVED_B,01037b00
190610065209,SOLO_SUCCESS,01037b00
190610065210,TAG_DEPARTED_B,01037b00
190610065211,TAG_ARRIVED_B,01037b00
190610065212,SOLO_SUCCESS,01037b00
190610065218,TAG_DEPARTED_B,01037b00
190610065219,TAG_ARRIVED_B,01037b00
190610065220,SOLO_SUCCESS,01037b00
190610065223,TAG_DEPARTED_B,01037b00
190610065224,TAG_ARRIVED_B,01037b00
190610065225,SOLO_SUCCESS,01037b00
190610065242,TAG_DEPARTED_B,01037b00
190610065258,TAG_ARRIVED_B,01037b00
190610065259,SOLO_SUCCESS,01037b00
190610065300,TAG_DEPARTED_B,01037b00
190610065311,TAG_ARRIVED_B,01037b00
190610065312,SOLO_SUCCESS,01037b00
190610065313,TAG_DEPARTED_B,01037b00
190610065318,TAG_ARRIVED_B,01037b00
190610065319,SOLO_SUCCESS,01037b00
190610065320,TAG_DEPARTED_B,01037b00
190610065337,TAG_ARRIVED_B,01037b00
190610065338,SOLO_SUCCESS,01037b00
190610065339,TAG_DEPARTED_B,01037b00
190610065343,TAG_ARRIVED_B,01037b00
190610065344,SOLO_SUCCESS,01037b00
190610065352,TAG_DEPARTED_B,01037b00
190610065353,TAG_ARRIVED_A,01037b00
190610065354,SOLO_SUCCESS,01037b00
190610065354,TAG_ARRIVED_B,01037b00
190610065355,SOLO_SUCCESS,01037b00
190610065355,TAG_DEPARTED_A,01037b00
190610065356,TAG_DEPARTED_B,01037b00
190610065405,TAG_ARRIVED_B,01037b00
190610065406,SOLO_SUCCESS,01037b00
190610065407,TAG_DEPARTED_B,01037b00
190610065426,TAG_ARRIVED_B,01037b00
190610065427,SOLO_SUCCESS,01037b00
190610065432,TAG_DEPARTED_B,01037b00
190610071534,TAG_ARRIVED_B,018feb00
190610071534,SOLO_SUCCESS,018feb00
190610071536,TAG_DEPARTED_B,018feb00
190610072112,TAG_ARRIVED_A,018feb00
190610072113,SOLO_SUCCESS,018feb00
190610072114,TAG_DEPARTED_A,018feb00
190610072125,TAG_ARRIVED_A,018feb00
190610072126,SOLO_SUCCESS,018feb00
190610072127,TAG_DEPARTED_A,018feb00
190610072222,TAG_ARRIVED_B,01037b00
190610072222,SOLO_SUCCESS,01037b00
190610072224,TAG_DEPARTED_B,01037b00
190610072224,TAG_ARRIVED_B,01037b00
190610072225,SOLO_SUCCESS,01037b00
190610072226,TAG_DEPARTED_B,01037b00
190610072231,TAG_ARRIVED_B,01037b00
190610072232,SOLO_SUCCESS,01037b00
190610072234,TAG_DEPARTED_B,01037b00
190610072242,TAG_ARRIVED_B,01037b00
190610072243,SOLO_SUCCESS,01037b00
190610072244,TAG_DEPARTED_B,01037b00
190610072254,TAG_ARRIVED_B,01037b00
190610072255,SOLO_SUCCESS,01037b00
190610072301,TAG_DEPARTED_B,01037b00
190610072301,TAG_ARRIVED_B,01037b00
190610072302,SOLO_SUCCESS,01037b00
190610072304,TAG_DEPARTED_B,01037b00
190610072317,TAG_ARRIVED_B,01037b00
190610072318,SOLO_SUCCESS,01037b00
190610072320,TAG_DEPARTED_B,01037b00
190610072328,TAG_ARRIVED_B,01037b00
190610072329,SOLO_SUCCESS,01037b00
190610072331,TAG_DEPARTED_B,01037b00
190610072334,TAG_ARRIVED_B,01037b00
190610072335,SOLO_SUCCESS,01037b00
190610072336,TAG_DEPARTED_B,01037b00
190610072428,TAG_ARRIVED_B,01037b00
190610072429,SOLO_SUCCESS,01037b00
190610072430,TAG_DEPARTED_B,01037b00
190610072431,TAG_ARRIVED_B,01037b00
190610072432,SOLO_SUCCESS,01037b00
190610072434,TAG_DEPARTED_B,01037b00
190610072435,TAG_ARRIVED_B,01037b00
190610072436,SOLO_SUCCESS,01037b00
190610072437,TAG_DEPARTED_B,01037b00
190610072633,TAG_ARRIVED_B,013d7200
190610072634,SOLO_SUCCESS,013d7200
190610072635,TAG_DEPARTED_B,013d7200
190610072637,TAG_ARRIVED_B,013d7200
190610072638,SOLO_SUCCESS,013d7200
190610072641,TAG_DEPARTED_B,013d7200
190610072643,TAG_ARRIVED_B,013d7200
190610072644,SOLO_SUCCESS,013d7200
190610072647,TAG_DEPARTED_B,013d7200
190610072654,TAG_ARRIVED_A,013d7200
190610072654,SOLO_SUCCESS,013d7200
190610072657,TAG_DEPARTED_A,013d7200
190610072658,TAG_ARRIVED_A,013d7200
190610072659,SOLO_SUCCESS,013d7200
190610072700,TAG_DEPARTED_A,013d7200
190610072727,TAG_ARRIVED_A,013d7200
190610072728,SOLO_SUCCESS,013d7200
190610072731,TAG_DEPARTED_A,013d7200
190610072737,TAG_ARRIVED_A,013d7200
190610072737,SOLO_SUCCESS,013d7200
190610072739,TAG_DEPARTED_A,013d7200
190610072751,TAG_ARRIVED_A,013d7200
190610072751,SOLO_SUCCESS,013d7200
190610072755,TAG_DEPARTED_A,013d7200
190610072800,TAG_ARRIVED_A,013d7200
190610072801,SOLO_SUCCESS,013d7200
190610072803,TAG_DEPARTED_A,013d7200
190610072807,TAG_ARRIVED_A,013d7200
190610072807,SOLO_SUCCESS,013d7200
190610072809,TAG_DEPARTED_A,013d7200
190610072812,TAG_ARRIVED_A,013d7200
190610072812,SOLO_SUCCESS,013d7200
190610072813,TAG_ARRIVED_B,013d7200
190610072814,SOLO_SUCCESS,013d7200
190610072814,TAG_DEPARTED_A,013d7200
190610072815,TAG_DEPARTED_B,013d7200
190610072816,TAG_ARRIVED_B,013d7200
190610072817,SOLO_SUCCESS,013d7200
190610072822,TAG_DEPARTED_B,013d7200
190610072822,TAG_ARRIVED_B,013d7200
190610072822,SOLO_SUCCESS,013d7200
190610072827,TAG_DEPARTED_B,013d7200
190610075346,TAG_ARRIVED_A,01da8200
190610075346,SOLO_SUCCESS,01da8200
190610075350,TAG_DEPARTED_A,01da8200
190610075433,TAG_ARRIVED_A,01045c00
190610075434,SOLO_SUCCESS,01045c00
190610075439,TAG_DEPARTED_A,01045c00
190610075443,TAG_ARRIVED_A,01045c00
190610075444,SOLO_SUCCESS,01045c00
190610075454,TAG_DEPARTED_A,01045c00
190610075713,TAG_ARRIVED_A,01471d00
190610075713,SOLO_SUCCESS,01471d00
190610075715,TAG_DEPARTED_A,01471d00
190610075900,TAG_ARRIVED_B,01037b00
190610075901,SOLO_SUCCESS,01037b00
190610075903,TAG_DEPARTED_B,01037b00
190610075910,TAG_ARRIVED_A,01045c00
190610075911,SOLO_SUCCESS,01045c00
190610075912,TAG_DEPARTED_A,01045c00
190610080116,TAG_ARRIVED_A,01045c00
190610080117,SOLO_SUCCESS,01045c00
190610080128,TAG_DEPARTED_A,01045c00
190610080137,TAG_ARRIVED_A,01045c00
190610080137,SOLO_SUCCESS,01045c00
190610080139,TAG_DEPARTED_A,01045c00
190610080215,TAG_ARRIVED_B,01045c00
190610080216,SOLO_SUCCESS,01045c00
190610080221,TAG_DEPARTED_B,01045c00
190610080244,TAG_ARRIVED_B,01471d00
190610080245,SOLO_SUCCESS,01471d00
190610080250,TAG_DEPARTED_B,01471d00
190610080858,TAG_ARRIVED_A,01e01400
190610080859,SOLO_SUCCESS,01e01400
190610080911,TAG_DEPARTED_A,01e01400
190610080913,TAG_ARRIVED_A,01e01400
190610080914,SOLO_SUCCESS,01e01400
190610080915,TAG_DEPARTED_A,01e01400
190610081659,TAG_ARRIVED_B,018feb00
190610081700,SOLO_SUCCESS,018feb00
190610081701,TAG_DEPARTED_B,018feb00
190610081752,TAG_ARRIVED_B,018feb00
190610081753,SOLO_SUCCESS,018feb00
190610081755,TAG_DEPARTED_B,018feb00
190610081833,TAG_ARRIVED_B,018feb00
190610081834,SOLO_SUCCESS,018feb00
190610081836,TAG_DEPARTED_B,018feb00
190610081914,TAG_ARRIVED_B,018feb00
190610081915,SOLO_SUCCESS,018feb00
190610081916,TAG_DEPARTED_B,018feb00
190610084532,TAG_ARRIVED_A,01471d00
190610084532,SOLO_SUCCESS,01471d00
190610084534,TAG_DEPARTED_A,01471d00
190610084538,TAG_ARRIVED_A,01037b00
190610084539,SOLO_SUCCESS,01037b00
190610084540,TAG_DEPARTED_A,01037b00
190610084541,TAG_ARRIVED_A,01037b00
190610084542,SOLO_SUCCESS,01037b00
190610084543,TAG_DEPARTED_A,01037b00
190610084745,TAG_ARRIVED_A,01037b00
190610084746,SOLO_SUCCESS,01037b00
190610084756,TAG_DEPARTED_A,01037b00
190610084758,TAG_ARRIVED_A,01037b00
190610084759,SOLO_SUCCESS,01037b00
190610084801,TAG_DEPARTED_A,01037b00
190610084802,TAG_ARRIVED_A,01037b00
190610084803,SOLO_SUCCESS,01037b00
190610084804,TAG_DEPARTED_A,01037b00
190610084804,TAG_ARRIVED_A,01037b00
190610084805,SOLO_SUCCESS,01037b00
190610084811,TAG_DEPARTED_A,01037b00
190610084816,TAG_ARRIVED_B,01e01400
190610084816,SOLO_SUCCESS,01e01400
190610084818,TAG_DEPARTED_B,01e01400
190610084824,TAG_ARRIVED_A,01037b00
190610084825,SOLO_SUCCESS,01037b00
190610084825,TAG_ARRIVED_B,01e01400
190610084826,STARTCOOP_SUCCESS,01037b00_01e01400
190610084826,TAG_DEPARTED_A,01037b00
190610084828,TAG_ARRIVED_A,01037b00
190610084829,STARTCOOP_SUCCESS,01e01400_01037b00
190610084829,ENDCOOP_SUCCESS,01e01400_01037b00
190610084830,TAG_DEPARTED_B,01e01400
190610084842,TAG_ARRIVED_B,01e01400
190610084843,STARTCOOP_SUCCESS,01037b00_01e01400
190610084846,ENDCOOP_SUCCESS,01e01400_01037b00
190610084847,TAG_DEPARTED_B,01e01400
190610084847,TAG_ARRIVED_B,018ef600
190610084848,STARTCOOP_SUCCESS,01037b00_018ef600
190610084849,TAG_DEPARTED_A,01037b00
190610084849,ENDCOOP_SUCCESS,018ef600_
190610084849,TAG_DEPARTED_B,018ef600
190610084854,TAG_ARRIVED_A,01037b00
190610084855,SOLO_SUCCESS,01037b00
190610084859,TAG_DEPARTED_A,01037b00
190610084901,TAG_ARRIVED_A,01037b00
190610084902,SOLO_SUCCESS,01037b00
190610084902,TAG_ARRIVED_B,01e01400
190610084903,STARTCOOP_SUCCESS,01037b00_01e01400
190610084903,TAG_DEPARTED_A,01037b00
190610084904,TAG_ARRIVED_A,01037b00
190610084904,STARTCOOP_SUCCESS,01e01400_01037b00
190610084905,ENDCOOP_SUCCESS,01e01400_01037b00
190610084905,TAG_DEPARTED_B,01e01400
190610084905,TAG_ARRIVED_B,01e01400
190610084906,STARTCOOP_SUCCESS,01037b00_01e01400
190610084908,ENDCOOP_SUCCESS,01e01400_01037b00
190610084909,TAG_DEPARTED_B,01e01400
190610084909,TAG_ARRIVED_B,018ef600
190610084910,STARTCOOP_SUCCESS,01037b00_018ef600
190610084913,ENDCOOP_SUCCESS,018ef600_01037b00
190610084913,TAG_DEPARTED_B,018ef600
190610084925,TAG_DEPARTED_A,01037b00
190610084926,TAG_ARRIVED_B,01037b00
190610084926,SOLO_SUCCESS,01037b00
190610084928,TAG_DEPARTED_B,01037b00
190610084931,TAG_ARRIVED_A,018ef600
190610084932,SOLO_SUCCESS,018ef600
190610084933,TAG_DEPARTED_A,018ef600
190610084933,TAG_ARRIVED_B,01037b00
190610084934,SOLO_SUCCESS,01037b00
190610084934,TAG_ARRIVED_A,018ef600
190610084935,STARTCOOP_SUCCESS,01037b00_018ef600
190610084936,ENDCOOP_SUCCESS,01037b00_018ef600
190610084936,TAG_DEPARTED_B,01037b00
190610084936,TAG_DEPARTED_A,018ef600
190610084941,TAG_ARRIVED_A,018ef600
190610084942,SOLO_SUCCESS,018ef600
190610084942,TAG_ARRIVED_B,01037b00
190610084943,STARTCOOP_SUCCESS,018ef600_01037b00
190610084943,TAG_DEPARTED_A,018ef600
190610084946,ENDCOOP_SUCCESS,01037b00_
190610084946,TAG_DEPARTED_B,01037b00
190610084952,TAG_ARRIVED_A,018ef600
190610084952,SOLO_SUCCESS,018ef600
190610084954,TAG_DEPARTED_A,018ef600
190610084957,TAG_ARRIVED_A,018ef600
190610084958,SOLO_SUCCESS,018ef600
190610084959,TAG_ARRIVED_B,01037b00
190610085000,STARTCOOP_SUCCESS,018ef600_01037b00
190610085000,TAG_DEPARTED_A,018ef600
190610085000,REPLACEMENT,0103f300_018ef600
190610085000,TAG_ARRIVED_A,0103f300
190610085000,STARTCOOP_FAIL,01037b00_0103f300
190610085001,ENDCOOP_FAIL,01037b00_0103f300
190610085001,TAG_DEPARTED_B,01037b00
190610085001,TAG_DEPARTED_A,0103f300
190610085002,TAG_ARRIVED_B,01037b00
190610085002,SOLO_FAIL,01037b00
190610085003,TAG_ARRIVED_A,0103f300
190610085003,STARTCOOP_FAIL,01037b00_0103f300
190610085004,ENDCOOP_FAIL,01037b00_0103f300
190610085004,TAG_DEPARTED_B,01037b00
190610085007,TAG_ARRIVED_B,01037b00
190610085008,STARTCOOP_FAIL,0103f300_01037b00
190610085009,ENDCOOP_FAIL,01037b00_0103f300
190610085009,TAG_DEPARTED_B,01037b00
190610085010,TAG_ARRIVED_B,01037b00
190610085011,STARTCOOP_FAIL,0103f300_01037b00
190610085012,TAG_DEPARTED_A,0103f300
190610085012,ENDCOOP_FAIL,01037b00_
190610085012,TAG_DEPARTED_B,01037b00
190610085013,TAG_ARRIVED_A,01037b00
190610085014,SOLO_FAIL,01037b00
190610085014,TAG_ARRIVED_B,01037b00
190610085015,SOLO_FAIL,01037b00
190610085015,TAG_DEPARTED_A,01037b00
190610085018,TAG_ARRIVED_A,01037b00
190610085019,SOLO_FAIL,01037b00
190610085020,TAG_DEPARTED_A,01037b00
190610085021,ENDCOOP_FAIL,01037b00_
190610085021,TAG_DEPARTED_B,01037b00
190610085021,TAG_ARRIVED_B,01037b00
190610085022,SOLO_FAIL,01037b00
190610085024,ENDCOOP_FAIL,01037b00_
190610085024,TAG_DEPARTED_B,01037b00
190610085024,TAG_ARRIVED_B,01037b00
190610085025,SOLO_FAIL,01037b00
190610085027,TAG_ARRIVED_A,0103f300
190610085027,STARTCOOP_FAIL,01037b00_0103f300
190610085028,ENDCOOP_FAIL,01037b00_0103f300
190610085028,TAG_DEPARTED_B,01037b00
190610085032,TAG_ARRIVED_A,01037b00
190610085033,SOLO_FAIL,01037b00
190610085033,TAG_ARRIVED_B,01da8200
190610085034,STARTCOOP_FAIL,01037b00_01da8200
190610085035,ENDCOOP_FAIL,01da8200_01037b00
190610085035,TAG_DEPARTED_B,01da8200
190610085042,TAG_ARRIVED_B,01da8200
190610085042,STARTCOOP_FAIL,01037b00_01da8200
190610085046,ENDCOOP_FAIL,01da8200_01037b00
190610085047,TAG_DEPARTED_B,01da8200
190610085047,TAG_ARRIVED_B,01da8200
190610085048,STARTCOOP_FAIL,01037b00_01da8200
190610085051,ENDCOOP_FAIL,01da8200_01037b00
190610085051,TAG_DEPARTED_B,01da8200
190610085051,TAG_ARRIVED_B,01037b00
190610085052,SOLO_FAIL,01037b00
190610085052,TAG_DEPARTED_A,01037b00
190610085054,ENDCOOP_FAIL,01037b00_
190610085054,TAG_DEPARTED_B,01037b00
190610085054,TAG_ARRIVED_B,01037b00
190610085055,SOLO_FAIL,01037b00
190610085059,TAG_ARRIVED_A,0103f300
190610085059,STARTCOOP_FAIL,01037b00_0103f300
190610085103,TAG_DEPARTED_A,0103f300
190610085104,ENDCOOP_FAIL,01037b00_
190610085104,TAG_DEPARTED_B,01037b00
190610085106,TAG_ARRIVED_B,0103f300
190610085107,SOLO_FAIL,0103f300
190610085109,ENDCOOP_FAIL,0103f300_
190610085109,TAG_DEPARTED_B,0103f300
190610085113,TAG_ARRIVED_B,0103f300
190610085113,SOLO_FAIL,0103f300
190610085117,TAG_ARRIVED_A,01da8200
190610085117,STARTCOOP_SUCCESS,0103f300_01da8200
190610085119,TAG_ARRIVED_A,01037b00
190610085120,STARTCOOP_FAIL,0103f300_01037b00
190610085123,ENDCOOP_FAIL,0103f300_01037b00
190610085123,TAG_DEPARTED_B,0103f300
190610085134,TAG_ARRIVED_B,01037b00
190610085134,SOLO_FAIL,01037b00
190610085135,TAG_DEPARTED_A,01037b00
190610085136,TAG_ARRIVED_A,01037b00
190610085137,SOLO_FAIL,01037b00
190610085137,ENDCOOP_FAIL,01037b00_01037b00
190610085138,TAG_DEPARTED_B,01037b00
190610085140,TAG_DEPARTED_A,01037b00
190610085143,TAG_ARRIVED_B,01037b00
190610085144,SOLO_FAIL,01037b00
190610085201,ENDCOOP_FAIL,01037b00_
190610085201,TAG_DEPARTED_B,01037b00
190610085204,TAG_ARRIVED_B,01037b00
190610085205,SOLO_FAIL,01037b00
190610085208,ENDCOOP_FAIL,01037b00_
190610085208,TAG_DEPARTED_B,01037b00
190610085208,TAG_ARRIVED_A,01037b00
190610085209,SOLO_FAIL,01037b00
190610085218,TAG_DEPARTED_A,01037b00
190610085219,TAG_ARRIVED_A,01e01400
190610085220,SOLO_FAIL,01e01400
190610085223,TAG_DEPARTED_A,01e01400
190610085224,TAG_ARRIVED_B,01e01400
190610085225,SOLO_FAIL,01e01400
190610085243,ENDCOOP_FAIL,01e01400_
190610085243,TAG_DEPARTED_B,01e01400
190610085320,LOCKOUT_ENDED,
190610085429,TAG_ARRIVED_A,01037b00
190610085430,SOLO_SUCCESS,01037b00
190610085432,TAG_DEPARTED_A,01037b00
190610085435,TAG_ARRIVED_A,01037b00
190610085436,SOLO_SUCCESS,01037b00
190610085438,TAG_DEPARTED_A,01037b00
190610085519,TAG_ARRIVED_A,01026c00
190610085520,SOLO_SUCCESS,01026c00
190610085545,TAG_ARRIVED_A,01da8200
190610085546,SOLO_SUCCESS,01da8200
190610085547,TAG_DEPARTED_A,01da8200
190610085930,TAG_ARRIVED_A,01026c00
190610085931,SOLO_SUCCESS,01026c00
190610085939,TAG_DEPARTED_A,01026c00
190610085940,TAG_ARRIVED_A,01026c00
190610085941,SOLO_SUCCESS,01026c00
190610085944,TAG_DEPARTED_A,01026c00
190610085945,TAG_ARRIVED_A,01026c00
190610085946,SOLO_SUCCESS,01026c00
190610085954,TAG_DEPARTED_A,01026c00
190610090001,TAG_ARRIVED_B,01471d00
190610090001,SOLO_SUCCESS,01471d00
190610090003,TAG_DEPARTED_B,01471d00
190610090006,TAG_ARRIVED_B,01471d00
190610090007,SOLO_SUCCESS,01471d00
190610090008,TAG_DEPARTED_B,01471d00
190610090010,TAG_ARRIVED_B,01471d00
190610090010,SOLO_SUCCESS,01471d00
190610090017,TAG_DEPARTED_B,01471d00
190610090144,TAG_ARRIVED_B,01471d00
190610090144,SOLO_SUCCESS,01471d00
190610090154,TAG_DEPARTED_B,01471d00
190610090220,TAG_ARRIVED_B,01471d00
190610090220,SOLO_SUCCESS,01471d00
190610090226,TAG_DEPARTED_B,01471d00
190610090227,TAG_ARRIVED_B,01471d00
190610090228,SOLO_SUCCESS,01471d00
190610090229,TAG_DEPARTED_B,01471d00
190610090514,TAG_ARRIVED_B,01471d00
190610090515,SOLO_SUCCESS,01471d00
190610090516,TAG_DEPARTED_B,01471d00
190610090523,TAG_ARRIVED_B,01471d00
190610090523,SOLO_SUCCESS,01471d00
190610090525,TAG_DEPARTED_B,01471d00
190610090839,TAG_ARRIVED_A,01e01400
190610090840,SOLO_SUCCESS,01e01400
190610090857,TAG_DEPARTED_A,01e01400
190610091135,TAG_ARRIVED_A,01037b00
190610091135,SOLO_SUCCESS,01037b00
190610091137,TAG_DEPARTED_A,01037b00
190610091140,TAG_ARRIVED_A,01037b00
190610091141,SOLO_SUCCESS,01037b00
190610091146,TAG_DEPARTED_A,01037b00
190610091150,TAG_ARRIVED_A,01037b00
190610091151,SOLO_SUCCESS,01037b00
190610091152,TAG_DEPARTED_A,01037b00
190610091154,TAG_ARRIVED_A,01037b00
190610091155,SOLO_SUCCESS,01037b00
190610091156,TAG_DEPARTED_A,01037b00
190610091201,TAG_ARRIVED_A,01037b00
190610091202,SOLO_SUCCESS,01037b00
190610091204,TAG_DEPARTED_A,01037b00
190610091205,TAG_ARRIVED_A,01037b00
190610091206,SOLO_SUCCESS,01037b00
190610091210,TAG_DEPARTED_A,01037b00
190610091228,TAG_ARRIVED_A,01037b00
190610091229,SOLO_SUCCESS,01037b00
190610091237,TAG_DEPARTED_A,01037b00
190610091241,TAG_ARRIVED_A,01037b00
190610091242,SOLO_SUCCESS,01037b00
190610091246,TAG_DEPARTED_A,01037b00
190610091600,TAG_ARRIVED_A,01da8200
190610091600,SOLO_SUCCESS,01da8200
190610091602,TAG_DEPARTED_A,01da8200
190610091625,TAG_ARRIVED_A,01da8200
190610091625,SOLO_SUCCESS,01da8200
190610091628,TAG_DEPARTED_A,01da8200
190610091640,TAG_ARRIVED_B,01da8200
190610091640,SOLO_SUCCESS,01da8200
190610091646,TAG_DEPARTED_B,01da8200
190610091734,TAG_ARRIVED_B,018ef600
190610091735,SOLO_SUCCESS,018ef600
190610091736,TAG_DEPARTED_B,018ef600
190610091738,TAG_ARRIVED_B,018ef600
190610091739,SOLO_SUCCESS,018ef600
190610091740,TAG_DEPARTED_B,018ef600
190610091747,TAG_ARRIVED_B,018ef600
190610091748,SOLO_SUCCESS,018ef600
190610091750,TAG_DEPARTED_B,018ef600
190610091809,TAG_ARRIVED_B,018ef600
190610091810,SOLO_SUCCESS,018ef600
190610091833,TAG_ARRIVED_A,018ef600
190610091834,SOLO_SUCCESS,018ef600
190610091834,TAG_DEPARTED_B,018ef600
190610091839,TAG_DEPARTED_A,018ef600
190610092248,TAG_ARRIVED_A,1023300
190610092249,SOLO_SUCCESS,1023300
190610092251,TAG_DEPARTED_A,1023300
190610092252,TAG_ARRIVED_A,1023300
190610092253,SOLO_SUCCESS,1023300
190610092256,TAG_DEPARTED_A,1023300
190610092256,TAG_ARRIVED_A,1023300
190610092257,SOLO_SUCCESS,1023300
190610092259,TAG_DEPARTED_A,1023300
190610092300,TAG_ARRIVED_A,1023300
190610092301,SOLO_SUCCESS,1023300
190610092301,TAG_DEPARTED_A,1023300
190610092304,TAG_ARRIVED_A,01e01400
190610092304,SOLO_SUCCESS,01e01400
190610092305,TAG_DEPARTED_A,01e01400
190610092308,TAG_ARRIVED_A,01e01400
190610092308,SOLO_SUCCESS,01e01400
190610092310,TAG_DEPARTED_A,01e01400
190610092318,TAG_ARRIVED_A,1023300
190610092319,SOLO_SUCCESS,1023300
190610092323,TAG_DEPARTED_A,1023300
190610092325,TAG_ARRIVED_B,01e01400
190610092326,SOLO_SUCCESS,01e01400
190610092330,TAG_ARRIVED_B,1023300
190610092331,SOLO_SUCCESS,1023300
190610092335,TAG_DEPARTED_B,1023300
190610092341,TAG_ARRIVED_B,1023300
190610092342,SOLO_SUCCESS,1023300
190610092343,TAG_DEPARTED_B,1023300
190610092350,TAG_ARRIVED_B,1023300
190610092350,SOLO_SUCCESS,1023300
190610092352,TAG_DEPARTED_B,1023300
190610092356,TAG_ARRIVED_A,1023300
190610092357,SOLO_SUCCESS,1023300
190610092358,TAG_DEPARTED_A,1023300
190610092404,TAG_ARRIVED_A,1023300
190610092405,SOLO_SUCCESS,1023300
190610092406,TAG_DEPARTED_A,1023300
190610092431,TAG_ARRIVED_A,1023300
190610092432,SOLO_SUCCESS,1023300
190610092444,TAG_DEPARTED_A,1023300
190610092450,TAG_ARRIVED_A,1023300
190610092451,SOLO_SUCCESS,1023300
190610092511,TAG_DEPARTED_A,1023300
190610092512,TAG_ARRIVED_A,1023300
190610092513,SOLO_SUCCESS,1023300
190610092514,TAG_DEPARTED_A,1023300
190610092518,TAG_ARRIVED_A,1023300
190610092519,SOLO_SUCCESS,1023300
190610092531,TAG_DEPARTED_A,1023300
190610092540,TAG_ARRIVED_A,1023300
190610092541,SOLO_SUCCESS,1023300
190610092543,TAG_DEPARTED_A,1023300
190610092544,TAG_ARRIVED_A,1023300
190610092545,SOLO_SUCCESS,1023300
190610092600,TAG_DEPARTED_A,1023300
190610092600,TAG_ARRIVED_A,1023300
190610092601,SOLO_SUCCESS,1023300
190610092617,TAG_DEPARTED_A,1023300
190610092631,TAG_ARRIVED_A,1023300
190610092632,SOLO_SUCCESS,1023300
190610092636,TAG_DEPARTED_A,1023300
190610092639,TAG_ARRIVED_A,1023300
190610092640,SOLO_SUCCESS,1023300
190610092647,TAG_DEPARTED_A,1023300
190610092648,TAG_ARRIVED_A,1023300
190610092649,SOLO_SUCCESS,1023300
190610092651,TAG_DEPARTED_A,1023300
190610092652,TAG_ARRIVED_A,1023300
190610092653,SOLO_SUCCESS,1023300
190610092700,TAG_DEPARTED_A,1023300
190610092704,TAG_ARRIVED_A,1023300
190610092705,SOLO_SUCCESS,1023300
190610092706,TAG_DEPARTED_A,1023300
190610092707,TAG_ARRIVED_A,1023300
190610092708,SOLO_SUCCESS,1023300
190610092716,TAG_DEPARTED_A,1023300
190610092717,TAG_ARRIVED_A,1023300
190610092717,SOLO_SUCCESS,1023300
190610092725,TAG_DEPARTED_A,1023300
190610095011,TAG_ARRIVED_B,0102d400
190610095012,SOLO_SUCCESS,0102d400
190610095043,TAG_DEPARTED_B,0102d400
190610095046,TAG_ARRIVED_B,0102d400
190610095047,SOLO_SUCCESS,0102d400
190610095052,TAG_DEPARTED_B,0102d400
190610095126,TAG_ARRIVED_B,0102d400
190610095127,SOLO_SUCCESS,0102d400
190610095134,TAG_DEPARTED_B,0102d400
190610095137,TAG_ARRIVED_B,0102d400
190610095138,SOLO_SUCCESS,0102d400
190610095139,TAG_DEPARTED_B,0102d400
190610095142,TAG_ARRIVED_B,0102d400
190610095143,SOLO_SUCCESS,0102d400
190610095148,TAG_DEPARTED_B,0102d400
190610095301,TAG_ARRIVED_A,01037b00
190610095302,SOLO_SUCCESS,01037b00
190610095306,TAG_DEPARTED_A,01037b00
190610095312,TAG_ARRIVED_A,01037b00
190610095313,SOLO_SUCCESS,01037b00
190610095314,TAG_DEPARTED_A,01037b00
190610095314,TAG_ARRIVED_A,01037b00
190610095315,SOLO_SUCCESS,01037b00
190610095319,TAG_DEPARTED_A,01037b00
190610095324,TAG_ARRIVED_A,01037b00
190610095324,SOLO_SUCCESS,01037b00
190610095326,TAG_DEPARTED_A,01037b00
190610095328,TAG_ARRIVED_A,01037b00
190610095329,SOLO_SUCCESS,01037b00
190610095333,TAG_DEPARTED_A,01037b00
190610095335,TAG_ARRIVED_A,01037b00
190610095336,SOLO_SUCCESS,01037b00
190610095341,TAG_DEPARTED_A,01037b00
190610095343,TAG_ARRIVED_A,01037b00
190610095344,SOLO_SUCCESS,01037b00
190610095345,TAG_DEPARTED_A,01037b00
190610095345,TAG_ARRIVED_B,01037b00
190610095346,SOLO_SUCCESS,01037b00
190610095347,TAG_DEPARTED_B,01037b00
190610095411,TAG_ARRIVED_B,01037b00
190610095412,SOLO_SUCCESS,01037b00
190610095417,TAG_DEPARTED_B,01037b00
190610095420,TAG_ARRIVED_A,01037b00
190610095420,SOLO_SUCCESS,01037b00
190610095422,TAG_DEPARTED_A,01037b00
190610095426,TAG_ARRIVED_A,01037b00
190610095426,SOLO_SUCCESS,01037b00
190610095431,TAG_DEPARTED_A,01037b00
190610095431,TAG_ARRIVED_A,01037b00
190610095432,SOLO_SUCCESS,01037b00
190610095433,TAG_DEPARTED_A,01037b00
190610095434,TAG_ARRIVED_A,01037b00
190610095435,SOLO_SUCCESS,01037b00
190610095450,TAG_DEPARTED_A,01037b00
190610095454,TAG_ARRIVED_A,01037b00
190610095454,SOLO_SUCCESS,01037b00
190610095456,TAG_DEPARTED_A,01037b00
190610095458,TAG_ARRIVED_A,01037b00
190610095459,SOLO_SUCCESS,01037b00
190610095500,TAG_ARRIVED_B,01037b00
190610095501,SOLO_SUCCESS,01037b00
190610095501,TAG_DEPARTED_A,01037b00
190610095502,TAG_DEPARTED_B,01037b00
190610095504,TAG_ARRIVED_B,01037b00
190610095505,SOLO_SUCCESS,01037b00
190610095506,TAG_DEPARTED_B,01037b00
