190711053124,START_EXPERIMENT,
190711060209,TAG_ARRIVED_B,01e01400
190711060210,SOLO_SUCCESS,01e01400
190711060211,TAG_DEPARTED_B,01e01400
190711060217,TAG_ARRIVED_A,0102d400
190711060219,SOLO_SUCCESS,0102d400
190711060219,TAG_ARRIVED_B,01e01400
190711060220,STARTCOOP_SUCCESS,0102d400_01e01400
190711060220,TAG_DEPARTED_A,0102d400
190711060222,TAG_ARRIVED_A,0102d400
190711060223,STARTCOOP_SUCCESS,01e01400_0102d400
190711060237,ENDCOOP_SUCCESS,01e01400_0102d400
190711060237,TAG_DEPARTED_B,01e01400
190711060239,TAG_ARRIVED_B,01e01400
190711060240,STARTCOOP_SUCCESS,0102d400_01e01400
190711060240,TAG_DEPARTED_A,0102d400
190711060240,TAG_ARRIVED_A,0102d400
190711060242,STARTCOOP_SUCCESS,01e01400_0102d400
190711060242,TAG_DEPARTED_A,0102d400
190711060244,ENDCOOP_SUCCESS,01e01400_
190711060244,TAG_DEPARTED_B,01e01400
190711060258,TAG_ARRIVED_B,01e01400
190711060259,SOLO_SUCCESS,01e01400
190711060341,TAG_DEPARTED_B,01e01400
190711060341,TAG_ARRIVED_B,01e01400
190711060342,SOLO_SUCCESS,01e01400
190711060404,TAG_ARRIVED_A,0102d400
190711060405,STARTCOOP_SUCCESS,01e01400_0102d400
190711060418,TAG_DEPARTED_A,0102d400
190711060420,TAG_ARRIVED_A,0102d400
190711060421,STARTCOOP_SUCCESS,01e01400_0102d400
190711060422,TAG_ARRIVED_A,13d40200
190711060423,TAG_MISSING_A,13d40200
190711060424,SOLO_SUCCESS,13d40200
190711060424,TAG_ARRIVED_A,10140200
190711060425,TAG_MISSING_A,10140200
190711060426,SOLO_SUCCESS,10140200
190711060426,TAG_DEPARTED_B,01e01400
190711060426,TAG_DEPARTED_A,10140200
190711060427,TAG_ARRIVED_B,01e01400
190711060428,SOLO_SUCCESS,01e01400
190711060428,TAG_ARRIVED_A,0102d400
190711060429,SOLO_SUCCESS,0102d400
190711060429,TAG_DEPARTED_B,01e01400
190711060430,TAG_DEPARTED_A,0102d400
190711060430,TAG_ARRIVED_B,01e01400
190711060431,SOLO_SUCCESS,01e01400
190711060432,TAG_ARRIVED_A,0102d400
190711060433,STARTCOOP_SUCCESS,01e01400_0102d400
190711060436,ENDCOOP_SUCCESS,01e01400_0102d400
190711060436,TAG_DEPARTED_B,01e01400
190711060441,TAG_DEPARTED_A,0102d400
190711060449,TAG_ARRIVED_A,0102d400
190711060450,SOLO_SUCCESS,0102d400
190711060502,TAG_ARRIVED_B,01e01400
190711060503,STARTCOOP_SUCCESS,0102d400_01e01400
190711060503,TAG_DEPARTED_A,0102d400
190711060504,TAG_ARRIVED_A,0102d400
190711060505,STARTCOOP_SUCCESS,01e01400_0102d400
190711060505,ENDCOOP_SUCCESS,01e01400_0102d400
190711060505,TAG_DEPARTED_B,01e01400
190711060506,TAG_ARRIVED_B,01e01400
190711060507,STARTCOOP_SUCCESS,0102d400_01e01400
190711060507,TAG_DEPARTED_A,0102d400
190711060509,ENDCOOP_SUCCESS,01e01400_
190711060509,TAG_DEPARTED_B,01e01400
190711060510,TAG_ARRIVED_B,01e01400
190711060511,SOLO_SUCCESS,01e01400
190711060512,TAG_ARRIVED_A,0102d400
190711060513,STARTCOOP_SUCCESS,01e01400_0102d400
190711060513,ENDCOOP_SUCCESS,01e01400_0102d400
190711060514,TAG_DEPARTED_B,01e01400
190711060515,TAG_ARRIVED_B,01e01400
190711060516,STARTCOOP_SUCCESS,0102d400_01e01400
190711060517,ENDCOOP_SUCCESS,01e01400_0102d400
190711060517,TAG_DEPARTED_B,01e01400
190711060518,TAG_ARRIVED_B,01e01400
190711060519,STARTCOOP_SUCCESS,0102d400_01e01400
190711060519,ENDCOOP_SUCCESS,01e01400_0102d400
190711060519,TAG_DEPARTED_B,01e01400
190711060524,TAG_ARRIVED_B,01e01400
190711060525,STARTCOOP_SUCCESS,0102d400_01e01400
190711060530,ENDCOOP_SUCCESS,01e01400_0102d400
190711060530,TAG_DEPARTED_B,01e01400
190711060532,TAG_ARRIVED_B,01e01400
190711060533,STARTCOOP_SUCCESS,0102d400_01e01400
190711060559,ENDCOOP_SUCCESS,01e01400_0102d400
190711060559,TAG_DEPARTED_B,01e01400
190711060600,TAG_DEPARTED_A,0102d400
190711060605,TAG_ARRIVED_A,0102d400
190711060606,SOLO_SUCCESS,0102d400
190711060607,TAG_DEPARTED_A,0102d400
190711060742,TAG_ARRIVED_A,01037b00
190711060743,SOLO_SUCCESS,01037b00
190711060746,TAG_DEPARTED_A,01037b00
190711060748,TAG_ARRIVED_A,01037b00
190711060749,SOLO_SUCCESS,01037b00
190711060752,TAG_DEPARTED_A,01037b00
190711061330,TAG_ARRIVED_B,01045700
190711061331,SOLO_SUCCESS,01045700
190711061332,TAG_DEPARTED_B,01045700
190711061442,TAG_ARRIVED_B,01037b00
190711061443,SOLO_SUCCESS,01037b00
190711061445,TAG_DEPARTED_B,01037b00
190711061446,TAG_ARRIVED_B,01037b00
190711061447,SOLO_SUCCESS,01037b00
190711061450,TAG_DEPARTED_B,01037b00
190711061453,TAG_ARRIVED_B,01037b00
190711061454,SOLO_SUCCESS,01037b00
190711061458,TAG_DEPARTED_B,01037b00
190711061503,TAG_ARRIVED_B,01037b00
190711061504,SOLO_SUCCESS,01037b00
190711061505,TAG_DEPARTED_B,01037b00
190711061507,TAG_ARRIVED_B,01037b00
190711061508,SOLO_SUCCESS,01037b00
190711061517,TAG_DEPARTED_B,01037b00
190711061630,TAG_ARRIVED_B,01029a00
190711061630,SOLO_SUCCESS,01029a00
190711061631,TAG_DEPARTED_B,01029a00
190711062345,TAG_ARRIVED_A,01029a00
190711062346,SOLO_SUCCESS,01029a00
190711062355,TAG_DEPARTED_A,01029a00
190711062358,TAG_ARRIVED_A,01029a00
190711062358,SOLO_SUCCESS,01029a00
190711062401,TAG_DEPARTED_A,01029a00
190711062403,TAG_ARRIVED_A,01029a00
190711062404,SOLO_SUCCESS,01029a00
190711062429,TAG_DEPARTED_A,01029a00
190711062650,TAG_ARRIVED_A,01044c00
190711062651,SOLO_SUCCESS,01044c00
190711062652,TAG_DEPARTED_A,01044c00
190711062654,TAG_ARRIVED_B,01045400
190711062655,SOLO_SUCCESS,01045400
190711062700,TAG_DEPARTED_B,01045400
190711062713,TAG_ARRIVED_B,01044c00
190711062714,SOLO_SUCCESS,01044c00
190711062715,TAG_ARRIVED_A,01045400
190711062716,STARTCOOP_SUCCESS,01044c00_01045400
190711062716,ENDCOOP_SUCCESS,01044c00_01045400
190711062717,TAG_DEPARTED_B,01044c00
190711062719,TAG_DEPARTED_A,01045400
190711062720,TAG_ARRIVED_A,01044c00
190711062721,SOLO_SUCCESS,01044c00
190711062723,TAG_DEPARTED_A,01044c00
190711062728,TAG_ARRIVED_A,01045400
190711062729,SOLO_SUCCESS,01045400
190711062733,TAG_DEPARTED_A,01045400
190711062747,TAG_ARRIVED_A,0102ea00
190711062748,SOLO_SUCCESS,0102ea00
190711062756,TAG_DEPARTED_A,0102ea00
190711062802,TAG_ARRIVED_A,0102ea00
190711062803,SOLO_SUCCESS,0102ea00
190711062805,TAG_ARRIVED_A,01044c00
190711062806,SOLO_SUCCESS,01044c00
190711062807,TAG_ARRIVED_A,01037b00
190711062808,SOLO_SUCCESS,01037b00
190711062814,TAG_DEPARTED_A,01037b00
190711062818,TAG_ARRIVED_A,01037b00
190711062819,SOLO_SUCCESS,01037b00
190711062827,TAG_DEPARTED_A,01037b00
190711062828,TAG_ARRIVED_A,01037b00
190711062829,SOLO_SUCCESS,01037b00
190711062839,TAG_DEPARTED_A,01037b00
190711062839,TAG_ARRIVED_A,01037b00
190711062840,SOLO_SUCCESS,01037b00
190711062848,TAG_DEPARTED_A,01037b00
190711062850,TAG_ARRIVED_A,01037b00
190711062851,SOLO_SUCCESS,01037b00
190711062900,TAG_DEPARTED_A,01037b00
190711062907,TAG_ARRIVED_A,01027f00
190711062907,SOLO_SUCCESS,01027f00
190711062909,TAG_DEPARTED_A,01027f00
190711062913,TAG_ARRIVED_A,01037b00
190711062914,SOLO_SUCCESS,01037b00
190711062924,TAG_ARRIVED_A,01e01400
190711062925,SOLO_SUCCESS,01e01400
190711062944,TAG_DEPARTED_A,01e01400
190711062945,TAG_ARRIVED_A,01e01400
190711062946,SOLO_SUCCESS,01e01400
190711062948,TAG_DEPARTED_A,01e01400
190711062953,TAG_ARRIVED_A,01e01400
190711062954,SOLO_SUCCESS,01e01400
190711063042,TAG_DEPARTED_A,01e01400
190711063042,TAG_ARRIVED_A,01e01400
190711063043,SOLO_SUCCESS,01e01400
190711063053,TAG_DEPARTED_A,01e01400
190711063054,TAG_ARRIVED_A,01e01400
190711063055,SOLO_SUCCESS,01e01400
190711063100,TAG_DEPARTED_A,01e01400
190711063107,TAG_ARRIVED_A,01026800
190711063107,SOLO_SUCCESS,01026800
190711063109,TAG_DEPARTED_A,01026800
190711063409,TAG_ARRIVED_B,01027f00
190711063410,SOLO_SUCCESS,01027f00
190711063411,TAG_DEPARTED_B,01027f00
190711063540,TAG_ARRIVED_A,01045400
190711063540,SOLO_SUCCESS,01045400
190711063542,TAG_DEPARTED_A,01045400
190711065017,TAG_ARRIVED_A,01029a00
190711065018,SOLO_SUCCESS,01029a00
190711065021,TAG_DEPARTED_A,01029a00
190711065050,TAG_ARRIVED_B,01029a00
190711065051,SOLO_SUCCESS,01029a00
190711065054,TAG_DEPARTED_B,01029a00
190711065055,TAG_ARRIVED_B,01029a00
190711065056,SOLO_SUCCESS,01029a00
190711065059,TAG_DEPARTED_B,01029a00
190711065104,TAG_ARRIVED_B,01029a00
190711065104,SOLO_SUCCESS,01029a00
190711065118,TAG_DEPARTED_B,01029a00
190711065404,TAG_ARRIVED_B,01027f00
190711065405,SOLO_SUCCESS,01027f00
190711065410,TAG_DEPARTED_B,01027f00
190711065418,TAG_ARRIVED_B,01027f00
190711065419,SOLO_SUCCESS,01027f00
190711065420,TAG_DEPARTED_B,01027f00
190711065433,TAG_ARRIVED_B,01027f00
190711065434,SOLO_SUCCESS,01027f00
190711065449,TAG_DEPARTED_B,01027f00
190711065452,TAG_ARRIVED_B,01026800
190711065452,SOLO_SUCCESS,01026800
190711065457,TAG_DEPARTED_B,01026800
190711065458,TAG_ARRIVED_B,01026800
190711065458,SOLO_SUCCESS,01026800
190711065510,TAG_DEPARTED_B,01026800
190711065511,TAG_ARRIVED_B,01026800
190711065511,SOLO_SUCCESS,01026800
190711065521,TAG_DEPARTED_B,01026800
190711065523,TAG_ARRIVED_A,01026800
190711065523,SOLO_SUCCESS,01026800
190711065527,TAG_DEPARTED_A,01026800
190711065528,TAG_ARRIVED_A,01026800
190711065528,SOLO_SUCCESS,01026800
190711065543,TAG_DEPARTED_A,01026800
190711065547,TAG_ARRIVED_A,01026800
190711065547,SOLO_SUCCESS,01026800
190711065615,TAG_DEPARTED_A,01026800
190711065616,TAG_ARRIVED_A,01026800
190711065617,SOLO_SUCCESS,01026800
190711065624,TAG_DEPARTED_A,01026800
190711065628,TAG_ARRIVED_A,01026800
190711065628,SOLO_SUCCESS,01026800
190711065646,TAG_DEPARTED_A,01026800
190711065650,TAG_ARRIVED_A,01026800
190711065650,SOLO_SUCCESS,01026800
190711065659,TAG_DEPARTED_A,01026800
190711065700,TAG_ARRIVED_A,01026800
190711065700,SOLO_SUCCESS,01026800
190711065703,TAG_DEPARTED_A,01026800
190711065704,TAG_ARRIVED_A,01026800
190711065704,SOLO_SUCCESS,01026800
190711065711,TAG_DEPARTED_A,01026800
190711065734,TAG_ARRIVED_A,01031800
190711065735,SOLO_SUCCESS,01031800
190711065738,TAG_DEPARTED_A,01031800
190711065739,TAG_ARRIVED_A,01031800
190711065739,SOLO_SUCCESS,01031800
190711065743,TAG_DEPARTED_A,01031800
190711065815,TAG_ARRIVED_A,01031800
190711065815,SOLO_SUCCESS,01031800
190711065817,TAG_DEPARTED_A,01031800
190711065825,TAG_ARRIVED_A,01031800
190711065826,SOLO_SUCCESS,01031800
190711065830,TAG_DEPARTED_A,01031800
190711070543,TAG_ARRIVED_A,0195af00
190711070545,SOLO_SUCCESS,0195af00
190711070546,TAG_DEPARTED_A,0195af00
190711070548,TAG_ARRIVED_A,0195af00
190711070549,SOLO_SUCCESS,0195af00
190711070645,TAG_ARRIVED_B,01038a00
190711070646,STARTCOOP_SUCCESS,0195af00_01038a00
190711070649,ENDCOOP_SUCCESS,01038a00_0195af00
190711070649,TAG_DEPARTED_B,01038a00
190711070649,TAG_DEPARTED_A,0195af00
190711070814,TAG_ARRIVED_B,01e01400
190711070815,SOLO_SUCCESS,01e01400
190711070816,TAG_DEPARTED_B,01e01400
190711070827,TAG_ARRIVED_B,01e01400
190711070828,SOLO_SUCCESS,01e01400
190711070836,TAG_DEPARTED_B,01e01400
190711070859,TAG_ARRIVED_B,01e01400
190711070900,SOLO_SUCCESS,01e01400
190711070901,TAG_DEPARTED_B,01e01400
190711074630,TAG_ARRIVED_A,013d7200
190711074630,SOLO_SUCCESS,013d7200
190711074632,TAG_DEPARTED_A,013d7200
190711074632,TAG_ARRIVED_A,013d7200
190711074633,SOLO_SUCCESS,013d7200
190711074635,TAG_DEPARTED_A,013d7200
190711074637,TAG_ARRIVED_A,0104dd00
190711074638,SOLO_SUCCESS,0104dd00
190711074642,TAG_DEPARTED_A,0104dd00
190711074808,TAG_ARRIVED_A,0104dd00
190711074809,SOLO_SUCCESS,0104dd00
190711074825,TAG_DEPARTED_A,0104dd00
190711074830,TAG_ARRIVED_A,0104dd00
190711074831,SOLO_SUCCESS,0104dd00
190711074836,TAG_DEPARTED_A,0104dd00
190711074837,TAG_ARRIVED_A,0104dd00
190711074838,SOLO_SUCCESS,0104dd00
190711074900,TAG_ARRIVED_A,01038800
190711074900,SOLO_SUCCESS,01038800
190711074902,TAG_DEPARTED_A,01038800
190711074903,TAG_ARRIVED_A,01038800
190711074903,SOLO_SUCCESS,01038800
190711074936,TAG_DEPARTED_A,01038800
190711074937,TAG_ARRIVED_A,01038800
190711074938,SOLO_SUCCESS,01038800
190711075021,TAG_ARRIVED_B,0104dd00
190711075022,STARTCOOP_SUCCESS,01038800_0104dd00
190711075023,ENDCOOP_SUCCESS,0104dd00_01038800
190711075023,TAG_DEPARTED_B,0104dd00
190711075024,TAG_ARRIVED_B,0104dd00
190711075025,STARTCOOP_SUCCESS,01038800_0104dd00
190711075025,TAG_DEPARTED_A,01038800
190711075025,TAG_ARRIVED_A,01038800
190711075026,STARTCOOP_SUCCESS,0104dd00_01038800
190711075027,ENDCOOP_SUCCESS,0104dd00_01038800
190711075027,TAG_DEPARTED_B,0104dd00
190711075027,TAG_ARRIVED_B,0104dd00
190711075028,STARTCOOP_SUCCESS,01038800_0104dd00
190711075029,TAG_DEPARTED_A,01038800
190711075029,TAG_ARRIVED_A,01038800
190711075030,STARTCOOP_SUCCESS,0104dd00_01038800
190711075030,ENDCOOP_SUCCESS,0104dd00_01038800
190711075031,TAG_DEPARTED_B,0104dd00
190711075035,TAG_ARRIVED_B,0104dd00
190711075036,STARTCOOP_SUCCESS,01038800_0104dd00
190711075036,TAG_DEPARTED_A,01038800
190711075045,TAG_ARRIVED_A,01038800
190711075046,STARTCOOP_SUCCESS,0104dd00_01038800
190711075047,TAG_DEPARTED_A,01038800
190711075050,TAG_ARRIVED_A,01038800
190711075051,STARTCOOP_SUCCESS,0104dd00_01038800
190711075052,TAG_DEPARTED_A,01038800
190711075052,TAG_ARRIVED_A,01038800
190711075053,STARTCOOP_SUCCESS,0104dd00_01038800
190711075054,ENDCOOP_SUCCESS,0104dd00_01038800
190711075054,TAG_DEPARTED_B,0104dd00
190711075055,TAG_ARRIVED_B,0104dd00
190711075056,STARTCOOP_SUCCESS,01038800_0104dd00
190711075100,TAG_DEPARTED_A,01038800
190711075101,TAG_ARRIVED_A,0125d900
190711075102,STARTCOOP_FAIL,0104dd00_0125d900
190711075103,TAG_DEPARTED_A,0125d900
190711075104,TAG_ARRIVED_A,0125d900
190711075105,STARTCOOP_FAIL,0104dd00_0125d900
190711075112,TAG_DEPARTED_A,0125d900
190711075114,TAG_ARRIVED_A,0104dd00
190711075115,SOLO_FAIL,0104dd00
190711075115,ENDCOOP_FAIL,0104dd00_0104dd00
190711075116,TAG_DEPARTED_B,0104dd00
190711075122,TAG_ARRIVED_B,01038800
190711075123,STARTCOOP_SUCCESS,0104dd00_01038800
190711075124,ENDCOOP_SUCCESS,01038800_0104dd00
190711075124,TAG_DEPARTED_B,01038800
190711075124,TAG_DEPARTED_A,0104dd00
190711075127,TAG_ARRIVED_A,01038800
190711075128,SOLO_FAIL,01038800
190711075128,TAG_ARRIVED_B,0104dd00
190711075129,STARTCOOP_SUCCESS,01038800_0104dd00
190711075129,TAG_DEPARTED_A,01038800
190711075130,TAG_ARRIVED_A,01038800
190711075131,STARTCOOP_SUCCESS,0104dd00_01038800
190711075133,TAG_DEPARTED_A,01038800
190711075135,TAG_ARRIVED_A,01036a00
190711075136,STARTCOOP_FAIL,0104dd00_01036a00
190711075137,TAG_DEPARTED_A,01036a00
190711075140,TAG_ARRIVED_B,01037b00
190711075141,SOLO_FAIL,01037b00
190711075146,ENDCOOP_FAIL,01037b00_
190711075146,TAG_DEPARTED_B,01037b00
190711075147,TAG_ARRIVED_A,01036a00
190711075148,SOLO_FAIL,01036a00
190711075148,TAG_ARRIVED_B,01037b00
190711075149,STARTCOOP_FAIL,01036a00_01037b00
190711075150,TAG_DEPARTED_A,01036a00
190711075150,ENDCOOP_FAIL,01037b00_
190711075151,TAG_DEPARTED_B,01037b00
190711075350,LOCKOUT_ENDED,
190711075553,TAG_ARRIVED_B,01e01400
190711075554,SOLO_SUCCESS,01e01400
190711075555,TAG_ARRIVED_A,0102d400
190711075556,STARTCOOP_SUCCESS,01e01400_0102d400
190711075557,TAG_ARRIVED_A,13d40100
190711075558,TAG_MISSING_A,13d40100
190711075559,SOLO_SUCCESS,13d40100
190711075559,TAG_DEPARTED_B,01e01400
190711075559,TAG_ARRIVED_A,0102d400
190711075600,SOLO_SUCCESS,0102d400
190711075609,TAG_DEPARTED_A,0102d400
190711075609,TAG_ARRIVED_A,0102d400
190711075610,SOLO_SUCCESS,0102d400
190711075612,TAG_DEPARTED_A,0102d400
190711075632,TAG_ARRIVED_B,01e01400
190711075633,SOLO_SUCCESS,01e01400
190711075634,TAG_DEPARTED_B,01e01400
190711075634,TAG_ARRIVED_A,0102d400
190711075635,SOLO_SUCCESS,0102d400
190711075640,TAG_ARRIVED_B,01e01400
190711075641,STARTCOOP_SUCCESS,0102d400_01e01400
190711075642,ENDCOOP_SUCCESS,01e01400_0102d400
190711075642,TAG_DEPARTED_B,01e01400
190711075643,TAG_ARRIVED_B,01e01400
190711075644,STARTCOOP_SUCCESS,0102d400_01e01400
190711075645,ENDCOOP_SUCCESS,01e01400_0102d400
190711075645,TAG_DEPARTED_B,01e01400
190711075645,TAG_ARRIVED_B,01e01400
190711075646,STARTCOOP_SUCCESS,0102d400_01e01400
190711075647,TAG_DEPARTED_A,0102d400
190711075647,TAG_ARRIVED_A,0102d400
190711075648,STARTCOOP_SUCCESS,01e01400_0102d400
190711075649,TAG_ARRIVED_B,d4101600
190711075650,TAG_MISSING_B,d4101600
190711075651,SOLO_SUCCESS,d4101600
190711075651,TAG_DEPARTED_B,d4101600
190711075651,TAG_DEPARTED_A,0102d400
190711075652,TAG_ARRIVED_B,01e01400
190711075653,SOLO_SUCCESS,01e01400
190711075653,TAG_ARRIVED_A,0102d400
190711075654,STARTCOOP_SUCCESS,01e01400_0102d400
190711075655,TAG_DEPARTED_A,0102d400
190711075655,TAG_ARRIVED_A,0102d400
190711075656,STARTCOOP_SUCCESS,01e01400_0102d400
190711075712,TAG_DEPARTED_A,0102d400
190711075713,TAG_ARRIVED_A,0102d400
190711075714,STARTCOOP_SUCCESS,01e01400_0102d400
190711075714,ENDCOOP_SUCCESS,01e01400_0102d400
190711075714,TAG_DEPARTED_B,01e01400
190711075715,TAG_ARRIVED_B,01e01400
190711075716,STARTCOOP_SUCCESS,0102d400_01e01400
190711075716,TAG_DEPARTED_A,0102d400
190711075716,TAG_ARRIVED_A,0102d400
190711075718,STARTCOOP_SUCCESS,01e01400_0102d400
190711075719,ENDCOOP_SUCCESS,01e01400_0102d400
190711075719,TAG_DEPARTED_B,01e01400
190711075731,TAG_DEPARTED_A,0102d400
190711075732,TAG_ARRIVED_A,0102d400
190711075733,SOLO_SUCCESS,0102d400
190711075744,TAG_DEPARTED_A,0102d400
190711075752,TAG_ARRIVED_A,0102d400
190711075753,SOLO_SUCCESS,0102d400
190711075802,TAG_DEPARTED_A,0102d400
190711075803,TAG_ARRIVED_A,0102d400
190711075804,SOLO_SUCCESS,0102d400
190711075807,TAG_DEPARTED_A,0102d400
190711075811,TAG_ARRIVED_B,01e01400
190711075812,SOLO_SUCCESS,01e01400
190711075813,TAG_DEPARTED_B,01e01400
190711075814,TAG_ARRIVED_A,0102d400
190711075815,SOLO_SUCCESS,0102d400
190711075815,TAG_ARRIVED_B,01e01400
190711075816,STARTCOOP_SUCCESS,0102d400_01e01400
190711075816,ENDCOOP_SUCCESS,01e01400_0102d400
190711075817,TAG_DEPARTED_B,01e01400
190711075818,TAG_DEPARTED_A,0102d400
190711075826,TAG_ARRIVED_B,01e01400
190711075827,SOLO_SUCCESS,01e01400
190711075828,TAG_DEPARTED_B,01e01400
190711075828,TAG_ARRIVED_A,0102d400
190711075829,SOLO_SUCCESS,0102d400
190711075836,TAG_DEPARTED_A,0102d400
190711075841,TAG_ARRIVED_A,0102d400
190711075842,SOLO_SUCCESS,0102d400
190711075843,TAG_DEPARTED_A,0102d400
190711075850,TAG_ARRIVED_A,0102d400
190711075851,SOLO_SUCCESS,0102d400
190711075854,TAG_DEPARTED_A,0102d400
190711075858,TAG_ARRIVED_B,01e01400
190711075859,SOLO_SUCCESS,01e01400
190711075900,TAG_DEPARTED_B,01e01400
190711075912,TAG_ARRIVED_A,0102d400
190711075913,SOLO_SUCCESS,0102d400
190711075913,TAG_ARRIVED_B,01e01400
190711075915,STARTCOOP_SUCCESS,0102d400_01e01400
190711075915,ENDCOOP_SUCCESS,01e01400_0102d400
190711075915,TAG_DEPARTED_B,01e01400
190711075916,TAG_DEPARTED_A,0102d400
190711075916,TAG_ARRIVED_B,01e01400
190711075918,SOLO_SUCCESS,01e01400
190711075921,TAG_DEPARTED_B,01e01400
190711075929,TAG_ARRIVED_B,01e01400
190711075930,SOLO_SUCCESS,01e01400
190711075931,TAG_DEPARTED_B,01e01400
190711075931,TAG_ARRIVED_A,0102d400
190711075932,SOLO_SUCCESS,0102d400
190711075938,TAG_DEPARTED_A,0102d400
190711075956,TAG_ARRIVED_A,0102d400
190711075957,SOLO_SUCCESS,0102d400
190711080028,TAG_ARRIVED_A,01036a00
190711080028,SOLO_SUCCESS,01036a00
190711080033,TAG_ARRIVED_B,01037b00
190711080034,STARTCOOP_FAIL,01036a00_01037b00
190711080035,ENDCOOP_FAIL,01037b00_01036a00
190711080036,TAG_DEPARTED_B,01037b00
190711080036,TAG_DEPARTED_A,01036a00
190711080036,TAG_ARRIVED_B,01037b00
190711080037,SOLO_FAIL,01037b00
190711080038,TAG_ARRIVED_A,01036a00
190711080038,STARTCOOP_FAIL,01037b00_01036a00
190711080059,ENDCOOP_FAIL,01037b00_01036a00
190711080059,TAG_DEPARTED_B,01037b00
190711080102,TAG_ARRIVED_B,01037b00
190711080103,STARTCOOP_FAIL,01036a00_01037b00
190711080115,ENDCOOP_FAIL,01037b00_01036a00
190711080115,TAG_DEPARTED_B,01037b00
190711080117,TAG_ARRIVED_B,01037b00
190711080118,STARTCOOP_FAIL,01036a00_01037b00
190711080122,ENDCOOP_FAIL,01037b00_01036a00
190711080123,TAG_DEPARTED_B,01037b00
190711080124,TAG_ARRIVED_B,01037b00
190711080125,STARTCOOP_FAIL,01036a00_01037b00
190711080140,ENDCOOP_FAIL,01037b00_01036a00
190711080140,TAG_DEPARTED_B,01037b00
190711080141,TAG_ARRIVED_B,01037b00
190711080142,STARTCOOP_FAIL,01036a00_01037b00
190711080142,TAG_DEPARTED_A,01036a00
190711080143,TAG_ARRIVED_A,01036a00
190711080143,STARTCOOP_FAIL,01037b00_01036a00
190711080156,ENDCOOP_FAIL,01037b00_01036a00
190711080157,TAG_DEPARTED_B,01037b00
190711080157,TAG_DEPARTED_A,01036a00
190711080343,LOCKOUT_ENDED,
190711081002,TAG_ARRIVED_B,01018f00
190711081003,SOLO_SUCCESS,01018f00
190711081005,TAG_DEPARTED_B,01018f00
190711081211,TAG_ARRIVED_A,01018f00
190711081211,SOLO_SUCCESS,01018f00
190711081233,TAG_DEPARTED_A,01018f00
190711081233,TAG_ARRIVED_A,01018f00
190711081234,SOLO_SUCCESS,01018f00
190711081259,TAG_DEPARTED_A,01018f00
190711081313,TAG_ARRIVED_B,01e01400
190711081314,SOLO_SUCCESS,01e01400
190711081315,TAG_DEPARTED_B,01e01400
190711081317,TAG_ARRIVED_B,01e01400
190711081318,SOLO_SUCCESS,01e01400
190711081341,TAG_ARRIVED_A,01e01400
190711081342,SOLO_SUCCESS,01e01400
190711081343,TAG_DEPARTED_B,01e01400
190711081349,TAG_ARRIVED_B,01018f00
190711081349,STARTCOOP_FAIL,01e01400_01018f00
190711081350,TAG_ARRIVED_A,8f130e00
190711081352,TAG_MISSING_A,8f130e00
190711081352,SOLO_FAIL,8f130e00
190711081352,ENDCOOP_FAIL,01018f00_8f130e00
190711081352,TAG_DEPARTED_B,01018f00
190711081353,TAG_DEPARTED_A,8f130e00
190711081353,TAG_ARRIVED_B,01018f00
190711081354,SOLO_FAIL,01018f00
190711081357,ENDCOOP_FAIL,01018f00_
190711081357,TAG_DEPARTED_B,01018f00
190711081402,TAG_ARRIVED_B,0101fb00
190711081402,SOLO_FAIL,0101fb00
190711081409,TAG_ARRIVED_A,01e01400
190711081410,STARTCOOP_FAIL,0101fb00_01e01400
190711081416,TAG_DEPARTED_A,01e01400
190711081417,TAG_ARRIVED_B,01e01400
190711081418,SOLO_FAIL,01e01400
190711081419,ENDCOOP_FAIL,01e01400_
190711081420,TAG_DEPARTED_B,01e01400
190711081422,TAG_ARRIVED_A,01018f00
190711081422,SOLO_FAIL,01018f00
190711081423,TAG_ARRIVED_B,01e01400
190711081424,STARTCOOP_FAIL,01018f00_01e01400
190711081424,TAG_DEPARTED_A,01018f00
190711081431,TAG_ARRIVED_A,01e01400
190711081432,SOLO_FAIL,01e01400
190711081432,ENDCOOP_FAIL,01e01400_01e01400
190711081432,TAG_DEPARTED_B,01e01400
190711081433,TAG_ARRIVED_B,01031800
190711081434,STARTCOOP_FAIL,01e01400_01031800
190711081437,ENDCOOP_FAIL,01031800_01e01400
190711081437,TAG_DEPARTED_B,01031800
190711081442,TAG_ARRIVED_B,0101fb00
190711081442,STARTCOOP_FAIL,01e01400_0101fb00
190711081444,TAG_DEPARTED_A,01e01400
190711081444,TAG_ARRIVED_B,01e01400
190711081445,SOLO_FAIL,01e01400
190711081446,ENDCOOP_FAIL,01e01400_
190711081446,TAG_DEPARTED_B,01e01400
190711081503,TAG_ARRIVED_A,019f7200
190711081503,SOLO_FAIL,019f7200
190711081530,TAG_ARRIVED_B,01031800
190711081531,STARTCOOP_SUCCESS,019f7200_01031800
190711081532,ENDCOOP_SUCCESS,01031800_019f7200
190711081533,TAG_DEPARTED_B,01031800
190711081534,TAG_ARRIVED_A,01031800
190711081535,SOLO_FAIL,01031800
190711081536,TAG_DEPARTED_A,01031800
190711081541,TAG_ARRIVED_B,01e01400
190711081542,SOLO_FAIL,01e01400
190711081549,TAG_ARRIVED_A,01e01400
190711081550,SOLO_FAIL,01e01400
190711081550,ENDCOOP_FAIL,01e01400_01e01400
190711081551,TAG_DEPARTED_B,01e01400
190711081557,TAG_DEPARTED_A,01e01400
190711081643,LOCKOUT_ENDED,
190711081653,TAG_ARRIVED_A,01971100
190711081654,TAG_MISSING_A,01971100
190711081654,SOLO_SUCCESS,01971100
190711081657,TAG_DEPARTED_A,01971100
190711081733,TAG_ARRIVED_A,01029a00
190711081734,SOLO_SUCCESS,01029a00
190711081737,TAG_DEPARTED_A,01029a00
190711081743,TAG_ARRIVED_A,01029a00
190711081744,SOLO_SUCCESS,01029a00
190711081833,TAG_DEPARTED_A,01029a00
190711081834,TAG_ARRIVED_A,01029a00
190711081835,SOLO_SUCCESS,01029a00
190711081843,TAG_DEPARTED_A,01029a00
190711081852,TAG_ARRIVED_A,01029a00
190711081853,SOLO_SUCCESS,01029a00
190711081857,TAG_DEPARTED_A,01029a00
190711081902,TAG_ARRIVED_A,01029a00
190711081902,SOLO_SUCCESS,01029a00
190711081904,TAG_DEPARTED_A,01029a00
190711081908,TAG_ARRIVED_B,01c4ca00
190711081909,SOLO_SUCCESS,01c4ca00
190711081910,TAG_DEPARTED_B,01c4ca00
190711081911,TAG_ARRIVED_A,01029a00
190711081912,SOLO_SUCCESS,01029a00
190711081912,TAG_DEPARTED_A,01029a00
190711081947,TAG_ARRIVED_A,01971100
190711081949,TAG_MISSING_A,01971100
190711081949,SOLO_SUCCESS,01971100
190711082053,TAG_DEPARTED_A,01971100
190711082249,TAG_ARRIVED_B,01e01400
190711082250,SOLO_SUCCESS,01e01400
190711082252,TAG_ARRIVED_A,01e01400
190711082253,SOLO_SUCCESS,01e01400
190711082254,TAG_DEPARTED_B,01e01400
190711082306,TAG_DEPARTED_A,01e01400
190711082307,TAG_ARRIVED_A,01e01400
190711082308,SOLO_SUCCESS,01e01400
190711082309,TAG_DEPARTED_A,01e01400
190711082309,TAG_ARRIVED_A,01e01400
190711082310,SOLO_SUCCESS,01e01400
190711082329,TAG_ARRIVED_B,01c4ca00
190711082330,STARTCOOP_SUCCESS,01e01400_01c4ca00
190711082330,TAG_DEPARTED_A,01e01400
190711082331,ENDCOOP_SUCCESS,01c4ca00_
190711082331,TAG_DEPARTED_B,01c4ca00
190711082334,TAG_ARRIVED_A,01e01400
190711082335,SOLO_SUCCESS,01e01400
190711082335,TAG_ARRIVED_B,01c4ca00
190711082336,STARTCOOP_SUCCESS,01e01400_01c4ca00
190711082338,TAG_DEPARTED_A,01e01400
190711082339,TAG_ARRIVED_A,01e01400
190711082340,STARTCOOP_SUCCESS,01c4ca00_01e01400
190711082341,ENDCOOP_SUCCESS,01c4ca00_01e01400
190711082341,TAG_DEPARTED_B,01c4ca00
190711082341,TAG_ARRIVED_B,01037b00
190711082343,STARTCOOP_SUCCESS,01e01400_01037b00
190711082344,TAG_DEPARTED_A,01e01400
190711082344,TAG_ARRIVED_B,01e01400
190711082345,SOLO_SUCCESS,01e01400
190711082348,TAG_DEPARTED_B,01e01400
190711082348,TAG_ARRIVED_B,01e01400
190711082349,SOLO_SUCCESS,01e01400
190711082403,TAG_DEPARTED_B,01e01400
190711082406,TAG_ARRIVED_B,01e01400
190711082407,SOLO_SUCCESS,01e01400
190711082410,TAG_DEPARTED_B,01e01400
190711082410,TAG_ARRIVED_A,01e01400
190711082411,SOLO_SUCCESS,01e01400
190711082414,TAG_DEPARTED_A,01e01400
190711082431,TAG_ARRIVED_B,01037b00
190711082432,SOLO_SUCCESS,01037b00
190711082451,TAG_DEPARTED_B,01037b00
190711082451,TAG_ARRIVED_A,01037b00
190711082453,SOLO_SUCCESS,01037b00
190711082456,TAG_ARRIVED_B,01c4ca00
190711082457,STARTCOOP_SUCCESS,01037b00_01c4ca00
190711082458,ENDCOOP_SUCCESS,01c4ca00_01037b00
190711082458,TAG_DEPARTED_B,01c4ca00
190711082459,TAG_ARRIVED_B,01c4ca00
190711082500,STARTCOOP_SUCCESS,01037b00_01c4ca00
190711082505,ENDCOOP_SUCCESS,01c4ca00_01037b00
190711082505,TAG_DEPARTED_B,01c4ca00
190711082506,TAG_ARRIVED_B,01c4ca00
190711082507,STARTCOOP_SUCCESS,01037b00_01c4ca00
190711082508,ENDCOOP_SUCCESS,01c4ca00_01037b00
190711082508,TAG_DEPARTED_B,01c4ca00
190711082514,TAG_ARRIVED_B,01e01400
190711082515,STARTCOOP_SUCCESS,01037b00_01e01400
190711082516,ENDCOOP_SUCCESS,01e01400_01037b00
190711082516,TAG_DEPARTED_B,01e01400
190711082519,TAG_ARRIVED_B,01e01400
190711082520,STARTCOOP_SUCCESS,01037b00_01e01400
190711082521,ENDCOOP_SUCCESS,01e01400_01037b00
190711082521,TAG_DEPARTED_B,01e01400
190711082532,TAG_DEPARTED_A,01037b00
190711082533,TAG_ARRIVED_B,01e01400
190711082534,SOLO_SUCCESS,01e01400
190711082535,TAG_DEPARTED_B,01e01400
190711082535,TAG_ARRIVED_B,01e01400
190711082536,SOLO_SUCCESS,01e01400
190711082537,TAG_ARRIVED_A,01037b00
190711082538,STARTCOOP_SUCCESS,01e01400_01037b00
190711082538,ENDCOOP_SUCCESS,01e01400_01037b00
190711082538,TAG_DEPARTED_B,01e01400
190711082541,TAG_ARRIVED_B,01e01400
190711082542,STARTCOOP_SUCCESS,01037b00_01e01400
190711082546,ENDCOOP_SUCCESS,01e01400_01037b00
190711082547,TAG_DEPARTED_B,01e01400
190711082547,TAG_ARRIVED_B,01e01400
190711082548,STARTCOOP_SUCCESS,01037b00_01e01400
190711082548,TAG_DEPARTED_A,01037b00
190711082549,TAG_ARRIVED_A,01037b00
190711082550,STARTCOOP_SUCCESS,01e01400_01037b00
190711082550,ENDCOOP_SUCCESS,01e01400_01037b00
190711082550,TAG_DEPARTED_B,01e01400
190711082613,TAG_ARRIVED_B,01e01400
190711082614,STARTCOOP_SUCCESS,01037b00_01e01400
190711082614,TAG_DEPARTED_A,01037b00
190711082614,TAG_ARRIVED_A,01037b00
190711082615,STARTCOOP_SUCCESS,01e01400_01037b00
190711082625,TAG_DEPARTED_A,01037b00
190711082626,ENDCOOP_SUCCESS,01e01400_
190711082626,TAG_DEPARTED_B,01e01400
190711082627,TAG_ARRIVED_A,01037b00
190711082628,SOLO_SUCCESS,01037b00
190711082635,TAG_ARRIVED_B,01e01400
190711082636,STARTCOOP_SUCCESS,01037b00_01e01400
190711082637,ENDCOOP_SUCCESS,01e01400_01037b00
190711082637,TAG_DEPARTED_B,01e01400
190711082638,TAG_ARRIVED_B,01e01400
190711082639,STARTCOOP_SUCCESS,01037b00_01e01400
190711082639,ENDCOOP_SUCCESS,01e01400_01037b00
190711082639,TAG_DEPARTED_B,01e01400
190711082640,TAG_ARRIVED_B,01e01400
190711082641,STARTCOOP_SUCCESS,01037b00_01e01400
190711082641,ENDCOOP_SUCCESS,01e01400_01037b00
190711082642,TAG_DEPARTED_B,01e01400
190711082645,TAG_DEPARTED_A,01037b00
190711082646,TAG_ARRIVED_B,01037b00
190711082647,SOLO_SUCCESS,01037b00
190711082650,TAG_DEPARTED_B,01037b00
190711082659,TAG_ARRIVED_B,01037b00
190711082700,SOLO_SUCCESS,01037b00
190711082713,TAG_ARRIVED_B,01e01400
190711082714,SOLO_SUCCESS,01e01400
190711082729,TAG_DEPARTED_B,01e01400
190711082729,TAG_ARRIVED_B,01e01400
190711082730,SOLO_SUCCESS,01e01400
190711082734,TAG_DEPARTED_B,01e01400
190711082749,TAG_ARRIVED_B,01c4ca00
190711082750,SOLO_SUCCESS,01c4ca00
190711082752,TAG_DEPARTED_B,01c4ca00
190711082756,TAG_ARRIVED_B,01c4ca00
190711082756,SOLO_SUCCESS,01c4ca00
190711082800,TAG_DEPARTED_B,01c4ca00
190711082801,TAG_ARRIVED_B,01c4ca00
190711082802,SOLO_SUCCESS,01c4ca00
190711082807,TAG_DEPARTED_B,01c4ca00
190711082811,TAG_ARRIVED_B,01c4ca00
190711082812,SOLO_SUCCESS,01c4ca00
190711082813,TAG_DEPARTED_B,01c4ca00
190711082827,TAG_ARRIVED_B,01c4ca00
190711082828,SOLO_SUCCESS,01c4ca00
190711082835,TAG_DEPARTED_B,01c4ca00
190711082836,TAG_ARRIVED_B,01038800
190711082837,SOLO_SUCCESS,01038800
190711082841,TAG_ARRIVED_A,01038800
190711082842,SOLO_SUCCESS,01038800
190711082842,TAG_DEPARTED_B,01038800
190711082844,TAG_ARRIVED_B,01c4ca00
190711082845,STARTCOOP_SUCCESS,01038800_01c4ca00
190711082848,ENDCOOP_SUCCESS,01c4ca00_01038800
190711082848,TAG_DEPARTED_B,01c4ca00
190711082851,TAG_ARRIVED_B,01c4ca00
190711082852,STARTCOOP_SUCCESS,01038800_01c4ca00
190711082903,ENDCOOP_SUCCESS,01c4ca00_01038800
190711082903,TAG_DEPARTED_B,01c4ca00
190711082905,TAG_ARRIVED_B,01027f00
190711082906,STARTCOOP_FAIL,01038800_01027f00
190711082906,TAG_DEPARTED_A,01038800
190711082907,ENDCOOP_FAIL,01027f00_
190711082907,TAG_DEPARTED_B,01027f00
190711082907,TAG_ARRIVED_A,01038800
190711082908,SOLO_FAIL,01038800
190711082914,TAG_ARRIVED_B,01027f00
190711082915,STARTCOOP_FAIL,01038800_01027f00
190711082918,ENDCOOP_FAIL,01027f00_01038800
190711082918,TAG_DEPARTED_B,01027f00
190711082920,TAG_ARRIVED_B,01027f00
190711082921,STARTCOOP_FAIL,01038800_01027f00
190711082926,ENDCOOP_FAIL,01027f00_01038800
190711082927,TAG_DEPARTED_B,01027f00
190711082927,TAG_ARRIVED_B,01027f00
190711082928,STARTCOOP_FAIL,01038800_01027f00
190711082928,TAG_DEPARTED_A,01038800
190711082930,TAG_ARRIVED_A,01038800
190711082931,STARTCOOP_FAIL,01027f00_01038800
190711082932,TAG_DEPARTED_A,01038800
190711082950,TAG_ARRIVED_A,01038800
190711082951,STARTCOOP_FAIL,01027f00_01038800
190711082954,TAG_ARRIVED_B,01038800
190711082955,SOLO_FAIL,01038800
190711082955,TAG_DEPARTED_A,01038800
190711082959,TAG_ARRIVED_B,01e01400
190711083000,SOLO_FAIL,01e01400
190711083007,ENDCOOP_FAIL,01e01400_
190711083007,TAG_DEPARTED_B,01e01400
190711083008,TAG_ARRIVED_B,01e01400
190711083009,SOLO_FAIL,01e01400
190711083010,ENDCOOP_FAIL,01e01400_
190711083010,TAG_DEPARTED_B,01e01400
190711083015,TAG_ARRIVED_B,01e01400
190711083016,SOLO_FAIL,01e01400
190711083017,ENDCOOP_FAIL,01e01400_
190711083018,TAG_DEPARTED_B,01e01400
190711083024,TAG_ARRIVED_A,01e01400
190711083025,SOLO_FAIL,01e01400
190711083034,TAG_ARRIVED_B,0104dd00
190711083035,STARTCOOP_SUCCESS,01e01400_0104dd00
190711083036,TAG_DEPARTED_A,01e01400
190711083036,ENDCOOP_SUCCESS,0104dd00_
190711083037,TAG_DEPARTED_B,0104dd00
190711083054,TAG_ARRIVED_A,01c4ca00
190711083055,SOLO_FAIL,01c4ca00
190711083134,TAG_ARRIVED_B,01e01400
190711083135,STARTCOOP_SUCCESS,01c4ca00_01e01400
190711083136,ENDCOOP_SUCCESS,01e01400_01c4ca00
190711083136,TAG_DEPARTED_B,01e01400
190711083140,TAG_DEPARTED_A,01c4ca00
190711083142,TAG_ARRIVED_A,01c4ca00
190711083143,SOLO_FAIL,01c4ca00
190711083151,LOCKOUT_ENDED,
190711083158,TAG_DEPARTED_A,01c4ca00
190711083159,TAG_ARRIVED_A,01c4ca00
190711083200,SOLO_SUCCESS,01c4ca00
190711083203,TAG_DEPARTED_A,01c4ca00
190711083224,TAG_ARRIVED_B,01e01400
190711083225,SOLO_SUCCESS,01e01400
190711083228,TAG_DEPARTED_B,01e01400
190711083230,TAG_ARRIVED_B,01e01400
190711083231,SOLO_SUCCESS,01e01400
190711083232,TAG_DEPARTED_B,01e01400
190711083236,TAG_ARRIVED_B,01e01400
190711083237,SOLO_SUCCESS,01e01400
190711083248,TAG_DEPARTED_B,01e01400
190711083310,TAG_ARRIVED_B,01e01400
190711083311,SOLO_SUCCESS,01e01400
190711083316,TAG_DEPARTED_B,01e01400
190711083320,TAG_ARRIVED_B,01e01400
190711083321,SOLO_SUCCESS,01e01400
190711083324,TAG_DEPARTED_B,01e01400
190711083324,TAG_ARRIVED_A,01e01400
190711083325,SOLO_SUCCESS,01e01400
190711083327,TAG_DEPARTED_A,01e01400
190711083332,TAG_ARRIVED_B,01c4ca00
190711083333,SOLO_SUCCESS,01c4ca00
190711083339,TAG_ARRIVED_A,01e01400
190711083340,STARTCOOP_SUCCESS,01c4ca00_01e01400
190711083341,TAG_DEPARTED_A,01e01400
190711083343,ENDCOOP_SUCCESS,01c4ca00_
190711083343,TAG_DEPARTED_B,01c4ca00
190711083343,TAG_ARRIVED_B,01c4ca00
190711083344,SOLO_SUCCESS,01c4ca00
190711083350,TAG_DEPARTED_B,01c4ca00
190711083350,TAG_ARRIVED_B,01c4ca00
190711083351,SOLO_SUCCESS,01c4ca00
190711083352,TAG_DEPARTED_B,01c4ca00
190711083407,TAG_ARRIVED_B,01c4ca00
190711083408,SOLO_SUCCESS,01c4ca00
190711083408,TAG_ARRIVED_B,01e01400
190711083409,SOLO_SUCCESS,01e01400
190711083416,TAG_DEPARTED_B,01e01400
190711083428,TAG_ARRIVED_A,01e01400
190711083429,SOLO_SUCCESS,01e01400
190711083431,TAG_ARRIVED_B,01c4ca00
190711083432,STARTCOOP_SUCCESS,01e01400_01c4ca00
190711083436,TAG_DEPARTED_A,01e01400
190711083437,ENDCOOP_SUCCESS,01c4ca00_
190711083437,TAG_DEPARTED_B,01c4ca00
190711083437,TAG_ARRIVED_A,01e01400
190711083438,SOLO_SUCCESS,01e01400
190711083439,TAG_DEPARTED_A,01e01400
190711083439,TAG_ARRIVED_A,01e01400
190711083440,SOLO_SUCCESS,01e01400
190711083509,TAG_ARRIVED_B,01c4ca00
190711083510,STARTCOOP_SUCCESS,01e01400_01c4ca00
190711083511,ENDCOOP_SUCCESS,01c4ca00_01e01400
190711083511,TAG_DEPARTED_B,01c4ca00
190711083517,TAG_DEPARTED_A,01e01400
190711083524,TAG_ARRIVED_B,01c4ca00
190711083525,SOLO_SUCCESS,01c4ca00
190711083526,TAG_ARRIVED_B,01038800
190711083526,SOLO_SUCCESS,01038800
190711083534,TAG_ARRIVED_B,01e01400
190711083535,SOLO_SUCCESS,01e01400
190711083538,TAG_DEPARTED_B,01e01400
190711083543,TAG_ARRIVED_B,01e01400
190711083544,SOLO_SUCCESS,01e01400
190711083548,TAG_DEPARTED_B,01e01400
190711083619,TAG_ARRIVED_B,01c4ca00
190711083620,SOLO_SUCCESS,01c4ca00
190711083621,TAG_ARRIVED_B,01038800
190711083622,SOLO_SUCCESS,01038800
190711083626,TAG_DEPARTED_B,01038800
190711083627,TAG_ARRIVED_B,01038800
190711083628,SOLO_SUCCESS,01038800
190711083633,TAG_DEPARTED_B,01038800
190711083650,TAG_ARRIVED_B,01038800
190711083651,SOLO_SUCCESS,01038800
190711083712,TAG_DEPARTED_B,01038800
190711083713,TAG_ARRIVED_B,01038800
190711083714,SOLO_SUCCESS,01038800
190711083716,TAG_DEPARTED_B,01038800
190711083717,TAG_ARRIVED_B,01038800
190711083717,SOLO_SUCCESS,01038800
190711083751,TAG_DEPARTED_B,01038800
190711083751,TAG_ARRIVED_B,01038800
190711083752,SOLO_SUCCESS,01038800
190711083755,TAG_DEPARTED_B,01038800
190711083809,TAG_ARRIVED_B,01038800
190711083810,SOLO_SUCCESS,01038800
190711083826,TAG_DEPARTED_B,01038800
190711083827,TAG_ARRIVED_B,01038800
190711083828,SOLO_SUCCESS,01038800
190711083835,TAG_DEPARTED_B,01038800
190711083836,TAG_ARRIVED_A,01038800
190711083836,SOLO_SUCCESS,01038800
190711083850,TAG_ARRIVED_B,01027f00
190711083851,STARTCOOP_FAIL,01038800_01027f00
190711083852,ENDCOOP_FAIL,01027f00_01038800
190711083852,TAG_DEPARTED_B,01027f00
190711083853,TAG_DEPARTED_A,01038800
190711083853,TAG_ARRIVED_A,01038800
190711083854,SOLO_FAIL,01038800
190711083856,TAG_ARRIVED_B,01027f00
190711083857,STARTCOOP_FAIL,01038800_01027f00
190711083902,TAG_DEPARTED_A,01038800
190711083904,ENDCOOP_FAIL,01027f00_
190711083904,TAG_DEPARTED_B,01027f00
190711083907,TAG_ARRIVED_B,01027f00
190711083908,SOLO_FAIL,01027f00
190711083913,ENDCOOP_FAIL,01027f00_
190711083913,TAG_DEPARTED_B,01027f00
190711083915,TAG_ARRIVED_B,01027f00
190711083916,SOLO_FAIL,01027f00
190711083919,ENDCOOP_FAIL,01027f00_
190711083919,TAG_DEPARTED_B,01027f00
190711083920,TAG_ARRIVED_B,01027f00
190711083920,SOLO_FAIL,01027f00
190711083922,ENDCOOP_FAIL,01027f00_
190711083922,TAG_DEPARTED_B,01027f00
190711083925,TAG_ARRIVED_B,01027f00
190711083926,SOLO_FAIL,01027f00
190711083929,ENDCOOP_FAIL,01027f00_
190711083929,TAG_DEPARTED_B,01027f00
190711083942,TAG_ARRIVED_B,01027f00
190711083943,SOLO_FAIL,01027f00
190711083944,ENDCOOP_FAIL,01027f00_
190711083944,TAG_DEPARTED_B,01027f00
190711083945,TAG_ARRIVED_B,01027f00
190711083945,SOLO_FAIL,01027f00
190711083946,ENDCOOP_FAIL,01027f00_
190711083947,TAG_DEPARTED_B,01027f00
190711084004,TAG_ARRIVED_B,01027f00
190711084004,SOLO_FAIL,01027f00
190711084009,ENDCOOP_FAIL,01027f00_
190711084010,TAG_DEPARTED_B,01027f00
190711084012,TAG_ARRIVED_B,01027f00
190711084013,SOLO_FAIL,01027f00
190711084017,ENDCOOP_FAIL,01027f00_
190711084017,TAG_DEPARTED_B,01027f00
190711084018,TAG_ARRIVED_B,01027f00
190711084019,SOLO_FAIL,01027f00
190711084057,LOCKOUT_ENDED,
190711084100,TAG_DEPARTED_B,01027f00
190711084157,TAG_ARRIVED_B,01027f00
190711084158,SOLO_SUCCESS,01027f00
190711084202,TAG_DEPARTED_B,01027f00
190711084203,TAG_ARRIVED_B,01c4ca00
190711084204,SOLO_SUCCESS,01c4ca00
190711084209,TAG_DEPARTED_B,01c4ca00
190711084210,TAG_ARRIVED_B,01c4ca00
190711084211,SOLO_SUCCESS,01c4ca00
190711084213,TAG_DEPARTED_B,01c4ca00
190711084227,TAG_ARRIVED_B,01c4ca00
190711084228,SOLO_SUCCESS,01c4ca00
190711084229,TAG_DEPARTED_B,01c4ca00
190711084313,TAG_ARRIVED_B,01c4ca00
190711084314,SOLO_SUCCESS,01c4ca00
190711084333,TAG_ARRIVED_B,01026800
190711084333,SOLO_SUCCESS,01026800
190711084340,TAG_DEPARTED_B,01026800
190711084341,TAG_ARRIVED_B,01026800
190711084342,SOLO_SUCCESS,01026800
190711084343,TAG_DEPARTED_B,01026800
190711084512,TAG_ARRIVED_B,0102b600
190711084513,SOLO_SUCCESS,0102b600
190711084520,TAG_DEPARTED_B,0102b600
190711084546,TAG_ARRIVED_A,0102b600
190711084547,SOLO_SUCCESS,0102b600
190711084552,TAG_DEPARTED_A,0102b600
190711084628,TAG_ARRIVED_B,0102b600
190711084629,SOLO_SUCCESS,0102b600
190711084630,TAG_DEPARTED_B,0102b600
190711084632,TAG_ARRIVED_B,0102b600
190711084633,SOLO_SUCCESS,0102b600
190711084635,TAG_DEPARTED_B,0102b600
190711084637,TAG_ARRIVED_B,0102b600
190711084638,SOLO_SUCCESS,0102b600
190711084653,TAG_ARRIVED_A,01045300
190711084654,STARTCOOP_SUCCESS,0102b600_01045300
190711084655,TAG_DEPARTED_A,01045300
190711084655,ENDCOOP_SUCCESS,0102b600_
190711084656,TAG_DEPARTED_B,0102b600
190711084659,TAG_ARRIVED_B,0102b600
190711084659,SOLO_SUCCESS,0102b600
190711084700,TAG_ARRIVED_A,01045300
190711084700,STARTCOOP_SUCCESS,0102b600_01045300
190711084701,TAG_ARRIVED_B,01037b00
190711084702,STARTCOOP_FAIL,01045300_01037b00
190711084702,TAG_DEPARTED_A,01045300
190711084702,TAG_DEPARTED_B,01037b00
190711084706,TAG_ARRIVED_B,01037b00
190711084707,SOLO_FAIL,01037b00
190711084709,TAG_ARRIVED_A,01036a00
190711084709,STARTCOOP_FAIL,01037b00_01036a00
190711084735,ENDCOOP_FAIL,01037b00_01036a00
190711084736,TAG_DEPARTED_B,01037b00
190711084738,TAG_ARRIVED_B,01037b00
190711084739,STARTCOOP_FAIL,01036a00_01037b00
190711084741,ENDCOOP_FAIL,01037b00_01036a00
190711084742,TAG_DEPARTED_B,01037b00
190711084742,TAG_ARRIVED_B,01037b00
190711084743,STARTCOOP_FAIL,01036a00_01037b00
190711084812,ENDCOOP_FAIL,01037b00_01036a00
190711084813,TAG_DEPARTED_B,01037b00
190711084813,TAG_DEPARTED_A,01036a00
190711084830,TAG_ARRIVED_B,01971100
190711084831,TAG_MISSING_B,01971100
190711084831,SOLO_FAIL,01971100
190711084832,ENDCOOP_FAIL,01971100_
190711084832,TAG_DEPARTED_B,01971100
190711084833,TAG_ARRIVED_B,01971100
190711084834,TAG_MISSING_B,01971100
190711084834,SOLO_FAIL,01971100
190711084943,LOCKOUT_ENDED,
190711084953,TAG_DEPARTED_B,01971100
190711084953,TAG_ARRIVED_B,01971100
190711084954,TAG_MISSING_B,01971100
190711084955,SOLO_SUCCESS,01971100
190711085052,TAG_ARRIVED_B,01045700
190711085052,SOLO_SUCCESS,01045700
190711085054,TAG_DEPARTED_B,01045700
190711085058,TAG_ARRIVED_B,01045700
190711085059,SOLO_SUCCESS,01045700
190711085107,TAG_DEPARTED_B,01045700
190711085108,TAG_ARRIVED_B,01045700
190711085109,SOLO_SUCCESS,01045700
190711085123,TAG_DEPARTED_B,01045700
190711085132,TAG_ARRIVED_B,01971100
190711085134,TAG_MISSING_B,01971100
190711085134,SOLO_SUCCESS,01971100
190711085145,TAG_ARRIVED_A,01045700
190711085146,SOLO_SUCCESS,01045700
190711085151,TAG_DEPARTED_A,01045700
190711085152,TAG_ARRIVED_A,01045700
190711085152,SOLO_SUCCESS,01045700
190711085154,TAG_DEPARTED_A,01045700
190711085159,TAG_ARRIVED_A,01045700
190711085200,SOLO_SUCCESS,01045700
190711085201,TAG_DEPARTED_A,01045700
190711085203,TAG_ARRIVED_A,01045700
190711085204,SOLO_SUCCESS,01045700
190711085205,TAG_DEPARTED_A,01045700
190711085206,TAG_ARRIVED_A,01045700
190711085207,SOLO_SUCCESS,01045700
190711085207,TAG_DEPARTED_A,01045700
190711085209,TAG_ARRIVED_A,01045700
190711085210,SOLO_SUCCESS,01045700
190711085210,TAG_DEPARTED_B,01971100
190711085211,TAG_DEPARTED_A,01045700
190711085231,TAG_ARRIVED_B,0101fb00
190711085232,SOLO_SUCCESS,0101fb00
190711085234,TAG_DEPARTED_B,0101fb00
190711085235,TAG_ARRIVED_B,0101fb00
190711085235,SOLO_SUCCESS,0101fb00
190711085236,TAG_DEPARTED_B,0101fb00
190711085239,TAG_ARRIVED_B,0101fb00
190711085239,SOLO_SUCCESS,0101fb00
190711085241,TAG_DEPARTED_B,0101fb00
190711085244,TAG_ARRIVED_B,0101fb00
190711085245,SOLO_SUCCESS,0101fb00
190711085303,TAG_DEPARTED_B,0101fb00
190711085305,TAG_ARRIVED_B,0101fb00
190711085305,SOLO_SUCCESS,0101fb00
190711085403,TAG_ARRIVED_A,01018f00
190711085403,STARTCOOP_SUCCESS,0101fb00_01018f00
190711085423,ENDCOOP_SUCCESS,0101fb00_01018f00
190711085423,TAG_DEPARTED_B,0101fb00
190711085432,TAG_DEPARTED_A,01018f00
190711085603,TAG_ARRIVED_A,013d7200
190711085604,SOLO_SUCCESS,013d7200
190711085606,TAG_DEPARTED_A,013d7200
190711085606,TAG_ARRIVED_A,013d7200
190711085607,SOLO_SUCCESS,013d7200
190711085609,TAG_DEPARTED_A,013d7200
190711085613,TAG_ARRIVED_A,013d7200
190711085613,SOLO_SUCCESS,013d7200
190711085615,TAG_DEPARTED_A,013d7200
190711085616,TAG_ARRIVED_A,013d7200
190711085616,SOLO_SUCCESS,013d7200
190711085618,TAG_DEPARTED_A,013d7200
190711085619,TAG_ARRIVED_A,013d7200
190711085619,SOLO_SUCCESS,013d7200
190711085621,TAG_DEPARTED_A,013d7200
190711085625,TAG_ARRIVED_A,013d7200
190711085626,SOLO_SUCCESS,013d7200
190711085627,TAG_DEPARTED_A,013d7200
190711085632,TAG_ARRIVED_A,013d7200
190711085633,SOLO_SUCCESS,013d7200
190711085634,TAG_DEPARTED_A,013d7200
190711085645,TAG_ARRIVED_A,013d7200
190711085645,SOLO_SUCCESS,013d7200
190711085647,TAG_DEPARTED_A,013d7200
190711091210,TAG_ARRIVED_A,01e01400
190711091211,SOLO_SUCCESS,01e01400
190711091217,TAG_DEPARTED_A,01e01400
190711091222,TAG_ARRIVED_A,01e01400
190711091223,SOLO_SUCCESS,01e01400
190711091249,TAG_DEPARTED_A,01e01400
190711091250,TAG_ARRIVED_B,01e01400
190711091251,SOLO_SUCCESS,01e01400
190711091252,TAG_DEPARTED_B,01e01400
190711091256,TAG_ARRIVED_B,01e01400
190711091257,SOLO_SUCCESS,01e01400
190711091300,TAG_DEPARTED_B,01e01400
190711091301,TAG_ARRIVED_B,01e01400
190711091302,SOLO_SUCCESS,01e01400
190711091306,TAG_DEPARTED_B,01e01400
190711091308,TAG_ARRIVED_B,01e01400
190711091309,SOLO_SUCCESS,01e01400
190711091320,TAG_DEPARTED_B,01e01400
190711091740,TAG_ARRIVED_B,0104d700
190711091741,SOLO_SUCCESS,0104d700
190711091743,TAG_ARRIVED_A,01026c00
190711091744,STARTCOOP_FAIL,0104d700_01026c00
190711091745,TAG_DEPARTED_A,01026c00
190711091746,ENDCOOP_FAIL,0104d700_
190711091746,TAG_DEPARTED_B,0104d700
190711091748,TAG_ARRIVED_B,0104d700
190711091749,SOLO_FAIL,0104d700
190711091759,TAG_ARRIVED_A,01026c00
190711091800,STARTCOOP_FAIL,0104d700_01026c00
190711091800,ENDCOOP_FAIL,0104d700_01026c00
190711091801,TAG_DEPARTED_B,0104d700
190711091811,TAG_DEPARTED_A,01026c00
190711091811,TAG_ARRIVED_A,01026c00
190711091812,SOLO_FAIL,01026c00
190711091816,TAG_DEPARTED_A,01026c00
190711091832,TAG_ARRIVED_B,01e01400
190711091833,SOLO_FAIL,01e01400
190711091850,ENDCOOP_FAIL,01e01400_
190711091850,TAG_DEPARTED_B,01e01400
190711091854,TAG_ARRIVED_A,01e01400
190711091855,SOLO_FAIL,01e01400
190711091905,TAG_DEPARTED_A,01e01400
190711091905,TAG_ARRIVED_A,01e01400
190711091906,SOLO_FAIL,01e01400
190711091910,TAG_DEPARTED_A,01e01400
190711091919,TAG_ARRIVED_A,01e01400
190711091920,SOLO_FAIL,01e01400
190711091923,TAG_ARRIVED_B,01da4f00
190711091923,STARTCOOP_FAIL,01e01400_01da4f00
190711091928,TAG_DEPARTED_A,01e01400
190711091929,TAG_ARRIVED_A,01e01400
190711091930,STARTCOOP_FAIL,01da4f00_01e01400
190711091933,TAG_DEPARTED_A,01e01400
190711091933,TAG_ARRIVED_A,01e01400
190711091935,STARTCOOP_FAIL,01da4f00_01e01400
190711091945,TAG_DEPARTED_A,01e01400
190711091947,TAG_ARRIVED_A,01e01400
190711091948,STARTCOOP_FAIL,01da4f00_01e01400
190711091954,TAG_DEPARTED_A,01e01400
190711091954,TAG_ARRIVED_B,01e01400
190711091955,SOLO_FAIL,01e01400
190711092000,ENDCOOP_FAIL,01e01400_
190711092000,TAG_DEPARTED_B,01e01400
190711092054,TAG_ARRIVED_A,01026c00
190711092055,SOLO_FAIL,01026c00
190711092056,TAG_DEPARTED_A,01026c00
190711092102,TAG_ARRIVED_A,01026c00
190711092103,SOLO_FAIL,01026c00
190711092107,TAG_DEPARTED_A,01026c00
190711092110,TAG_ARRIVED_A,01026c00
190711092111,SOLO_FAIL,01026c00
190711092112,TAG_DEPARTED_A,01026c00
190711092113,TAG_ARRIVED_B,01026c00
190711092114,SOLO_FAIL,01026c00
190711092121,ENDCOOP_FAIL,01026c00_
190711092121,TAG_DEPARTED_B,01026c00
190711092143,TAG_ARRIVED_B,01e01400
190711092144,SOLO_FAIL,01e01400
190711092145,ENDCOOP_FAIL,01e01400_
190711092145,TAG_DEPARTED_B,01e01400
190711092147,LOCKOUT_ENDED,
190711092148,TAG_ARRIVED_B,01e01400
190711092149,SOLO_SUCCESS,01e01400
190711092150,TAG_DEPARTED_B,01e01400
190711092206,TAG_ARRIVED_B,01e01400
190711092207,SOLO_SUCCESS,01e01400
190711092208,TAG_DEPARTED_B,01e01400
190711092211,TAG_ARRIVED_A,01e01400
190711092212,SOLO_SUCCESS,01e01400
190711092235,TAG_DEPARTED_A,01e01400
190711092238,TAG_ARRIVED_B,01e01400
190711092239,SOLO_SUCCESS,01e01400
190711092241,TAG_DEPARTED_B,01e01400
190711092301,TAG_ARRIVED_A,01026800
190711092301,SOLO_SUCCESS,01026800
190711092303,TAG_DEPARTED_A,01026800
190711092305,TAG_ARRIVED_A,01026800
190711092306,SOLO_SUCCESS,01026800
190711092306,TAG_ARRIVED_B,01971100
190711092308,TAG_MISSING_B,01971100
190711092308,SOLO_SUCCESS,01971100
190711092308,TAG_DEPARTED_A,01026800
190711092309,TAG_ARRIVED_A,01026800
190711092309,SOLO_SUCCESS,01026800
190711092316,TAG_ARRIVED_B,01e01400
190711092317,STARTCOOP_FAIL,01026800_01e01400
190711092318,TAG_DEPARTED_A,01026800
190711092318,TAG_ARRIVED_A,01026800
190711092319,STARTCOOP_FAIL,01e01400_01026800
190711092334,TAG_ARRIVED_A,01e01400
190711092335,SOLO_FAIL,01e01400
190711092335,ENDCOOP_FAIL,01e01400_01e01400
190711092335,TAG_DEPARTED_B,01e01400
190711092346,TAG_DEPARTED_A,01e01400
190711092347,TAG_ARRIVED_A,01e01400
190711092348,SOLO_FAIL,01e01400
190711092349,TAG_ARRIVED_B,01026800
190711092349,STARTCOOP_FAIL,01e01400_01026800
190711092350,TAG_DEPARTED_A,01e01400
190711092351,TAG_ARRIVED_B,01e01400
190711092352,SOLO_FAIL,01e01400
190711092353,TAG_ARRIVED_A,01026800
190711092354,STARTCOOP_FAIL,01e01400_01026800
190711092355,ENDCOOP_FAIL,01e01400_01026800
190711092355,TAG_DEPARTED_B,01e01400
190711092355,TAG_DEPARTED_A,01026800
190711092358,TAG_ARRIVED_B,01e01400
190711092359,SOLO_FAIL,01e01400
190711092359,TAG_ARRIVED_A,01e01400
190711092400,SOLO_FAIL,01e01400
190711092400,ENDCOOP_FAIL,01e01400_01e01400
190711092400,TAG_DEPARTED_B,01e01400
190711092427,TAG_DEPARTED_A,01e01400
190711092431,TAG_ARRIVED_B,01971100
190711092433,TAG_MISSING_B,01971100
190711092433,SOLO_FAIL,01971100
190711092437,TAG_ARRIVED_A,01044c00
190711092438,SOLO_FAIL,01044c00
190711092448,TAG_DEPARTED_A,01044c00
190711092502,ENDCOOP_FAIL,01971100_
190711092502,TAG_DEPARTED_B,01971100
190711092502,TAG_ARRIVED_A,01971100
190711092504,TAG_MISSING_A,01971100
190711092504,SOLO_FAIL,01971100
190711092504,TAG_DEPARTED_A,01971100
190711092505,TAG_ARRIVED_B,01045400
190711092506,SOLO_FAIL,01045400
190711092506,TAG_ARRIVED_A,0101ce00
190711092506,SOLO_FAIL,0101ce00
190711092507,TAG_DEPARTED_B,01045400
190711092507,TAG_DEPARTED_A,0101ce00
190711092507,TAG_ARRIVED_B,01045400
190711092508,SOLO_FAIL,01045400
190711092509,TAG_ARRIVED_A,0101ce00
190711092509,STARTCOOP_FAIL,01045400_0101ce00
190711092513,ENDCOOP_FAIL,01045400_0101ce00
190711092513,TAG_DEPARTED_B,01045400
190711092524,TAG_ARRIVED_B,0101ce00
190711092524,SOLO_FAIL,0101ce00
190711092524,TAG_DEPARTED_A,0101ce00
190711092528,TAG_ARRIVED_A,01044c00
190711092529,STARTCOOP_FAIL,0101ce00_01044c00
190711092531,ENDCOOP_FAIL,0101ce00_01044c00
190711092531,TAG_DEPARTED_B,0101ce00
190711092532,TAG_ARRIVED_B,0101ce00
190711092533,STARTCOOP_FAIL,01044c00_0101ce00
190711092542,TAG_DEPARTED_A,01044c00
190711092547,ENDCOOP_FAIL,0101ce00_
190711092547,TAG_DEPARTED_B,0101ce00
190711092556,TAG_ARRIVED_B,019f7200
190711092557,SOLO_FAIL,019f7200
190711092600,ENDCOOP_FAIL,019f7200_
190711092600,TAG_DEPARTED_B,019f7200
190711092601,TAG_ARRIVED_B,019f7200
190711092601,SOLO_FAIL,019f7200
190711092634,TAG_ARRIVED_A,01031b00
190711092635,TAG_MISSING_A,01031b00
190711092636,SOLO_FAIL,01031b00
190711092636,TAG_DEPARTED_A,01031b00
190711092636,TAG_ARRIVED_A,01031b00
190711092638,TAG_MISSING_A,01031b00
190711092638,SOLO_FAIL,01031b00
190711092638,TAG_DEPARTED_B,019f7200
190711092639,TAG_DEPARTED_A,01031b00
190711092639,TAG_ARRIVED_B,019f7200
190711092640,SOLO_FAIL,019f7200
190711092640,TAG_ARRIVED_A,01031b00
190711092642,TAG_MISSING_A,01031b00
190711092642,SOLO_FAIL,01031b00
190711092642,TAG_DEPARTED_A,01031b00
190711092643,TAG_ARRIVED_A,01031b00
190711092644,TAG_MISSING_A,01031b00
190711092644,SOLO_FAIL,01031b00
190711092645,TAG_DEPARTED_B,019f7200
190711092645,TAG_DEPARTED_A,01031b00
190711092645,TAG_ARRIVED_B,019f7200
190711092646,SOLO_FAIL,019f7200
190711092646,TAG_ARRIVED_A,01031b00
190711092648,TAG_MISSING_A,01031b00
190711092648,SOLO_FAIL,01031b00
190711092648,TAG_DEPARTED_B,019f7200
190711092649,TAG_DEPARTED_A,01031b00
190711092649,TAG_ARRIVED_B,019f7200
190711092649,SOLO_FAIL,019f7200
190711092650,TAG_ARRIVED_A,01031b00
190711092651,TAG_MISSING_A,01031b00
190711092651,SOLO_FAIL,01031b00
190711092652,TAG_DEPARTED_B,019f7200
190711092652,TAG_DEPARTED_A,01031b00
190711092652,TAG_ARRIVED_B,019f7200
190711092653,SOLO_FAIL,019f7200
190711092653,TAG_ARRIVED_A,01031b00
190711092654,TAG_MISSING_A,01031b00
190711092655,SOLO_FAIL,01031b00
190711092655,TAG_DEPARTED_B,019f7200
190711092655,TAG_DEPARTED_A,01031b00
190711092656,TAG_ARRIVED_A,01031b00
190711092657,TAG_MISSING_A,01031b00
190711092658,SOLO_FAIL,01031b00
190711092700,TAG_ARRIVED_B,019f7200
190711092700,SOLO_FAIL,019f7200
190711092702,ENDCOOP_FAIL,019f7200_01031b00
190711092702,TAG_DEPARTED_B,019f7200
190711092703,TAG_ARRIVED_B,019f7200
190711092704,SOLO_FAIL,019f7200
190711092705,ENDCOOP_FAIL,019f7200_01031b00
190711092706,TAG_DEPARTED_B,019f7200
190711092706,TAG_ARRIVED_B,019f7200
190711092706,SOLO_FAIL,019f7200
190711092714,ENDCOOP_FAIL,019f7200_01031b00
190711092715,TAG_DEPARTED_B,019f7200
190711092716,TAG_ARRIVED_B,019f7200
190711092716,SOLO_FAIL,019f7200
190711092718,ENDCOOP_FAIL,019f7200_01031b00
190711092718,TAG_DEPARTED_B,019f7200
190711092719,TAG_ARRIVED_B,019f7200
190711092719,SOLO_FAIL,019f7200
190711092732,TAG_DEPARTED_A,01031b00
190711092733,TAG_ARRIVED_A,01031b00
190711092734,TAG_MISSING_A,01031b00
190711092734,SOLO_SUCCESS,01031b00
190711092735,TAG_DEPARTED_A,01031b00
190711092746,TAG_ARRIVED_A,01031b00
190711092747,TAG_MISSING_A,01031b00
190711092747,SOLO_SUCCESS,01031b00
190711092748,TAG_DEPARTED_B,019f7200
190711092748,TAG_ARRIVED_B,019f7200
190711092749,SOLO_SUCCESS,019f7200
190711092826,TAG_DEPARTED_B,019f7200
190711092829,TAG_ARRIVED_B,019f7200
190711092830,SOLO_SUCCESS,019f7200
190711092833,TAG_DEPARTED_B,019f7200
190711092834,TAG_ARRIVED_B,019f7200
190711092834,SOLO_SUCCESS,019f7200
190711092836,TAG_DEPARTED_B,019f7200
190711092836,TAG_ARRIVED_B,019f7200
190711092837,SOLO_SUCCESS,019f7200
190711092841,TAG_DEPARTED_B,019f7200
190711092917,TAG_ARRIVED_B,019f7200
190711092917,SOLO_SUCCESS,019f7200
190711092919,TAG_DEPARTED_B,019f7200
190711092926,TAG_ARRIVED_B,019f7200
190711092927,SOLO_SUCCESS,019f7200
190711092946,TAG_DEPARTED_B,019f7200
190711092947,TAG_ARRIVED_B,019f7200
190711092948,SOLO_SUCCESS,019f7200
190711092953,TAG_DEPARTED_B,019f7200
190711093002,TAG_DEPARTED_A,01031b00
