190730055403,START_EXPERIMENT,
190730055417,TAG_ARRIVED_A,01783900
190730055418,SOLO_FAIL,01783900
190730055425,TAG_DEPARTED_A,01783900
190730055457,TAG_ARRIVED_B,01783900
190730055458,SOLO_FAIL,01783900
190730055458,TAG_ARRIVED_A,0139d100
190730055459,STARTCOOP_SUCCESS,01783900_0139d100
190730055459,ENDCOOP_SUCCESS,01783900_0139d100
190730055500,TAG_DEPARTED_B,01783900
190730055500,TAG_ARRIVED_B,01783900
190730055501,STARTCOOP_SUCCESS,0139d100_01783900
190730055502,TAG_DEPARTED_A,0139d100
190730055502,ENDCOOP_SUCCESS,01783900_
190730055502,TAG_DEPARTED_B,01783900
190730055601,LOCKOUT_ENDED,
190730060022,TAG_ARRIVED_A,0122dc00
190730060023,TAG_MISSING_A,0122dc00
190730060024,SOLO_SUCCESS,0122dc00
190730060043,TAG_DEPARTED_A,0122dc00
190730060046,TAG_ARRIVED_A,0122dc00
190730060047,TAG_MISSING_A,0122dc00
190730060047,SOLO_SUCCESS,0122dc00
190730060122,TAG_DEPARTED_A,0122dc00
190730062427,TAG_ARRIVED_A,01052500
190730062427,SOLO_SUCCESS,01052500
190730062430,TAG_DEPARTED_A,01052500
190730062433,TAG_ARRIVED_A,01052500
190730062434,SOLO_SUCCESS,01052500
190730062435,TAG_DEPARTED_A,01052500
190730062441,TAG_ARRIVED_A,01052500
190730062442,SOLO_SUCCESS,01052500
190730062444,TAG_DEPARTED_A,01052500
190730062444,TAG_ARRIVED_A,01052500
190730062445,SOLO_SUCCESS,01052500
190730062512,TAG_DEPARTED_A,01052500
190730062513,TAG_ARRIVED_A,01052500
190730062513,SOLO_SUCCESS,01052500
190730062535,TAG_DEPARTED_A,01052500
190730062542,TAG_ARRIVED_A,01052500
190730062542,SOLO_SUCCESS,01052500
190730062549,TAG_DEPARTED_A,01052500
190730062550,TAG_ARRIVED_A,01052500
190730062551,SOLO_SUCCESS,01052500
190730062642,TAG_DEPARTED_A,01052500
190730062645,TAG_ARRIVED_A,01052500
190730062646,SOLO_SUCCESS,01052500
190730062648,TAG_DEPARTED_A,01052500
190730062650,TAG_ARRIVED_A,01052500
190730062650,SOLO_SUCCESS,01052500
190730062725,TAG_DEPARTED_A,01052500
190730062727,TAG_ARRIVED_A,01052500
190730062727,SOLO_SUCCESS,01052500
190730062745,TAG_DEPARTED_A,01052500
190730062747,TAG_ARRIVED_A,01052500
190730062748,SOLO_SUCCESS,01052500
190730062758,TAG_DEPARTED_A,01052500
190730062758,TAG_ARRIVED_A,01052500
190730062758,SOLO_SUCCESS,01052500
190730062855,TAG_DEPARTED_A,01052500
190730062908,TAG_ARRIVED_A,01052500
190730062909,SOLO_SUCCESS,01052500
190730062914,TAG_ARRIVED_B,01020f00
190730062914,STARTCOOP_SUCCESS,01052500_01020f00
190730062923,ENDCOOP_SUCCESS,01020f00_01052500
190730062923,TAG_DEPARTED_B,01020f00
190730062927,TAG_DEPARTED_A,01052500
190730062931,TAG_ARRIVED_B,01020f00
190730062931,SOLO_SUCCESS,01020f00
190730062943,TAG_ARRIVED_A,01052500
190730062943,STARTCOOP_SUCCESS,01020f00_01052500
190730062947,ENDCOOP_SUCCESS,01020f00_01052500
190730062947,TAG_DEPARTED_B,01020f00
190730062951,TAG_DEPARTED_A,01052500
190730062956,TAG_ARRIVED_A,01052500
190730062956,SOLO_SUCCESS,01052500
190730063001,TAG_DEPARTED_A,01052500
190730063002,TAG_ARRIVED_A,01052500
190730063003,SOLO_SUCCESS,01052500
190730063007,TAG_ARRIVED_B,01020f00
190730063008,STARTCOOP_SUCCESS,01052500_01020f00
190730063009,ENDCOOP_SUCCESS,01020f00_01052500
190730063009,TAG_DEPARTED_B,01020f00
190730063025,TAG_ARRIVED_B,01020f00
190730063025,STARTCOOP_SUCCESS,01052500_01020f00
190730063027,ENDCOOP_SUCCESS,01020f00_01052500
190730063027,TAG_DEPARTED_B,01020f00
190730063046,TAG_ARRIVED_B,01020f00
190730063046,STARTCOOP_SUCCESS,01052500_01020f00
190730063048,ENDCOOP_SUCCESS,01020f00_01052500
190730063048,TAG_DEPARTED_B,01020f00
190730063056,TAG_ARRIVED_B,01020f00
190730063057,STARTCOOP_SUCCESS,01052500_01020f00
190730063100,ENDCOOP_SUCCESS,01020f00_01052500
190730063100,TAG_DEPARTED_B,01020f00
190730063140,TAG_ARRIVED_B,01020f00
190730063140,STARTCOOP_SUCCESS,01052500_01020f00
190730063142,ENDCOOP_SUCCESS,01020f00_01052500
190730063142,TAG_DEPARTED_B,01020f00
190730063201,TAG_ARRIVED_B,01020f00
190730063202,STARTCOOP_SUCCESS,01052500_01020f00
190730063205,ENDCOOP_SUCCESS,01020f00_01052500
190730063205,TAG_DEPARTED_B,01020f00
190730063228,TAG_ARRIVED_B,01020f00
190730063229,STARTCOOP_SUCCESS,01052500_01020f00
190730063230,ENDCOOP_SUCCESS,01020f00_01052500
190730063230,TAG_DEPARTED_B,01020f00
190730063234,TAG_ARRIVED_B,01020f00
190730063235,STARTCOOP_SUCCESS,01052500_01020f00
190730063236,ENDCOOP_SUCCESS,01020f00_01052500
190730063236,TAG_DEPARTED_B,01020f00
190730063240,TAG_DEPARTED_A,01052500
190730063256,TAG_ARRIVED_A,01025600
190730063257,TAG_MISSING_A,01025600
190730063257,SOLO_SUCCESS,01025600
190730063324,TAG_ARRIVED_B,01020f00
190730063325,SOLO_SUCCESS,01020f00
190730063329,TAG_DEPARTED_B,01020f00
190730063339,TAG_ARRIVED_B,01020f00
190730063339,SOLO_SUCCESS,01020f00
190730063345,TAG_DEPARTED_A,01025600
190730063345,TAG_ARRIVED_A,01025600
190730063347,TAG_MISSING_A,01025600
190730063347,SOLO_SUCCESS,01025600
190730063347,TAG_DEPARTED_A,01025600
190730063348,TAG_DEPARTED_B,01020f00
190730063354,TAG_ARRIVED_A,01025600
190730063355,TAG_MISSING_A,01025600
190730063355,SOLO_SUCCESS,01025600
190730063358,TAG_DEPARTED_A,01025600
190730063359,TAG_ARRIVED_A,01025600
190730063400,TAG_MISSING_A,01025600
190730063400,SOLO_SUCCESS,01025600
190730063406,TAG_ARRIVED_B,01020f00
190730063407,SOLO_SUCCESS,01020f00
190730063413,TAG_DEPARTED_B,01020f00
190730063413,TAG_ARRIVED_B,01020f00
190730063413,SOLO_SUCCESS,01020f00
190730063415,TAG_DEPARTED_B,01020f00
190730063438,TAG_ARRIVED_B,01020f00
190730063438,SOLO_SUCCESS,01020f00
190730063442,TAG_DEPARTED_B,01020f00
190730063451,TAG_ARRIVED_B,01020f00
190730063451,SOLO_SUCCESS,01020f00
190730063500,TAG_DEPARTED_B,01020f00
190730063501,TAG_ARRIVED_B,01020f00
190730063502,SOLO_SUCCESS,01020f00
190730063507,TAG_DEPARTED_B,01020f00
190730063511,TAG_ARRIVED_B,01020f00
190730063511,SOLO_SUCCESS,01020f00
190730063518,TAG_DEPARTED_A,01025600
190730063519,TAG_ARRIVED_A,01025600
190730063521,TAG_MISSING_A,01025600
190730063521,SOLO_SUCCESS,01025600
190730063521,TAG_DEPARTED_A,01025600
190730063522,TAG_ARRIVED_A,01025600
190730063523,TAG_MISSING_A,01025600
190730063523,SOLO_SUCCESS,01025600
190730063523,TAG_DEPARTED_A,01025600
190730063524,TAG_ARRIVED_A,01025600
190730063525,TAG_MISSING_A,01025600
190730063525,SOLO_SUCCESS,01025600
190730063526,TAG_DEPARTED_A,01025600
190730063526,TAG_ARRIVED_A,01025600
190730063527,TAG_MISSING_A,01025600
190730063528,SOLO_SUCCESS,01025600
190730063528,TAG_DEPARTED_B,01020f00
190730063528,TAG_DEPARTED_A,01025600
190730063528,TAG_ARRIVED_B,01020f00
190730063529,SOLO_SUCCESS,01020f00
190730063529,TAG_ARRIVED_A,01025600
190730063531,TAG_MISSING_A,01025600
190730063531,SOLO_SUCCESS,01025600
190730063531,TAG_DEPARTED_A,01025600
190730063532,TAG_ARRIVED_A,01025600
190730063533,TAG_MISSING_A,01025600
190730063533,SOLO_SUCCESS,01025600
190730063533,TAG_DEPARTED_A,01025600
190730063534,TAG_ARRIVED_A,01025600
190730063535,TAG_MISSING_A,01025600
190730063535,SOLO_SUCCESS,01025600
190730063536,TAG_DEPARTED_B,01020f00
190730063536,TAG_DEPARTED_A,01025600
190730063536,TAG_ARRIVED_A,01025600
190730063538,TAG_MISSING_A,01025600
190730063538,SOLO_SUCCESS,01025600
190730063538,TAG_DEPARTED_A,01025600
190730063539,TAG_ARRIVED_B,01020f00
190730063539,SOLO_SUCCESS,01020f00
190730063539,TAG_ARRIVED_A,01025600
190730063540,TAG_MISSING_A,01025600
190730063541,SOLO_SUCCESS,01025600
190730063541,TAG_DEPARTED_B,01020f00
190730063541,TAG_DEPARTED_A,01025600
190730063542,TAG_ARRIVED_B,01020f00
190730063542,SOLO_SUCCESS,01020f00
190730063543,TAG_ARRIVED_A,01025600
190730063544,TAG_MISSING_A,01025600
190730063544,SOLO_SUCCESS,01025600
190730063545,TAG_DEPARTED_A,01025600
190730063545,TAG_ARRIVED_A,01025600
190730063546,TAG_MISSING_A,01025600
190730063546,SOLO_SUCCESS,01025600
190730063547,TAG_DEPARTED_B,01020f00
190730063547,TAG_DEPARTED_A,01025600
190730063552,TAG_ARRIVED_A,01020f00
190730063552,SOLO_SUCCESS,01020f00
190730063552,TAG_ARRIVED_B,01025600
190730063554,TAG_MISSING_B,01025600
190730063554,SOLO_SUCCESS,01025600
190730063554,TAG_DEPARTED_B,01025600
190730063554,TAG_DEPARTED_A,01020f00
190730063555,TAG_ARRIVED_B,01025600
190730063556,TAG_MISSING_B,01025600
190730063556,SOLO_SUCCESS,01025600
190730063557,TAG_ARRIVED_A,01020f00
190730063557,SOLO_SUCCESS,01020f00
190730063557,TAG_DEPARTED_B,01025600
190730063558,TAG_ARRIVED_B,01025600
190730063600,TAG_MISSING_B,01025600
190730063600,SOLO_SUCCESS,01025600
190730063600,TAG_DEPARTED_B,01025600
190730063601,TAG_ARRIVED_B,01025600
190730063602,TAG_MISSING_B,01025600
190730063602,SOLO_SUCCESS,01025600
190730063603,TAG_DEPARTED_B,01025600
190730063603,TAG_ARRIVED_B,01025600
190730063604,TAG_MISSING_B,01025600
190730063605,SOLO_SUCCESS,01025600
190730063605,TAG_DEPARTED_B,01025600
190730063605,TAG_DEPARTED_A,01020f00
190730063605,TAG_ARRIVED_B,01025600
190730063607,TAG_MISSING_B,01025600
190730063607,SOLO_SUCCESS,01025600
190730063607,TAG_ARRIVED_A,01020f00
190730063608,SOLO_SUCCESS,01020f00
190730063608,TAG_DEPARTED_B,01025600
190730063608,TAG_ARRIVED_B,01025600
190730063610,TAG_MISSING_B,01025600
190730063610,SOLO_SUCCESS,01025600
190730063610,TAG_DEPARTED_B,01025600
190730063611,TAG_ARRIVED_B,0f130e00
190730063612,TAG_MISSING_B,0f130e00
190730063612,SOLO_SUCCESS,0f130e00
190730063613,TAG_DEPARTED_B,0f130e00
190730063613,TAG_ARRIVED_B,01025600
190730063614,TAG_MISSING_B,01025600
190730063614,SOLO_SUCCESS,01025600
190730063615,TAG_DEPARTED_B,01025600
190730063615,TAG_DEPARTED_A,01020f00
190730063615,TAG_ARRIVED_B,01025600
190730063617,TAG_MISSING_B,01025600
190730063617,SOLO_SUCCESS,01025600
190730063617,TAG_ARRIVED_A,01020f00
190730063618,SOLO_SUCCESS,01020f00
190730063618,TAG_DEPARTED_B,01025600
190730063618,TAG_ARRIVED_B,01025600
190730063620,TAG_MISSING_B,01025600
190730063620,SOLO_SUCCESS,01025600
190730063620,TAG_DEPARTED_B,01025600
190730063621,TAG_ARRIVED_B,01025600
190730063622,TAG_MISSING_B,01025600
190730063622,SOLO_SUCCESS,01025600
190730063623,TAG_DEPARTED_A,01020f00
190730063623,TAG_ARRIVED_A,01020f00
190730063623,SOLO_SUCCESS,01020f00
190730063651,TAG_DEPARTED_B,01025600
190730063651,TAG_ARRIVED_B,01025600
190730063653,TAG_MISSING_B,01025600
190730063653,SOLO_SUCCESS,01025600
190730063653,TAG_DEPARTED_B,01025600
190730063653,TAG_DEPARTED_A,01020f00
190730063654,TAG_ARRIVED_B,01025600
190730063655,TAG_MISSING_B,01025600
190730063655,SOLO_SUCCESS,01025600
190730063655,TAG_ARRIVED_A,01020f00
190730063656,SOLO_SUCCESS,01020f00
190730063656,TAG_DEPARTED_B,01025600
190730063657,TAG_DEPARTED_A,01020f00
190730063659,TAG_ARRIVED_B,01020f00
190730063659,SOLO_SUCCESS,01020f00
190730063711,TAG_ARRIVED_A,01020f00
190730063711,SOLO_SUCCESS,01020f00
190730063712,TAG_DEPARTED_B,01020f00
190730063717,TAG_DEPARTED_A,01020f00
190730063722,TAG_ARRIVED_A,01020f00
190730063722,SOLO_SUCCESS,01020f00
190730063723,TAG_ARRIVED_B,01053100
190730063723,STARTCOOP_SUCCESS,01020f00_01053100
190730063726,ENDCOOP_SUCCESS,01053100_01020f00
190730063726,TAG_DEPARTED_B,01053100
190730063729,TAG_ARRIVED_B,01053100
190730063729,STARTCOOP_SUCCESS,01020f00_01053100
190730063755,ENDCOOP_SUCCESS,01053100_01020f00
190730063755,TAG_DEPARTED_B,01053100
190730063756,TAG_ARRIVED_B,01053100
190730063756,STARTCOOP_SUCCESS,01020f00_01053100
190730063801,ENDCOOP_SUCCESS,01053100_01020f00
190730063801,TAG_DEPARTED_B,01053100
190730063803,TAG_ARRIVED_B,01053100
190730063804,STARTCOOP_SUCCESS,01020f00_01053100
190730063807,ENDCOOP_SUCCESS,01053100_01020f00
190730063807,TAG_DEPARTED_B,01053100
190730063809,TAG_ARRIVED_B,01053100
190730063809,STARTCOOP_SUCCESS,01020f00_01053100
190730063828,ENDCOOP_SUCCESS,01053100_01020f00
190730063828,TAG_DEPARTED_B,01053100
190730063830,TAG_ARRIVED_B,01053100
190730063831,STARTCOOP_SUCCESS,01020f00_01053100
190730063833,ENDCOOP_SUCCESS,01053100_01020f00
190730063833,TAG_DEPARTED_B,01053100
190730063947,TAG_ARRIVED_B,01020f00
190730063948,SOLO_SUCCESS,01020f00
190730063949,TAG_DEPARTED_A,01020f00
190730064000,TAG_DEPARTED_B,01020f00
190730064003,TAG_ARRIVED_A,01020f00
190730064004,SOLO_SUCCESS,01020f00
190730064025,TAG_DEPARTED_A,01020f00
190730064036,TAG_ARRIVED_A,01020f00
190730064036,SOLO_SUCCESS,01020f00
190730064056,TAG_ARRIVED_B,010b4d00
190730064057,TAG_MISSING_B,010b4d00
190730064058,SOLO_SUCCESS,010b4d00
190730064058,TAG_DEPARTED_B,010b4d00
190730064058,TAG_DEPARTED_A,01020f00
190730064105,TAG_ARRIVED_B,010b4d00
190730064107,TAG_MISSING_B,010b4d00
190730064107,SOLO_SUCCESS,010b4d00
190730064124,TAG_DEPARTED_B,010b4d00
190730064125,TAG_ARRIVED_B,010b4d00
190730064127,TAG_MISSING_B,010b4d00
190730064127,SOLO_SUCCESS,010b4d00
190730064154,TAG_DEPARTED_B,010b4d00
190730064508,TAG_ARRIVED_B,01047700
190730064509,SOLO_SUCCESS,01047700
190730064518,TAG_DEPARTED_B,01047700
190730064519,TAG_ARRIVED_B,01047700
190730064520,SOLO_SUCCESS,01047700
190730064652,TAG_DEPARTED_B,01047700
190730064652,TAG_ARRIVED_B,01047700
190730064653,SOLO_SUCCESS,01047700
190730064712,TAG_DEPARTED_B,01047700
190730064713,TAG_ARRIVED_B,01047700
190730064714,SOLO_SUCCESS,01047700
190730064817,TAG_DEPARTED_B,01047700
190730064817,TAG_ARRIVED_B,01047700
190730064818,SOLO_SUCCESS,01047700
190730064852,TAG_DEPARTED_B,01047700
190730064852,TAG_ARRIVED_B,01047700
190730064853,SOLO_SUCCESS,01047700
190730064855,TAG_DEPARTED_B,01047700
190730064855,TAG_ARRIVED_B,01047700
190730064856,SOLO_SUCCESS,01047700
190730064905,TAG_DEPARTED_B,01047700
190730064905,TAG_ARRIVED_B,01047700
190730064906,SOLO_SUCCESS,01047700
190730064907,TAG_DEPARTED_B,01047700
190730064911,TAG_ARRIVED_B,01047700
190730064912,SOLO_SUCCESS,01047700
190730064913,TAG_DEPARTED_B,01047700
190730064918,TAG_ARRIVED_B,01047700
190730064919,SOLO_SUCCESS,01047700
190730064920,TAG_DEPARTED_B,01047700
190730064927,TAG_ARRIVED_B,01047700
190730064928,SOLO_SUCCESS,01047700
190730064942,TAG_DEPARTED_B,01047700
190730064943,TAG_ARRIVED_B,01047700
190730064944,SOLO_SUCCESS,01047700
190730064945,TAG_DEPARTED_B,01047700
190730064948,TAG_ARRIVED_B,01047700
190730064949,SOLO_SUCCESS,01047700
190730064950,TAG_DEPARTED_B,01047700
190730064959,TAG_ARRIVED_B,01047700
190730065000,SOLO_SUCCESS,01047700
190730065010,TAG_DEPARTED_B,01047700
190730065010,TAG_ARRIVED_B,01047700
190730065011,SOLO_SUCCESS,01047700
190730065037,TAG_DEPARTED_B,01047700
190730065039,TAG_ARRIVED_B,01047700
190730065040,SOLO_SUCCESS,01047700
190730065114,TAG_DEPARTED_B,01047700
190730065115,TAG_ARRIVED_B,01047700
190730065115,SOLO_SUCCESS,01047700
190730065134,TAG_DEPARTED_B,01047700
190730065149,TAG_ARRIVED_B,01047700
190730065149,SOLO_SUCCESS,01047700
190730065230,TAG_DEPARTED_B,01047700
190730065230,TAG_ARRIVED_A,01047700
190730065231,SOLO_SUCCESS,01047700
190730065329,TAG_DEPARTED_A,01047700
190730065332,TAG_ARRIVED_B,01047700
190730065333,SOLO_SUCCESS,01047700
190730065337,TAG_DEPARTED_B,01047700
190730071638,TAG_ARRIVED_A,01020f00
190730071638,SOLO_SUCCESS,01020f00
190730071645,TAG_DEPARTED_A,01020f00
190730071646,TAG_ARRIVED_B,01020f00
190730071646,SOLO_SUCCESS,01020f00
190730071657,TAG_DEPARTED_B,01020f00
190730071657,TAG_ARRIVED_B,01020f00
190730071657,SOLO_SUCCESS,01020f00
190730071701,TAG_DEPARTED_B,01020f00
190730071703,TAG_ARRIVED_B,01020f00
190730071703,SOLO_SUCCESS,01020f00
190730071707,TAG_DEPARTED_B,01020f00
190730071805,TAG_ARRIVED_B,01020f00
190730071805,SOLO_SUCCESS,01020f00
190730071809,TAG_ARRIVED_A,01023a00
190730071809,STARTCOOP_FAIL,01020f00_01023a00
190730071810,TAG_DEPARTED_A,01023a00
190730071811,TAG_ARRIVED_A,01023a00
190730071812,STARTCOOP_FAIL,01020f00_01023a00
190730071823,TAG_DEPARTED_A,01023a00
190730071832,TAG_ARRIVED_A,01023a00
190730071833,STARTCOOP_FAIL,01020f00_01023a00
190730071845,ENDCOOP_FAIL,01020f00_01023a00
190730071845,TAG_DEPARTED_B,01020f00
190730071848,TAG_DEPARTED_A,01023a00
190730071851,TAG_ARRIVED_A,01023a00
190730071852,SOLO_FAIL,01023a00
190730071901,TAG_DEPARTED_A,01023a00
190730071902,TAG_ARRIVED_B,01023a00
190730071903,SOLO_FAIL,01023a00
190730071919,TAG_ARRIVED_A,01023a00
190730071920,SOLO_FAIL,01023a00
190730071920,ENDCOOP_FAIL,01023a00_01023a00
190730071921,TAG_DEPARTED_B,01023a00
190730071930,TAG_DEPARTED_A,01023a00
190730071931,TAG_ARRIVED_B,01023a00
190730071932,SOLO_FAIL,01023a00
190730071933,TAG_ARRIVED_A,01023a00
190730071934,SOLO_FAIL,01023a00
190730071934,ENDCOOP_FAIL,01023a00_01023a00
190730071934,TAG_DEPARTED_B,01023a00
190730071938,TAG_ARRIVED_B,01023a00
190730071939,SOLO_FAIL,01023a00
190730071939,TAG_DEPARTED_A,01023a00
190730071942,ENDCOOP_FAIL,01023a00_
190730071942,TAG_DEPARTED_B,01023a00
190730071942,TAG_ARRIVED_B,01023a00
190730071943,SOLO_FAIL,01023a00
190730071944,ENDCOOP_FAIL,01023a00_
190730071944,TAG_DEPARTED_B,01023a00
190730071959,TAG_ARRIVED_B,01023a00
190730071959,SOLO_FAIL,01023a00
190730072005,ENDCOOP_FAIL,01023a00_
190730072005,TAG_DEPARTED_B,01023a00
190730072033,LOCKOUT_ENDED,
190730072047,TAG_ARRIVED_B,01020f00
190730072048,SOLO_SUCCESS,01020f00
190730072054,TAG_ARRIVED_A,01020f00
190730072054,SOLO_SUCCESS,01020f00
190730072055,TAG_DEPARTED_B,01020f00
190730072058,TAG_DEPARTED_A,01020f00
190730072108,TAG_ARRIVED_A,01020f00
190730072109,SOLO_SUCCESS,01020f00
190730072231,TAG_DEPARTED_A,01020f00
190730072239,TAG_ARRIVED_A,01020f00
190730072239,SOLO_SUCCESS,01020f00
190730072339,TAG_DEPARTED_A,01020f00
190730072345,TAG_ARRIVED_B,01020f00
190730072345,SOLO_SUCCESS,01020f00
190730072351,TAG_DEPARTED_B,01020f00
190730080856,TAG_ARRIVED_B,01020f00
190730080856,SOLO_SUCCESS,01020f00
190730080926,TAG_DEPARTED_B,01020f00
190730080928,TAG_ARRIVED_B,01020f00
190730080929,SOLO_SUCCESS,01020f00
190730080938,TAG_DEPARTED_B,01020f00
190730080942,TAG_ARRIVED_B,01020f00
190730080942,SOLO_SUCCESS,01020f00
190730081019,TAG_DEPARTED_B,01020f00
190730081333,TAG_ARRIVED_B,01047700
190730081333,SOLO_SUCCESS,01047700
190730081336,TAG_DEPARTED_B,01047700
190730081338,TAG_ARRIVED_B,01047700
190730081339,SOLO_SUCCESS,01047700
190730081339,TAG_ARRIVED_A,0101bb00
190730081340,STARTCOOP_SUCCESS,01047700_0101bb00
190730081340,ENDCOOP_SUCCESS,01047700_0101bb00
190730081340,TAG_DEPARTED_B,01047700
190730081347,TAG_DEPARTED_A,0101bb00
190730081355,TAG_ARRIVED_B,01047700
190730081356,SOLO_SUCCESS,01047700
190730081428,TAG_DEPARTED_B,01047700
190730081432,TAG_ARRIVED_A,0101bb00
190730081433,SOLO_SUCCESS,0101bb00
190730081434,TAG_ARRIVED_B,01047700
190730081435,STARTCOOP_SUCCESS,0101bb00_01047700
190730081435,TAG_DEPARTED_A,0101bb00
190730081436,ENDCOOP_SUCCESS,01047700_
190730081436,TAG_DEPARTED_B,01047700
190730081436,TAG_ARRIVED_B,01047700
190730081437,SOLO_SUCCESS,01047700
190730081437,TAG_ARRIVED_A,0101bb00
190730081438,STARTCOOP_SUCCESS,01047700_0101bb00
190730081438,ENDCOOP_SUCCESS,01047700_0101bb00
190730081439,TAG_DEPARTED_B,01047700
190730081439,TAG_ARRIVED_B,01047700
190730081440,STARTCOOP_SUCCESS,0101bb00_01047700
190730081447,ENDCOOP_SUCCESS,01047700_0101bb00
190730081448,TAG_DEPARTED_B,01047700
190730081452,TAG_ARRIVED_B,01047700
190730081453,STARTCOOP_SUCCESS,0101bb00_01047700
190730081459,TAG_DEPARTED_A,0101bb00
190730081501,ENDCOOP_SUCCESS,01047700_
190730081501,TAG_DEPARTED_B,01047700
190730081505,TAG_ARRIVED_B,01047700
190730081505,SOLO_SUCCESS,01047700
190730081509,TAG_ARRIVED_A,0101bb00
190730081510,STARTCOOP_SUCCESS,01047700_0101bb00
190730081515,ENDCOOP_SUCCESS,01047700_0101bb00
190730081516,TAG_DEPARTED_B,01047700
190730081516,TAG_ARRIVED_B,01047700
190730081517,STARTCOOP_SUCCESS,0101bb00_01047700
190730081518,ENDCOOP_SUCCESS,01047700_0101bb00
190730081518,TAG_DEPARTED_B,01047700
190730081523,TAG_ARRIVED_B,01047700
190730081524,STARTCOOP_SUCCESS,0101bb00_01047700
190730081524,TAG_DEPARTED_A,0101bb00
190730081525,ENDCOOP_SUCCESS,01047700_
190730081525,TAG_DEPARTED_B,01047700
190730081529,TAG_ARRIVED_B,01047700
190730081529,SOLO_SUCCESS,01047700
190730081530,TAG_ARRIVED_A,0101bb00
190730081531,STARTCOOP_SUCCESS,01047700_0101bb00
190730081532,TAG_DEPARTED_A,0101bb00
190730081533,TAG_ARRIVED_A,0101bb00
190730081534,STARTCOOP_SUCCESS,01047700_0101bb00
190730081535,TAG_DEPARTED_A,0101bb00
190730081536,TAG_ARRIVED_A,0101bb00
190730081537,STARTCOOP_SUCCESS,01047700_0101bb00
190730081548,TAG_DEPARTED_A,0101bb00
190730081551,TAG_ARRIVED_A,0101bb00
190730081552,STARTCOOP_SUCCESS,01047700_0101bb00
190730081553,TAG_DEPARTED_A,0101bb00
190730081608,TAG_ARRIVED_A,0101bb00
190730081609,STARTCOOP_SUCCESS,01047700_0101bb00
190730081612,TAG_DEPARTED_A,0101bb00
190730081612,TAG_ARRIVED_A,0101bb00
190730081613,STARTCOOP_SUCCESS,01047700_0101bb00
190730081616,TAG_DEPARTED_A,0101bb00
190730081628,ENDCOOP_SUCCESS,01047700_
190730081628,TAG_DEPARTED_B,01047700
190730081636,TAG_ARRIVED_A,0101bb00
190730081637,SOLO_SUCCESS,0101bb00
190730081640,TAG_DEPARTED_A,0101bb00
190730081643,TAG_ARRIVED_B,01047700
190730081643,SOLO_SUCCESS,01047700
190730081645,TAG_DEPARTED_B,01047700
190730081646,TAG_ARRIVED_A,0101bb00
190730081647,SOLO_SUCCESS,0101bb00
190730081655,TAG_ARRIVED_B,01047700
190730081655,STARTCOOP_SUCCESS,0101bb00_01047700
190730081657,ENDCOOP_SUCCESS,01047700_0101bb00
190730081657,TAG_DEPARTED_B,01047700
190730081657,TAG_ARRIVED_B,01047700
190730081658,STARTCOOP_SUCCESS,0101bb00_01047700
190730081716,TAG_DEPARTED_A,0101bb00
190730081739,TAG_DEPARTED_B,01047700
190730081740,TAG_ARRIVED_B,01047700
190730081741,SOLO_SUCCESS,01047700
190730081743,TAG_ARRIVED_A,0101bb00
190730081744,STARTCOOP_SUCCESS,01047700_0101bb00
190730081744,ENDCOOP_SUCCESS,01047700_0101bb00
190730081744,TAG_DEPARTED_B,01047700
190730081745,TAG_ARRIVED_B,01047700
190730081746,STARTCOOP_SUCCESS,0101bb00_01047700
190730081747,TAG_DEPARTED_A,0101bb00
190730081747,TAG_ARRIVED_A,0101bb00
190730081748,STARTCOOP_SUCCESS,01047700_0101bb00
190730081802,ENDCOOP_SUCCESS,01047700_0101bb00
190730081802,TAG_DEPARTED_B,01047700
190730081808,TAG_ARRIVED_B,01047700
190730081809,STARTCOOP_SUCCESS,0101bb00_01047700
190730081810,ENDCOOP_SUCCESS,01047700_0101bb00
190730081810,TAG_DEPARTED_B,01047700
190730081814,TAG_ARRIVED_B,01047700
190730081815,STARTCOOP_SUCCESS,0101bb00_01047700
190730081833,ENDCOOP_SUCCESS,01047700_0101bb00
190730081833,TAG_DEPARTED_B,01047700
190730081838,TAG_ARRIVED_B,01047700
190730081839,STARTCOOP_SUCCESS,0101bb00_01047700
190730081900,TAG_DEPARTED_A,0101bb00
190730081917,TAG_ARRIVED_A,0101bb00
190730081918,STARTCOOP_SUCCESS,01047700_0101bb00
190730081919,TAG_DEPARTED_A,0101bb00
190730081941,TAG_DEPARTED_B,01047700
190730081950,TAG_ARRIVED_B,01047700
190730081950,SOLO_SUCCESS,01047700
190730081954,TAG_DEPARTED_B,01047700
190730081956,TAG_ARRIVED_A,0101bb00
190730081957,SOLO_SUCCESS,0101bb00
190730081958,TAG_ARRIVED_B,01047700
190730081959,STARTCOOP_SUCCESS,0101bb00_01047700
190730082000,ENDCOOP_SUCCESS,01047700_0101bb00
190730082000,TAG_DEPARTED_B,01047700
190730082002,TAG_ARRIVED_B,01047700
190730082003,STARTCOOP_SUCCESS,0101bb00_01047700
190730082010,ENDCOOP_SUCCESS,01047700_0101bb00
190730082010,TAG_DEPARTED_B,01047700
190730082102,TAG_ARRIVED_B,01047700
190730082103,STARTCOOP_SUCCESS,0101bb00_01047700
190730082218,TAG_DEPARTED_A,0101bb00
190730082231,TAG_ARRIVED_A,0101bb00
190730082232,STARTCOOP_SUCCESS,01047700_0101bb00
190730082303,TAG_DEPARTED_A,0101bb00
190730082304,TAG_ARRIVED_A,0101bb00
190730082305,STARTCOOP_SUCCESS,01047700_0101bb00
190730082306,TAG_DEPARTED_A,0101bb00
190730082307,TAG_ARRIVED_A,0101bb00
190730082308,STARTCOOP_SUCCESS,01047700_0101bb00
190730082310,TAG_DEPARTED_A,0101bb00
190730082316,TAG_ARRIVED_A,0101bb00
190730082317,STARTCOOP_SUCCESS,01047700_0101bb00
190730082327,TAG_DEPARTED_A,0101bb00
190730082354,TAG_ARRIVED_A,01047700
190730082355,SOLO_SUCCESS,01047700
190730082356,TAG_DEPARTED_B,01047700
190730082409,TAG_DEPARTED_A,01047700
190730082418,TAG_ARRIVED_B,01047700
190730082419,SOLO_SUCCESS,01047700
190730082422,TAG_DEPARTED_B,01047700
190730083644,TAG_ARRIVED_B,01023a00
190730083645,SOLO_SUCCESS,01023a00
190730083700,TAG_DEPARTED_B,01023a00
190730083703,TAG_ARRIVED_B,01023a00
190730083704,SOLO_SUCCESS,01023a00
190730083708,TAG_DEPARTED_B,01023a00
190730083709,TAG_ARRIVED_B,01023a00
190730083710,SOLO_SUCCESS,01023a00
190730083744,TAG_DEPARTED_B,01023a00
190730083750,TAG_ARRIVED_B,01023a00
190730083751,SOLO_SUCCESS,01023a00
190730083813,TAG_DEPARTED_B,01023a00
190730083846,TAG_ARRIVED_B,01023a00
190730083846,SOLO_SUCCESS,01023a00
190730083853,TAG_DEPARTED_B,01023a00
190730083854,TAG_ARRIVED_B,01023a00
190730083855,SOLO_SUCCESS,01023a00
190730083903,TAG_DEPARTED_B,01023a00
190730083905,TAG_ARRIVED_B,01023a00
190730083906,SOLO_SUCCESS,01023a00
190730083909,TAG_DEPARTED_B,01023a00
190730083916,TAG_ARRIVED_B,01023a00
190730083917,SOLO_SUCCESS,01023a00
190730083929,TAG_DEPARTED_B,01023a00
190730083930,TAG_ARRIVED_B,01023a00
190730083931,SOLO_SUCCESS,01023a00
190730083932,TAG_DEPARTED_B,01023a00
190730083933,TAG_ARRIVED_B,01023a00
190730083934,SOLO_SUCCESS,01023a00
190730083949,TAG_DEPARTED_B,01023a00
190730083949,TAG_ARRIVED_B,01023a00
190730083950,SOLO_SUCCESS,01023a00
190730084004,TAG_DEPARTED_B,01023a00
190730084005,TAG_ARRIVED_B,01023a00
190730084006,SOLO_SUCCESS,01023a00
190730084019,TAG_DEPARTED_B,01023a00
190730084021,TAG_ARRIVED_B,01023a00
190730084022,SOLO_SUCCESS,01023a00
190730084119,TAG_DEPARTED_B,01023a00
190730084121,TAG_ARRIVED_B,01023a00
190730084122,SOLO_SUCCESS,01023a00
190730084128,TAG_DEPARTED_B,01023a00
190730084131,TAG_ARRIVED_B,01023a00
190730084132,SOLO_SUCCESS,01023a00
190730084135,TAG_DEPARTED_B,01023a00
190730084136,TAG_ARRIVED_B,01023a00
190730084137,SOLO_SUCCESS,01023a00
190730084153,TAG_DEPARTED_B,01023a00
190730084154,TAG_ARRIVED_B,01023a00
190730084155,SOLO_SUCCESS,01023a00
190730084207,TAG_DEPARTED_B,01023a00
190730084211,TAG_ARRIVED_B,01023a00
190730084212,SOLO_SUCCESS,01023a00
190730084219,TAG_DEPARTED_B,01023a00
190730084225,TAG_ARRIVED_B,01023a00
190730084226,SOLO_SUCCESS,01023a00
190730084240,TAG_DEPARTED_B,01023a00
190730084240,TAG_ARRIVED_B,01023a00
190730084241,SOLO_SUCCESS,01023a00
190730084254,TAG_DEPARTED_B,01023a00
190730084303,TAG_ARRIVED_B,01023a00
190730084304,SOLO_SUCCESS,01023a00
190730084329,TAG_DEPARTED_B,01023a00
190731061252,START_EXPERIMENT,
190731062254,TAG_ARRIVED_A,01e01400
190731062255,SOLO_SUCCESS,01e01400
190731062256,TAG_DEPARTED_A,01e01400
190731062310,TAG_ARRIVED_A,0102d400
190731062310,SOLO_SUCCESS,0102d400
190731062333,TAG_DEPARTED_A,0102d400
190731062333,TAG_ARRIVED_A,0102d400
190731062334,SOLO_SUCCESS,0102d400
190731062355,TAG_DEPARTED_A,0102d400
190731062359,TAG_ARRIVED_A,0102d400
190731062359,SOLO_SUCCESS,0102d400
190731062402,TAG_DEPARTED_A,0102d400
190731062405,TAG_ARRIVED_A,0102d400
190731062406,SOLO_SUCCESS,0102d400
190731062416,TAG_DEPARTED_A,0102d400
190731062419,TAG_ARRIVED_A,0102d400
190731062420,SOLO_SUCCESS,0102d400
190731062444,TAG_DEPARTED_A,0102d400
190731062454,TAG_ARRIVED_B,0102d400
190731062455,SOLO_SUCCESS,0102d400
190731062456,TAG_DEPARTED_B,0102d400
190731062459,TAG_ARRIVED_B,0102d400
190731062459,SOLO_SUCCESS,0102d400
190731062505,TAG_ARRIVED_A,01e01400
190731062506,STARTCOOP_SUCCESS,0102d400_01e01400
190731062507,ENDCOOP_SUCCESS,0102d400_01e01400
190731062507,TAG_DEPARTED_B,0102d400
190731062508,TAG_ARRIVED_B,0102d400
190731062509,STARTCOOP_SUCCESS,01e01400_0102d400
190731062509,TAG_DEPARTED_A,01e01400
190731062543,TAG_DEPARTED_B,0102d400
190731062546,TAG_ARRIVED_B,0102d400
190731062547,SOLO_SUCCESS,0102d400
190731062548,TAG_ARRIVED_A,01e01400
190731062549,STARTCOOP_SUCCESS,0102d400_01e01400
190731062552,TAG_DEPARTED_A,01e01400
190731062555,ENDCOOP_SUCCESS,0102d400_
190731062555,TAG_DEPARTED_B,0102d400
190731062555,TAG_ARRIVED_B,0102d400
190731062556,SOLO_SUCCESS,0102d400
190731062557,TAG_ARRIVED_A,01e01400
190731062558,STARTCOOP_SUCCESS,0102d400_01e01400
190731062559,TAG_DEPARTED_A,01e01400
190731062603,TAG_ARRIVED_A,01e01400
190731062604,STARTCOOP_SUCCESS,0102d400_01e01400
190731062622,TAG_DEPARTED_A,01e01400
190731062623,TAG_ARRIVED_A,01e01400
190731062624,STARTCOOP_SUCCESS,0102d400_01e01400
190731062711,TAG_DEPARTED_A,01e01400
190731062727,TAG_DEPARTED_B,0102d400
190731062729,TAG_ARRIVED_A,01e01400
190731062730,SOLO_SUCCESS,01e01400
190731062732,TAG_DEPARTED_A,01e01400
190731062732,TAG_ARRIVED_A,01e01400
190731062733,SOLO_SUCCESS,01e01400
190731062741,TAG_ARRIVED_B,0102d400
190731062742,STARTCOOP_SUCCESS,01e01400_0102d400
190731062744,TAG_DEPARTED_A,01e01400
190731062752,ENDCOOP_SUCCESS,0102d400_
190731062752,TAG_DEPARTED_B,0102d400
190731062756,TAG_ARRIVED_A,01e01400
190731062757,SOLO_SUCCESS,01e01400
190731062803,TAG_DEPARTED_A,01e01400
190731062841,TAG_ARRIVED_B,0102d400
190731062842,SOLO_SUCCESS,0102d400
190731062853,TAG_DEPARTED_B,0102d400
190731062854,TAG_ARRIVED_A,0102d400
190731062855,SOLO_SUCCESS,0102d400
190731062859,TAG_DEPARTED_A,0102d400
190731063327,TAG_ARRIVED_A,01052500
190731063327,SOLO_SUCCESS,01052500
190731063337,TAG_ARRIVED_B,01025600
190731063339,TAG_MISSING_B,01025600
190731063339,SOLO_SUCCESS,01025600
190731063339,TAG_DEPARTED_B,01025600
190731063340,TAG_ARRIVED_B,01025600
190731063341,TAG_MISSING_B,01025600
190731063341,SOLO_SUCCESS,01025600
190731063342,TAG_DEPARTED_B,01025600
190731063342,TAG_DEPARTED_A,01052500
190731063342,TAG_ARRIVED_B,01025600
190731063344,TAG_MISSING_B,01025600
190731063344,SOLO_SUCCESS,01025600
190731063344,TAG_ARRIVED_A,01052500
190731063344,SOLO_SUCCESS,01052500
190731063345,TAG_DEPARTED_B,01025600
190731063345,TAG_ARRIVED_B,01025600
190731063347,TAG_MISSING_B,01025600
190731063347,SOLO_SUCCESS,01025600
190731063347,TAG_DEPARTED_B,01025600
190731063348,TAG_ARRIVED_B,01025600
190731063349,TAG_MISSING_B,01025600
190731063349,SOLO_SUCCESS,01025600
190731063349,TAG_DEPARTED_B,01025600
190731063350,TAG_DEPARTED_A,01052500
190731063350,TAG_ARRIVED_B,01025600
190731063352,TAG_MISSING_B,01025600
190731063352,SOLO_SUCCESS,01025600
190731063422,TAG_DEPARTED_B,01025600
190731063422,TAG_ARRIVED_A,01052500
190731063422,SOLO_SUCCESS,01052500
190731063427,TAG_DEPARTED_A,01052500
190731063433,TAG_ARRIVED_A,01052500
190731063433,SOLO_SUCCESS,01052500
190731063438,TAG_DEPARTED_A,01052500
190731063447,TAG_ARRIVED_A,01052500
190731063447,SOLO_SUCCESS,01052500
190731063452,TAG_DEPARTED_A,01052500
190731063452,TAG_ARRIVED_A,01052500
190731063453,SOLO_SUCCESS,01052500
190731063454,TAG_DEPARTED_A,01052500
190731063455,TAG_ARRIVED_A,01052500
190731063455,SOLO_SUCCESS,01052500
190731063459,TAG_DEPARTED_A,01052500
190731063500,TAG_ARRIVED_A,01052500
190731063500,SOLO_SUCCESS,01052500
190731063503,TAG_DEPARTED_A,01052500
190731063510,TAG_ARRIVED_A,01052500
190731063510,SOLO_SUCCESS,01052500
190731063513,TAG_DEPARTED_A,01052500
190731063538,TAG_ARRIVED_A,01052500
190731063538,SOLO_SUCCESS,01052500
190731063541,TAG_DEPARTED_A,01052500
190731063716,TAG_ARRIVED_A,01052500
190731063716,SOLO_SUCCESS,01052500
190731063718,TAG_DEPARTED_A,01052500
190731063732,TAG_ARRIVED_A,01052500
190731063732,SOLO_SUCCESS,01052500
190731063735,TAG_DEPARTED_A,01052500
190731063736,TAG_ARRIVED_A,01052500
190731063736,SOLO_SUCCESS,01052500
190731063738,TAG_DEPARTED_A,01052500
190731063741,TAG_ARRIVED_A,01052500
190731063741,SOLO_SUCCESS,01052500
190731063903,TAG_DEPARTED_A,01052500
190731063905,TAG_ARRIVED_A,01052500
190731063905,SOLO_SUCCESS,01052500
190731063908,TAG_DEPARTED_A,01052500
190731063909,TAG_ARRIVED_A,01052500
190731063910,SOLO_SUCCESS,01052500
190731063913,TAG_ARRIVED_B,01053100
190731063913,STARTCOOP_SUCCESS,01052500_01053100
190731063916,ENDCOOP_SUCCESS,01053100_01052500
190731063916,TAG_DEPARTED_B,01053100
190731063939,TAG_DEPARTED_A,01052500
190731063943,TAG_ARRIVED_A,01052500
190731063944,SOLO_SUCCESS,01052500
190731063954,TAG_DEPARTED_A,01052500
190731064239,TAG_ARRIVED_A,0104d700
190731064240,SOLO_SUCCESS,0104d700
190731064350,TAG_DEPARTED_A,0104d700
190731071617,TAG_ARRIVED_A,0102d400
190731071618,SOLO_SUCCESS,0102d400
190731071621,TAG_ARRIVED_B,0102d400
190731071622,SOLO_SUCCESS,0102d400
190731071622,TAG_DEPARTED_A,0102d400
190731071630,TAG_ARRIVED_A,01025600
190731071631,TAG_MISSING_A,01025600
190731071631,SOLO_SUCCESS,01025600
190731071632,TAG_DEPARTED_A,01025600
190731071632,TAG_ARRIVED_A,01025600
190731071633,TAG_MISSING_A,01025600
190731071634,SOLO_SUCCESS,01025600
190731071634,TAG_DEPARTED_A,01025600
190731071634,TAG_ARRIVED_A,01025600
190731071636,TAG_MISSING_A,01025600
190731071636,SOLO_SUCCESS,01025600
190731071636,TAG_DEPARTED_A,01025600
190731071637,TAG_ARRIVED_A,01025600
190731071638,TAG_MISSING_A,01025600
190731071638,SOLO_SUCCESS,01025600
190731071639,TAG_DEPARTED_A,01025600
190731071639,TAG_ARRIVED_A,01025600
190731071640,TAG_MISSING_A,01025600
190731071640,SOLO_SUCCESS,01025600
190731071641,TAG_DEPARTED_A,01025600
190731071641,TAG_ARRIVED_A,01d41a00
190731071641,SOLO_SUCCESS,01d41a00
190731071642,TAG_DEPARTED_B,0102d400
190731071642,TAG_ARRIVED_B,0102d400
190731071643,STARTCOOP_FAIL,01d41a00_0102d400
190731071643,TAG_DEPARTED_A,01d41a00
190731071644,TAG_ARRIVED_A,01d41a00
190731071645,STARTCOOP_FAIL,0102d400_01d41a00
190731071646,TAG_DEPARTED_A,01d41a00
190731071648,TAG_ARRIVED_A,01d41a00
190731071648,STARTCOOP_FAIL,0102d400_01d41a00
190731071652,TAG_DEPARTED_A,01d41a00
190731071659,TAG_ARRIVED_A,01d41a00
190731071659,STARTCOOP_FAIL,0102d400_01d41a00
190731071712,ENDCOOP_FAIL,0102d400_01d41a00
190731071712,TAG_DEPARTED_B,0102d400
190731071712,TAG_ARRIVED_A,0102d400
190731071713,SOLO_FAIL,0102d400
190731071800,TAG_ARRIVED_B,0102d400
190731071801,SOLO_FAIL,0102d400
190731071801,TAG_DEPARTED_A,0102d400
190731071812,TAG_ARRIVED_A,01052500
190731071812,STARTCOOP_FAIL,0102d400_01052500
190731071845,ENDCOOP_FAIL,0102d400_01052500
190731071846,TAG_DEPARTED_B,0102d400
190731071846,TAG_ARRIVED_B,0102d400
190731071847,STARTCOOP_FAIL,01052500_0102d400
190731071926,ENDCOOP_FAIL,0102d400_01052500
190731071926,TAG_DEPARTED_B,0102d400
190731071926,TAG_ARRIVED_A,0102d400
190731071927,SOLO_FAIL,0102d400
190731071945,TAG_ARRIVED_B,0102d400
190731071946,SOLO_FAIL,0102d400
190731071946,TAG_DEPARTED_A,0102d400
190731071957,ENDCOOP_FAIL,0102d400_
190731071957,TAG_DEPARTED_B,0102d400
190731071958,TAG_ARRIVED_B,0102d400
190731071959,SOLO_FAIL,0102d400
190731072003,TAG_ARRIVED_A,01052500
190731072003,STARTCOOP_FAIL,0102d400_01052500
190731072014,ENDCOOP_FAIL,0102d400_01052500
190731072015,TAG_DEPARTED_B,0102d400
190731072015,TAG_ARRIVED_B,0102d400
190731072016,STARTCOOP_FAIL,01052500_0102d400
190731072016,TAG_DEPARTED_A,01052500
190731072017,TAG_ARRIVED_A,01052500
190731072017,STARTCOOP_FAIL,0102d400_01052500
190731072020,TAG_DEPARTED_A,01052500
190731072021,ENDCOOP_FAIL,0102d400_
190731072021,TAG_DEPARTED_B,0102d400
190731072022,TAG_ARRIVED_A,01052500
190731072022,SOLO_FAIL,01052500
190731072022,TAG_ARRIVED_B,0102d400
190731072023,STARTCOOP_FAIL,01052500_0102d400
190731072025,TAG_DEPARTED_A,01052500
190731072035,TAG_ARRIVED_A,0102d400
190731072036,SOLO_FAIL,0102d400
190731072036,ENDCOOP_FAIL,0102d400_0102d400
190731072036,TAG_DEPARTED_B,0102d400
190731072040,TAG_ARRIVED_B,01d41a00
190731072041,STARTCOOP_FAIL,0102d400_01d41a00
190731072052,ENDCOOP_FAIL,01d41a00_0102d400
190731072052,TAG_DEPARTED_B,01d41a00
190731072057,TAG_ARRIVED_B,01025600
190731072058,TAG_MISSING_B,01025600
190731072058,SOLO_FAIL,01025600
190731072059,ENDCOOP_FAIL,01025600_0102d400
190731072059,TAG_DEPARTED_B,01025600
190731072059,TAG_ARRIVED_B,01025600
190731072101,TAG_MISSING_B,01025600
190731072101,SOLO_FAIL,01025600
190731072101,ENDCOOP_FAIL,01025600_0102d400
190731072102,TAG_DEPARTED_B,01025600
190731072102,TAG_DEPARTED_A,0102d400
190731072103,TAG_ARRIVED_B,01025600
190731072104,TAG_MISSING_B,01025600
190731072104,SOLO_FAIL,01025600
190731072105,TAG_ARRIVED_B,56130e00
190731072107,TAG_MISSING_B,56130e00
190731072107,SOLO_FAIL,56130e00
190731072107,TAG_ARRIVED_B,01025600
190731072109,TAG_MISSING_B,01025600
190731072109,SOLO_FAIL,01025600
190731072109,TAG_ARRIVED_A,01020f00
190731072110,SOLO_FAIL,01020f00
190731072110,TAG_DEPARTED_A,01020f00
190731072110,TAG_ARRIVED_A,01020f00
190731072111,SOLO_FAIL,01020f00
190731072118,ENDCOOP_FAIL,01025600_01020f00
190731072119,TAG_DEPARTED_B,01025600
190731072121,TAG_ARRIVED_B,01025600
190731072122,TAG_MISSING_B,01025600
190731072123,SOLO_FAIL,01025600
190731072123,ENDCOOP_FAIL,01025600_01020f00
190731072123,TAG_DEPARTED_B,01025600
190731072126,TAG_ARRIVED_B,01025600
190731072128,TAG_MISSING_B,01025600
190731072128,SOLO_FAIL,01025600
190731072128,ENDCOOP_FAIL,01025600_01020f00
190731072129,TAG_DEPARTED_B,01025600
190731072151,TAG_ARRIVED_B,01052500
190731072152,STARTCOOP_SUCCESS,01020f00_01052500
190731072154,ENDCOOP_SUCCESS,01052500_01020f00
190731072154,TAG_DEPARTED_B,01052500
190731072155,TAG_DEPARTED_A,01020f00
190731072231,TAG_ARRIVED_A,01025600
190731072233,TAG_MISSING_A,01025600
190731072233,SOLO_FAIL,01025600
190731072233,TAG_DEPARTED_A,01025600
190731072234,TAG_ARRIVED_B,01025600
190731072235,TAG_MISSING_B,01025600
190731072235,SOLO_FAIL,01025600
190731072238,ENDCOOP_FAIL,01025600_
190731072239,TAG_DEPARTED_B,01025600
190731072241,LOCKOUT_ENDED,
190731072243,TAG_ARRIVED_A,01052500
190731072243,SOLO_SUCCESS,01052500
190731072246,TAG_DEPARTED_A,01052500
190731072248,TAG_ARRIVED_B,01025600
190731072249,TAG_MISSING_B,01025600
190731072250,SOLO_SUCCESS,01025600
190731072250,TAG_DEPARTED_B,01025600
190731072250,TAG_ARRIVED_B,01025600
190731072252,TAG_MISSING_B,01025600
190731072252,SOLO_SUCCESS,01025600
190731072312,TAG_ARRIVED_A,01052500
190731072312,SOLO_SUCCESS,01052500
190731072315,TAG_DEPARTED_B,01025600
190731072400,TAG_DEPARTED_A,01052500
190731072430,TAG_ARRIVED_A,01052500
190731072430,SOLO_SUCCESS,01052500
190731072434,TAG_DEPARTED_A,01052500
190731072435,TAG_ARRIVED_A,0101bb00
190731072435,SOLO_SUCCESS,0101bb00
190731072436,TAG_DEPARTED_A,0101bb00
190731072437,TAG_ARRIVED_A,0101bb00
190731072438,SOLO_SUCCESS,0101bb00
190731072450,TAG_DEPARTED_A,0101bb00
190731072508,TAG_ARRIVED_B,01d41a00
190731072508,SOLO_SUCCESS,01d41a00
190731072514,TAG_DEPARTED_B,01d41a00
190731072515,TAG_ARRIVED_B,01d41a00
190731072515,SOLO_SUCCESS,01d41a00
190731072517,TAG_DEPARTED_B,01d41a00
190731072518,TAG_ARRIVED_B,01d41a00
190731072518,SOLO_SUCCESS,01d41a00
190731072521,TAG_DEPARTED_B,01d41a00
190731072524,TAG_ARRIVED_B,01d41a00
190731072524,SOLO_SUCCESS,01d41a00
190731072533,TAG_DEPARTED_B,01d41a00
190731072540,TAG_ARRIVED_B,01d41a00
190731072540,SOLO_SUCCESS,01d41a00
190731072543,TAG_DEPARTED_B,01d41a00
190731072543,TAG_ARRIVED_B,01d41a00
190731072543,SOLO_SUCCESS,01d41a00
190731072545,TAG_ARRIVED_A,0101bb00
190731072546,STARTCOOP_FAIL,01d41a00_0101bb00
190731072546,ENDCOOP_FAIL,01d41a00_0101bb00
190731072546,TAG_DEPARTED_B,01d41a00
190731072547,TAG_ARRIVED_B,01d41a00
190731072547,STARTCOOP_FAIL,0101bb00_01d41a00
190731072551,ENDCOOP_FAIL,01d41a00_0101bb00
190731072551,TAG_DEPARTED_B,01d41a00
190731072552,TAG_ARRIVED_B,01d41a00
190731072553,STARTCOOP_FAIL,0101bb00_01d41a00
190731072554,ENDCOOP_FAIL,01d41a00_0101bb00
190731072555,TAG_DEPARTED_B,01d41a00
190731072556,TAG_ARRIVED_B,01d41a00
190731072557,STARTCOOP_FAIL,0101bb00_01d41a00
190731072559,TAG_DEPARTED_A,0101bb00
190731072600,TAG_ARRIVED_A,0101bb00
190731072601,STARTCOOP_FAIL,01d41a00_0101bb00
190731072601,TAG_DEPARTED_A,0101bb00
190731072602,TAG_ARRIVED_A,0101bb00
190731072603,STARTCOOP_FAIL,01d41a00_0101bb00
190731072603,TAG_DEPARTED_A,0101bb00
190731072604,ENDCOOP_FAIL,01d41a00_
190731072604,TAG_DEPARTED_B,01d41a00
190731072803,LOCKOUT_ENDED,
190731073048,TAG_ARRIVED_A,0102b600
190731073049,SOLO_SUCCESS,0102b600
190731073050,TAG_DEPARTED_A,0102b600
190731073050,TAG_ARRIVED_A,0102b600
190731073051,SOLO_SUCCESS,0102b600
190731073100,TAG_DEPARTED_A,0102b600
190731073101,TAG_ARRIVED_A,0102b600
190731073101,SOLO_SUCCESS,0102b600
190731073103,TAG_DEPARTED_A,0102b600
190731073106,TAG_ARRIVED_A,0102b600
190731073107,SOLO_SUCCESS,0102b600
190731073109,TAG_DEPARTED_A,0102b600
190731073110,TAG_ARRIVED_A,0102b600
190731073110,SOLO_SUCCESS,0102b600
190731073113,TAG_DEPARTED_A,0102b600
190731073114,TAG_ARRIVED_A,0102b600
190731073115,SOLO_SUCCESS,0102b600
190731073120,TAG_DEPARTED_A,0102b600
190731073127,TAG_ARRIVED_A,0102b600
190731073128,SOLO_SUCCESS,0102b600
190731073145,TAG_DEPARTED_A,0102b600
190731073146,TAG_ARRIVED_A,0102b600
190731073146,SOLO_SUCCESS,0102b600
190731073150,TAG_DEPARTED_A,0102b600
190731073151,TAG_ARRIVED_A,0102b600
190731073152,SOLO_SUCCESS,0102b600
190731073154,TAG_DEPARTED_A,0102b600
190731073156,TAG_ARRIVED_A,0102b600
190731073157,SOLO_SUCCESS,0102b600
190731073203,TAG_DEPARTED_A,0102b600
190731073204,TAG_ARRIVED_A,0102b600
190731073205,SOLO_SUCCESS,0102b600
190731073207,TAG_DEPARTED_A,0102b600
190731073208,TAG_ARRIVED_A,0102b600
190731073208,SOLO_SUCCESS,0102b600
190731073211,TAG_DEPARTED_A,0102b600
190731073214,TAG_ARRIVED_A,0102b600
190731073215,SOLO_SUCCESS,0102b600
190731073220,TAG_ARRIVED_A,01037b00
190731073221,SOLO_SUCCESS,01037b00
190731073223,TAG_ARRIVED_B,01e01400
190731073224,STARTCOOP_SUCCESS,01037b00_01e01400
190731073225,TAG_DEPARTED_A,01037b00
190731073227,TAG_ARRIVED_A,01037b00
190731073228,STARTCOOP_SUCCESS,01e01400_01037b00
190731073229,ENDCOOP_SUCCESS,01e01400_01037b00
190731073229,TAG_DEPARTED_B,01e01400
190731073246,TAG_ARRIVED_B,01e01400
190731073247,STARTCOOP_SUCCESS,01037b00_01e01400
190731073248,TAG_ARRIVED_A,0102d400
190731073249,STARTCOOP_SUCCESS,01e01400_0102d400
190731073249,TAG_DEPARTED_A,0102d400
190731073249,TAG_ARRIVED_A,0102d400
190731073250,STARTCOOP_SUCCESS,01e01400_0102d400
190731073255,ENDCOOP_SUCCESS,01e01400_0102d400
190731073256,TAG_DEPARTED_B,01e01400
190731073320,TAG_DEPARTED_A,0102d400
190731073325,TAG_ARRIVED_A,0102d400
190731073326,SOLO_SUCCESS,0102d400
190731073347,TAG_ARRIVED_B,0102d400
190731073348,SOLO_SUCCESS,0102d400
190731073348,TAG_DEPARTED_A,0102d400
190731073458,TAG_DEPARTED_B,0102d400
190731073458,TAG_ARRIVED_A,0102d400
190731073459,SOLO_SUCCESS,0102d400
190731073500,TAG_DEPARTED_A,0102d400
190731073502,TAG_ARRIVED_A,0102d400
190731073503,SOLO_SUCCESS,0102d400
190731073517,TAG_ARRIVED_B,0102d400
190731073518,SOLO_SUCCESS,0102d400
190731073518,TAG_DEPARTED_A,0102d400
190731073553,TAG_DEPARTED_B,0102d400
190731073556,TAG_ARRIVED_B,0102d400
190731073557,SOLO_SUCCESS,0102d400
190731073602,TAG_DEPARTED_B,0102d400
190731073603,TAG_ARRIVED_B,0102d400
190731073604,SOLO_SUCCESS,0102d400
190731073609,TAG_DEPARTED_B,0102d400
190731073610,TAG_ARRIVED_B,0102d400
190731073611,SOLO_SUCCESS,0102d400
190731073613,TAG_DEPARTED_B,0102d400
190731073616,TAG_ARRIVED_B,0102d400
190731073617,SOLO_SUCCESS,0102d400
190731073632,TAG_DEPARTED_B,0102d400
190731073638,TAG_ARRIVED_A,01e01400
190731073639,SOLO_SUCCESS,01e01400
190731073643,TAG_DEPARTED_A,01e01400
190731073644,TAG_ARRIVED_B,01e01400
190731073645,SOLO_SUCCESS,01e01400
190731073646,TAG_DEPARTED_B,01e01400
190731073718,TAG_ARRIVED_A,01036a00
190731073718,SOLO_SUCCESS,01036a00
190731073720,TAG_ARRIVED_B,0101bb00
190731073721,STARTCOOP_FAIL,01036a00_0101bb00
190731073722,ENDCOOP_FAIL,0101bb00_01036a00
190731073722,TAG_DEPARTED_B,0101bb00
190731073728,TAG_ARRIVED_B,01037b00
190731073729,STARTCOOP_FAIL,01036a00_01037b00
190731073730,ENDCOOP_FAIL,01037b00_01036a00
190731073730,TAG_DEPARTED_B,01037b00
190731073730,TAG_ARRIVED_B,01037b00
190731073731,STARTCOOP_FAIL,01036a00_01037b00
190731073732,ENDCOOP_FAIL,01037b00_01036a00
190731073732,TAG_DEPARTED_B,01037b00
190731073734,TAG_DEPARTED_A,01036a00
190731073925,TAG_ARRIVED_A,0101bb00
190731073925,SOLO_FAIL,0101bb00
190731073930,TAG_DEPARTED_A,0101bb00
190731073932,LOCKOUT_ENDED,
190731073934,TAG_ARRIVED_B,0104d700
190731073934,SOLO_SUCCESS,0104d700
190731074021,TAG_DEPARTED_B,0104d700
190731074022,TAG_ARRIVED_B,0104d700
190731074022,SOLO_SUCCESS,0104d700
190731074023,TAG_ARRIVED_A,0101bb00
190731074024,STARTCOOP_FAIL,0104d700_0101bb00
190731074025,TAG_DEPARTED_A,0101bb00
190731074025,TAG_ARRIVED_A,0101bb00
190731074026,STARTCOOP_FAIL,0104d700_0101bb00
190731074027,TAG_DEPARTED_A,0101bb00
190731074027,TAG_ARRIVED_A,0101bb00
190731074028,STARTCOOP_FAIL,0104d700_0101bb00
190731074042,TAG_ARRIVED_A,0104d700
190731074043,SOLO_FAIL,0104d700
190731074043,ENDCOOP_FAIL,0104d700_0104d700
190731074044,TAG_DEPARTED_B,0104d700
190731074110,TAG_ARRIVED_A,0101bb00
190731074111,SOLO_FAIL,0101bb00
190731074113,TAG_ARRIVED_B,0101bb00
190731074114,SOLO_FAIL,0101bb00
190731074114,TAG_DEPARTED_A,0101bb00
190731074119,TAG_ARRIVED_A,0104d700
190731074119,STARTCOOP_FAIL,0101bb00_0104d700
190731074121,ENDCOOP_FAIL,0101bb00_0104d700
190731074122,TAG_DEPARTED_B,0101bb00
190731074137,TAG_DEPARTED_A,0104d700
190731074137,TAG_ARRIVED_A,0104d700
190731074138,SOLO_FAIL,0104d700
190731074138,TAG_ARRIVED_A,0101bb00
190731074139,SOLO_FAIL,0101bb00
190731074140,TAG_ARRIVED_B,0104d700
190731074140,STARTCOOP_FAIL,0101bb00_0104d700
190731074141,ENDCOOP_FAIL,0104d700_0101bb00
190731074141,TAG_DEPARTED_B,0104d700
190731074141,TAG_ARRIVED_B,0104d700
190731074142,STARTCOOP_FAIL,0101bb00_0104d700
190731074143,TAG_DEPARTED_A,0101bb00
190731074143,TAG_ARRIVED_A,0101bb00
190731074144,STARTCOOP_FAIL,0104d700_0101bb00
190731074153,TAG_DEPARTED_A,0101bb00
190731074154,ENDCOOP_FAIL,0104d700_
190731074154,TAG_DEPARTED_B,0104d700
190731074157,TAG_ARRIVED_B,0104d700
190731074157,SOLO_FAIL,0104d700
190731074200,ENDCOOP_FAIL,0104d700_
190731074200,TAG_DEPARTED_B,0104d700
190731074200,TAG_ARRIVED_B,0104d700
190731074201,SOLO_FAIL,0104d700
190731074202,ENDCOOP_FAIL,0104d700_
190731074202,TAG_DEPARTED_B,0104d700
190731074203,TAG_ARRIVED_B,0104d700
190731074203,SOLO_FAIL,0104d700
190731074205,ENDCOOP_FAIL,0104d700_
190731074205,TAG_DEPARTED_B,0104d700
190731074207,TAG_ARRIVED_B,0104d700
190731074207,SOLO_FAIL,0104d700
190731074211,ENDCOOP_FAIL,0104d700_
190731074211,TAG_DEPARTED_B,0104d700
190731074229,TAG_ARRIVED_B,0104d700
190731074230,SOLO_FAIL,0104d700
190731074247,ENDCOOP_FAIL,0104d700_
190731074247,TAG_DEPARTED_B,0104d700
190731074344,LOCKOUT_ENDED,
190731074944,TAG_ARRIVED_B,01a94200
190731074944,SOLO_SUCCESS,01a94200
190731074949,TAG_DEPARTED_B,01a94200
190731074950,TAG_ARRIVED_B,01a94200
190731074951,SOLO_SUCCESS,01a94200
190731075002,TAG_ARRIVED_A,0102d400
190731075003,STARTCOOP_SUCCESS,01a94200_0102d400
190731075009,ENDCOOP_SUCCESS,01a94200_0102d400
190731075009,TAG_DEPARTED_B,01a94200
190731075024,TAG_ARRIVED_B,01e01400
190731075025,STARTCOOP_SUCCESS,0102d400_01e01400
190731075028,ENDCOOP_SUCCESS,01e01400_0102d400
190731075028,TAG_DEPARTED_B,01e01400
190731075029,TAG_DEPARTED_A,0102d400
190731075029,TAG_ARRIVED_A,0102d400
190731075030,SOLO_SUCCESS,0102d400
190731075031,TAG_DEPARTED_A,0102d400
190731075031,TAG_ARRIVED_A,0102d400
190731075032,SOLO_SUCCESS,0102d400
190731075033,TAG_DEPARTED_A,0102d400
190731075037,TAG_ARRIVED_A,0102d400
190731075038,SOLO_SUCCESS,0102d400
190731075039,TAG_DEPARTED_A,0102d400
190731075039,TAG_ARRIVED_A,0102d400
190731075040,SOLO_SUCCESS,0102d400
190731075045,TAG_DEPARTED_A,0102d400
190731075046,TAG_ARRIVED_A,0102d400
190731075047,SOLO_SUCCESS,0102d400
190731075047,TAG_ARRIVED_B,01e01400
190731075048,STARTCOOP_SUCCESS,0102d400_01e01400
190731075048,ENDCOOP_SUCCESS,01e01400_0102d400
190731075049,TAG_DEPARTED_B,01e01400
190731075055,TAG_DEPARTED_A,0102d400
190731075057,TAG_ARRIVED_A,0102d400
190731075058,SOLO_SUCCESS,0102d400
190731075109,TAG_ARRIVED_B,01e01400
190731075110,STARTCOOP_SUCCESS,0102d400_01e01400
190731075112,ENDCOOP_SUCCESS,01e01400_0102d400
190731075112,TAG_DEPARTED_B,01e01400
190731075127,TAG_ARRIVED_B,01e01400
190731075128,STARTCOOP_SUCCESS,0102d400_01e01400
190731075146,ENDCOOP_SUCCESS,01e01400_0102d400
190731075146,TAG_DEPARTED_B,01e01400
190731075148,TAG_ARRIVED_B,01e01400
190731075150,STARTCOOP_SUCCESS,0102d400_01e01400
190731075150,ENDCOOP_SUCCESS,01e01400_0102d400
190731075151,TAG_DEPARTED_B,01e01400
190731075155,TAG_DEPARTED_A,0102d400
190731075156,TAG_ARRIVED_A,0102d400
190731075157,SOLO_SUCCESS,0102d400
190731075206,TAG_ARRIVED_B,01e01400
190731075207,STARTCOOP_SUCCESS,0102d400_01e01400
190731075210,ENDCOOP_SUCCESS,01e01400_0102d400
190731075210,TAG_DEPARTED_B,01e01400
190731075217,TAG_ARRIVED_B,01e01400
190731075219,STARTCOOP_SUCCESS,0102d400_01e01400
190731075219,ENDCOOP_SUCCESS,01e01400_0102d400
190731075220,TAG_DEPARTED_B,01e01400
190731075226,TAG_ARRIVED_B,01e01400
190731075227,STARTCOOP_SUCCESS,0102d400_01e01400
190731075229,ENDCOOP_SUCCESS,01e01400_0102d400
190731075230,TAG_DEPARTED_B,01e01400
190731075246,TAG_ARRIVED_B,01e01400
190731075247,STARTCOOP_SUCCESS,0102d400_01e01400
190731075250,ENDCOOP_SUCCESS,01e01400_0102d400
190731075250,TAG_DEPARTED_B,01e01400
190731075255,TAG_ARRIVED_B,01e01400
190731075256,STARTCOOP_SUCCESS,0102d400_01e01400
190731075257,ENDCOOP_SUCCESS,01e01400_0102d400
190731075257,TAG_DEPARTED_B,01e01400
190731075258,TAG_ARRIVED_B,01e01400
190731075259,STARTCOOP_SUCCESS,0102d400_01e01400
190731075300,ENDCOOP_SUCCESS,01e01400_0102d400
190731075300,TAG_DEPARTED_B,01e01400
190731075304,TAG_ARRIVED_B,01e01400
190731075305,STARTCOOP_SUCCESS,0102d400_01e01400
190731075306,ENDCOOP_SUCCESS,01e01400_0102d400
190731075306,TAG_DEPARTED_B,01e01400
190731075310,TAG_ARRIVED_B,01e01400
190731075311,STARTCOOP_SUCCESS,0102d400_01e01400
190731075317,ENDCOOP_SUCCESS,01e01400_0102d400
190731075317,TAG_DEPARTED_B,01e01400
190731075325,TAG_ARRIVED_B,01e01400
190731075326,STARTCOOP_SUCCESS,0102d400_01e01400
190731075327,ENDCOOP_SUCCESS,01e01400_0102d400
190731075327,TAG_DEPARTED_B,01e01400
190731075328,TAG_ARRIVED_B,01e01400
190731075329,STARTCOOP_SUCCESS,0102d400_01e01400
190731075329,TAG_DEPARTED_A,0102d400
190731075329,TAG_ARRIVED_A,0102d400
190731075330,STARTCOOP_SUCCESS,01e01400_0102d400
190731075331,ENDCOOP_SUCCESS,01e01400_0102d400
190731075331,TAG_DEPARTED_B,01e01400
190731075334,TAG_ARRIVED_B,01e01400
190731075335,STARTCOOP_SUCCESS,0102d400_01e01400
190731075336,ENDCOOP_SUCCESS,01e01400_0102d400
190731075337,TAG_DEPARTED_B,01e01400
190731075344,TAG_ARRIVED_B,01e01400
190731075345,STARTCOOP_SUCCESS,0102d400_01e01400
190731075348,ENDCOOP_SUCCESS,01e01400_0102d400
190731075348,TAG_DEPARTED_B,01e01400
190731075349,TAG_ARRIVED_B,01e01400
190731075350,STARTCOOP_SUCCESS,0102d400_01e01400
190731075351,ENDCOOP_SUCCESS,01e01400_0102d400
190731075351,TAG_DEPARTED_B,01e01400
190731075352,TAG_ARRIVED_B,01e01400
190731075353,STARTCOOP_SUCCESS,0102d400_01e01400
190731075354,ENDCOOP_SUCCESS,01e01400_0102d400
190731075355,TAG_DEPARTED_B,01e01400
190731075357,TAG_ARRIVED_B,01e01400
190731075358,STARTCOOP_SUCCESS,0102d400_01e01400
190731075359,ENDCOOP_SUCCESS,01e01400_0102d400
190731075359,TAG_DEPARTED_B,01e01400
190731075401,TAG_ARRIVED_B,01e01400
190731075402,STARTCOOP_SUCCESS,0102d400_01e01400
190731075403,ENDCOOP_SUCCESS,01e01400_0102d400
190731075403,TAG_DEPARTED_B,01e01400
190731075404,TAG_ARRIVED_B,01e01400
190731075405,STARTCOOP_SUCCESS,0102d400_01e01400
190731075405,TAG_DEPARTED_A,0102d400
190731075405,TAG_ARRIVED_A,0102d400
190731075406,STARTCOOP_SUCCESS,01e01400_0102d400
190731075407,ENDCOOP_SUCCESS,01e01400_0102d400
190731075407,TAG_DEPARTED_B,01e01400
190731075407,TAG_ARRIVED_B,01e01400
190731075408,STARTCOOP_SUCCESS,0102d400_01e01400
190731075409,TAG_DEPARTED_A,0102d400
190731075409,TAG_ARRIVED_A,0102d400
190731075410,STARTCOOP_SUCCESS,01e01400_0102d400
190731075411,ENDCOOP_SUCCESS,01e01400_0102d400
190731075411,TAG_DEPARTED_B,01e01400
190731075419,TAG_ARRIVED_B,01e01400
190731075420,STARTCOOP_SUCCESS,0102d400_01e01400
190731075424,ENDCOOP_SUCCESS,01e01400_0102d400
190731075425,TAG_DEPARTED_B,01e01400
190731075427,TAG_ARRIVED_B,01e01400
190731075428,STARTCOOP_SUCCESS,0102d400_01e01400
190731075433,ENDCOOP_SUCCESS,01e01400_0102d400
190731075433,TAG_DEPARTED_B,01e01400
190731075446,TAG_ARRIVED_B,01e01400
190731075447,STARTCOOP_SUCCESS,0102d400_01e01400
190731075454,ENDCOOP_SUCCESS,01e01400_0102d400
190731075454,TAG_DEPARTED_B,01e01400
190731075455,TAG_ARRIVED_B,01e01400
190731075456,STARTCOOP_SUCCESS,0102d400_01e01400
190731075457,ENDCOOP_SUCCESS,01e01400_0102d400
190731075457,TAG_DEPARTED_B,01e01400
190731075515,TAG_ARRIVED_B,01e01400
190731075516,STARTCOOP_SUCCESS,0102d400_01e01400
190731075520,TAG_ARRIVED_A,01e01400
190731075521,SOLO_SUCCESS,01e01400
190731075521,TAG_DEPARTED_B,01e01400
190731075528,TAG_ARRIVED_B,0102d400
190731075529,STARTCOOP_SUCCESS,01e01400_0102d400
190731075535,TAG_DEPARTED_A,01e01400
190731075542,TAG_ARRIVED_A,01e01400
190731075543,STARTCOOP_SUCCESS,0102d400_01e01400
190731075544,TAG_DEPARTED_A,01e01400
190731075553,TAG_ARRIVED_A,01e01400
190731075554,STARTCOOP_SUCCESS,0102d400_01e01400
190731075633,TAG_DEPARTED_A,01e01400
190731075633,TAG_ARRIVED_A,01e01400
190731075634,STARTCOOP_SUCCESS,0102d400_01e01400
190731075635,TAG_DEPARTED_A,01e01400
190731075706,TAG_ARRIVED_A,01e01400
190731075707,STARTCOOP_SUCCESS,0102d400_01e01400
190731075707,ENDCOOP_SUCCESS,0102d400_01e01400
190731075707,TAG_DEPARTED_B,0102d400
190731075711,TAG_ARRIVED_B,0102d400
190731075712,STARTCOOP_SUCCESS,01e01400_0102d400
190731075712,TAG_DEPARTED_A,01e01400
190731075717,TAG_ARRIVED_A,01e01400
190731075718,STARTCOOP_SUCCESS,0102d400_01e01400
190731075731,ENDCOOP_SUCCESS,0102d400_01e01400
190731075731,TAG_DEPARTED_B,0102d400
190731075732,TAG_ARRIVED_B,0102d400
190731075733,STARTCOOP_SUCCESS,01e01400_0102d400
190731075733,TAG_DEPARTED_A,01e01400
190731075734,TAG_ARRIVED_A,01e01400
190731075735,STARTCOOP_SUCCESS,0102d400_01e01400
190731075745,ENDCOOP_SUCCESS,0102d400_01e01400
190731075745,TAG_DEPARTED_B,0102d400
190731075745,TAG_ARRIVED_B,0102d400
190731075746,STARTCOOP_SUCCESS,01e01400_0102d400
190731075747,ENDCOOP_SUCCESS,0102d400_01e01400
190731075747,TAG_DEPARTED_B,0102d400
190731075747,TAG_ARRIVED_B,0102d400
190731075748,STARTCOOP_SUCCESS,01e01400_0102d400
190731075748,TAG_DEPARTED_A,01e01400
190731075749,TAG_ARRIVED_A,01e01400
190731075750,STARTCOOP_SUCCESS,0102d400_01e01400
190731075750,TAG_DEPARTED_A,01e01400
190731075751,TAG_ARRIVED_A,01e01400
190731075752,STARTCOOP_SUCCESS,0102d400_01e01400
190731075753,TAG_DEPARTED_A,01e01400
190731075753,TAG_ARRIVED_A,01e01400
190731075754,STARTCOOP_SUCCESS,0102d400_01e01400
190731075755,TAG_DEPARTED_A,01e01400
190731075755,TAG_ARRIVED_A,01e01400
190731075756,STARTCOOP_SUCCESS,0102d400_01e01400
190731075757,TAG_DEPARTED_A,01e01400
190731075757,TAG_ARRIVED_A,01e01400
190731075758,STARTCOOP_SUCCESS,0102d400_01e01400
190731075759,TAG_DEPARTED_A,01e01400
190731075822,TAG_DEPARTED_B,0102d400
190731080054,TAG_ARRIVED_B,01037b00
190731080055,SOLO_SUCCESS,01037b00
190731080056,TAG_DEPARTED_B,01037b00
190731080110,TAG_ARRIVED_A,01037b00
190731080111,SOLO_SUCCESS,01037b00
190731080114,TAG_DEPARTED_A,01037b00
190731080115,TAG_ARRIVED_A,01036a00
190731080116,SOLO_SUCCESS,01036a00
190731080120,TAG_ARRIVED_B,01036a00
190731080121,SOLO_SUCCESS,01036a00
190731080121,TAG_DEPARTED_A,01036a00
190731080125,TAG_DEPARTED_B,01036a00
190731080138,TAG_ARRIVED_A,01036a00
190731080139,SOLO_SUCCESS,01036a00
190731080141,TAG_ARRIVED_B,01037b00
190731080143,STARTCOOP_FAIL,01036a00_01037b00
190731080143,ENDCOOP_FAIL,01037b00_01036a00
190731080144,TAG_DEPARTED_B,01037b00
190731080151,TAG_ARRIVED_B,01036a00
190731080151,SOLO_FAIL,01036a00
190731080151,TAG_DEPARTED_A,01036a00
190731080155,ENDCOOP_FAIL,01036a00_
190731080155,TAG_DEPARTED_B,01036a00
190731080210,TAG_ARRIVED_A,01036a00
190731080210,SOLO_FAIL,01036a00
190731080221,TAG_ARRIVED_B,01036a00
190731080221,SOLO_FAIL,01036a00
190731080222,TAG_DEPARTED_A,01036a00
190731080225,ENDCOOP_FAIL,01036a00_
190731080225,TAG_DEPARTED_B,01036a00
190731080227,TAG_ARRIVED_A,01037b00
190731080228,SOLO_FAIL,01037b00
190731080230,TAG_DEPARTED_A,01037b00
190731080231,TAG_ARRIVED_A,01037b00
190731080232,SOLO_FAIL,01037b00
190731080233,TAG_DEPARTED_A,01037b00
190731080235,TAG_ARRIVED_A,01037b00
190731080236,SOLO_FAIL,01037b00
190731080240,TAG_DEPARTED_A,01037b00
190731080250,TAG_ARRIVED_A,01037b00
190731080251,SOLO_FAIL,01037b00
190731080252,TAG_DEPARTED_A,01037b00
190731080253,TAG_ARRIVED_B,01037b00
190731080254,SOLO_FAIL,01037b00
190731080257,TAG_ARRIVED_A,01037b00
190731080258,SOLO_FAIL,01037b00
190731080258,ENDCOOP_FAIL,01037b00_01037b00
190731080259,TAG_DEPARTED_B,01037b00
190731080300,TAG_DEPARTED_A,01037b00
190731080310,TAG_ARRIVED_A,01037b00
190731080311,SOLO_FAIL,01037b00
190731080316,TAG_ARRIVED_B,01037b00
190731080317,SOLO_FAIL,01037b00
190731080317,TAG_DEPARTED_A,01037b00
190731080322,ENDCOOP_FAIL,01037b00_
190731080322,TAG_DEPARTED_B,01037b00
190731080323,TAG_ARRIVED_A,01037b00
190731080324,SOLO_FAIL,01037b00
190731080325,TAG_DEPARTED_A,01037b00
190731080330,TAG_ARRIVED_B,01036a00
190731080331,SOLO_FAIL,01036a00
190731080335,TAG_ARRIVED_B,01026c00
190731080336,SOLO_FAIL,01026c00
190731080337,ENDCOOP_FAIL,01026c00_
190731080338,TAG_DEPARTED_B,01026c00
190731080339,TAG_ARRIVED_A,01026c00
190731080340,SOLO_FAIL,01026c00
190731080341,TAG_ARRIVED_A,136c0100
190731080342,TAG_MISSING_A,136c0100
190731080342,SOLO_FAIL,136c0100
190731080343,LOCKOUT_ENDED,
190731080343,TAG_DEPARTED_A,136c0100
190731080344,TAG_ARRIVED_A,01026c00
190731080345,SOLO_SUCCESS,01026c00
190731080346,TAG_ARRIVED_B,01037b00
190731080347,STARTCOOP_SUCCESS,01026c00_01037b00
190731080349,ENDCOOP_SUCCESS,01037b00_01026c00
190731080349,TAG_DEPARTED_B,01037b00
190731080350,TAG_ARRIVED_B,01037b00
190731080351,STARTCOOP_SUCCESS,01026c00_01037b00
190731080352,ENDCOOP_SUCCESS,01037b00_01026c00
190731080352,TAG_DEPARTED_B,01037b00
190731080352,TAG_ARRIVED_B,01037b00
190731080354,STARTCOOP_SUCCESS,01026c00_01037b00
190731080354,ENDCOOP_SUCCESS,01037b00_01026c00
190731080354,TAG_DEPARTED_B,01037b00
190731080355,TAG_DEPARTED_A,01026c00
190731080357,TAG_ARRIVED_B,01026c00
190731080358,SOLO_SUCCESS,01026c00
190731080359,TAG_ARRIVED_A,01037b00
190731080400,STARTCOOP_SUCCESS,01026c00_01037b00
190731080400,ENDCOOP_SUCCESS,01026c00_01037b00
190731080401,TAG_DEPARTED_B,01026c00
190731080404,TAG_ARRIVED_B,01026c00
190731080406,STARTCOOP_SUCCESS,01037b00_01026c00
190731080406,TAG_DEPARTED_A,01037b00
190731080406,TAG_ARRIVED_A,01037b00
190731080407,STARTCOOP_SUCCESS,01026c00_01037b00
190731080408,TAG_ARRIVED_A,01026c00
190731080409,SOLO_SUCCESS,01026c00
190731080409,TAG_DEPARTED_B,01026c00
190731080413,TAG_DEPARTED_A,01026c00
190731080414,TAG_ARRIVED_B,01026c00
190731080415,SOLO_SUCCESS,01026c00
190731080421,TAG_DEPARTED_B,01026c00
190731080422,TAG_ARRIVED_B,01026c00
190731080423,SOLO_SUCCESS,01026c00
190731080439,TAG_DEPARTED_B,01026c00
190731080440,TAG_ARRIVED_B,01026c00
190731080441,SOLO_SUCCESS,01026c00
190731080451,TAG_ARRIVED_A,01026c00
190731080452,SOLO_SUCCESS,01026c00
190731080452,TAG_DEPARTED_B,01026c00
190731080453,TAG_DEPARTED_A,01026c00
190731080458,TAG_ARRIVED_A,01026c00
190731080459,SOLO_SUCCESS,01026c00
190731080500,TAG_ARRIVED_A,136c0100
190731080502,TAG_MISSING_A,136c0100
190731080502,SOLO_SUCCESS,136c0100
190731080502,TAG_ARRIVED_A,01026c00
190731080503,SOLO_SUCCESS,01026c00
190731080508,TAG_DEPARTED_A,01026c00
190731080509,TAG_ARRIVED_B,01037b00
190731080510,SOLO_SUCCESS,01037b00
190731080511,TAG_ARRIVED_A,01026c00
190731080512,STARTCOOP_SUCCESS,01037b00_01026c00
190731080513,TAG_DEPARTED_A,01026c00
190731080513,ENDCOOP_SUCCESS,01037b00_
190731080513,TAG_DEPARTED_B,01037b00
190731080514,TAG_ARRIVED_B,01037b00
190731080515,SOLO_SUCCESS,01037b00
190731080515,TAG_ARRIVED_A,01026c00
190731080516,STARTCOOP_SUCCESS,01037b00_01026c00
190731080517,ENDCOOP_SUCCESS,01037b00_01026c00
190731080517,TAG_DEPARTED_B,01037b00
190731080521,TAG_DEPARTED_A,01026c00
190731080521,TAG_ARRIVED_A,01026c00
190731080522,SOLO_SUCCESS,01026c00
190731080523,TAG_DEPARTED_A,01026c00
190731080524,TAG_ARRIVED_B,01026c00
190731080525,SOLO_SUCCESS,01026c00
190731080527,TAG_ARRIVED_A,01037b00
190731080528,STARTCOOP_SUCCESS,01026c00_01037b00
190731080529,ENDCOOP_SUCCESS,01026c00_01037b00
190731080529,TAG_DEPARTED_B,01026c00
190731080532,TAG_ARRIVED_B,01026c00
190731080533,STARTCOOP_SUCCESS,01037b00_01026c00
190731080534,ENDCOOP_SUCCESS,01026c00_01037b00
190731080534,TAG_DEPARTED_B,01026c00
190731080537,TAG_DEPARTED_A,01037b00
190731080539,TAG_ARRIVED_A,01037b00
190731080540,SOLO_SUCCESS,01037b00
190731080546,TAG_ARRIVED_B,01026c00
190731080547,STARTCOOP_SUCCESS,01037b00_01026c00
190731080550,TAG_DEPARTED_A,01037b00
190731080550,ENDCOOP_SUCCESS,01026c00_
190731080550,TAG_DEPARTED_B,01026c00
190731080559,TAG_ARRIVED_A,01037b00
190731080600,SOLO_SUCCESS,01037b00
190731080603,TAG_DEPARTED_A,01037b00
190731080603,TAG_ARRIVED_A,01037b00
190731080604,SOLO_SUCCESS,01037b00
190731080605,TAG_ARRIVED_B,01026c00
190731080606,STARTCOOP_SUCCESS,01037b00_01026c00
190731080606,TAG_DEPARTED_A,01037b00
190731080607,TAG_ARRIVED_A,01037b00
190731080608,STARTCOOP_SUCCESS,01026c00_01037b00
190731080609,TAG_DEPARTED_A,01037b00
190731080615,ENDCOOP_SUCCESS,01026c00_
190731080615,TAG_DEPARTED_B,01026c00
190731080615,TAG_ARRIVED_B,01026c00
190731080616,SOLO_SUCCESS,01026c00
190731080617,TAG_DEPARTED_B,01026c00
190731080625,TAG_ARRIVED_A,01037b00
190731080626,SOLO_SUCCESS,01037b00
190731080627,TAG_ARRIVED_B,01026c00
190731080628,STARTCOOP_SUCCESS,01037b00_01026c00
190731080639,TAG_DEPARTED_A,01037b00
190731080640,ENDCOOP_SUCCESS,01026c00_
190731080640,TAG_DEPARTED_B,01026c00
190731080641,TAG_ARRIVED_A,01037b00
190731080642,SOLO_SUCCESS,01037b00
190731080646,TAG_ARRIVED_B,01026c00
190731080647,STARTCOOP_SUCCESS,01037b00_01026c00
190731080650,ENDCOOP_SUCCESS,01026c00_01037b00
190731080651,TAG_DEPARTED_B,01026c00
190731080700,TAG_ARRIVED_A,01036a00
190731080701,SOLO_SUCCESS,01036a00
190731080702,TAG_ARRIVED_B,01026c00
190731080703,STARTCOOP_FAIL,01036a00_01026c00
190731080703,TAG_ARRIVED_A,01026c00
190731080704,SOLO_FAIL,01026c00
190731080705,ENDCOOP_FAIL,01026c00_01026c00
190731080705,TAG_DEPARTED_B,01026c00
190731080705,TAG_DEPARTED_A,01026c00
190731080710,TAG_ARRIVED_A,01026c00
190731080711,SOLO_FAIL,01026c00
190731080714,TAG_ARRIVED_B,01026c00
190731080715,SOLO_FAIL,01026c00
190731080715,TAG_ARRIVED_A,01036a00
190731080716,STARTCOOP_FAIL,01026c00_01036a00
190731080716,TAG_DEPARTED_A,01036a00
190731080716,TAG_ARRIVED_A,01036a00
190731080717,STARTCOOP_FAIL,01026c00_01036a00
190731080718,TAG_DEPARTED_A,01036a00
190731080719,TAG_ARRIVED_A,01036a00
190731080719,STARTCOOP_FAIL,01026c00_01036a00
190731080723,ENDCOOP_FAIL,01026c00_01036a00
190731080723,TAG_DEPARTED_B,01026c00
190731080725,TAG_ARRIVED_A,01026c00
190731080726,SOLO_FAIL,01026c00
190731080728,TAG_DEPARTED_A,01026c00
190731080729,TAG_ARRIVED_B,6c130e00
190731080730,TAG_MISSING_B,6c130e00
190731080730,SOLO_FAIL,6c130e00
190731080731,TAG_ARRIVED_A,01026c00
190731080732,SOLO_FAIL,01026c00
190731080732,ENDCOOP_FAIL,6c130e00_01026c00
190731080732,TAG_DEPARTED_B,6c130e00
190731080733,TAG_ARRIVED_B,01a62600
190731080735,STARTCOOP_SUCCESS,01026c00_01a62600
190731080735,ENDCOOP_SUCCESS,01a62600_01026c00
190731080736,TAG_DEPARTED_B,01a62600
190731080737,TAG_ARRIVED_B,01a62600
190731080739,STARTCOOP_SUCCESS,01026c00_01a62600
190731080739,TAG_DEPARTED_A,01026c00
190731080740,TAG_ARRIVED_A,01026c00
190731080741,STARTCOOP_SUCCESS,01a62600_01026c00
190731080742,ENDCOOP_SUCCESS,01a62600_01026c00
190731080742,TAG_DEPARTED_B,01a62600
190731080743,TAG_ARRIVED_B,01a62600
190731080744,STARTCOOP_SUCCESS,01026c00_01a62600
190731080744,TAG_DEPARTED_A,01026c00
190731080745,TAG_ARRIVED_A,01026c00
190731080746,STARTCOOP_SUCCESS,01a62600_01026c00
190731080747,TAG_DEPARTED_A,01026c00
190731080747,TAG_ARRIVED_A,01026c00
190731080748,STARTCOOP_SUCCESS,01a62600_01026c00
190731080748,ENDCOOP_SUCCESS,01a62600_01026c00
190731080748,TAG_DEPARTED_B,01a62600
190731080755,TAG_DEPARTED_A,01026c00
190731080919,LOCKOUT_ENDED,
190731082918,TAG_ARRIVED_B,01cbb800
190731082919,SOLO_SUCCESS,01cbb800
190731082933,TAG_DEPARTED_B,01cbb800
190731083115,TAG_ARRIVED_B,01cbb800
190731083116,SOLO_SUCCESS,01cbb800
190731083118,TAG_ARRIVED_B,01029a00
190731083119,SOLO_SUCCESS,01029a00
190731083124,TAG_DEPARTED_B,01029a00
190731083124,TAG_ARRIVED_A,0102b600
190731083125,SOLO_SUCCESS,0102b600
190731083126,TAG_ARRIVED_B,01029a00
190731083127,STARTCOOP_FAIL,0102b600_01029a00
190731083128,ENDCOOP_FAIL,01029a00_0102b600
190731083128,TAG_DEPARTED_B,01029a00
190731083135,TAG_ARRIVED_B,01029a00
190731083136,STARTCOOP_FAIL,0102b600_01029a00
190731083138,ENDCOOP_FAIL,01029a00_0102b600
190731083138,TAG_DEPARTED_B,01029a00
190731083141,TAG_ARRIVED_B,0102b600
190731083141,SOLO_FAIL,0102b600
190731083142,TAG_DEPARTED_A,0102b600
190731083143,ENDCOOP_FAIL,0102b600_
190731083143,TAG_DEPARTED_B,0102b600
190731083144,TAG_ARRIVED_A,01029a00
190731083145,SOLO_FAIL,01029a00
190731083147,TAG_ARRIVED_B,01cbb800
190731083148,STARTCOOP_SUCCESS,01029a00_01cbb800
190731083149,ENDCOOP_SUCCESS,01cbb800_01029a00
190731083149,TAG_DEPARTED_B,01cbb800
190731083153,TAG_ARRIVED_B,01cbb800
190731083154,STARTCOOP_SUCCESS,01029a00_01cbb800
190731083155,ENDCOOP_SUCCESS,01cbb800_01029a00
190731083155,TAG_DEPARTED_B,01cbb800
190731083156,TAG_ARRIVED_B,01cbb800
190731083158,STARTCOOP_SUCCESS,01029a00_01cbb800
190731083203,ENDCOOP_SUCCESS,01cbb800_01029a00
190731083204,TAG_DEPARTED_B,01cbb800
190731083206,TAG_ARRIVED_B,01cbb800
190731083207,STARTCOOP_SUCCESS,01029a00_01cbb800
190731083208,ENDCOOP_SUCCESS,01cbb800_01029a00
190731083208,TAG_DEPARTED_B,01cbb800
190731083210,TAG_ARRIVED_B,01cbb800
190731083211,STARTCOOP_SUCCESS,01029a00_01cbb800
190731083212,ENDCOOP_SUCCESS,01cbb800_01029a00
190731083212,TAG_DEPARTED_B,01cbb800
190731083217,TAG_DEPARTED_A,01029a00
190731083220,TAG_ARRIVED_B,01cbb800
190731083221,SOLO_FAIL,01cbb800
190731083222,TAG_ARRIVED_A,01029a00
190731083223,STARTCOOP_SUCCESS,01cbb800_01029a00
190731083224,ENDCOOP_SUCCESS,01cbb800_01029a00
190731083224,TAG_DEPARTED_B,01cbb800
190731083224,TAG_ARRIVED_B,01cbb800
190731083225,STARTCOOP_SUCCESS,01029a00_01cbb800
190731083226,TAG_DEPARTED_A,01029a00
190731083226,TAG_ARRIVED_A,01029a00
190731083227,SOLO_FAIL,01029a00
190731083227,TAG_DEPARTED_B,01cbb800
190731083229,TAG_ARRIVED_B,01cbb800
190731083230,STARTCOOP_SUCCESS,01029a00_01cbb800
190731083234,ENDCOOP_SUCCESS,01cbb800_01029a00
190731083234,TAG_DEPARTED_B,01cbb800
190731083247,TAG_ARRIVED_B,01cbb800
190731083248,STARTCOOP_SUCCESS,01029a00_01cbb800
190731083249,TAG_DEPARTED_A,01029a00
190731083250,TAG_ARRIVED_A,01029a00
190731083251,STARTCOOP_SUCCESS,01cbb800_01029a00
190731083251,ENDCOOP_SUCCESS,01cbb800_01029a00
190731083251,TAG_DEPARTED_B,01cbb800
190731083256,TAG_ARRIVED_B,01cbb800
190731083257,STARTCOOP_SUCCESS,01029a00_01cbb800
190731083258,ENDCOOP_SUCCESS,01cbb800_01029a00
190731083258,TAG_DEPARTED_B,01cbb800
190731083310,TAG_ARRIVED_B,01cbb800
190731083311,STARTCOOP_SUCCESS,01029a00_01cbb800
190731083312,TAG_DEPARTED_A,01029a00
190731083316,ENDCOOP_SUCCESS,01cbb800_
190731083316,TAG_DEPARTED_B,01cbb800
190731083317,TAG_ARRIVED_A,01029a00
190731083318,SOLO_FAIL,01029a00
190731083322,TAG_DEPARTED_A,01029a00
190731083323,TAG_ARRIVED_B,01cbb800
190731083324,SOLO_FAIL,01cbb800
190731083332,ENDCOOP_FAIL,01cbb800_
190731083332,TAG_DEPARTED_B,01cbb800
190731083335,LOCKOUT_ENDED,
190731083336,TAG_ARRIVED_B,01cbb800
190731083337,SOLO_SUCCESS,01cbb800
190731083339,TAG_DEPARTED_B,01cbb800
190731083340,TAG_ARRIVED_B,01cbb800
190731083341,SOLO_SUCCESS,01cbb800
190731083351,TAG_DEPARTED_B,01cbb800
190731083351,TAG_ARRIVED_A,01029a00
190731083352,SOLO_SUCCESS,01029a00
190731083358,TAG_DEPARTED_A,01029a00
190731083401,TAG_ARRIVED_B,01cbb800
190731083402,SOLO_SUCCESS,01cbb800
190731083407,TAG_DEPARTED_B,01cbb800
190731083408,TAG_ARRIVED_B,01cbb800
190731083409,SOLO_SUCCESS,01cbb800
190731083413,TAG_DEPARTED_B,01cbb800
190731083415,TAG_ARRIVED_B,01cbb800
190731083416,SOLO_SUCCESS,01cbb800
190731083417,TAG_DEPARTED_B,01cbb800
190731083440,TAG_ARRIVED_B,01cbb800
190731083441,SOLO_SUCCESS,01cbb800
190731083443,TAG_DEPARTED_B,01cbb800
190731083444,TAG_ARRIVED_B,01cbb800
190731083445,SOLO_SUCCESS,01cbb800
190731083447,TAG_ARRIVED_B,01036a00
190731083447,SOLO_SUCCESS,01036a00
190731083449,TAG_ARRIVED_A,01036a00
190731083449,SOLO_SUCCESS,01036a00
190731083449,TAG_DEPARTED_B,01036a00
190731083500,TAG_ARRIVED_B,01cbb800
190731083502,STARTCOOP_FAIL,01036a00_01cbb800
190731083502,TAG_ARRIVED_B,01036a00
190731083503,SOLO_FAIL,01036a00
190731083503,TAG_DEPARTED_A,01036a00
190731083504,ENDCOOP_FAIL,01036a00_
190731083505,TAG_DEPARTED_B,01036a00
190731083505,TAG_ARRIVED_B,01036a00
190731083506,SOLO_FAIL,01036a00
190731083513,ENDCOOP_FAIL,01036a00_
190731083513,TAG_DEPARTED_B,01036a00
190731083513,TAG_ARRIVED_A,01036a00
190731083514,SOLO_FAIL,01036a00
190731083527,TAG_DEPARTED_A,01036a00
190731083529,TAG_ARRIVED_B,01036a00
190731083529,SOLO_FAIL,01036a00
190731083533,ENDCOOP_FAIL,01036a00_
190731083533,TAG_DEPARTED_B,01036a00
190731083537,TAG_ARRIVED_B,01036a00
190731083538,SOLO_FAIL,01036a00
190731083544,ENDCOOP_FAIL,01036a00_
190731083544,TAG_DEPARTED_B,01036a00
190731083546,TAG_ARRIVED_B,01037b00
190731083547,SOLO_FAIL,01037b00
190731083548,TAG_ARRIVED_A,01037b00
190731083549,SOLO_FAIL,01037b00
190731083549,ENDCOOP_FAIL,01037b00_01037b00
190731083549,TAG_DEPARTED_B,01037b00
190731083555,TAG_ARRIVED_B,01cbb800
190731083556,STARTCOOP_SUCCESS,01037b00_01cbb800
190731083556,TAG_ARRIVED_A,01036a00
190731083557,STARTCOOP_FAIL,01cbb800_01036a00
190731083557,ENDCOOP_FAIL,01cbb800_01036a00
190731083557,TAG_DEPARTED_B,01cbb800
190731083558,TAG_ARRIVED_B,01cbb800
190731083559,STARTCOOP_FAIL,01036a00_01cbb800
190731083559,TAG_DEPARTED_A,01036a00
190731083605,TAG_ARRIVED_A,01036a00
190731083606,STARTCOOP_FAIL,01cbb800_01036a00
190731083608,ENDCOOP_FAIL,01cbb800_01036a00
190731083608,TAG_DEPARTED_B,01cbb800
190731083613,TAG_DEPARTED_A,01036a00
190731083621,TAG_ARRIVED_A,01036a00
190731083621,SOLO_FAIL,01036a00
190731083638,TAG_DEPARTED_A,01036a00
190731083647,TAG_ARRIVED_A,0102d400
190731083648,SOLO_FAIL,0102d400
190731083657,TAG_ARRIVED_B,01e01400
190731083658,STARTCOOP_SUCCESS,0102d400_01e01400
190731083659,ENDCOOP_SUCCESS,01e01400_0102d400
190731083700,TAG_DEPARTED_B,01e01400
190731083806,LOCKOUT_ENDED,
190731083850,TAG_DEPARTED_A,0102d400
190731091427,TAG_ARRIVED_B,01047800
190731091427,SOLO_SUCCESS,01047800
190731091431,TAG_DEPARTED_B,01047800
190731091433,TAG_ARRIVED_B,01047800
190731091434,SOLO_SUCCESS,01047800
190731091436,TAG_DEPARTED_B,01047800
190731091448,TAG_ARRIVED_B,01047800
190731091448,SOLO_SUCCESS,01047800
190731091450,TAG_DEPARTED_B,01047800
190731091456,TAG_ARRIVED_B,01047800
190731091456,SOLO_SUCCESS,01047800
190731091458,TAG_ARRIVED_A,01047800
190731091458,SOLO_SUCCESS,01047800
190731091459,TAG_DEPARTED_B,01047800
190731091521,TAG_DEPARTED_A,01047800
190731091522,TAG_ARRIVED_B,01047800
190731091522,SOLO_SUCCESS,01047800
190731091528,TAG_DEPARTED_B,01047800
190731091651,TAG_ARRIVED_B,01047800
190731091651,SOLO_SUCCESS,01047800
190731091653,TAG_DEPARTED_B,01047800
190731091658,TAG_ARRIVED_B,01047800
190731091658,SOLO_SUCCESS,01047800
190731091700,TAG_DEPARTED_B,01047800
190731091702,TAG_ARRIVED_B,01047800
190731091703,SOLO_SUCCESS,01047800
190731091709,TAG_DEPARTED_B,01047800
190731092633,TAG_ARRIVED_A,0102d400
190731092634,SOLO_SUCCESS,0102d400
190731092704,TAG_DEPARTED_A,0102d400
190731092720,TAG_ARRIVED_A,0102d400
190731092721,SOLO_SUCCESS,0102d400
190731092727,TAG_DEPARTED_A,0102d400
190731092736,TAG_ARRIVED_A,0102d400
190731092737,SOLO_SUCCESS,0102d400
190731092740,TAG_DEPARTED_A,0102d400
190731092802,TAG_ARRIVED_A,0102d400
190731092803,SOLO_SUCCESS,0102d400
190731092803,TAG_ARRIVED_A,01e01400
190731092804,SOLO_SUCCESS,01e01400
190731092804,TAG_DEPARTED_A,01e01400
190731092808,TAG_ARRIVED_B,0102d400
190731092809,SOLO_SUCCESS,0102d400
190731092818,TAG_DEPARTED_B,0102d400
190731092824,TAG_ARRIVED_B,0102d400
190731092825,SOLO_SUCCESS,0102d400
190731092827,TAG_DEPARTED_B,0102d400
190731092829,TAG_ARRIVED_B,0102d400
190731092830,SOLO_SUCCESS,0102d400
190731092835,TAG_DEPARTED_B,0102d400
190731092850,TAG_ARRIVED_B,0102d400
190731092851,SOLO_SUCCESS,0102d400
190731092852,TAG_DEPARTED_B,0102d400
190731092858,TAG_ARRIVED_A,0102d400
190731092859,SOLO_SUCCESS,0102d400
190731092901,TAG_DEPARTED_A,0102d400
190731092906,TAG_ARRIVED_A,0102d400
190731092907,SOLO_SUCCESS,0102d400
190731092918,TAG_DEPARTED_A,0102d400
190731092920,TAG_ARRIVED_A,0102d400
190731092921,SOLO_SUCCESS,0102d400
190731092926,TAG_DEPARTED_A,0102d400
190731092940,TAG_ARRIVED_A,0102d400
190731092941,SOLO_SUCCESS,0102d400
190731092957,TAG_DEPARTED_A,0102d400
190731093006,TAG_ARRIVED_A,0102d400
190731093007,SOLO_SUCCESS,0102d400
190731093017,TAG_ARRIVED_B,01e01400
190731093018,STARTCOOP_SUCCESS,0102d400_01e01400
190731093019,ENDCOOP_SUCCESS,01e01400_0102d400
190731093019,TAG_DEPARTED_B,01e01400
190731093022,TAG_DEPARTED_A,0102d400
190731093028,TAG_ARRIVED_A,01e01400
190731093029,SOLO_SUCCESS,01e01400
190731093029,TAG_ARRIVED_B,0102d400
190731093030,STARTCOOP_SUCCESS,01e01400_0102d400
190731093030,TAG_DEPARTED_A,01e01400
190731093031,TAG_ARRIVED_A,01e01400
190731093032,STARTCOOP_SUCCESS,0102d400_01e01400
190731093033,ENDCOOP_SUCCESS,0102d400_01e01400
190731093033,TAG_DEPARTED_B,0102d400
190731093118,TAG_DEPARTED_A,01e01400
190731093127,TAG_ARRIVED_A,01e01400
190731093128,SOLO_SUCCESS,01e01400
190731093159,TAG_DEPARTED_A,01e01400
190731093200,TAG_ARRIVED_A,0102d400
190731093201,SOLO_SUCCESS,0102d400
190731093304,TAG_ARRIVED_B,01e01400
190731093305,STARTCOOP_SUCCESS,0102d400_01e01400
190731093308,ENDCOOP_SUCCESS,01e01400_0102d400
190731093308,TAG_DEPARTED_B,01e01400
190731093330,TAG_ARRIVED_B,01e01400
190731093331,STARTCOOP_SUCCESS,0102d400_01e01400
190731093332,ENDCOOP_SUCCESS,01e01400_0102d400
190731093332,TAG_DEPARTED_B,01e01400
190731093351,TAG_DEPARTED_A,0102d400
190731093353,TAG_ARRIVED_A,0102d400
190731093354,SOLO_SUCCESS,0102d400
190731093356,TAG_DEPARTED_A,0102d400
190731093419,TAG_ARRIVED_B,01e01400
190731093420,SOLO_SUCCESS,01e01400
190731093422,TAG_DEPARTED_B,01e01400
190731093423,TAG_ARRIVED_B,01e01400
190731093424,SOLO_SUCCESS,01e01400
190731093426,TAG_DEPARTED_B,01e01400
190731093427,TAG_ARRIVED_B,01e01400
190731093428,SOLO_SUCCESS,01e01400
190731093435,TAG_DEPARTED_B,01e01400
190731093454,TAG_ARRIVED_B,01e01400
190731093455,SOLO_SUCCESS,01e01400
190731093456,TAG_DEPARTED_B,01e01400
190731093503,TAG_ARRIVED_B,01e01400
190731093504,SOLO_SUCCESS,01e01400
190731093511,TAG_DEPARTED_B,01e01400
190731093513,TAG_ARRIVED_B,01e01400
190731093514,SOLO_SUCCESS,01e01400
190731093526,TAG_DEPARTED_B,01e01400
190731093526,TAG_ARRIVED_B,01e01400
190731093527,SOLO_SUCCESS,01e01400
190731093529,TAG_DEPARTED_B,01e01400
