190703061914,START_EXPERIMENT,
190703061922,TAG_ARRIVED_A,1783900
190703061922,SOLO_FAIL,1783900
190703061934,TAG_DEPARTED_A,1783900
190703062046,START_EXPERIMENT,
190703062053,TAG_ARRIVED_B,1783900
190703062054,SOLO_FAIL,1783900
190703062058,TAG_ARRIVED_A,0139d100
190703062059,STARTCOOP_SUCCESS,01783900_0139d100
190703062102,TAG_DEPARTED_A,0139d100
190703062102,ENDCOOP_SUCCESS,01783900_
190703062103,TAG_DEPARTED_B,1783900
110816135204,LOCKOUT_ENDED,
190703073243,START_EXPERIMENT,
190703073249,TAG_ARRIVED_A,1783900
190703073249,SOLO_FAIL,1783900
190703073250,TAG_ARRIVED_B,0139d100
190703073251,STARTCOOP_SUCCESS,01783900_0139d100
190703073254,ENDCOOP_SUCCESS,0139d100_01783900
190703073255,TAG_DEPARTED_B,0139d100
190703073255,TAG_DEPARTED_A,1783900
190703073441,LOCKOUT_ENDED,
190703074149,TAG_ARRIVED_A,01029a00
190703074150,SOLO_SUCCESS,01029a00
190703074155,TAG_DEPARTED_A,01029a00
190703074157,TAG_ARRIVED_A,01029a00
190703074158,SOLO_SUCCESS,01029a00
190703074159,TAG_DEPARTED_A,01029a00
190703074213,TAG_ARRIVED_A,01029a00
190703074213,SOLO_SUCCESS,01029a00
190703074223,TAG_DEPARTED_A,01029a00
190703074224,TAG_ARRIVED_A,01029a00
190703074225,SOLO_SUCCESS,01029a00
190703074252,TAG_DEPARTED_A,01029a00
190703074407,TAG_ARRIVED_A,01029a00
190703074408,SOLO_SUCCESS,01029a00
190703074416,TAG_DEPARTED_A,01029a00
190703074416,TAG_ARRIVED_A,01029a00
190703074417,SOLO_SUCCESS,01029a00
190703074423,TAG_DEPARTED_A,01029a00
190703074451,TAG_ARRIVED_A,01029a00
190703074452,SOLO_SUCCESS,01029a00
190703074454,TAG_DEPARTED_A,01029a00
190703074548,TAG_ARRIVED_A,01029a00
190703074549,SOLO_SUCCESS,01029a00
190703074609,TAG_DEPARTED_A,01029a00
190703074610,TAG_ARRIVED_A,01029a00
190703074610,SOLO_SUCCESS,01029a00
190703074612,TAG_ARRIVED_B,01029a00
190703074613,SOLO_SUCCESS,01029a00
190703074613,TAG_DEPARTED_A,01029a00
190703074614,TAG_DEPARTED_B,01029a00
190703074615,TAG_ARRIVED_A,01029a00
190703074616,SOLO_SUCCESS,01029a00
190703074620,TAG_DEPARTED_A,01029a00
190703074624,TAG_ARRIVED_A,01029a00
190703074625,SOLO_SUCCESS,01029a00
190703074626,TAG_DEPARTED_A,01029a00
190703074627,TAG_ARRIVED_A,01029a00
190703074628,SOLO_SUCCESS,01029a00
190703074629,TAG_DEPARTED_A,01029a00
190703074634,TAG_ARRIVED_A,01029a00
190703074635,SOLO_SUCCESS,01029a00
190703074648,TAG_DEPARTED_A,01029a00
190703074649,TAG_ARRIVED_B,01026c00
190703074650,SOLO_SUCCESS,01026c00
190703074651,TAG_DEPARTED_B,01026c00
190703074651,TAG_ARRIVED_A,01029a00
190703074652,SOLO_SUCCESS,01029a00
190703074655,TAG_DEPARTED_A,01029a00
190703074655,TAG_ARRIVED_B,01026c00
190703074656,SOLO_SUCCESS,01026c00
190703074657,TAG_DEPARTED_B,01026c00
190703074659,TAG_ARRIVED_B,01026c00
190703074700,SOLO_SUCCESS,01026c00
190703074704,TAG_DEPARTED_B,01026c00
190703074705,TAG_ARRIVED_A,01df6400
190703074706,SOLO_SUCCESS,01df6400
190703074709,TAG_DEPARTED_A,01df6400
190703074713,TAG_ARRIVED_A,01df6400
190703074714,SOLO_SUCCESS,01df6400
190703074715,TAG_DEPARTED_A,01df6400
190703074716,TAG_ARRIVED_A,01df6400
190703074717,SOLO_SUCCESS,01df6400
190703074721,TAG_DEPARTED_A,01df6400
190703074722,TAG_ARRIVED_A,01df6400
190703074723,SOLO_SUCCESS,01df6400
190703074724,TAG_ARRIVED_B,1048000
190703074725,STARTCOOP_SUCCESS,01df6400_01048000
190703074725,TAG_DEPARTED_A,01df6400
190703074725,TAG_ARRIVED_A,01df6400
190703074726,STARTCOOP_SUCCESS,01048000_01df6400
190703074727,TAG_ARRIVED_B,01026c00
190703074728,STARTCOOP_SUCCESS,01df6400_01026c00
190703074728,ENDCOOP_SUCCESS,01026c00_01df6400
190703074728,TAG_DEPARTED_B,01026c00
190703074728,TAG_ARRIVED_B,01026c00
190703074729,STARTCOOP_SUCCESS,01df6400_01026c00
190703074730,TAG_DEPARTED_A,01df6400
190703074734,TAG_ARRIVED_A,01df6400
190703074735,STARTCOOP_SUCCESS,01026c00_01df6400
190703074738,ENDCOOP_SUCCESS,01026c00_01df6400
190703074738,TAG_DEPARTED_B,01026c00
190703074740,TAG_DEPARTED_A,01df6400
190703074742,TAG_ARRIVED_A,01df6400
190703074743,SOLO_SUCCESS,01df6400
190703074745,TAG_ARRIVED_B,01026c00
190703074746,STARTCOOP_SUCCESS,01df6400_01026c00
190703074747,ENDCOOP_SUCCESS,01026c00_01df6400
190703074748,TAG_DEPARTED_B,01026c00
190703074748,TAG_ARRIVED_A,01026c00
190703074749,SOLO_SUCCESS,01026c00
190703074750,TAG_DEPARTED_A,01026c00
190703074821,TAG_ARRIVED_A,01df6400
190703074821,SOLO_SUCCESS,01df6400
190703074822,TAG_DEPARTED_A,01df6400
190703074828,TAG_ARRIVED_A,01df6400
190703074829,SOLO_SUCCESS,01df6400
190703074833,TAG_DEPARTED_A,01df6400
190703074834,TAG_ARRIVED_A,01df6400
190703074835,SOLO_SUCCESS,01df6400
190703074839,TAG_DEPARTED_A,01df6400
190703074842,TAG_ARRIVED_A,01df6400
190703074843,SOLO_SUCCESS,01df6400
190703074845,TAG_DEPARTED_A,01df6400
190703074847,TAG_ARRIVED_A,1024700
190703074848,SOLO_SUCCESS,1024700
190703074907,TAG_DEPARTED_A,1024700
190703074909,TAG_ARRIVED_B,01026c00
190703074910,SOLO_SUCCESS,01026c00
190703074911,TAG_DEPARTED_B,01026c00
190703074912,TAG_ARRIVED_A,01df6400
190703074913,SOLO_SUCCESS,01df6400
190703074923,TAG_DEPARTED_A,01df6400
190703074928,TAG_ARRIVED_A,01df6400
190703074929,SOLO_SUCCESS,01df6400
190703074932,TAG_DEPARTED_A,01df6400
190703074933,TAG_ARRIVED_A,01df6400
190703074934,SOLO_SUCCESS,01df6400
190703074935,TAG_DEPARTED_A,01df6400
190703074936,TAG_ARRIVED_A,01026c00
190703074937,SOLO_SUCCESS,01026c00
190703074938,TAG_DEPARTED_A,01026c00
190703074956,TAG_ARRIVED_A,01bf9c00
190703074957,SOLO_SUCCESS,01bf9c00
190703075000,TAG_DEPARTED_A,01bf9c00
190703075003,TAG_ARRIVED_A,01df6400
190703075004,SOLO_SUCCESS,01df6400
190703075005,TAG_DEPARTED_A,01df6400
190703075005,TAG_ARRIVED_A,01df6400
190703075006,SOLO_SUCCESS,01df6400
190703075009,TAG_DEPARTED_A,01df6400
190703075014,TAG_ARRIVED_A,01df6400
190703075015,SOLO_SUCCESS,01df6400
190703075015,TAG_ARRIVED_B,01bf9c00
190703075017,STARTCOOP_SUCCESS,01df6400_01bf9c00
190703075017,ENDCOOP_SUCCESS,01bf9c00_01df6400
190703075018,TAG_DEPARTED_B,01bf9c00
190703075020,TAG_DEPARTED_A,01df6400
190703075020,TAG_ARRIVED_B,01bf9c00
190703075021,SOLO_SUCCESS,01bf9c00
190703075027,TAG_DEPARTED_B,01bf9c00
190703075029,TAG_ARRIVED_B,01026c00
190703075030,SOLO_SUCCESS,01026c00
190703075031,TAG_ARRIVED_A,01df6400
190703075032,STARTCOOP_SUCCESS,01026c00_01df6400
190703075033,ENDCOOP_SUCCESS,01026c00_01df6400
190703075033,TAG_DEPARTED_B,01026c00
190703075033,TAG_ARRIVED_B,01026c00
190703075034,STARTCOOP_SUCCESS,01df6400_01026c00
190703075034,TAG_DEPARTED_A,01df6400
190703075035,TAG_ARRIVED_A,01df6400
190703075036,STARTCOOP_SUCCESS,01026c00_01df6400
190703075037,ENDCOOP_SUCCESS,01026c00_01df6400
190703075037,TAG_DEPARTED_B,01026c00
190703075038,TAG_DEPARTED_A,01df6400
190703075039,TAG_ARRIVED_A,01df6400
190703075040,SOLO_SUCCESS,01df6400
190703075041,TAG_DEPARTED_A,01df6400
190703075046,TAG_ARRIVED_A,01df6400
190703075047,SOLO_SUCCESS,01df6400
190703075048,TAG_ARRIVED_B,01026c00
190703075049,STARTCOOP_SUCCESS,01df6400_01026c00
190703075050,ENDCOOP_SUCCESS,01026c00_01df6400
190703075050,TAG_DEPARTED_B,01026c00
190703075051,TAG_ARRIVED_A,1038800
190703075052,SOLO_SUCCESS,1038800
190703075053,TAG_DEPARTED_A,1038800
190703075056,TAG_ARRIVED_B,01026c00
190703075057,SOLO_SUCCESS,01026c00
190703075058,TAG_ARRIVED_A,01df6400
190703075059,STARTCOOP_SUCCESS,01026c00_01df6400
190703075100,TAG_DEPARTED_A,01df6400
190703075100,ENDCOOP_SUCCESS,01026c00_
190703075100,TAG_DEPARTED_B,01026c00
190703075101,TAG_ARRIVED_B,01026c00
190703075102,SOLO_SUCCESS,01026c00
190703075102,TAG_ARRIVED_A,01df6400
190703075103,STARTCOOP_SUCCESS,01026c00_01df6400
190703075103,ENDCOOP_SUCCESS,01026c00_01df6400
190703075103,TAG_DEPARTED_B,01026c00
190703075104,TAG_ARRIVED_A,1038800
190703075104,SOLO_SUCCESS,1038800
190703075106,TAG_ARRIVED_A,01026c00
190703075107,SOLO_SUCCESS,01026c00
190703075112,TAG_DEPARTED_A,01026c00
190703075114,TAG_ARRIVED_A,01026c00
190703075115,SOLO_SUCCESS,01026c00
190703075121,TAG_DEPARTED_A,01026c00
190703075122,TAG_ARRIVED_A,01026c00
190703075123,SOLO_SUCCESS,01026c00
190703075141,TAG_DEPARTED_A,01026c00
190703075141,TAG_ARRIVED_A,01df6400
190703075142,SOLO_SUCCESS,01df6400
190703075147,TAG_DEPARTED_A,01df6400
190703075148,TAG_ARRIVED_A,01df6400
190703075149,SOLO_SUCCESS,01df6400
190703075151,TAG_DEPARTED_A,01df6400
190703075152,TAG_ARRIVED_A,01df6400
190703075153,SOLO_SUCCESS,01df6400
190703075200,TAG_DEPARTED_A,01df6400
190703075202,TAG_ARRIVED_A,01df6400
190703075203,SOLO_SUCCESS,01df6400
190703075210,TAG_DEPARTED_A,01df6400
190703075218,TAG_ARRIVED_A,01df6400
190703075219,SOLO_SUCCESS,01df6400
190703075225,TAG_DEPARTED_A,01df6400
190703075228,TAG_ARRIVED_A,01df6400
190703075228,SOLO_SUCCESS,01df6400
190703075231,TAG_DEPARTED_A,01df6400
190703075231,TAG_ARRIVED_A,01df6400
190703075232,SOLO_SUCCESS,01df6400
190703075234,TAG_DEPARTED_A,01df6400
190703075235,TAG_ARRIVED_A,01df6400
190703075236,SOLO_SUCCESS,01df6400
190703075237,TAG_DEPARTED_A,01df6400
190703075308,TAG_ARRIVED_B,1038800
190703075309,SOLO_SUCCESS,1038800
190703075314,TAG_DEPARTED_B,1038800
190703075459,TAG_ARRIVED_A,1038800
190703075459,SOLO_SUCCESS,1038800
190703075615,TAG_DEPARTED_A,1038800
190703075716,TAG_ARRIVED_A,0101c200
190703075717,SOLO_SUCCESS,0101c200
190703075720,TAG_DEPARTED_A,0101c200
190703075720,TAG_ARRIVED_A,0101c200
190703075721,SOLO_SUCCESS,0101c200
190703075722,TAG_DEPARTED_A,0101c200
190703075722,TAG_ARRIVED_A,0101c200
190703075723,SOLO_SUCCESS,0101c200
190703075727,TAG_DEPARTED_A,0101c200
190703075735,TAG_ARRIVED_A,0101c200
190703075736,SOLO_SUCCESS,0101c200
190703075744,TAG_DEPARTED_A,0101c200
190703075755,TAG_ARRIVED_A,0101c200
190703075756,SOLO_SUCCESS,0101c200
190703075757,TAG_DEPARTED_A,0101c200
190703075805,TAG_ARRIVED_B,1045300
190703075806,SOLO_SUCCESS,1045300
190703075807,TAG_ARRIVED_A,0101c200
190703075808,STARTCOOP_FAIL,01045300_0101c200
190703075808,ENDCOOP_FAIL,01045300_0101c200
190703075808,TAG_DEPARTED_B,1045300
190703075810,TAG_DEPARTED_A,0101c200
190703075811,TAG_ARRIVED_A,0101c200
190703075812,SOLO_FAIL,0101c200
190703075813,TAG_DEPARTED_A,0101c200
190703075817,TAG_ARRIVED_A,0101c200
190703075818,SOLO_FAIL,0101c200
190703075819,TAG_DEPARTED_A,0101c200
190703075819,TAG_ARRIVED_A,0101c200
190703075820,SOLO_FAIL,0101c200
190703075822,TAG_DEPARTED_A,0101c200
190703075828,TAG_ARRIVED_A,0101c200
190703075829,SOLO_FAIL,0101c200
190703075830,TAG_DEPARTED_A,0101c200
190703075831,TAG_ARRIVED_A,0101c200
190703075832,SOLO_FAIL,0101c200
190703075835,TAG_DEPARTED_A,0101c200
190703075837,TAG_ARRIVED_A,0101c200
190703075838,SOLO_FAIL,0101c200
190703075842,TAG_DEPARTED_A,0101c200
190703075843,TAG_ARRIVED_A,0101c200
190703075844,SOLO_FAIL,0101c200
190703075845,TAG_DEPARTED_A,0101c200
190703075915,TAG_ARRIVED_B,1045300
190703075916,SOLO_FAIL,1045300
190703075918,ENDCOOP_FAIL,01045300_
190703075919,TAG_DEPARTED_B,1045300
190703080008,LOCKOUT_ENDED,
190703080009,TAG_ARRIVED_A,1045300
190703080009,SOLO_SUCCESS,1045300
190703080011,TAG_DEPARTED_A,1045300
190703080129,TAG_ARRIVED_A,01029a00
190703080130,SOLO_SUCCESS,01029a00
190703080134,TAG_ARRIVED_B,01029a00
190703080134,SOLO_SUCCESS,01029a00
190703080135,TAG_DEPARTED_A,01029a00
190703080136,TAG_DEPARTED_B,01029a00
190703080136,TAG_ARRIVED_A,01029a00
190703080137,SOLO_SUCCESS,01029a00
190703080138,TAG_DEPARTED_A,01029a00
190703080139,TAG_ARRIVED_A,01029a00
190703080140,SOLO_SUCCESS,01029a00
190703080141,TAG_DEPARTED_A,01029a00
190703080143,TAG_ARRIVED_A,01029a00
190703080144,SOLO_SUCCESS,01029a00
190703080145,TAG_DEPARTED_A,01029a00
190703080146,TAG_ARRIVED_B,1045300
190703080147,SOLO_SUCCESS,1045300
190703080148,TAG_ARRIVED_A,01029a00
190703080149,STARTCOOP_FAIL,01045300_01029a00
190703080150,TAG_DEPARTED_A,01029a00
190703080153,TAG_ARRIVED_A,01029a00
190703080154,STARTCOOP_FAIL,01045300_01029a00
190703080155,ENDCOOP_FAIL,01045300_01029a00
190703080155,TAG_DEPARTED_B,1045300
190703080156,TAG_DEPARTED_A,01029a00
190703080156,TAG_ARRIVED_A,01029a00
190703080157,SOLO_FAIL,01029a00
190703080157,TAG_ARRIVED_B,1045300
190703080158,STARTCOOP_FAIL,01029a00_01045300
190703080158,TAG_DEPARTED_A,01029a00
190703080158,TAG_DEPARTED_B,1045300
190703080158,REPLACEMENT,01029a00_01045300
190703080158,TAG_ARRIVED_B,01029a00
190703080159,SOLO_FAIL,01029a00
190703080202,ENDCOOP_FAIL,01029a00_
190703080202,TAG_DEPARTED_B,01029a00
190703080205,TAG_ARRIVED_A,01029a00
190703080206,SOLO_FAIL,01029a00
190703080209,TAG_DEPARTED_A,01029a00
190703080210,TAG_ARRIVED_B,01026c00
190703080211,SOLO_FAIL,01026c00
190703080223,ENDCOOP_FAIL,01026c00_
190703080224,TAG_DEPARTED_B,01026c00
190703080227,TAG_ARRIVED_A,01026c00
190703080228,SOLO_FAIL,01026c00
190703080229,TAG_DEPARTED_A,01026c00
190703080229,TAG_ARRIVED_B,01026c00
190703080230,SOLO_FAIL,01026c00
190703080236,TAG_ARRIVED_A,01026c00
190703080236,SOLO_FAIL,01026c00
190703080237,ENDCOOP_FAIL,01026c00_01026c00
190703080237,TAG_DEPARTED_B,01026c00
190703080241,TAG_DEPARTED_A,01026c00
190703080241,TAG_ARRIVED_A,01026c00
190703080242,SOLO_FAIL,01026c00
190703080243,TAG_ARRIVED_B,01026c00
190703080244,SOLO_FAIL,01026c00
190703080244,TAG_DEPARTED_A,01026c00
190703080251,ENDCOOP_FAIL,01026c00_
190703080252,TAG_DEPARTED_B,01026c00
190703080358,LOCKOUT_ENDED,
190703080621,TAG_ARRIVED_B,01029a00
190703080622,SOLO_SUCCESS,01029a00
190703080633,TAG_DEPARTED_B,01029a00
190703080635,TAG_ARRIVED_B,01029a00
190703080636,SOLO_SUCCESS,01029a00
190703080641,TAG_DEPARTED_B,01029a00
190703080647,TAG_ARRIVED_B,01029a00
190703080647,SOLO_SUCCESS,01029a00
190703080649,TAG_DEPARTED_B,01029a00
190703083305,TAG_ARRIVED_B,1783900
190703083306,SOLO_SUCCESS,1783900
190703083307,TAG_ARRIVED_A,0139d100
190703083308,STARTCOOP_SUCCESS,01783900_0139d100
190703083312,ENDCOOP_SUCCESS,01783900_0139d100
190703083312,TAG_DEPARTED_B,1783900
190703083312,TAG_DEPARTED_A,0139d100
