190424050956,START_EXPERIMENT,
190424065156,TAG_ARRIVED_A,01d40600
190424065158,SOLO_SUCCESS,01d40600
190424065203,TAG_DEPARTED_A,01d40600
190424071217,TAG_ARRIVED_A,01e01400
190424071219,SOLO_SUCCESS,01e01400
190424071219,TAG_DEPARTED_A,01e01400
190424071220,TAG_ARRIVED_B,01e01400
190424071221,SOLO_SUCCESS,01e01400
190424071243,TAG_DEPARTED_B,01e01400
190424072239,TAG_ARRIVED_A,018feb00
190424072240,SOLO_SUCCESS,018feb00
190424072241,TAG_ARRIVED_B,018feb00
190424072242,SOLO_SUCCESS,018feb00
190424072242,TAG_DEPARTED_A,018feb00
190424072243,TAG_DEPARTED_B,018feb00
190424080537,TAG_ARRIVED_A,01e01400
190424080539,SOLO_SUCCESS,01e01400
190424080558,TAG_DEPARTED_A,01e01400
190424081449,TAG_ARRIVED_A,01e01400
190424081451,SOLO_SUCCESS,01e01400
190424081451,TAG_DEPARTED_A,01e01400
190424081452,TAG_ARRIVED_B,01e01400
190424081453,SOLO_SUCCESS,01e01400
190424081454,TAG_DEPARTED_B,01e01400
190424081456,TAG_ARRIVED_B,01e01400
190424081458,SOLO_SUCCESS,01e01400
190424081459,TAG_DEPARTED_B,01e01400
190424092637,TAG_ARRIVED_B,018feb00
190424092638,SOLO_SUCCESS,018feb00
190424092639,TAG_DEPARTED_B,018feb00
190424112143,TAG_ARRIVED_B,01d40600
190424112145,SOLO_SUCCESS,01d40600
190424112145,TAG_DEPARTED_B,01d40600
190424112154,TAG_ARRIVED_B,01d40600
190424112155,SOLO_SUCCESS,01d40600
190424112156,TAG_DEPARTED_B,01d40600
190424112156,TAG_ARRIVED_B,01d40600
190424112157,SOLO_SUCCESS,01d40600
190424112159,TAG_DEPARTED_B,01d40600
190424112201,TAG_ARRIVED_B,01d40600
190424112203,SOLO_SUCCESS,01d40600
190424112204,TAG_DEPARTED_B,01d40600
190424112206,TAG_ARRIVED_B,01d40600
190424112207,SOLO_SUCCESS,01d40600
190424112208,TAG_DEPARTED_B,01d40600
190424112213,TAG_ARRIVED_B,01d40600
190424112215,SOLO_SUCCESS,01d40600
190424112216,TAG_DEPARTED_B,01d40600
190424112226,TAG_ARRIVED_B,01d40600
190424112227,SOLO_SUCCESS,01d40600
190424112229,TAG_DEPARTED_B,01d40600
190424112236,TAG_ARRIVED_A,01d40600
190424112238,SOLO_SUCCESS,01d40600
190424112238,TAG_DEPARTED_A,01d40600
190424112251,TAG_ARRIVED_A,01d40600
190424112253,SOLO_SUCCESS,01d40600
190424112254,TAG_DEPARTED_A,01d40600