190719054219,START_EXPERIMENT,
190719054240,TAG_ARRIVED_A,01783900
190719054241,SOLO_FAIL,01783900
190719054243,TAG_ARRIVED_B,0139d100
190719054244,STARTCOOP_SUCCESS,01783900_0139d100
190719054245,ENDCOOP_SUCCESS,0139d100_01783900
190719054245,TAG_DEPARTED_B,0139d100
190719054245,TAG_DEPARTED_A,01783900
190719054417,LOCKOUT_ENDED,
190719064706,TAG_ARRIVED_B,0101c700
190719064707,SOLO_SUCCESS,0101c700
190719064714,TAG_DEPARTED_B,0101c700
190719064720,TAG_ARRIVED_A,0101c700
190719064720,SOLO_SUCCESS,0101c700
190719064721,TAG_ARRIVED_B,0104d700
190719064721,STARTCOOP_FAIL,0101c700_0104d700
190719064750,ENDCOOP_FAIL,0104d700_0101c700
190719064750,TAG_DEPARTED_B,0104d700
190719064800,TAG_ARRIVED_B,0104d700
190719064800,STARTCOOP_FAIL,0101c700_0104d700
190719064822,TAG_DEPARTED_A,0101c700
190719064824,TAG_ARRIVED_A,0101c700
190719064825,STARTCOOP_FAIL,0104d700_0101c700
190719064825,ENDCOOP_FAIL,0104d700_0101c700
190719064825,TAG_DEPARTED_B,0104d700
190719064826,TAG_DEPARTED_A,0101c700
190719064827,TAG_ARRIVED_A,0101c700
190719064828,SOLO_FAIL,0101c700
190719064830,TAG_DEPARTED_A,0101c700
190719064845,TAG_ARRIVED_B,0104d700
190719064845,SOLO_FAIL,0104d700
190719064850,TAG_ARRIVED_A,0101c700
190719064851,STARTCOOP_FAIL,0104d700_0101c700
190719064852,ENDCOOP_FAIL,0104d700_0101c700
190719064852,TAG_DEPARTED_B,0104d700
190719064852,TAG_ARRIVED_B,0104d700
190719064852,STARTCOOP_FAIL,0101c700_0104d700
190719064853,TAG_DEPARTED_A,0101c700
190719064853,TAG_ARRIVED_A,0101c700
190719064854,STARTCOOP_FAIL,0104d700_0101c700
190719064854,ENDCOOP_FAIL,0104d700_0101c700
190719064855,TAG_DEPARTED_B,0104d700
190719064856,TAG_DEPARTED_A,0101c700
190719064858,TAG_ARRIVED_A,0101c700
190719064858,SOLO_FAIL,0101c700
190719064901,TAG_ARRIVED_B,0104d700
190719064901,STARTCOOP_FAIL,0101c700_0104d700
190719064903,TAG_DEPARTED_A,0101c700
190719064904,TAG_ARRIVED_A,0101c700
190719064905,STARTCOOP_FAIL,0104d700_0101c700
190719064906,TAG_DEPARTED_A,0101c700
190719064918,TAG_ARRIVED_A,0101c700
190719064919,STARTCOOP_FAIL,0104d700_0101c700
190719064919,ENDCOOP_FAIL,0104d700_0101c700
190719064919,TAG_DEPARTED_B,0104d700
190719064922,TAG_ARRIVED_B,0101c700
190719064923,SOLO_FAIL,0101c700
190719064923,TAG_DEPARTED_A,0101c700
190719064927,TAG_ARRIVED_A,0104dd00
190719064928,STARTCOOP_SUCCESS,0101c700_0104dd00
190719064941,ENDCOOP_SUCCESS,0101c700_0104dd00
190719064942,TAG_DEPARTED_B,0101c700
190719064942,TAG_DEPARTED_A,0104dd00
190719064955,TAG_ARRIVED_B,01045900
190719064956,SOLO_FAIL,01045900
190719065013,TAG_ARRIVED_A,0101d100
190719065014,TAG_MISSING_A,0101d100
190719065015,SOLO_FAIL,0101d100
190719065015,TAG_DEPARTED_A,0101d100
190719065015,TAG_ARRIVED_A,0101d100
190719065017,TAG_MISSING_A,0101d100
190719065017,SOLO_FAIL,0101d100
190719065017,TAG_DEPARTED_A,0101d100
190719065018,TAG_ARRIVED_A,0101d100
190719065019,TAG_MISSING_A,0101d100
190719065019,SOLO_FAIL,0101d100
190719065020,TAG_DEPARTED_A,0101d100
190719065020,ENDCOOP_FAIL,01045900_
190719065020,TAG_DEPARTED_B,01045900
190719065021,TAG_ARRIVED_B,01045900
190719065021,SOLO_FAIL,01045900
190719065025,TAG_ARRIVED_A,0101d100
190719065026,TAG_MISSING_A,0101d100
190719065027,SOLO_FAIL,0101d100
190719065027,TAG_DEPARTED_A,0101d100
190719065027,TAG_ARRIVED_A,0101d100
190719065029,TAG_MISSING_A,0101d100
190719065029,SOLO_FAIL,0101d100
190719065029,TAG_DEPARTED_B,01045900
190719065034,TAG_ARRIVED_B,01045900
190719065035,SOLO_FAIL,01045900
190719065038,TAG_DEPARTED_A,0101d100
190719065045,TAG_ARRIVED_A,0101d100
190719065046,TAG_MISSING_A,0101d100
190719065046,SOLO_FAIL,0101d100
190719065047,TAG_DEPARTED_A,0101d100
190719065048,TAG_ARRIVED_A,0101d100
190719065049,TAG_MISSING_A,0101d100
190719065050,SOLO_FAIL,0101d100
190719065050,TAG_DEPARTED_A,0101d100
190719065050,ENDCOOP_FAIL,01045900_
190719065051,TAG_DEPARTED_B,01045900
190719065051,TAG_ARRIVED_B,01045900
190719065052,SOLO_FAIL,01045900
190719065100,ENDCOOP_FAIL,01045900_
190719065100,TAG_DEPARTED_B,01045900
190719065118,LOCKOUT_ENDED,
190719065121,TAG_ARRIVED_A,0101d100
190719065123,TAG_MISSING_A,0101d100
190719065123,SOLO_SUCCESS,0101d100
190719065129,TAG_DEPARTED_A,0101d100
190719065134,TAG_ARRIVED_A,0101d100
190719065135,TAG_MISSING_A,0101d100
190719065136,SOLO_SUCCESS,0101d100
190719065136,TAG_DEPARTED_A,0101d100
190719065141,TAG_ARRIVED_A,0101d100
190719065142,TAG_MISSING_A,0101d100
190719065142,SOLO_SUCCESS,0101d100
190719065143,TAG_DEPARTED_A,0101d100
190719065145,TAG_ARRIVED_A,0101d100
190719065147,TAG_MISSING_A,0101d100
190719065147,SOLO_SUCCESS,0101d100
190719065147,TAG_DEPARTED_A,0101d100
190719065150,TAG_ARRIVED_A,0101d100
190719065151,TAG_MISSING_A,0101d100
190719065151,SOLO_SUCCESS,0101d100
190719065152,TAG_DEPARTED_A,0101d100
190719065154,TAG_ARRIVED_A,0101d100
190719065156,TAG_MISSING_A,0101d100
190719065156,SOLO_SUCCESS,0101d100
190719065158,TAG_DEPARTED_A,0101d100
190719065205,TAG_ARRIVED_A,0101d100
190719065207,TAG_MISSING_A,0101d100
190719065207,SOLO_SUCCESS,0101d100
190719065209,TAG_DEPARTED_A,0101d100
190719065210,TAG_ARRIVED_A,0101d100
190719065211,TAG_MISSING_A,0101d100
190719065211,SOLO_SUCCESS,0101d100
190719065216,TAG_DEPARTED_A,0101d100
190719065216,TAG_ARRIVED_A,0101d100
190719065218,TAG_MISSING_A,0101d100
190719065218,SOLO_SUCCESS,0101d100
190719065218,TAG_DEPARTED_A,0101d100
190719065219,TAG_ARRIVED_A,0101d100
190719065220,TAG_MISSING_A,0101d100
190719065220,SOLO_SUCCESS,0101d100
190719065231,TAG_DEPARTED_A,0101d100
190719065300,TAG_ARRIVED_A,0101d100
190719065301,TAG_MISSING_A,0101d100
190719065301,SOLO_SUCCESS,0101d100
190719065311,TAG_DEPARTED_A,0101d100
190719065312,TAG_ARRIVED_A,0101d100
190719065313,TAG_MISSING_A,0101d100
190719065313,SOLO_SUCCESS,0101d100
190719065314,TAG_DEPARTED_A,0101d100
190719065314,TAG_ARRIVED_A,0101d100
190719065316,TAG_MISSING_A,0101d100
190719065316,SOLO_SUCCESS,0101d100
190719065317,TAG_DEPARTED_A,0101d100
190719065317,TAG_ARRIVED_A,0101d100
190719065319,TAG_MISSING_A,0101d100
190719065319,SOLO_SUCCESS,0101d100
190719065319,TAG_DEPARTED_A,0101d100
190719065320,TAG_ARRIVED_A,0101d100
190719065322,TAG_MISSING_A,0101d100
190719065322,SOLO_SUCCESS,0101d100
190719065327,TAG_DEPARTED_A,0101d100
190719065328,TAG_ARRIVED_A,0101d100
190719065329,TAG_MISSING_A,0101d100
190719065329,SOLO_SUCCESS,0101d100
190719065347,TAG_DEPARTED_A,0101d100
190719065348,TAG_ARRIVED_A,0101d100
190719065349,TAG_MISSING_A,0101d100
190719065349,SOLO_SUCCESS,0101d100
190719065350,TAG_DEPARTED_A,0101d100
190719065352,TAG_ARRIVED_A,0101d100
190719065354,TAG_MISSING_A,0101d100
190719065354,SOLO_SUCCESS,0101d100
190719065403,TAG_DEPARTED_A,0101d100
190719065405,TAG_ARRIVED_A,0101d100
190719065406,TAG_MISSING_A,0101d100
190719065407,SOLO_SUCCESS,0101d100
190719065407,TAG_DEPARTED_A,0101d100
190719065416,TAG_ARRIVED_A,0101d100
190719065417,TAG_MISSING_A,0101d100
190719065417,SOLO_SUCCESS,0101d100
190719065418,TAG_DEPARTED_A,0101d100
190719065827,TAG_ARRIVED_B,0104bb00
190719065828,SOLO_SUCCESS,0104bb00
190719065842,TAG_ARRIVED_A,0104bb00
190719065843,SOLO_SUCCESS,0104bb00
190719065843,TAG_DEPARTED_B,0104bb00
190719065906,TAG_DEPARTED_A,0104bb00
190719065907,TAG_ARRIVED_B,0101c700
190719065908,SOLO_SUCCESS,0101c700
190719065909,TAG_DEPARTED_B,0101c700
190719065914,TAG_ARRIVED_B,0101c700
190719065915,SOLO_SUCCESS,0101c700
190719065917,TAG_DEPARTED_B,0101c700
190719065918,TAG_ARRIVED_A,0104bb00
190719065919,SOLO_SUCCESS,0104bb00
190719065920,TAG_DEPARTED_A,0104bb00
190719065927,TAG_ARRIVED_A,0104bb00
190719065928,SOLO_SUCCESS,0104bb00
190719065929,TAG_DEPARTED_A,0104bb00
190719065929,TAG_ARRIVED_A,0104bb00
190719065930,SOLO_SUCCESS,0104bb00
190719065931,TAG_DEPARTED_A,0104bb00
190719065933,TAG_ARRIVED_A,0104bb00
190719065934,SOLO_SUCCESS,0104bb00
190719065934,TAG_ARRIVED_B,0101c700
190719065935,STARTCOOP_SUCCESS,0104bb00_0101c700
190719065935,ENDCOOP_SUCCESS,0101c700_0104bb00
190719065935,TAG_DEPARTED_B,0101c700
190719065936,TAG_DEPARTED_A,0104bb00
190719065938,TAG_ARRIVED_B,0101c700
190719065939,SOLO_SUCCESS,0101c700
190719065940,TAG_ARRIVED_A,0104bb00
190719065941,STARTCOOP_SUCCESS,0101c700_0104bb00
190719065941,ENDCOOP_SUCCESS,0101c700_0104bb00
190719065941,TAG_DEPARTED_B,0101c700
190719065942,TAG_ARRIVED_B,0101c700
190719065943,STARTCOOP_SUCCESS,0104bb00_0101c700
190719065944,ENDCOOP_SUCCESS,0101c700_0104bb00
190719065944,TAG_DEPARTED_B,0101c700
190719070013,TAG_ARRIVED_B,0101c700
190719070014,STARTCOOP_SUCCESS,0104bb00_0101c700
190719070017,TAG_DEPARTED_A,0104bb00
190719070017,ENDCOOP_SUCCESS,0101c700_
190719070018,TAG_DEPARTED_B,0101c700
190719071033,TAG_ARRIVED_B,0101c700
190719071034,SOLO_SUCCESS,0101c700
190719071035,TAG_DEPARTED_B,0101c700
190719071035,TAG_ARRIVED_B,0101c700
190719071036,SOLO_SUCCESS,0101c700
190719071051,TAG_ARRIVED_A,01816200
190719071052,STARTCOOP_FAIL,0101c700_01816200
190719071052,ENDCOOP_FAIL,0101c700_01816200
190719071052,TAG_DEPARTED_B,0101c700
190719071058,TAG_DEPARTED_A,01816200
190719071100,TAG_ARRIVED_A,01816200
190719071100,SOLO_FAIL,01816200
190719071102,TAG_DEPARTED_A,01816200
190719071150,TAG_ARRIVED_B,010b4d00
190719071152,TAG_MISSING_B,010b4d00
190719071152,SOLO_FAIL,010b4d00
190719071201,ENDCOOP_FAIL,010b4d00_
190719071201,TAG_DEPARTED_B,010b4d00
190719071215,TAG_ARRIVED_B,010b4d00
190719071217,TAG_MISSING_B,010b4d00
190719071217,SOLO_FAIL,010b4d00
190719071217,ENDCOOP_FAIL,010b4d00_
190719071218,TAG_DEPARTED_B,010b4d00
190719071252,LOCKOUT_ENDED,
190719072343,TAG_ARRIVED_B,01031b00
190719072345,TAG_MISSING_B,01031b00
190719072345,SOLO_SUCCESS,01031b00
190719072406,TAG_DEPARTED_B,01031b00
190719073524,TAG_ARRIVED_A,0102d400
190719073525,SOLO_SUCCESS,0102d400
190719073528,TAG_DEPARTED_A,0102d400
190719073528,TAG_ARRIVED_A,0102d400
190719073529,SOLO_SUCCESS,0102d400
190719073542,TAG_DEPARTED_A,0102d400
190719073550,TAG_ARRIVED_A,0102d400
190719073551,SOLO_SUCCESS,0102d400
190719073552,TAG_DEPARTED_A,0102d400
190719073554,TAG_ARRIVED_A,0102d400
190719073555,SOLO_SUCCESS,0102d400
190719073617,TAG_DEPARTED_A,0102d400
190719073617,TAG_ARRIVED_B,01025600
190719073619,TAG_MISSING_B,01025600
190719073619,SOLO_SUCCESS,01025600
190719073640,TAG_DEPARTED_B,01025600
190719073641,TAG_ARRIVED_B,01025600
190719073642,TAG_MISSING_B,01025600
190719073642,SOLO_SUCCESS,01025600
190719073645,TAG_DEPARTED_B,01025600
190719073647,TAG_ARRIVED_A,01d6a300
190719073648,SOLO_SUCCESS,01d6a300
190719073658,TAG_ARRIVED_B,01025600
190719073659,TAG_MISSING_B,01025600
190719073659,SOLO_SUCCESS,01025600
190719073700,TAG_DEPARTED_B,01025600
190719073701,TAG_ARRIVED_B,01025600
190719073702,TAG_MISSING_B,01025600
190719073703,SOLO_SUCCESS,01025600
190719073703,TAG_DEPARTED_B,01025600
190719073705,TAG_ARRIVED_B,01025600
190719073706,TAG_MISSING_B,01025600
190719073707,SOLO_SUCCESS,01025600
190719073707,TAG_DEPARTED_B,01025600
190719073710,TAG_ARRIVED_B,01025600
190719073711,TAG_MISSING_B,01025600
190719073711,SOLO_SUCCESS,01025600
190719073712,TAG_DEPARTED_B,01025600
190719073716,TAG_ARRIVED_B,01025600
190719073717,TAG_MISSING_B,01025600
190719073717,SOLO_SUCCESS,01025600
190719073718,TAG_DEPARTED_B,01025600
190719073718,TAG_DEPARTED_A,01d6a300
190719073718,TAG_ARRIVED_B,01025600
190719073720,TAG_MISSING_B,01025600
190719073720,SOLO_SUCCESS,01025600
190719073720,TAG_ARRIVED_A,01d6a300
190719073721,SOLO_SUCCESS,01d6a300
190719073721,TAG_DEPARTED_B,01025600
190719073725,TAG_DEPARTED_A,01d6a300
190719073727,TAG_ARRIVED_B,01025600
190719073729,TAG_MISSING_B,01025600
190719073729,SOLO_SUCCESS,01025600
190719073729,TAG_DEPARTED_B,01025600
190719073735,TAG_ARRIVED_B,01025600
190719073736,TAG_MISSING_B,01025600
190719073736,SOLO_SUCCESS,01025600
190719073739,TAG_DEPARTED_B,01025600
190719073746,TAG_ARRIVED_B,01025600
190719073747,TAG_MISSING_B,01025600
190719073747,SOLO_SUCCESS,01025600
190719073757,TAG_ARRIVED_A,01d6a300
190719073758,SOLO_SUCCESS,01d6a300
190719073759,TAG_DEPARTED_A,01d6a300
190719073804,TAG_ARRIVED_A,01d6a300
190719073805,SOLO_SUCCESS,01d6a300
190719073806,TAG_DEPARTED_A,01d6a300
190719073834,TAG_ARRIVED_A,01d6a300
190719073835,SOLO_SUCCESS,01d6a300
190719073836,TAG_DEPARTED_A,01d6a300
190719073841,TAG_DEPARTED_B,01025600
190719073842,TAG_ARRIVED_B,01025600
190719073844,TAG_MISSING_B,01025600
190719073844,SOLO_SUCCESS,01025600
190719073845,TAG_DEPARTED_B,01025600
190719073851,TAG_ARRIVED_B,01025600
190719073852,TAG_MISSING_B,01025600
190719073853,SOLO_SUCCESS,01025600
190719073853,TAG_DEPARTED_B,01025600
190719073859,TAG_ARRIVED_B,01025600
190719073900,TAG_MISSING_B,01025600
190719073901,SOLO_SUCCESS,01025600
190719073904,TAG_DEPARTED_B,01025600
190719073905,TAG_ARRIVED_B,01025600
190719073907,TAG_MISSING_B,01025600
190719073907,SOLO_SUCCESS,01025600
190719073907,TAG_ARRIVED_A,01d6a300
190719073908,SOLO_SUCCESS,01d6a300
190719073908,TAG_DEPARTED_B,01025600
190719073909,TAG_ARRIVED_B,01025600
190719073910,TAG_MISSING_B,01025600
190719073910,SOLO_SUCCESS,01025600
190719073910,TAG_DEPARTED_A,01d6a300
190719073911,TAG_DEPARTED_B,01025600
190719073916,TAG_ARRIVED_B,01025600
190719073917,TAG_MISSING_B,01025600
190719073917,SOLO_SUCCESS,01025600
190719073921,TAG_DEPARTED_B,01025600
190719073927,TAG_ARRIVED_A,01d6a300
190719073928,SOLO_SUCCESS,01d6a300
190719073929,TAG_DEPARTED_A,01d6a300
190719073934,TAG_ARRIVED_B,01025600
190719073935,TAG_MISSING_B,01025600
190719073935,SOLO_SUCCESS,01025600
190719074024,TAG_DEPARTED_B,01025600
190719074111,TAG_ARRIVED_B,01025600
190719074113,TAG_MISSING_B,01025600
190719074113,SOLO_SUCCESS,01025600
190719074115,TAG_DEPARTED_B,01025600
190719074115,TAG_ARRIVED_B,01025600
190719074117,TAG_MISSING_B,01025600
190719074117,SOLO_SUCCESS,01025600
190719074117,TAG_DEPARTED_B,01025600
190719074118,TAG_ARRIVED_B,01025600
190719074119,TAG_MISSING_B,01025600
190719074119,SOLO_SUCCESS,01025600
190719074125,TAG_DEPARTED_B,01025600
190719074126,TAG_ARRIVED_B,01025600
190719074127,TAG_MISSING_B,01025600
190719074127,SOLO_SUCCESS,01025600
190719074128,TAG_DEPARTED_B,01025600
190719074129,TAG_ARRIVED_B,01025600
190719074131,TAG_MISSING_B,01025600
190719074131,SOLO_SUCCESS,01025600
190719074141,TAG_DEPARTED_B,01025600
190719074142,TAG_ARRIVED_B,01025600
190719074143,TAG_MISSING_B,01025600
190719074143,SOLO_SUCCESS,01025600
190719074144,TAG_DEPARTED_B,01025600
190719074145,TAG_ARRIVED_B,01025600
190719074146,TAG_MISSING_B,01025600
190719074146,SOLO_SUCCESS,01025600
190719074147,TAG_DEPARTED_B,01025600
190719074148,TAG_ARRIVED_B,01025600
190719074149,TAG_MISSING_B,01025600
190719074149,SOLO_SUCCESS,01025600
190719074208,TAG_ARRIVED_A,01025600
190719074210,TAG_MISSING_A,01025600
190719074210,SOLO_SUCCESS,01025600
190719074210,TAG_DEPARTED_B,01025600
190719074232,TAG_DEPARTED_A,01025600
190719074913,TAG_ARRIVED_A,01816200
190719074913,SOLO_SUCCESS,01816200
190719074917,TAG_DEPARTED_A,01816200
190719074918,TAG_ARRIVED_A,01816200
190719074918,SOLO_SUCCESS,01816200
190719074921,TAG_DEPARTED_A,01816200
190719074930,TAG_ARRIVED_A,01816200
190719074931,SOLO_SUCCESS,01816200
190719074932,TAG_DEPARTED_A,01816200
190719074934,TAG_ARRIVED_B,01816200
190719074934,SOLO_SUCCESS,01816200
190719074936,TAG_DEPARTED_B,01816200
190719074940,TAG_ARRIVED_B,01816200
190719074941,SOLO_SUCCESS,01816200
190719074945,TAG_DEPARTED_B,01816200
190719074946,TAG_ARRIVED_A,013d7200
190719074946,SOLO_SUCCESS,013d7200
190719074948,TAG_DEPARTED_A,013d7200
190719074949,TAG_ARRIVED_A,013d7200
190719074949,SOLO_SUCCESS,013d7200
190719074952,TAG_DEPARTED_A,013d7200
190719075000,TAG_ARRIVED_B,01816200
190719075001,SOLO_SUCCESS,01816200
190719075002,TAG_DEPARTED_B,01816200
190719075005,TAG_ARRIVED_B,01816200
190719075005,SOLO_SUCCESS,01816200
190719075018,TAG_DEPARTED_B,01816200
190719075019,TAG_ARRIVED_B,01816200
190719075019,SOLO_SUCCESS,01816200
190719075034,TAG_ARRIVED_A,013d7200
190719075035,STARTCOOP_SUCCESS,01816200_013d7200
190719075037,TAG_DEPARTED_A,013d7200
190719075045,ENDCOOP_SUCCESS,01816200_
190719075046,TAG_DEPARTED_B,01816200
190719075051,TAG_ARRIVED_A,01052500
190719075051,SOLO_SUCCESS,01052500
190719075122,TAG_DEPARTED_A,01052500
190719075354,TAG_ARRIVED_A,01052500
190719075354,SOLO_SUCCESS,01052500
190719075356,TAG_DEPARTED_A,01052500
190719075403,TAG_ARRIVED_A,01052500
190719075403,SOLO_SUCCESS,01052500
190719075410,TAG_DEPARTED_A,01052500
190719075412,TAG_ARRIVED_B,01052500
190719075413,SOLO_SUCCESS,01052500
190719075428,TAG_DEPARTED_B,01052500
190719075428,TAG_ARRIVED_B,01052500
190719075428,SOLO_SUCCESS,01052500
190719075431,TAG_DEPARTED_B,01052500
190719075435,TAG_ARRIVED_B,01052500
190719075436,SOLO_SUCCESS,01052500
190719075437,TAG_ARRIVED_A,01816200
190719075438,STARTCOOP_SUCCESS,01052500_01816200
190719075438,ENDCOOP_SUCCESS,01052500_01816200
190719075438,TAG_DEPARTED_B,01052500
190719075439,TAG_ARRIVED_B,01052500
190719075439,STARTCOOP_SUCCESS,01816200_01052500
190719075439,TAG_DEPARTED_A,01816200
190719075440,TAG_ARRIVED_A,01816200
190719075440,STARTCOOP_SUCCESS,01052500_01816200
190719075442,TAG_DEPARTED_A,01816200
190719075452,ENDCOOP_SUCCESS,01052500_
190719075452,TAG_DEPARTED_B,01052500
190719075453,TAG_ARRIVED_B,01052500
190719075453,SOLO_SUCCESS,01052500
190719075455,TAG_DEPARTED_B,01052500
190719075500,TAG_ARRIVED_B,01052500
190719075500,SOLO_SUCCESS,01052500
190719075505,TAG_ARRIVED_A,01047700
190719075507,TAG_MISSING_A,01047700
190719075507,SOLO_SUCCESS,01047700
190719075507,TAG_DEPARTED_B,01052500
190719075508,TAG_ARRIVED_B,01052500
190719075508,SOLO_SUCCESS,01052500
190719075510,TAG_DEPARTED_B,01052500
190719075512,TAG_ARRIVED_B,01052500
190719075513,SOLO_SUCCESS,01052500
190719075513,TAG_DEPARTED_A,01047700
190719075514,TAG_ARRIVED_A,01047700
190719075516,TAG_MISSING_A,01047700
190719075516,SOLO_SUCCESS,01047700
190719075516,TAG_DEPARTED_B,01052500
190719075517,TAG_ARRIVED_B,01052500
190719075517,SOLO_SUCCESS,01052500
190719075520,TAG_DEPARTED_B,01052500
190719075521,TAG_ARRIVED_B,01052500
190719075521,SOLO_SUCCESS,01052500
190719075525,TAG_DEPARTED_A,01047700
190719075525,TAG_ARRIVED_A,01047700
190719075526,TAG_MISSING_A,01047700
190719075527,SOLO_SUCCESS,01047700
190719075527,TAG_DEPARTED_A,01047700
190719075527,TAG_ARRIVED_A,01047700
190719075529,TAG_MISSING_A,01047700
190719075529,SOLO_SUCCESS,01047700
190719075529,TAG_DEPARTED_A,01047700
190719075530,TAG_ARRIVED_A,01047700
190719075531,TAG_MISSING_A,01047700
190719075531,SOLO_SUCCESS,01047700
190719075532,TAG_DEPARTED_B,01052500
190719075532,TAG_DEPARTED_A,01047700
190719075533,TAG_ARRIVED_B,01052500
190719075533,SOLO_SUCCESS,01052500
190719075534,TAG_ARRIVED_A,01047700
190719075535,TAG_MISSING_A,01047700
190719075535,SOLO_SUCCESS,01047700
190719075536,TAG_DEPARTED_A,01047700
190719075537,TAG_ARRIVED_A,01047700
190719075539,TAG_MISSING_A,01047700
190719075539,SOLO_SUCCESS,01047700
190719075539,TAG_DEPARTED_B,01052500
190719075540,TAG_ARRIVED_B,01052500
190719075540,SOLO_SUCCESS,01052500
190719075542,TAG_DEPARTED_B,01052500
190719075551,TAG_ARRIVED_B,01052500
190719075551,SOLO_SUCCESS,01052500
190719075555,TAG_DEPARTED_B,01052500
190719075559,TAG_ARRIVED_B,01052500
190719075600,SOLO_SUCCESS,01052500
190719075603,TAG_DEPARTED_A,01047700
190719075604,TAG_ARRIVED_A,01047700
190719075606,TAG_MISSING_A,01047700
190719075606,SOLO_SUCCESS,01047700
190719075606,TAG_DEPARTED_B,01052500
190719075606,TAG_DEPARTED_A,01047700
190719075607,TAG_ARRIVED_B,01052500
190719075607,SOLO_SUCCESS,01052500
190719075607,TAG_ARRIVED_A,01047700
190719075609,TAG_MISSING_A,01047700
190719075609,SOLO_SUCCESS,01047700
190719075609,TAG_DEPARTED_B,01052500
190719075612,TAG_DEPARTED_A,01047700
190719075613,TAG_ARRIVED_A,01047700
190719075614,TAG_MISSING_A,01047700
190719075614,SOLO_SUCCESS,01047700
190719075617,TAG_ARRIVED_B,01052500
190719075617,SOLO_SUCCESS,01052500
190719075619,TAG_DEPARTED_B,01052500
190719075623,TAG_ARRIVED_B,01052500
190719075624,SOLO_SUCCESS,01052500
190719075625,TAG_DEPARTED_B,01052500
190719075629,TAG_DEPARTED_A,01047700
190719075636,TAG_ARRIVED_B,01052500
190719075636,SOLO_SUCCESS,01052500
190719075640,TAG_DEPARTED_B,01052500
190719075642,TAG_ARRIVED_B,01052500
190719075642,SOLO_SUCCESS,01052500
190719075646,TAG_DEPARTED_B,01052500
190719075714,TAG_ARRIVED_B,01052500
190719075714,SOLO_SUCCESS,01052500
190719075717,TAG_DEPARTED_B,01052500
190719075723,TAG_ARRIVED_B,01052500
190719075723,SOLO_SUCCESS,01052500
190719075725,TAG_DEPARTED_B,01052500
190719075750,TAG_ARRIVED_B,01052500
190719075751,SOLO_SUCCESS,01052500
190719075751,TAG_ARRIVED_A,0104d700
190719075752,STARTCOOP_SUCCESS,01052500_0104d700
190719075754,ENDCOOP_SUCCESS,01052500_0104d700
190719075755,TAG_DEPARTED_B,01052500
190719075756,TAG_ARRIVED_B,01816200
190719075757,STARTCOOP_SUCCESS,0104d700_01816200
190719075758,TAG_ARRIVED_B,01052500
190719075758,STARTCOOP_SUCCESS,0104d700_01052500
190719075805,ENDCOOP_SUCCESS,01052500_0104d700
190719075806,TAG_DEPARTED_B,01052500
190719075807,TAG_DEPARTED_A,0104d700
190719075807,TAG_ARRIVED_B,01816200
190719075808,SOLO_SUCCESS,01816200
190719075828,TAG_DEPARTED_B,01816200
190719075829,TAG_ARRIVED_B,01816200
190719075830,SOLO_SUCCESS,01816200
190719075831,TAG_DEPARTED_B,01816200
190719075834,TAG_ARRIVED_B,01816200
190719075834,SOLO_SUCCESS,01816200
190719075839,TAG_ARRIVED_A,0104d700
190719075839,STARTCOOP_SUCCESS,01816200_0104d700
190719075842,ENDCOOP_SUCCESS,01816200_0104d700
190719075842,TAG_DEPARTED_B,01816200
190719075842,TAG_ARRIVED_B,01816200
190719075843,STARTCOOP_SUCCESS,0104d700_01816200
190719075843,TAG_DEPARTED_A,0104d700
190719075844,TAG_ARRIVED_A,0104d700
190719075844,STARTCOOP_SUCCESS,01816200_0104d700
190719075846,ENDCOOP_SUCCESS,01816200_0104d700
190719075846,TAG_DEPARTED_B,01816200
190719075846,TAG_ARRIVED_B,01816200
190719075847,STARTCOOP_SUCCESS,0104d700_01816200
190719075848,TAG_DEPARTED_A,0104d700
190719075848,TAG_ARRIVED_A,0104d700
190719075848,STARTCOOP_SUCCESS,01816200_0104d700
190719075850,TAG_DEPARTED_A,0104d700
190719075851,ENDCOOP_SUCCESS,01816200_
190719075851,TAG_DEPARTED_B,01816200
190719075851,TAG_ARRIVED_A,0104d700
190719075852,SOLO_SUCCESS,0104d700
190719075853,TAG_DEPARTED_A,0104d700
190719075858,TAG_ARRIVED_B,0101c700
190719075859,SOLO_SUCCESS,0101c700
190719075900,TAG_ARRIVED_A,0104d700
190719075901,STARTCOOP_FAIL,0101c700_0104d700
190719075901,ENDCOOP_FAIL,0101c700_0104d700
190719075902,TAG_DEPARTED_B,0101c700
190719075908,TAG_ARRIVED_B,0101c700
190719075909,STARTCOOP_FAIL,0104d700_0101c700
190719075915,ENDCOOP_FAIL,0101c700_0104d700
190719075916,TAG_DEPARTED_B,0101c700
190719075917,TAG_ARRIVED_B,0101c700
190719075918,STARTCOOP_FAIL,0104d700_0101c700
190719075919,ENDCOOP_FAIL,0101c700_0104d700
190719075919,TAG_DEPARTED_B,0101c700
190719075936,TAG_DEPARTED_A,0104d700
190719075937,TAG_ARRIVED_B,0101c700
190719075938,SOLO_FAIL,0101c700
190719075945,TAG_ARRIVED_A,0101c700
190719075946,SOLO_FAIL,0101c700
190719075947,ENDCOOP_FAIL,0101c700_0101c700
190719075947,TAG_DEPARTED_B,0101c700
190719075948,TAG_ARRIVED_B,0101e800
190719075949,TAG_MISSING_B,0101e800
190719075949,SOLO_FAIL,0101e800
190719075950,ENDCOOP_FAIL,0101e800_0101c700
190719075950,TAG_DEPARTED_B,0101e800
190719075950,TAG_ARRIVED_B,0104d700
190719075951,STARTCOOP_FAIL,0101c700_0104d700
190719075955,ENDCOOP_FAIL,0104d700_0101c700
190719075956,TAG_DEPARTED_B,0104d700
190719080002,TAG_ARRIVED_B,0104d700
190719080002,STARTCOOP_FAIL,0101c700_0104d700
190719080020,ENDCOOP_FAIL,0104d700_0101c700
190719080020,TAG_DEPARTED_B,0104d700
190719080023,TAG_DEPARTED_A,0101c700
190719080026,TAG_ARRIVED_B,0101c700
190719080027,SOLO_FAIL,0101c700
190719080028,ENDCOOP_FAIL,0101c700_
190719080029,TAG_DEPARTED_B,0101c700
190719080034,TAG_ARRIVED_B,0101c700
190719080035,SOLO_FAIL,0101c700
190719080036,TAG_ARRIVED_A,0101e800
190719080037,TAG_MISSING_A,0101e800
190719080038,SOLO_FAIL,0101e800
190719080038,TAG_DEPARTED_A,0101e800
190719080038,TAG_ARRIVED_A,0101e800
190719080040,TAG_MISSING_A,0101e800
190719080040,SOLO_FAIL,0101e800
190719080040,TAG_DEPARTED_B,0101c700
190719080041,TAG_DEPARTED_A,0101e800
190719080041,TAG_ARRIVED_B,0101c700
190719080042,SOLO_FAIL,0101c700
190719080043,TAG_ARRIVED_A,0101e800
190719080044,TAG_MISSING_A,0101e800
190719080044,SOLO_FAIL,0101e800
190719080044,ENDCOOP_FAIL,0101c700_0101e800
190719080045,TAG_DEPARTED_B,0101c700
190719080045,TAG_ARRIVED_B,0101c700
190719080046,SOLO_FAIL,0101c700
190719080046,TAG_DEPARTED_A,0101e800
190719080047,TAG_ARRIVED_A,0101e800
190719080048,TAG_MISSING_A,0101e800
190719080048,SOLO_FAIL,0101e800
190719080048,ENDCOOP_FAIL,0101c700_0101e800
190719080048,TAG_DEPARTED_B,0101c700
190719080101,TAG_ARRIVED_B,0101c700
190719080102,SOLO_FAIL,0101c700
190719080103,TAG_ARRIVED_A,13e80200
190719080104,TAG_MISSING_A,13e80200
190719080104,SOLO_FAIL,13e80200
190719080105,TAG_ARRIVED_A,13c70100
190719080106,TAG_MISSING_A,13c70100
190719080106,SOLO_FAIL,13c70100
190719080107,TAG_DEPARTED_B,0101c700
190719080107,TAG_ARRIVED_A,0101e800
190719080108,TAG_MISSING_A,0101e800
190719080108,SOLO_FAIL,0101e800
190719080109,TAG_DEPARTED_A,0101e800
190719080109,TAG_ARRIVED_B,0101c700
190719080110,SOLO_FAIL,0101c700
190719080110,TAG_ARRIVED_A,0101e800
190719080111,TAG_MISSING_A,0101e800
190719080112,SOLO_FAIL,0101e800
190719080112,TAG_DEPARTED_B,0101c700
190719080112,TAG_DEPARTED_A,0101e800
190719080113,TAG_ARRIVED_A,0101e800
190719080114,TAG_MISSING_A,0101e800
190719080114,SOLO_FAIL,0101e800
190719080115,TAG_DEPARTED_A,0101e800
190719080115,TAG_ARRIVED_B,0101c700
190719080116,SOLO_FAIL,0101c700
190719080116,TAG_ARRIVED_A,0101e800
190719080117,TAG_MISSING_A,0101e800
190719080118,SOLO_FAIL,0101e800
190719080118,TAG_DEPARTED_B,0101c700
190719080118,TAG_DEPARTED_A,0101e800
190719080119,TAG_ARRIVED_A,0101e800
190719080120,TAG_MISSING_A,0101e800
190719080120,SOLO_FAIL,0101e800
190719080120,TAG_DEPARTED_A,0101e800
190719080121,TAG_ARRIVED_B,0101c700
190719080122,SOLO_FAIL,0101c700
190719080122,TAG_ARRIVED_A,0101e800
190719080123,TAG_MISSING_A,0101e800
190719080123,SOLO_FAIL,0101e800
190719080124,TAG_DEPARTED_B,0101c700
190719080124,TAG_DEPARTED_A,0101e800
190719080124,TAG_ARRIVED_B,0101c700
190719080125,SOLO_FAIL,0101c700
190719080126,TAG_ARRIVED_A,0101e800
190719080127,TAG_MISSING_A,0101e800
190719080128,SOLO_FAIL,0101e800
190719080128,ENDCOOP_FAIL,0101c700_0101e800
190719080128,TAG_DEPARTED_B,0101c700
190719080130,TAG_ARRIVED_B,0101c700
190719080131,SOLO_FAIL,0101c700
190719080132,ENDCOOP_FAIL,0101c700_0101e800
190719080132,TAG_DEPARTED_B,0101c700
190719080143,TAG_DEPARTED_A,0101e800
190719080156,TAG_ARRIVED_B,0101c700
190719080157,SOLO_FAIL,0101c700
190719080158,ENDCOOP_FAIL,0101c700_
190719080158,TAG_DEPARTED_B,0101c700
190719080200,TAG_ARRIVED_B,0101c700
190719080200,SOLO_FAIL,0101c700
190719080202,ENDCOOP_FAIL,0101c700_
190719080202,TAG_DEPARTED_B,0101c700
190719080202,LOCKOUT_ENDED,
190719080206,TAG_ARRIVED_B,0101c700
190719080207,SOLO_SUCCESS,0101c700
190719080235,TAG_DEPARTED_B,0101c700
190719080236,TAG_ARRIVED_A,0101c700
190719080236,SOLO_SUCCESS,0101c700
190719080237,TAG_DEPARTED_A,0101c700
190719080245,TAG_ARRIVED_A,0101c700
190719080246,SOLO_SUCCESS,0101c700
190719080342,TAG_DEPARTED_A,0101c700
190719080350,TAG_ARRIVED_A,0101c700
190719080351,SOLO_SUCCESS,0101c700
190719080409,TAG_DEPARTED_A,0101c700
190719080417,TAG_ARRIVED_A,0101c700
190719080418,SOLO_SUCCESS,0101c700
190719080423,TAG_DEPARTED_A,0101c700
190719080424,TAG_ARRIVED_A,0101c700
190719080425,SOLO_SUCCESS,0101c700
190719080430,TAG_DEPARTED_A,0101c700
190719080430,TAG_ARRIVED_A,0101c700
190719080431,SOLO_SUCCESS,0101c700
190719080432,TAG_DEPARTED_A,0101c700
190719080451,TAG_ARRIVED_A,0101c700
190719080452,SOLO_SUCCESS,0101c700
190719080527,TAG_ARRIVED_A,01bcc000
190719080529,TAG_MISSING_A,01bcc000
190719080529,SOLO_SUCCESS,01bcc000
190719080539,TAG_DEPARTED_A,01bcc000
190719080542,TAG_ARRIVED_A,013d7200
190719080542,SOLO_SUCCESS,013d7200
190719080545,TAG_DEPARTED_A,013d7200
190719080547,TAG_ARRIVED_A,013d7200
190719080547,SOLO_SUCCESS,013d7200
190719080548,TAG_ARRIVED_B,0101c700
190719080549,STARTCOOP_FAIL,013d7200_0101c700
190719080550,ENDCOOP_FAIL,0101c700_013d7200
190719080550,TAG_DEPARTED_B,0101c700
190719080550,TAG_DEPARTED_A,013d7200
190719080553,TAG_ARRIVED_A,01037b00
190719080554,SOLO_FAIL,01037b00
190719080555,TAG_DEPARTED_A,01037b00
190719080558,TAG_ARRIVED_B,01037b00
190719080559,SOLO_FAIL,01037b00
190719080600,ENDCOOP_FAIL,01037b00_
190719080600,TAG_DEPARTED_B,01037b00
190719080621,TAG_ARRIVED_A,0104d700
190719080622,SOLO_FAIL,0104d700
190719080638,TAG_DEPARTED_A,0104d700
190719080638,TAG_ARRIVED_B,01052500
190719080639,SOLO_FAIL,01052500
190719080642,ENDCOOP_FAIL,01052500_
190719080642,TAG_DEPARTED_B,01052500
190719080643,TAG_ARRIVED_B,01052500
190719080643,SOLO_FAIL,01052500
190719080645,ENDCOOP_FAIL,01052500_
190719080645,TAG_DEPARTED_B,01052500
190719080649,TAG_ARRIVED_B,01052500
190719080649,SOLO_FAIL,01052500
190719080651,ENDCOOP_FAIL,01052500_
190719080651,TAG_DEPARTED_B,01052500
190719080703,TAG_ARRIVED_B,01052500
190719080704,SOLO_FAIL,01052500
190719080708,ENDCOOP_FAIL,01052500_
190719080708,TAG_DEPARTED_B,01052500
190719080712,TAG_ARRIVED_B,01052500
190719080712,SOLO_FAIL,01052500
190719080722,TAG_ARRIVED_B,013d7200
190719080722,SOLO_FAIL,013d7200
190719080726,TAG_ARRIVED_A,01052500
190719080726,STARTCOOP_SUCCESS,013d7200_01052500
190719080729,ENDCOOP_SUCCESS,013d7200_01052500
190719080729,TAG_DEPARTED_B,013d7200
190719080730,TAG_DEPARTED_A,01052500
190719080731,TAG_ARRIVED_B,013d7200
190719080731,SOLO_FAIL,013d7200
190719080733,ENDCOOP_FAIL,013d7200_
190719080733,TAG_DEPARTED_B,013d7200
190719080749,LOCKOUT_ENDED,
190719080754,TAG_ARRIVED_B,01052500
190719080754,SOLO_SUCCESS,01052500
190719080757,TAG_DEPARTED_B,01052500
190719080757,TAG_ARRIVED_B,01052500
190719080758,SOLO_SUCCESS,01052500
190719080806,TAG_DEPARTED_B,01052500
190719080806,TAG_ARRIVED_B,01052500
190719080806,SOLO_SUCCESS,01052500
190719080809,TAG_DEPARTED_B,01052500
190719080811,TAG_ARRIVED_B,01052500
190719080811,SOLO_SUCCESS,01052500
190719080844,TAG_DEPARTED_B,01052500
190719080844,TAG_ARRIVED_B,01052500
190719080844,SOLO_SUCCESS,01052500
190719080850,TAG_DEPARTED_B,01052500
190719080851,TAG_ARRIVED_B,01052500
190719080852,SOLO_SUCCESS,01052500
190719080856,TAG_DEPARTED_B,01052500
190719080857,TAG_ARRIVED_B,01052500
190719080858,SOLO_SUCCESS,01052500
190719080901,TAG_DEPARTED_B,01052500
190719080902,TAG_ARRIVED_B,01052500
190719080902,SOLO_SUCCESS,01052500
190719080904,TAG_DEPARTED_B,01052500
190719080909,TAG_ARRIVED_B,01052500
190719080910,SOLO_SUCCESS,01052500
190719080910,TAG_ARRIVED_A,0101b400
190719080911,STARTCOOP_FAIL,01052500_0101b400
190719080912,TAG_DEPARTED_A,0101b400
190719080912,TAG_ARRIVED_A,0101b400
190719080913,STARTCOOP_FAIL,01052500_0101b400
190719080945,ENDCOOP_FAIL,01052500_0101b400
190719080945,TAG_DEPARTED_B,01052500
190719080950,TAG_ARRIVED_B,01052500
190719080950,STARTCOOP_FAIL,0101b400_01052500
190719081014,TAG_ARRIVED_B,01816200
190719081015,STARTCOOP_FAIL,0101b400_01816200
190719081030,TAG_DEPARTED_A,0101b400
190719081031,TAG_ARRIVED_A,0101bb00
190719081032,STARTCOOP_FAIL,01816200_0101bb00
190719081033,ENDCOOP_FAIL,01816200_0101bb00
190719081033,TAG_DEPARTED_B,01816200
190719081035,TAG_ARRIVED_B,01052500
190719081036,STARTCOOP_FAIL,0101bb00_01052500
190719081037,TAG_DEPARTED_A,0101bb00
190719081038,TAG_ARRIVED_A,0101bb00
190719081039,STARTCOOP_FAIL,01052500_0101bb00
190719081041,TAG_DEPARTED_A,0101bb00
190719081045,TAG_ARRIVED_A,0101bb00
190719081046,STARTCOOP_FAIL,01052500_0101bb00
190719081046,ENDCOOP_FAIL,01052500_0101bb00
190719081046,TAG_DEPARTED_B,01052500
190719081048,TAG_ARRIVED_B,01052500
190719081049,STARTCOOP_FAIL,0101bb00_01052500
190719081056,TAG_DEPARTED_A,0101bb00
190719081058,TAG_ARRIVED_A,0101bb00
190719081059,STARTCOOP_FAIL,01052500_0101bb00
190719081059,ENDCOOP_FAIL,01052500_0101bb00
190719081100,TAG_DEPARTED_B,01052500
190719081113,TAG_ARRIVED_B,0104d700
190719081113,STARTCOOP_FAIL,0101bb00_0104d700
190719081121,TAG_DEPARTED_A,0101bb00
190719081145,TAG_ARRIVED_A,0101bb00
190719081146,STARTCOOP_FAIL,0104d700_0101bb00
190719081153,ENDCOOP_FAIL,0104d700_0101bb00
190719081153,TAG_DEPARTED_B,0104d700
190719081154,TAG_ARRIVED_B,0104d700
190719081154,STARTCOOP_FAIL,0101bb00_0104d700
190719081215,ENDCOOP_FAIL,0104d700_0101bb00
190719081215,TAG_DEPARTED_B,0104d700
190719081228,TAG_ARRIVED_B,0101e800
190719081229,TAG_MISSING_B,0101e800
190719081229,SOLO_FAIL,0101e800
190719081230,ENDCOOP_FAIL,0101e800_0101bb00
190719081230,TAG_DEPARTED_B,0101e800
190719081230,TAG_DEPARTED_A,0101bb00
190719081231,TAG_ARRIVED_B,0101e800
190719081232,TAG_MISSING_B,0101e800
190719081232,SOLO_FAIL,0101e800
190719081233,ENDCOOP_FAIL,0101e800_
190719081233,TAG_DEPARTED_B,0101e800
190719081233,TAG_ARRIVED_B,0101e800
190719081235,TAG_MISSING_B,0101e800
190719081235,SOLO_FAIL,0101e800
190719081235,TAG_ARRIVED_A,0101bb00
190719081236,SOLO_FAIL,0101bb00
190719081245,TAG_DEPARTED_A,0101bb00
190719081246,TAG_ARRIVED_A,0101bb00
190719081247,SOLO_FAIL,0101bb00
190719081307,TAG_DEPARTED_A,0101bb00
190719081330,ENDCOOP_FAIL,0101e800_
190719081331,TAG_DEPARTED_B,0101e800
190719081331,TAG_ARRIVED_A,0101e800
190719081332,TAG_MISSING_A,0101e800
190719081333,SOLO_FAIL,0101e800
190719081339,TAG_ARRIVED_B,01052500
190719081340,SOLO_FAIL,01052500
190719081350,TAG_DEPARTED_A,0101e800
190719081354,LOCKOUT_ENDED,
190719081355,TAG_ARRIVED_A,0101c700
190719081356,STARTCOOP_FAIL,01052500_0101c700
190719081404,TAG_DEPARTED_A,0101c700
190719081419,ENDCOOP_FAIL,01052500_
190719081419,TAG_DEPARTED_B,01052500
190719081420,TAG_ARRIVED_B,01052500
190719081421,SOLO_FAIL,01052500
190719081430,ENDCOOP_FAIL,01052500_
190719081430,TAG_DEPARTED_B,01052500
190719081438,TAG_ARRIVED_A,0101c700
190719081439,SOLO_FAIL,0101c700
190719081440,TAG_ARRIVED_A,01cc7900
190719081441,TAG_MISSING_A,01cc7900
190719081442,SOLO_FAIL,01cc7900
190719081505,TAG_DEPARTED_A,01cc7900
190719081509,TAG_ARRIVED_A,0104d700
190719081509,SOLO_FAIL,0104d700
190719081513,TAG_DEPARTED_A,0104d700
190719081525,TAG_ARRIVED_B,01052500
190719081526,SOLO_FAIL,01052500
190719081529,ENDCOOP_FAIL,01052500_
190719081529,TAG_DEPARTED_B,01052500
190719081529,TAG_ARRIVED_A,01052500
190719081530,SOLO_FAIL,01052500
190719081535,TAG_ARRIVED_B,01047700
190719081537,TAG_MISSING_B,01047700
190719081537,SOLO_FAIL,01047700
190719081537,ENDCOOP_FAIL,01047700_01052500
190719081538,TAG_DEPARTED_B,01047700
190719081538,TAG_DEPARTED_A,01052500
190719081538,TAG_ARRIVED_B,01047700
190719081540,TAG_MISSING_B,01047700
190719081540,SOLO_FAIL,01047700
190719081540,ENDCOOP_FAIL,01047700_
190719081541,TAG_DEPARTED_B,01047700
190719081541,TAG_ARRIVED_A,01052500
190719081541,SOLO_FAIL,01052500
190719081542,TAG_ARRIVED_B,01047700
190719081544,TAG_MISSING_B,01047700
190719081544,SOLO_FAIL,01047700
190719081544,ENDCOOP_FAIL,01047700_01052500
190719081545,TAG_DEPARTED_B,01047700
190719081545,TAG_DEPARTED_A,01052500
190719081545,TAG_ARRIVED_B,01047700
190719081547,TAG_MISSING_B,01047700
190719081547,SOLO_FAIL,01047700
190719081547,ENDCOOP_FAIL,01047700_
190719081548,TAG_DEPARTED_B,01047700
190719081548,TAG_ARRIVED_A,01052500
190719081549,SOLO_FAIL,01052500
190719081550,TAG_ARRIVED_B,01047700
190719081551,TAG_MISSING_B,01047700
190719081551,SOLO_FAIL,01047700
190719081551,ENDCOOP_FAIL,01047700_01052500
190719081552,TAG_DEPARTED_B,01047700
190719081552,TAG_DEPARTED_A,01052500
190719081553,TAG_ARRIVED_B,01047700
190719081554,TAG_MISSING_B,01047700
190719081554,SOLO_FAIL,01047700
190719081555,ENDCOOP_FAIL,01047700_
190719081555,TAG_DEPARTED_B,01047700
190719081555,TAG_ARRIVED_A,01052500
190719081556,SOLO_FAIL,01052500
190719081556,LOCKOUT_ENDED,
190719081556,TAG_ARRIVED_B,01047700
190719081558,TAG_MISSING_B,01047700
190719081558,SOLO_SUCCESS,01047700
190719081558,TAG_DEPARTED_A,01052500
190719081601,TAG_ARRIVED_A,01052500
190719081602,SOLO_SUCCESS,01052500
190719081605,TAG_DEPARTED_A,01052500
190719081605,TAG_ARRIVED_A,01052500
190719081606,SOLO_SUCCESS,01052500
190719081609,TAG_DEPARTED_B,01047700
190719081610,TAG_ARRIVED_B,01047700
190719081612,TAG_MISSING_B,01047700
190719081612,SOLO_SUCCESS,01047700
190719081612,TAG_DEPARTED_B,01047700
190719081613,TAG_DEPARTED_A,01052500
190719081613,TAG_ARRIVED_B,01047700
190719081615,TAG_MISSING_B,01047700
190719081615,SOLO_SUCCESS,01047700
190719081615,TAG_ARRIVED_A,01052500
190719081616,SOLO_SUCCESS,01052500
190719081616,TAG_DEPARTED_B,01047700
190719081616,TAG_DEPARTED_A,01052500
190719081617,TAG_ARRIVED_B,01047700
190719081618,TAG_MISSING_B,01047700
190719081618,SOLO_SUCCESS,01047700
190719081619,TAG_ARRIVED_A,01052500
190719081619,SOLO_SUCCESS,01052500
190719081619,TAG_DEPARTED_B,01047700
190719081620,TAG_DEPARTED_A,01052500
190719081620,TAG_ARRIVED_B,01047700
190719081622,TAG_MISSING_B,01047700
190719081622,SOLO_SUCCESS,01047700
190719081622,TAG_ARRIVED_A,01052500
190719081623,SOLO_SUCCESS,01052500
190719081623,TAG_DEPARTED_B,01047700
190719081623,TAG_ARRIVED_B,01047700
190719081625,TAG_MISSING_B,01047700
190719081625,SOLO_SUCCESS,01047700
190719081625,TAG_DEPARTED_B,01047700
190719081626,TAG_DEPARTED_A,01052500
190719081626,TAG_ARRIVED_B,01047700
190719081628,TAG_MISSING_B,01047700
190719081628,SOLO_SUCCESS,01047700
190719081628,TAG_ARRIVED_A,01052500
190719081629,SOLO_SUCCESS,01052500
190719081629,TAG_DEPARTED_B,01047700
190719081629,TAG_DEPARTED_A,01052500
190719081630,TAG_ARRIVED_B,01047700
190719081631,TAG_MISSING_B,01047700
190719081631,SOLO_SUCCESS,01047700
190719081632,TAG_ARRIVED_A,01052500
190719081632,SOLO_SUCCESS,01052500
190719081632,TAG_DEPARTED_B,01047700
190719081633,TAG_DEPARTED_A,01052500
190719081633,TAG_ARRIVED_B,01047700
190719081634,TAG_MISSING_B,01047700
190719081635,SOLO_SUCCESS,01047700
190719081635,TAG_ARRIVED_A,01052500
190719081635,SOLO_SUCCESS,01052500
190719081636,TAG_DEPARTED_B,01047700
190719081636,TAG_DEPARTED_A,01052500
190719081637,TAG_ARRIVED_B,01047700
190719081638,TAG_MISSING_B,01047700
190719081638,SOLO_SUCCESS,01047700
190719081638,TAG_DEPARTED_B,01047700
190719081639,TAG_ARRIVED_A,01052500
190719081639,SOLO_SUCCESS,01052500
190719081640,TAG_ARRIVED_B,01047700
190719081641,TAG_MISSING_B,01047700
190719081641,SOLO_SUCCESS,01047700
190719081641,TAG_DEPARTED_A,01052500
190719081647,TAG_ARRIVED_A,01052500
190719081647,SOLO_SUCCESS,01052500
190719081651,TAG_DEPARTED_A,01052500
190719081651,TAG_ARRIVED_A,01052500
190719081651,SOLO_SUCCESS,01052500
190719081652,TAG_DEPARTED_B,01047700
190719081656,TAG_ARRIVED_B,01047700
190719081657,TAG_MISSING_B,01047700
190719081657,SOLO_SUCCESS,01047700
190719081658,TAG_DEPARTED_B,01047700
190719081659,TAG_ARRIVED_B,01047700
190719081701,TAG_MISSING_B,01047700
190719081701,SOLO_SUCCESS,01047700
190719081701,TAG_DEPARTED_B,01047700
190719081703,TAG_ARRIVED_B,01047700
190719081705,TAG_MISSING_B,01047700
190719081705,SOLO_SUCCESS,01047700
190719081705,TAG_DEPARTED_B,01047700
190719081706,TAG_DEPARTED_A,01052500
190719081706,TAG_ARRIVED_B,01047700
190719081707,TAG_MISSING_B,01047700
190719081708,SOLO_SUCCESS,01047700
190719081708,TAG_DEPARTED_B,01047700
190719081708,TAG_ARRIVED_B,01047700
190719081710,TAG_MISSING_B,01047700
190719081710,SOLO_SUCCESS,01047700
190719081711,TAG_DEPARTED_B,01047700
190719081711,TAG_ARRIVED_B,01047700
190719081713,TAG_MISSING_B,01047700
190719081713,SOLO_SUCCESS,01047700
190719081713,TAG_ARRIVED_A,01052500
190719081714,SOLO_SUCCESS,01052500
190719081714,TAG_DEPARTED_B,01047700
190719081715,TAG_ARRIVED_B,01047700
190719081716,TAG_MISSING_B,01047700
190719081717,SOLO_SUCCESS,01047700
190719081717,TAG_DEPARTED_B,01047700
190719081718,TAG_ARRIVED_B,01047700
190719081719,TAG_MISSING_B,01047700
190719081719,SOLO_SUCCESS,01047700
190719081720,TAG_DEPARTED_B,01047700
190719081720,TAG_DEPARTED_A,01052500
190719081720,TAG_ARRIVED_B,01047700
190719081722,TAG_MISSING_B,01047700
190719081722,SOLO_SUCCESS,01047700
190719081722,TAG_ARRIVED_A,01052500
190719081723,SOLO_SUCCESS,01052500
190719081723,TAG_DEPARTED_B,01047700
190719081723,TAG_DEPARTED_A,01052500
190719081724,TAG_ARRIVED_B,01047700
190719081725,TAG_MISSING_B,01047700
190719081726,SOLO_SUCCESS,01047700
190719081726,TAG_DEPARTED_B,01047700
190719081726,TAG_ARRIVED_B,01047700
190719081728,TAG_MISSING_B,01047700
190719081728,SOLO_SUCCESS,01047700
190719081733,TAG_ARRIVED_A,01052500
190719081734,SOLO_SUCCESS,01052500
190719081735,TAG_DEPARTED_B,01047700
190719081736,TAG_ARRIVED_B,01047700
190719081737,TAG_MISSING_B,01047700
190719081738,SOLO_SUCCESS,01047700
190719081738,TAG_DEPARTED_A,01052500
190719081738,TAG_ARRIVED_A,01052500
190719081739,SOLO_SUCCESS,01052500
190719081739,TAG_DEPARTED_B,01047700
190719081739,TAG_ARRIVED_B,01047700
190719081741,TAG_MISSING_B,01047700
190719081741,SOLO_SUCCESS,01047700
190719081741,TAG_DEPARTED_A,01052500
190719081742,TAG_ARRIVED_A,01052500
190719081742,SOLO_SUCCESS,01052500
190719081837,TAG_DEPARTED_A,01052500
190719081839,TAG_ARRIVED_A,01052500
190719081839,SOLO_SUCCESS,01052500
190719081844,TAG_DEPARTED_B,01047700
190719081846,TAG_ARRIVED_B,01047700
190719081848,TAG_MISSING_B,01047700
190719081848,SOLO_SUCCESS,01047700
190719081848,TAG_DEPARTED_B,01047700
190719081849,TAG_DEPARTED_A,01052500
190719081849,TAG_ARRIVED_B,01047700
190719081851,TAG_MISSING_B,01047700
190719081851,SOLO_SUCCESS,01047700
190719081851,TAG_ARRIVED_A,01052500
190719081852,SOLO_SUCCESS,01052500
190719081852,TAG_DEPARTED_B,01047700
190719081852,TAG_DEPARTED_A,01052500
190719081853,TAG_ARRIVED_B,01047700
190719081854,TAG_MISSING_B,01047700
190719081854,SOLO_SUCCESS,01047700
190719081855,TAG_ARRIVED_A,01052500
190719081855,SOLO_SUCCESS,01052500
190719081855,TAG_DEPARTED_B,01047700
190719081856,TAG_DEPARTED_A,01052500
190719081856,TAG_ARRIVED_B,01047700
190719081858,TAG_MISSING_B,01047700
190719081858,SOLO_SUCCESS,01047700
190719081858,TAG_ARRIVED_A,01052500
190719081858,SOLO_SUCCESS,01052500
190719081859,TAG_DEPARTED_B,01047700
190719081859,TAG_DEPARTED_A,01052500
190719081900,TAG_ARRIVED_B,01047700
190719081901,TAG_MISSING_B,01047700
190719081901,SOLO_SUCCESS,01047700
190719081902,TAG_ARRIVED_A,01052500
190719081902,SOLO_SUCCESS,01052500
190719081913,TAG_DEPARTED_A,01052500
190719081942,TAG_DEPARTED_B,01047700
190719081944,TAG_ARRIVED_B,01047700
190719081945,TAG_MISSING_B,01047700
190719081945,SOLO_SUCCESS,01047700
190719081951,TAG_ARRIVED_A,01052500
190719081952,SOLO_SUCCESS,01052500
190719082008,TAG_DEPARTED_B,01047700
190719082014,TAG_ARRIVED_B,01047700
190719082016,TAG_MISSING_B,01047700
190719082016,SOLO_SUCCESS,01047700
190719082016,TAG_DEPARTED_B,01047700
190719082017,TAG_DEPARTED_A,01052500
190719082017,TAG_ARRIVED_B,01047700
190719082018,TAG_MISSING_B,01047700
190719082019,SOLO_SUCCESS,01047700
190719082019,TAG_ARRIVED_A,01052500
190719082019,SOLO_SUCCESS,01052500
190719082020,TAG_DEPARTED_B,01047700
190719082020,TAG_DEPARTED_A,01052500
190719082020,TAG_ARRIVED_B,01047700
190719082022,TAG_MISSING_B,01047700
190719082022,SOLO_SUCCESS,01047700
190719082022,TAG_ARRIVED_A,01052500
190719082023,SOLO_SUCCESS,01052500
190719082023,TAG_DEPARTED_B,01047700
190719082023,TAG_DEPARTED_A,01052500
190719082024,TAG_ARRIVED_B,01047700
190719082025,TAG_MISSING_B,01047700
190719082026,SOLO_SUCCESS,01047700
190719082026,TAG_ARRIVED_A,01052500
190719082026,SOLO_SUCCESS,01052500
190719082026,TAG_DEPARTED_B,01047700
190719082027,TAG_DEPARTED_A,01052500
190719082027,TAG_ARRIVED_B,01047700
190719082029,TAG_MISSING_B,01047700
190719082029,SOLO_SUCCESS,01047700
190719082029,TAG_ARRIVED_A,01052500
190719082030,SOLO_SUCCESS,01052500
190719082030,TAG_DEPARTED_B,01047700
190719082030,TAG_DEPARTED_A,01052500
190719082031,TAG_ARRIVED_B,01047700
190719082032,TAG_MISSING_B,01047700
190719082033,SOLO_SUCCESS,01047700
190719082033,TAG_DEPARTED_B,01047700
190719082033,TAG_ARRIVED_B,01047700
190719082035,TAG_MISSING_B,01047700
190719082035,SOLO_SUCCESS,01047700
190719082035,TAG_ARRIVED_A,01052500
190719082036,SOLO_SUCCESS,01052500
190719082036,TAG_DEPARTED_B,01047700
190719082037,TAG_ARRIVED_B,01047700
190719082038,TAG_MISSING_B,01047700
190719082038,SOLO_SUCCESS,01047700
190719082039,TAG_DEPARTED_B,01047700
190719082039,TAG_DEPARTED_A,01052500
190719082040,TAG_ARRIVED_B,01047700
190719082041,TAG_MISSING_B,01047700
190719082041,SOLO_SUCCESS,01047700
190719082041,TAG_ARRIVED_A,01052500
190719082042,SOLO_SUCCESS,01052500
190719082042,TAG_DEPARTED_B,01047700
190719082043,TAG_DEPARTED_A,01052500
190719082043,TAG_ARRIVED_B,01047700
190719082044,TAG_MISSING_B,01047700
190719082045,SOLO_SUCCESS,01047700
190719082045,TAG_ARRIVED_A,01052500
190719082045,SOLO_SUCCESS,01052500
190719082046,TAG_DEPARTED_B,01047700
190719082046,TAG_DEPARTED_A,01052500
190719082046,TAG_ARRIVED_B,01047700
190719082048,TAG_MISSING_B,01047700
190719082048,SOLO_SUCCESS,01047700
190719082048,TAG_ARRIVED_A,01052500
190719082049,SOLO_SUCCESS,01052500
190719082049,TAG_DEPARTED_B,01047700
190719082049,TAG_DEPARTED_A,01052500
190719082050,TAG_ARRIVED_B,01047700
190719082051,TAG_MISSING_B,01047700
190719082052,SOLO_SUCCESS,01047700
190719082052,TAG_ARRIVED_A,01052500
190719082052,SOLO_SUCCESS,01052500
190719082052,TAG_DEPARTED_B,01047700
190719082056,TAG_ARRIVED_B,01047700
190719082057,TAG_MISSING_B,01047700
190719082057,SOLO_SUCCESS,01047700
190719082058,TAG_DEPARTED_B,01047700
190719082058,TAG_DEPARTED_A,01052500
190719082058,TAG_ARRIVED_B,01047700
190719082100,TAG_MISSING_B,01047700
190719082100,SOLO_SUCCESS,01047700
190719082100,TAG_ARRIVED_A,01052500
190719082101,SOLO_SUCCESS,01052500
190719082101,TAG_DEPARTED_B,01047700
190719082101,TAG_DEPARTED_A,01052500
190719082102,TAG_ARRIVED_B,01047700
190719082103,TAG_MISSING_B,01047700
190719082104,SOLO_SUCCESS,01047700
190719082104,TAG_ARRIVED_A,01052500
190719082104,SOLO_SUCCESS,01052500
190719082104,TAG_DEPARTED_B,01047700
190719082105,TAG_DEPARTED_A,01052500
190719082105,TAG_ARRIVED_B,01047700
190719082107,TAG_MISSING_B,01047700
190719082107,SOLO_SUCCESS,01047700
190719082107,TAG_ARRIVED_A,01052500
190719082108,SOLO_SUCCESS,01052500
190719082108,TAG_DEPARTED_B,01047700
190719082108,TAG_DEPARTED_A,01052500
190719082109,TAG_ARRIVED_B,01047700
190719082110,TAG_MISSING_B,01047700
190719082110,SOLO_SUCCESS,01047700
190719082201,TAG_DEPARTED_B,01047700
190719082201,TAG_ARRIVED_A,01047700
190719082203,TAG_MISSING_A,01047700
190719082203,SOLO_SUCCESS,01047700
190719082203,TAG_DEPARTED_A,01047700
190719082208,TAG_ARRIVED_A,01047700
190719082209,TAG_MISSING_A,01047700
190719082209,SOLO_SUCCESS,01047700
190719082210,TAG_DEPARTED_A,01047700
190719082216,TAG_ARRIVED_B,01052500
190719082216,SOLO_SUCCESS,01052500
190719082242,TAG_DEPARTED_B,01052500
190719082336,TAG_ARRIVED_A,01047700
190719082338,TAG_MISSING_A,01047700
190719082338,SOLO_SUCCESS,01047700
190719082355,TAG_DEPARTED_A,01047700
190719082409,TAG_ARRIVED_A,01047700
190719082410,TAG_MISSING_A,01047700
190719082410,SOLO_SUCCESS,01047700
190719082414,TAG_DEPARTED_A,01047700
190719082429,TAG_ARRIVED_A,01047700
190719082431,TAG_MISSING_A,01047700
190719082431,SOLO_SUCCESS,01047700
190719082557,TAG_DEPARTED_A,01047700
190719082626,TAG_ARRIVED_A,01047700
190719082628,TAG_MISSING_A,01047700
190719082628,SOLO_SUCCESS,01047700
190719082745,TAG_DEPARTED_A,01047700
190719082747,TAG_ARRIVED_A,01047700
190719082749,TAG_MISSING_A,01047700
190719082749,SOLO_SUCCESS,01047700
190719082750,TAG_DEPARTED_A,01047700
190719082751,TAG_ARRIVED_A,01047700
190719082752,TAG_MISSING_A,01047700
190719082752,SOLO_SUCCESS,01047700
190719082753,TAG_DEPARTED_A,01047700
190719082808,TAG_ARRIVED_A,01047700
190719082810,TAG_MISSING_A,01047700
190719082810,SOLO_SUCCESS,01047700
190719082814,TAG_DEPARTED_A,01047700
190719082815,TAG_ARRIVED_B,01047700
190719082816,TAG_MISSING_B,01047700
190719082816,SOLO_SUCCESS,01047700
190719082817,TAG_DEPARTED_B,01047700
190719082818,TAG_ARRIVED_B,01047700
190719082819,TAG_MISSING_B,01047700
190719082819,SOLO_SUCCESS,01047700
190719082833,TAG_ARRIVED_A,01052500
190719082833,SOLO_SUCCESS,01052500
190719082856,TAG_DEPARTED_A,01052500
190719082957,TAG_ARRIVED_A,01052500
190719082958,SOLO_SUCCESS,01052500
190719083002,TAG_DEPARTED_A,01052500
190719083035,TAG_ARRIVED_A,01052500
190719083035,SOLO_SUCCESS,01052500
190719083037,TAG_DEPARTED_A,01052500
190719083051,TAG_DEPARTED_B,01047700
190719083117,TAG_ARRIVED_B,01047700
190719083118,TAG_MISSING_B,01047700
190719083118,SOLO_SUCCESS,01047700
190719083119,TAG_DEPARTED_B,01047700
190719083120,TAG_ARRIVED_B,01047700
190719083121,TAG_MISSING_B,01047700
190719083122,SOLO_SUCCESS,01047700
190719083122,TAG_DEPARTED_B,01047700
190719083140,TAG_ARRIVED_A,01052500
190719083140,SOLO_SUCCESS,01052500
190719083142,TAG_ARRIVED_B,01047700
190719083143,TAG_MISSING_B,01047700
190719083143,SOLO_SUCCESS,01047700
190719083143,TAG_DEPARTED_A,01052500
190719083147,TAG_DEPARTED_B,01047700
190719083147,TAG_ARRIVED_A,01052500
190719083148,SOLO_SUCCESS,01052500
190719083159,TAG_DEPARTED_A,01052500
190719083219,TAG_ARRIVED_A,01052500
190719083219,SOLO_SUCCESS,01052500
190719083257,TAG_DEPARTED_A,01052500
190719083257,TAG_ARRIVED_A,01052500
190719083258,SOLO_SUCCESS,01052500
190719083259,TAG_DEPARTED_A,01052500
190719083334,TAG_ARRIVED_A,0104a600
190719083335,SOLO_SUCCESS,0104a600
190719083336,TAG_DEPARTED_A,0104a600
190719083338,TAG_ARRIVED_B,01015b00
190719083339,TAG_MISSING_B,01015b00
190719083340,SOLO_SUCCESS,01015b00
190719083343,TAG_DEPARTED_B,01015b00
190719083355,TAG_ARRIVED_A,01037b00
190719083356,SOLO_SUCCESS,01037b00
190719083411,TAG_DEPARTED_A,01037b00
190719083413,TAG_ARRIVED_A,01037b00
190719083414,SOLO_SUCCESS,01037b00
190719083427,TAG_DEPARTED_A,01037b00
190719083540,TAG_ARRIVED_B,01037b00
190719083541,SOLO_SUCCESS,01037b00
190719083542,TAG_DEPARTED_B,01037b00
190719083543,TAG_ARRIVED_A,01052500
190719083543,SOLO_SUCCESS,01052500
190719083552,TAG_DEPARTED_A,01052500
190719083552,TAG_ARRIVED_A,01052500
190719083552,SOLO_SUCCESS,01052500
190719083600,TAG_DEPARTED_A,01052500
190719083603,TAG_ARRIVED_A,01052500
190719083604,SOLO_SUCCESS,01052500
190719083617,TAG_DEPARTED_A,01052500
190719083623,TAG_ARRIVED_A,01052500
190719083624,SOLO_SUCCESS,01052500
190719083627,TAG_DEPARTED_A,01052500
190719083640,TAG_ARRIVED_A,01052500
190719083640,SOLO_SUCCESS,01052500
190719083642,TAG_DEPARTED_A,01052500
190719083643,TAG_ARRIVED_A,01052500
190719083643,SOLO_SUCCESS,01052500
190719083649,TAG_DEPARTED_A,01052500
190719083654,TAG_ARRIVED_A,01052500
190719083654,SOLO_SUCCESS,01052500
190719083657,TAG_DEPARTED_A,01052500
190719083701,TAG_ARRIVED_A,01052500
190719083702,SOLO_SUCCESS,01052500
190719083704,TAG_DEPARTED_A,01052500
190719083713,TAG_ARRIVED_A,01052500
190719083713,SOLO_SUCCESS,01052500
190719083715,TAG_DEPARTED_A,01052500
190719083715,TAG_ARRIVED_A,01052500
190719083716,SOLO_SUCCESS,01052500
190719083725,TAG_ARRIVED_A,01031800
190719083725,SOLO_SUCCESS,01031800
190719083727,TAG_DEPARTED_A,01031800
190719083728,TAG_ARRIVED_A,01037b00
190719083729,SOLO_SUCCESS,01037b00
190719083917,TAG_DEPARTED_A,01037b00
190719084019,TAG_ARRIVED_A,01052500
190719084019,SOLO_SUCCESS,01052500
190719084448,TAG_DEPARTED_A,01052500
190719093101,TAG_ARRIVED_A,019f7200
190719093101,SOLO_SUCCESS,019f7200
190719093107,TAG_DEPARTED_A,019f7200
190719093315,TAG_ARRIVED_A,019f7200
190719093315,SOLO_SUCCESS,019f7200
190719093532,TAG_DEPARTED_A,019f7200
190719094617,TAG_ARRIVED_B,0101d100
190719094618,TAG_MISSING_B,0101d100
190719094619,SOLO_SUCCESS,0101d100
190719094809,TAG_DEPARTED_B,0101d100
190719094843,TAG_ARRIVED_A,0139d100
190719094844,SOLO_SUCCESS,0139d100
190719094845,TAG_ARRIVED_B,01783900
190719094846,STARTCOOP_SUCCESS,0139d100_01783900
190719094847,ENDCOOP_SUCCESS,01783900_0139d100
190719094847,TAG_DEPARTED_B,01783900
190719094848,TAG_DEPARTED_A,0139d100
