190611051120,START_EXPERIMENT,
190611055110,TAG_ARRIVED_B,01026c00
190611055111,SOLO_SUCCESS,01026c00
190611055114,TAG_DEPARTED_B,01026c00
190611055327,TAG_ARRIVED_B,01026c00
190611055328,SOLO_SUCCESS,01026c00
190611055331,TAG_DEPARTED_B,01026c00
190611055453,TAG_ARRIVED_B,01da8200
190611055454,SOLO_SUCCESS,01da8200
190611055455,TAG_DEPARTED_B,01da8200
190611055522,TAG_ARRIVED_B,013d7200
190611055522,SOLO_SUCCESS,013d7200
190611055524,TAG_DEPARTED_B,013d7200
190611055536,TAG_ARRIVED_B,013d7200
190611055536,SOLO_SUCCESS,013d7200
190611055538,TAG_DEPARTED_B,013d7200
190611055545,TAG_ARRIVED_B,013d7200
190611055545,SOLO_SUCCESS,013d7200
190611055547,TAG_DEPARTED_B,013d7200
190611055600,TAG_ARRIVED_B,01cbb800
190611055601,SOLO_SUCCESS,01cbb800
190611055609,TAG_ARRIVED_B,01da8200
190611055610,SOLO_SUCCESS,01da8200
190611055611,TAG_DEPARTED_B,01da8200
190611055638,TAG_ARRIVED_B,01cbb800
190611055639,SOLO_SUCCESS,01cbb800
190611055642,TAG_DEPARTED_B,01cbb800
190611055700,TAG_ARRIVED_B,01c00300
190611055701,SOLO_SUCCESS,01c00300
190611055703,TAG_DEPARTED_B,01c00300
190611055703,TAG_ARRIVED_B,01c00300
190611055704,SOLO_SUCCESS,01c00300
190611055705,TAG_DEPARTED_B,01c00300
190611055749,TAG_ARRIVED_B,01c00300
190611055750,SOLO_SUCCESS,01c00300
190611055751,TAG_DEPARTED_B,01c00300
190611055752,TAG_ARRIVED_B,01c00300
190611055753,SOLO_SUCCESS,01c00300
190611055756,TAG_DEPARTED_B,01c00300
190611055759,TAG_ARRIVED_B,01c00300
190611055800,SOLO_SUCCESS,01c00300
190611055804,TAG_DEPARTED_B,01c00300
190611055813,TAG_ARRIVED_B,01c00300
190611055814,SOLO_SUCCESS,01c00300
190611055823,TAG_DEPARTED_B,01c00300
190611055823,TAG_ARRIVED_B,01c00300
190611055824,SOLO_SUCCESS,01c00300
190611055839,TAG_DEPARTED_B,01c00300
190611055840,TAG_ARRIVED_B,01c00300
190611055841,SOLO_SUCCESS,01c00300
190611055904,TAG_ARRIVED_B,0103ed00
190611055905,SOLO_SUCCESS,0103ed00
190611055906,TAG_DEPARTED_B,0103ed00
190611055908,TAG_ARRIVED_B,0103ed00
190611055908,SOLO_SUCCESS,0103ed00
190611055910,TAG_DEPARTED_B,0103ed00
190611055910,TAG_ARRIVED_B,0103ed00
190611055911,SOLO_SUCCESS,0103ed00
190611055913,TAG_DEPARTED_B,0103ed00
190611055913,TAG_ARRIVED_B,0103ed00
190611055913,SOLO_SUCCESS,0103ed00
190611055916,TAG_DEPARTED_B,0103ed00
190611055917,TAG_ARRIVED_B,01e01400
190611055918,SOLO_SUCCESS,01e01400
190611055919,TAG_DEPARTED_B,01e01400
190611055937,TAG_ARRIVED_B,01e01400
190611055938,SOLO_SUCCESS,01e01400
190611055939,TAG_DEPARTED_B,01e01400
190611055941,TAG_ARRIVED_B,01e01400
190611055942,SOLO_SUCCESS,01e01400
190611055955,TAG_DEPARTED_B,01e01400
190611060001,TAG_ARRIVED_B,01c00300
190611060002,SOLO_SUCCESS,01c00300
190611060008,TAG_ARRIVED_B,0103ed00
190611060008,SOLO_SUCCESS,0103ed00
190611060018,TAG_DEPARTED_B,0103ed00
190611060019,TAG_ARRIVED_B,0103ed00
190611060020,SOLO_SUCCESS,0103ed00
190611060023,TAG_DEPARTED_B,0103ed00
190611060023,TAG_ARRIVED_B,0103ed00
190611060023,SOLO_SUCCESS,0103ed00
190611060026,TAG_DEPARTED_B,0103ed00
190611060030,TAG_ARRIVED_B,0103ed00
190611060031,SOLO_SUCCESS,0103ed00
190611060035,TAG_DEPARTED_B,0103ed00
190611060200,TAG_ARRIVED_B,01471d00
190611060200,SOLO_SUCCESS,01471d00
190611060202,TAG_DEPARTED_B,01471d00
190611060204,TAG_ARRIVED_B,01471d00
190611060205,SOLO_SUCCESS,01471d00
190611060206,TAG_DEPARTED_B,01471d00
190611060213,TAG_ARRIVED_B,0102d400
190611060214,SOLO_SUCCESS,0102d400
190611060215,TAG_DEPARTED_B,0102d400
190611060328,TAG_ARRIVED_B,01cbb800
190611060329,SOLO_SUCCESS,01cbb800
190611060331,TAG_DEPARTED_B,01cbb800
190611060338,TAG_ARRIVED_B,01cbb800
190611060339,SOLO_SUCCESS,01cbb800
190611060341,TAG_DEPARTED_B,01cbb800
190611060349,TAG_ARRIVED_B,01cbb800
190611060350,SOLO_SUCCESS,01cbb800
190611060355,TAG_DEPARTED_B,01cbb800
190611060357,TAG_ARRIVED_B,01cbb800
190611060358,SOLO_SUCCESS,01cbb800
190611060359,TAG_DEPARTED_B,01cbb800
190611060400,TAG_ARRIVED_B,01cbb800
190611060401,SOLO_SUCCESS,01cbb800
190611060403,TAG_DEPARTED_B,01cbb800
190611060406,TAG_ARRIVED_B,01cbb800
190611060407,SOLO_SUCCESS,01cbb800
190611060410,TAG_DEPARTED_B,01cbb800
190611060419,TAG_ARRIVED_B,013d7200
190611060420,SOLO_SUCCESS,013d7200
190611060421,TAG_DEPARTED_B,013d7200
190611060426,TAG_ARRIVED_B,013d7200
190611060426,SOLO_SUCCESS,013d7200
190611060430,TAG_DEPARTED_B,013d7200
190611060433,TAG_ARRIVED_B,013d7200
190611060434,SOLO_SUCCESS,013d7200
190611060441,TAG_DEPARTED_B,013d7200
190611060450,TAG_ARRIVED_B,013d7200
190611060451,SOLO_SUCCESS,013d7200
190611060454,TAG_DEPARTED_B,013d7200
190611060458,TAG_ARRIVED_B,013d7200
190611060458,SOLO_SUCCESS,013d7200
190611060500,TAG_DEPARTED_B,013d7200
190611060502,TAG_ARRIVED_B,013d7200
190611060502,SOLO_SUCCESS,013d7200
190611060504,TAG_ARRIVED_A,1038600
190611060505,STARTCOOP_FAIL,013d7200_01038600
190611060507,ENDCOOP_FAIL,013d7200_01038600
190611060507,TAG_DEPARTED_B,013d7200
190611060508,TAG_DEPARTED_A,1038600
190611060624,TAG_ARRIVED_B,01cbb800
190611060625,SOLO_FAIL,01cbb800
190611060631,ENDCOOP_FAIL,01cbb800_
190611060631,TAG_DEPARTED_B,01cbb800
190611060632,TAG_ARRIVED_B,01cbb800
190611060633,SOLO_FAIL,01cbb800
190611060636,ENDCOOP_FAIL,01cbb800_
190611060636,TAG_DEPARTED_B,01cbb800
190611060650,TAG_ARRIVED_A,018feb00
190611060651,SOLO_FAIL,018feb00
190611060653,TAG_DEPARTED_A,018feb00
190611060706,LOCKOUT_ENDED,
190611060925,TAG_ARRIVED_A,018ef600
190611060926,SOLO_SUCCESS,018ef600
190611060935,TAG_DEPARTED_A,018ef600
190611060936,TAG_ARRIVED_A,018ef600
190611060937,SOLO_SUCCESS,018ef600
190611060949,TAG_DEPARTED_A,018ef600
190611061439,TAG_ARRIVED_A,01026c00
190611061440,SOLO_SUCCESS,01026c00
190611061445,TAG_ARRIVED_B,01026c00
190611061446,SOLO_SUCCESS,01026c00
190611061446,TAG_DEPARTED_A,01026c00
190611061518,TAG_DEPARTED_B,01026c00
190611061518,TAG_ARRIVED_A,01026c00
190611061519,SOLO_SUCCESS,01026c00
190611061524,TAG_DEPARTED_A,01026c00
190611061524,TAG_ARRIVED_A,01026c00
190611061525,SOLO_SUCCESS,01026c00
190611061526,TAG_DEPARTED_A,01026c00
190611061527,TAG_ARRIVED_B,01026c00
190611061528,SOLO_SUCCESS,01026c00
190611061537,TAG_DEPARTED_B,01026c00
190611061541,TAG_ARRIVED_B,0102d900
190611061542,SOLO_SUCCESS,0102d900
190611061546,TAG_DEPARTED_B,0102d900
190611061546,TAG_ARRIVED_B,0102d900
190611061547,SOLO_SUCCESS,0102d900
190611061551,TAG_ARRIVED_A,0102ee00
190611061552,STARTCOOP_SUCCESS,0102d900_0102ee00
190611061552,ENDCOOP_SUCCESS,0102d900_0102ee00
190611061552,TAG_DEPARTED_B,0102d900
190611061553,TAG_ARRIVED_B,0102d900
190611061554,STARTCOOP_SUCCESS,0102ee00_0102d900
190611061554,TAG_DEPARTED_A,0102ee00
190611061555,ENDCOOP_SUCCESS,0102d900_
190611061555,TAG_DEPARTED_B,0102d900
190611062322,TAG_ARRIVED_A,018ef600
190611062323,SOLO_SUCCESS,018ef600
190611062324,TAG_DEPARTED_A,018ef600
190611062326,TAG_ARRIVED_A,018ef600
190611062327,SOLO_SUCCESS,018ef600
190611062331,TAG_DEPARTED_A,018ef600
190611062335,TAG_ARRIVED_A,018ef600
190611062336,SOLO_SUCCESS,018ef600
190611062348,TAG_DEPARTED_A,018ef600
190611062351,TAG_ARRIVED_A,018ef600
190611062352,SOLO_SUCCESS,018ef600
190611062354,TAG_DEPARTED_A,018ef600
190611062355,TAG_ARRIVED_A,018ef600
190611062356,SOLO_SUCCESS,018ef600
190611062402,TAG_DEPARTED_A,018ef600
190611062404,TAG_ARRIVED_A,018ef600
190611062405,SOLO_SUCCESS,018ef600
190611062418,TAG_DEPARTED_A,018ef600
190611062419,TAG_ARRIVED_B,018ef600
190611062420,SOLO_SUCCESS,018ef600
190611062426,TAG_DEPARTED_B,018ef600
190611062517,TAG_ARRIVED_A,01e01400
190611062518,SOLO_SUCCESS,01e01400
190611062519,TAG_DEPARTED_A,01e01400
190611062617,TAG_ARRIVED_B,01037b00
190611062618,SOLO_SUCCESS,01037b00
190611062622,TAG_DEPARTED_B,01037b00
190611062624,TAG_ARRIVED_B,01037b00
190611062625,SOLO_SUCCESS,01037b00
190611062630,TAG_DEPARTED_B,01037b00
190611062630,TAG_ARRIVED_B,01037b00
190611062631,SOLO_SUCCESS,01037b00
190611062632,TAG_DEPARTED_B,01037b00
190611062633,TAG_ARRIVED_B,01037b00
190611062634,SOLO_SUCCESS,01037b00
190611062635,TAG_DEPARTED_B,01037b00
190611062636,TAG_ARRIVED_B,01037b00
190611062637,SOLO_SUCCESS,01037b00
190611062638,TAG_DEPARTED_B,01037b00
190611062639,TAG_ARRIVED_B,01037b00
190611062640,SOLO_SUCCESS,01037b00
190611062642,TAG_DEPARTED_B,01037b00
190611062642,TAG_ARRIVED_B,01037b00
190611062643,SOLO_SUCCESS,01037b00
190611062648,TAG_DEPARTED_B,01037b00
190611062648,TAG_ARRIVED_B,01037b00
190611062649,SOLO_SUCCESS,01037b00
190611062655,TAG_ARRIVED_B,01e01400
190611062656,SOLO_SUCCESS,01e01400
190611062703,TAG_DEPARTED_B,01e01400
190611062708,TAG_ARRIVED_A,018ef600
190611062709,SOLO_SUCCESS,018ef600
190611062710,TAG_DEPARTED_A,018ef600
190611062715,TAG_ARRIVED_B,018ef600
190611062716,SOLO_SUCCESS,018ef600
190611062717,TAG_DEPARTED_B,018ef600
190611062722,TAG_ARRIVED_B,01037b00
190611062723,SOLO_SUCCESS,01037b00
190611062726,TAG_DEPARTED_B,01037b00
190611062823,TAG_ARRIVED_A,01037b00
190611062824,SOLO_SUCCESS,01037b00
190611062827,TAG_DEPARTED_A,01037b00
190611062831,TAG_ARRIVED_A,01037b00
190611062832,SOLO_SUCCESS,01037b00
190611062835,TAG_DEPARTED_A,01037b00
190611062847,TAG_ARRIVED_B,01037b00
190611062848,SOLO_SUCCESS,01037b00
190611062852,TAG_DEPARTED_B,01037b00
190611062900,TAG_ARRIVED_B,01037b00
190611062901,SOLO_SUCCESS,01037b00
190611062905,TAG_DEPARTED_B,01037b00
190611062922,TAG_ARRIVED_B,01037b00
190611062922,SOLO_SUCCESS,01037b00
190611062925,TAG_DEPARTED_B,01037b00
190611062926,TAG_ARRIVED_B,01037b00
190611062927,SOLO_SUCCESS,01037b00
190611062931,TAG_DEPARTED_B,01037b00
190611062931,TAG_ARRIVED_B,01037b00
190611062932,SOLO_SUCCESS,01037b00
190611062946,TAG_DEPARTED_B,01037b00
190611062947,TAG_ARRIVED_B,01037b00
190611062948,SOLO_SUCCESS,01037b00
190611062949,TAG_DEPARTED_B,01037b00
190611062952,TAG_ARRIVED_B,01037b00
190611062952,SOLO_SUCCESS,01037b00
190611062957,TAG_DEPARTED_B,01037b00
190611062957,TAG_ARRIVED_B,01037b00
190611062958,SOLO_SUCCESS,01037b00
190611062959,TAG_DEPARTED_B,01037b00
190611063003,TAG_ARRIVED_B,01037b00
190611063004,SOLO_SUCCESS,01037b00
190611063007,TAG_DEPARTED_B,01037b00
190611063010,TAG_ARRIVED_B,01037b00
190611063011,SOLO_SUCCESS,01037b00
190611063013,TAG_DEPARTED_B,01037b00
190611063017,TAG_ARRIVED_B,01037b00
190611063018,SOLO_SUCCESS,01037b00
190611063022,TAG_DEPARTED_B,01037b00
190611063025,TAG_ARRIVED_B,01037b00
190611063026,SOLO_SUCCESS,01037b00
190611063027,TAG_DEPARTED_B,01037b00
190611063035,TAG_ARRIVED_B,01037b00
190611063036,SOLO_SUCCESS,01037b00
190611063038,TAG_DEPARTED_B,01037b00
190611063108,TAG_ARRIVED_A,01df6400
190611063109,SOLO_SUCCESS,01df6400
190611063111,TAG_DEPARTED_A,01df6400
190611063214,TAG_ARRIVED_A,01471d00
190611063214,SOLO_SUCCESS,01471d00
190611063226,TAG_DEPARTED_A,01471d00
190611063359,TAG_ARRIVED_B,01471d00
190611063400,SOLO_SUCCESS,01471d00
190611063402,TAG_DEPARTED_B,01471d00
190611063410,TAG_ARRIVED_B,01471d00
190611063410,SOLO_SUCCESS,01471d00
190611063412,TAG_DEPARTED_B,01471d00
190611064513,TAG_ARRIVED_B,01c00300
190611064514,SOLO_SUCCESS,01c00300
190611064516,TAG_DEPARTED_B,01c00300
190611064519,TAG_ARRIVED_B,01c00300
190611064520,SOLO_SUCCESS,01c00300
190611064526,TAG_DEPARTED_B,01c00300
190611064530,TAG_ARRIVED_B,01c00300
190611064531,SOLO_SUCCESS,01c00300
190611064533,TAG_DEPARTED_B,01c00300
190611064533,TAG_ARRIVED_B,1016400
190611064534,SOLO_SUCCESS,1016400
190611064535,TAG_ARRIVED_B,01c00300
190611064536,SOLO_SUCCESS,01c00300
190611064543,TAG_DEPARTED_B,01c00300
190611064545,TAG_ARRIVED_B,01c00300
190611064545,SOLO_SUCCESS,01c00300
190611064552,TAG_ARRIVED_A,1016400
190611064552,STARTCOOP_FAIL,01c00300_01016400
190611064603,TAG_DEPARTED_A,1016400
190611064630,ENDCOOP_FAIL,01c00300_
190611064631,TAG_DEPARTED_B,01c00300
190611064648,TAG_ARRIVED_B,01c00300
190611064649,SOLO_FAIL,01c00300
190611064710,ENDCOOP_FAIL,01c00300_
190611064710,TAG_DEPARTED_B,01c00300
190611064752,LOCKOUT_ENDED,
190611065045,TAG_ARRIVED_B,016f8100
190611065046,SOLO_SUCCESS,016f8100
190611065047,TAG_DEPARTED_B,016f8100
190611065050,TAG_ARRIVED_B,016f8100
190611065051,SOLO_SUCCESS,016f8100
190611065052,TAG_DEPARTED_B,016f8100
190611065056,TAG_ARRIVED_B,016f8100
190611065057,SOLO_SUCCESS,016f8100
190611065104,TAG_ARRIVED_A,016f8100
190611065105,SOLO_SUCCESS,016f8100
190611065105,TAG_DEPARTED_B,016f8100
190611065111,TAG_DEPARTED_A,016f8100
190611065256,TAG_ARRIVED_A,01e01400
190611065257,SOLO_SUCCESS,01e01400
190611065259,TAG_DEPARTED_A,01e01400
190611065259,TAG_ARRIVED_B,01e01400
190611065300,SOLO_SUCCESS,01e01400
190611065301,TAG_DEPARTED_B,01e01400
190611065303,TAG_ARRIVED_B,01e01400
190611065304,SOLO_SUCCESS,01e01400
190611065311,TAG_DEPARTED_B,01e01400
190611065336,TAG_ARRIVED_B,018feb00
190611065337,SOLO_SUCCESS,018feb00
190611065338,TAG_DEPARTED_B,018feb00
190611065805,TAG_ARRIVED_A,01037b00
190611065806,SOLO_SUCCESS,01037b00
190611065807,TAG_ARRIVED_B,01037b00
190611065807,SOLO_SUCCESS,01037b00
190611065808,TAG_DEPARTED_A,01037b00
190611065809,TAG_DEPARTED_B,01037b00
190611065810,TAG_ARRIVED_B,01037b00
190611065810,SOLO_SUCCESS,01037b00
190611065817,TAG_DEPARTED_B,01037b00
190611065818,TAG_ARRIVED_B,01037b00
190611065819,SOLO_SUCCESS,01037b00
190611065824,TAG_DEPARTED_B,01037b00
190611065829,TAG_ARRIVED_B,01037b00
190611065830,SOLO_SUCCESS,01037b00
190611065833,TAG_DEPARTED_B,01037b00
190611065835,TAG_ARRIVED_B,01037b00
190611065836,SOLO_SUCCESS,01037b00
190611065840,TAG_DEPARTED_B,01037b00
190611065851,TAG_ARRIVED_A,01026c00
190611065852,SOLO_SUCCESS,01026c00
190611065852,TAG_ARRIVED_B,01026c00
190611065853,SOLO_SUCCESS,01026c00
190611065853,TAG_DEPARTED_A,01026c00
190611065859,TAG_ARRIVED_A,01037b00
190611065900,STARTCOOP_SUCCESS,01026c00_01037b00
190611065904,ENDCOOP_SUCCESS,01026c00_01037b00
190611065904,TAG_DEPARTED_B,01026c00
190611065920,TAG_ARRIVED_B,01026c00
190611065921,STARTCOOP_SUCCESS,01037b00_01026c00
190611065922,ENDCOOP_SUCCESS,01026c00_01037b00
190611065923,TAG_DEPARTED_B,01026c00
190611065923,TAG_ARRIVED_B,01026c00
190611065924,STARTCOOP_SUCCESS,01037b00_01026c00
190611065924,ENDCOOP_SUCCESS,01026c00_01037b00
190611065925,TAG_DEPARTED_B,01026c00
190611065937,TAG_DEPARTED_A,01037b00
190611065940,TAG_ARRIVED_B,01026c00
190611065941,SOLO_FAIL,01026c00
190611065942,TAG_ARRIVED_A,01037b00
190611065943,STARTCOOP_SUCCESS,01026c00_01037b00
190611065943,ENDCOOP_SUCCESS,01026c00_01037b00
190611065943,TAG_DEPARTED_B,01026c00
190611065948,TAG_DEPARTED_A,01037b00
190611065950,TAG_ARRIVED_A,01037b00
190611065951,SOLO_FAIL,01037b00
190611070002,TAG_ARRIVED_B,01037b00
190611070002,SOLO_FAIL,01037b00
190611070003,TAG_DEPARTED_A,01037b00
190611070004,TAG_ARRIVED_A,01037b00
190611070005,SOLO_FAIL,01037b00
190611070005,ENDCOOP_FAIL,01037b00_01037b00
190611070005,TAG_DEPARTED_B,01037b00
190611070008,TAG_DEPARTED_A,01037b00
190611070020,TAG_ARRIVED_A,01037b00
190611070021,SOLO_FAIL,01037b00
190611070026,TAG_ARRIVED_B,01037b00
190611070027,SOLO_FAIL,01037b00
190611070027,TAG_DEPARTED_A,01037b00
190611070030,TAG_ARRIVED_A,01037b00
190611070031,SOLO_FAIL,01037b00
190611070031,ENDCOOP_FAIL,01037b00_01037b00
190611070031,TAG_DEPARTED_B,01037b00
190611070036,TAG_DEPARTED_A,01037b00
190611070041,TAG_ARRIVED_A,01037b00
190611070042,SOLO_FAIL,01037b00
190611070046,TAG_DEPARTED_A,01037b00
190611070049,TAG_ARRIVED_B,01037b00
190611070050,SOLO_FAIL,01037b00
190611070051,ENDCOOP_FAIL,01037b00_
190611070051,TAG_DEPARTED_B,01037b00
190611070054,TAG_ARRIVED_B,01026c00
190611070055,SOLO_FAIL,01026c00
190611070057,LOCKOUT_ENDED,
190611070103,TAG_ARRIVED_A,01037b00
190611070104,STARTCOOP_SUCCESS,01026c00_01037b00
190611070105,TAG_DEPARTED_A,01037b00
190611070105,TAG_ARRIVED_A,01037b00
190611070106,STARTCOOP_SUCCESS,01026c00_01037b00
190611070109,TAG_DEPARTED_A,01037b00
190611070110,ENDCOOP_SUCCESS,01026c00_
190611070110,TAG_DEPARTED_B,01026c00
190611070113,TAG_ARRIVED_A,01037b00
190611070114,SOLO_SUCCESS,01037b00
190611070115,TAG_DEPARTED_A,01037b00
190611070115,TAG_ARRIVED_B,01026c00
190611070116,SOLO_SUCCESS,01026c00
190611070117,TAG_ARRIVED_A,01037b00
190611070118,STARTCOOP_SUCCESS,01026c00_01037b00
190611070121,ENDCOOP_SUCCESS,01026c00_01037b00
190611070121,TAG_DEPARTED_B,01026c00
190611070124,TAG_DEPARTED_A,01037b00
190611070126,TAG_ARRIVED_A,01037b00
190611070127,SOLO_SUCCESS,01037b00
190611070131,TAG_ARRIVED_B,01026c00
190611070132,STARTCOOP_SUCCESS,01037b00_01026c00
190611070137,ENDCOOP_SUCCESS,01026c00_01037b00
190611070137,TAG_DEPARTED_B,01026c00
190611070139,TAG_ARRIVED_B,01026c00
190611070140,STARTCOOP_SUCCESS,01037b00_01026c00
190611070141,ENDCOOP_SUCCESS,01026c00_01037b00
190611070141,TAG_DEPARTED_B,01026c00
190611070141,TAG_DEPARTED_A,01037b00
190611070145,TAG_ARRIVED_B,01026c00
190611070146,SOLO_SUCCESS,01026c00
190611070146,TAG_ARRIVED_A,01037b00
190611070147,STARTCOOP_SUCCESS,01026c00_01037b00
190611070147,ENDCOOP_SUCCESS,01026c00_01037b00
190611070148,TAG_DEPARTED_B,01026c00
190611070153,TAG_ARRIVED_B,01026c00
190611070154,STARTCOOP_SUCCESS,01037b00_01026c00
190611070154,TAG_DEPARTED_A,01037b00
190611070154,TAG_ARRIVED_A,01037b00
190611070155,STARTCOOP_SUCCESS,01026c00_01037b00
190611070156,ENDCOOP_SUCCESS,01026c00_01037b00
190611070156,TAG_DEPARTED_B,01026c00
190611070159,TAG_DEPARTED_A,01037b00
190611070204,TAG_ARRIVED_A,01037b00
190611070205,SOLO_SUCCESS,01037b00
190611070207,TAG_DEPARTED_A,01037b00
190611070208,TAG_ARRIVED_A,01037b00
190611070209,SOLO_SUCCESS,01037b00
190611070215,TAG_ARRIVED_B,01037b00
190611070216,SOLO_SUCCESS,01037b00
190611070216,TAG_ARRIVED_A,7991800
190611070217,STARTCOOP_FAIL,01037b00_07991800
190611070217,ENDCOOP_FAIL,01037b00_07991800
190611070218,TAG_DEPARTED_B,01037b00
190611070218,TAG_DEPARTED_A,7991800
190611070222,TAG_ARRIVED_A,01037b00
190611070223,SOLO_FAIL,01037b00
190611070224,TAG_DEPARTED_A,01037b00
190611070224,TAG_ARRIVED_A,01037b00
190611070225,SOLO_FAIL,01037b00
190611070228,TAG_ARRIVED_B,01037b00
190611070229,SOLO_FAIL,01037b00
190611070229,TAG_DEPARTED_A,01037b00
190611070230,ENDCOOP_FAIL,01037b00_
190611070230,TAG_DEPARTED_B,01037b00
190611070231,TAG_ARRIVED_A,01037b00
190611070232,SOLO_FAIL,01037b00
190611070236,TAG_DEPARTED_A,01037b00
190611070238,TAG_ARRIVED_A,01037b00
190611070239,SOLO_FAIL,01037b00
190611070303,TAG_DEPARTED_A,01037b00
190611070326,TAG_ARRIVED_B,0102d900
190611070327,SOLO_FAIL,0102d900
190611070331,ENDCOOP_FAIL,0102d900_
190611070331,TAG_DEPARTED_B,0102d900
190611070335,TAG_ARRIVED_B,01026c00
190611070336,SOLO_FAIL,01026c00
190611070338,ENDCOOP_FAIL,01026c00_
190611070338,TAG_DEPARTED_B,01026c00
190611070338,TAG_ARRIVED_B,01026c00
190611070339,SOLO_FAIL,01026c00
190611070341,ENDCOOP_FAIL,01026c00_
190611070341,TAG_DEPARTED_B,01026c00
190611070345,TAG_ARRIVED_B,01026c00
190611070345,SOLO_FAIL,01026c00
190611070347,ENDCOOP_FAIL,01026c00_
190611070347,TAG_DEPARTED_B,01026c00
190611070349,TAG_ARRIVED_B,01026c00
190611070350,SOLO_FAIL,01026c00
190611070354,ENDCOOP_FAIL,01026c00_
190611070354,TAG_DEPARTED_B,01026c00
190611070354,TAG_ARRIVED_B,01026c00
190611070355,SOLO_FAIL,01026c00
190611070357,ENDCOOP_FAIL,01026c00_
190611070357,TAG_DEPARTED_B,01026c00
190611070357,TAG_ARRIVED_B,01026c00
190611070358,SOLO_FAIL,01026c00
190611070401,ENDCOOP_FAIL,01026c00_
190611070401,TAG_DEPARTED_B,01026c00
190611070402,TAG_ARRIVED_B,01026c00
190611070403,SOLO_FAIL,01026c00
190611070412,ENDCOOP_FAIL,01026c00_
190611070412,TAG_DEPARTED_B,01026c00
190611070412,TAG_ARRIVED_B,01026c00
190611070413,SOLO_FAIL,01026c00
190611070417,LOCKOUT_ENDED,
190611070435,TAG_DEPARTED_B,01026c00
190611070436,TAG_ARRIVED_B,01026c00
190611070437,SOLO_SUCCESS,01026c00
190611070439,TAG_DEPARTED_B,01026c00
190611070441,TAG_ARRIVED_A,018feb00
190611070442,SOLO_SUCCESS,018feb00
190611070443,TAG_DEPARTED_A,018feb00
190611070444,TAG_ARRIVED_B,01026c00
190611070445,SOLO_SUCCESS,01026c00
190611070445,TAG_ARRIVED_A,018feb00
190611070446,STARTCOOP_FAIL,01026c00_018feb00
190611070446,TAG_DEPARTED_A,018feb00
190611070502,TAG_ARRIVED_A,018feb00
190611070503,STARTCOOP_FAIL,01026c00_018feb00
190611070503,TAG_DEPARTED_A,018feb00
190611070503,REPLACEMENT,01026c00_018feb00
190611070503,TAG_ARRIVED_A,01026c00
190611070504,SOLO_FAIL,01026c00
190611070504,ENDCOOP_FAIL,01026c00_01026c00
190611070504,TAG_DEPARTED_B,01026c00
190611070508,TAG_ARRIVED_B,01026c00
190611070509,SOLO_FAIL,01026c00
190611070509,TAG_DEPARTED_A,01026c00
190611070537,TAG_ARRIVED_A,01026c00
190611070538,SOLO_FAIL,01026c00
190611070538,ENDCOOP_FAIL,01026c00_01026c00
190611070538,TAG_DEPARTED_B,01026c00
190611070543,TAG_DEPARTED_A,01026c00
190611070544,TAG_ARRIVED_B,01026c00
190611070545,SOLO_FAIL,01026c00
190611070551,TAG_ARRIVED_A,01026c00
190611070552,SOLO_FAIL,01026c00
190611070552,ENDCOOP_FAIL,01026c00_01026c00
190611070553,TAG_DEPARTED_B,01026c00
190611070555,TAG_DEPARTED_A,01026c00
190611070603,TAG_ARRIVED_B,1048000
190611070603,SOLO_FAIL,1048000
190611070606,TAG_ARRIVED_A,1048000
190611070607,SOLO_FAIL,1048000
190611070607,ENDCOOP_FAIL,01048000_01048000
190611070607,TAG_DEPARTED_B,1048000
190611070612,TAG_DEPARTED_A,1048000
190611070626,TAG_ARRIVED_B,018feb00
190611070627,SOLO_FAIL,018feb00
190611070629,ENDCOOP_FAIL,018feb00_
190611070629,TAG_DEPARTED_B,018feb00
190611070638,TAG_ARRIVED_A,013d7200
190611070638,SOLO_FAIL,013d7200
190611070640,TAG_DEPARTED_A,013d7200
190611070640,TAG_ARRIVED_B,01026c00
190611070641,SOLO_FAIL,01026c00
190611070642,TAG_ARRIVED_A,013d7200
190611070643,STARTCOOP_FAIL,01026c00_013d7200
190611070645,TAG_DEPARTED_A,013d7200
190611070645,TAG_ARRIVED_A,013d7200
190611070646,STARTCOOP_FAIL,01026c00_013d7200
190611070647,TAG_ARRIVED_A,01026c00
190611070648,SOLO_FAIL,01026c00
190611070648,ENDCOOP_FAIL,01026c00_01026c00
190611070648,TAG_DEPARTED_B,01026c00
190611070649,TAG_ARRIVED_B,01026c00
190611070650,SOLO_FAIL,01026c00
190611070650,TAG_DEPARTED_A,01026c00
190611070710,ENDCOOP_FAIL,01026c00_
190611070710,TAG_DEPARTED_B,01026c00
190611070715,TAG_ARRIVED_B,01026c00
190611070715,SOLO_FAIL,01026c00
190611070724,ENDCOOP_FAIL,01026c00_
190611070724,TAG_DEPARTED_B,01026c00
190611070725,TAG_ARRIVED_A,01026c00
190611070726,SOLO_FAIL,01026c00
190611070727,TAG_DEPARTED_A,01026c00
190611070727,TAG_ARRIVED_A,01026c00
190611070728,SOLO_FAIL,01026c00
190611070729,TAG_DEPARTED_A,01026c00
190611070730,TAG_ARRIVED_A,01026c00
190611070731,SOLO_FAIL,01026c00
190611070736,TAG_DEPARTED_A,01026c00
190611070737,TAG_ARRIVED_A,01026c00
190611070738,SOLO_FAIL,01026c00
190611070741,TAG_ARRIVED_B,013d7200
190611070742,STARTCOOP_FAIL,01026c00_013d7200
190611070742,TAG_DEPARTED_A,01026c00
190611070742,TAG_ARRIVED_B,01026c00
190611070743,SOLO_FAIL,01026c00
190611070743,TAG_ARRIVED_A,01026c00
190611070744,SOLO_FAIL,01026c00
190611070744,ENDCOOP_FAIL,01026c00_01026c00
190611070744,TAG_DEPARTED_B,01026c00
190611070752,TAG_DEPARTED_A,01026c00
190611070755,TAG_ARRIVED_A,01d18f00
190611070756,SOLO_FAIL,01d18f00
190611070800,TAG_ARRIVED_B,01d18f00
190611070800,SOLO_FAIL,01d18f00
190611070801,TAG_DEPARTED_A,01d18f00
190611070802,TAG_ARRIVED_A,01037b00
190611070803,STARTCOOP_SUCCESS,01d18f00_01037b00
190611070804,TAG_ARRIVED_A,013d7200
190611070804,STARTCOOP_FAIL,01d18f00_013d7200
190611070805,ENDCOOP_FAIL,01d18f00_013d7200
190611070805,TAG_DEPARTED_B,01d18f00
190611070808,TAG_ARRIVED_A,01026c00
190611070809,SOLO_FAIL,01026c00
190611070810,TAG_ARRIVED_B,013d7200
190611070811,STARTCOOP_FAIL,01026c00_013d7200
190611070812,ENDCOOP_FAIL,013d7200_01026c00
190611070813,TAG_DEPARTED_B,013d7200
190611070813,TAG_ARRIVED_B,013d7200
190611070813,STARTCOOP_FAIL,01026c00_013d7200
190611070814,ENDCOOP_FAIL,013d7200_01026c00
190611070815,TAG_DEPARTED_B,013d7200
190611070816,TAG_ARRIVED_B,013d7200
190611070817,STARTCOOP_FAIL,01026c00_013d7200
190611070817,TAG_DEPARTED_A,01026c00
190611070818,TAG_ARRIVED_A,01026c00
190611070819,STARTCOOP_FAIL,013d7200_01026c00
190611070820,ENDCOOP_FAIL,013d7200_01026c00
190611070820,TAG_DEPARTED_B,013d7200
190611070821,TAG_DEPARTED_A,01026c00
190611070821,TAG_ARRIVED_A,01026c00
190611070822,SOLO_FAIL,01026c00
190611070824,TAG_DEPARTED_A,01026c00
190611070828,TAG_ARRIVED_A,01026c00
190611070829,SOLO_FAIL,01026c00
190611070830,TAG_DEPARTED_A,01026c00
190611070834,TAG_ARRIVED_A,01026c00
190611070835,SOLO_FAIL,01026c00
190611070841,TAG_DEPARTED_A,01026c00
190611070843,TAG_ARRIVED_A,01026c00
190611070844,SOLO_FAIL,01026c00
190611070847,TAG_DEPARTED_A,01026c00
190611070854,TAG_ARRIVED_A,01026c00
190611070855,SOLO_FAIL,01026c00
190611070857,TAG_DEPARTED_A,01026c00
190611070900,TAG_ARRIVED_A,01026c00
190611070900,SOLO_FAIL,01026c00
190611070914,TAG_DEPARTED_A,01026c00
190611070915,TAG_ARRIVED_A,01026c00
190611070916,SOLO_FAIL,01026c00
190611070942,TAG_DEPARTED_A,01026c00
190611070943,TAG_ARRIVED_A,01026c00
190611070943,SOLO_FAIL,01026c00
190611070953,TAG_DEPARTED_A,01026c00
190611070956,TAG_ARRIVED_A,01026c00
190611070957,SOLO_FAIL,01026c00
190611071002,TAG_DEPARTED_A,01026c00
190611071005,TAG_ARRIVED_A,01026c00
190611071006,SOLO_FAIL,01026c00
190611071007,TAG_ARRIVED_B,013d7200
190611071007,STARTCOOP_FAIL,01026c00_013d7200
190611071009,TAG_ARRIVED_B,01026c00
190611071010,SOLO_FAIL,01026c00
190611071010,TAG_DEPARTED_A,01026c00
190611071012,TAG_ARRIVED_A,013d7200
190611071012,STARTCOOP_FAIL,01026c00_013d7200
190611071014,TAG_DEPARTED_A,013d7200
190611071014,TAG_ARRIVED_A,01026c00
190611071015,SOLO_FAIL,01026c00
190611071015,ENDCOOP_FAIL,01026c00_01026c00
190611071016,TAG_DEPARTED_B,01026c00
190611071017,TAG_DEPARTED_A,01026c00
190611071017,TAG_ARRIVED_A,01026c00
190611071018,SOLO_FAIL,01026c00
190611071024,TAG_DEPARTED_A,01026c00
190611071028,TAG_ARRIVED_A,01026c00
190611071028,SOLO_FAIL,01026c00
190611071049,TAG_DEPARTED_A,01026c00
190611071050,TAG_ARRIVED_B,01026c00
190611071051,SOLO_FAIL,01026c00
190611071052,ENDCOOP_FAIL,01026c00_
190611071053,TAG_DEPARTED_B,01026c00
190611071053,TAG_ARRIVED_A,01026c00
190611071054,SOLO_FAIL,01026c00
190611071101,TAG_DEPARTED_A,01026c00
190611071212,LOCKOUT_ENDED,
190611071333,TAG_ARRIVED_B,01471d00
190611071333,SOLO_SUCCESS,01471d00
190611071340,TAG_DEPARTED_B,01471d00
190611071341,TAG_ARRIVED_B,01471d00
190611071341,SOLO_SUCCESS,01471d00
190611071344,TAG_DEPARTED_B,01471d00
190611071344,TAG_ARRIVED_B,01471d00
190611071345,SOLO_SUCCESS,01471d00
190611071358,TAG_DEPARTED_B,01471d00
190611071405,TAG_ARRIVED_B,01471d00
190611071405,SOLO_SUCCESS,01471d00
190611071434,TAG_DEPARTED_B,01471d00
190611071442,TAG_ARRIVED_B,01471d00
190611071442,SOLO_SUCCESS,01471d00
190611071443,TAG_ARRIVED_B,01037b00
190611071444,SOLO_SUCCESS,01037b00
190611071445,TAG_DEPARTED_B,01037b00
190611071450,TAG_ARRIVED_B,01037b00
190611071450,SOLO_SUCCESS,01037b00
190611071452,TAG_DEPARTED_B,01037b00
190611071509,TAG_ARRIVED_A,01037b00
190611071510,SOLO_SUCCESS,01037b00
190611071511,TAG_DEPARTED_A,01037b00
190611071512,TAG_ARRIVED_A,01037b00
190611071513,SOLO_SUCCESS,01037b00
190611071514,TAG_DEPARTED_A,01037b00
190611071515,TAG_ARRIVED_A,01037b00
190611071516,SOLO_SUCCESS,01037b00
190611071517,TAG_DEPARTED_A,01037b00
190611071626,TAG_ARRIVED_A,01037b00
190611071627,SOLO_SUCCESS,01037b00
190611071628,TAG_DEPARTED_A,01037b00
190611071634,TAG_ARRIVED_A,01037b00
190611071635,SOLO_SUCCESS,01037b00
190611071636,TAG_DEPARTED_A,01037b00
190611071638,TAG_ARRIVED_A,01037b00
190611071639,SOLO_SUCCESS,01037b00
190611071639,TAG_ARRIVED_B,01471d00
190611071640,STARTCOOP_FAIL,01037b00_01471d00
190611071640,TAG_DEPARTED_A,01037b00
190611071641,ENDCOOP_FAIL,01471d00_
190611071641,TAG_DEPARTED_B,01471d00
190611071642,TAG_ARRIVED_A,01037b00
190611071643,SOLO_FAIL,01037b00
190611071645,TAG_DEPARTED_A,01037b00
190611071645,TAG_ARRIVED_A,01037b00
190611071646,SOLO_FAIL,01037b00
190611071649,TAG_DEPARTED_A,01037b00
190611071651,TAG_ARRIVED_A,01037b00
190611071652,SOLO_FAIL,01037b00
190611071653,TAG_DEPARTED_A,01037b00
190611071655,TAG_ARRIVED_A,01037b00
190611071656,SOLO_FAIL,01037b00
190611071659,TAG_ARRIVED_B,01037b00
190611071700,SOLO_FAIL,01037b00
190611071700,TAG_DEPARTED_A,01037b00
190611071700,TAG_ARRIVED_A,01037b00
190611071701,SOLO_FAIL,01037b00
190611071701,ENDCOOP_FAIL,01037b00_01037b00
190611071702,TAG_DEPARTED_B,01037b00
190611071704,TAG_ARRIVED_B,01037b00
190611071704,SOLO_FAIL,01037b00
190611071705,TAG_DEPARTED_A,01037b00
190611071707,ENDCOOP_FAIL,01037b00_
190611071708,TAG_DEPARTED_B,01037b00
190611071839,LOCKOUT_ENDED,
190611071926,TAG_ARRIVED_A,01037b00
190611071926,SOLO_SUCCESS,01037b00
190611071931,TAG_DEPARTED_A,01037b00
190611071936,TAG_ARRIVED_A,01037b00
190611071937,SOLO_SUCCESS,01037b00
190611071938,TAG_DEPARTED_A,01037b00
190611071946,TAG_ARRIVED_A,01037b00
190611071947,SOLO_SUCCESS,01037b00
190611071948,TAG_DEPARTED_A,01037b00
190611071951,TAG_ARRIVED_A,01037b00
190611071952,SOLO_SUCCESS,01037b00
190611071953,TAG_DEPARTED_A,01037b00
190611071958,TAG_ARRIVED_A,01037b00
190611071959,SOLO_SUCCESS,01037b00
190611072022,TAG_DEPARTED_A,01037b00
190611072338,TAG_ARRIVED_A,013d7200
190611072339,SOLO_SUCCESS,013d7200
190611072342,TAG_DEPARTED_A,013d7200
190611072350,TAG_ARRIVED_A,013d7200
190611072350,SOLO_SUCCESS,013d7200
190611072352,TAG_DEPARTED_A,013d7200
190611072358,TAG_ARRIVED_A,013d7200
190611072359,SOLO_SUCCESS,013d7200
190611072403,TAG_DEPARTED_A,013d7200
190611072405,TAG_ARRIVED_A,013d7200
190611072405,SOLO_SUCCESS,013d7200
190611072407,TAG_DEPARTED_A,013d7200
190611072408,TAG_ARRIVED_A,013d7200
190611072408,SOLO_SUCCESS,013d7200
190611072412,TAG_DEPARTED_A,013d7200
190611072416,TAG_ARRIVED_A,013d7200
190611072416,SOLO_SUCCESS,013d7200
190611072418,TAG_DEPARTED_A,013d7200
190611072421,TAG_ARRIVED_A,013d7200
190611072422,SOLO_SUCCESS,013d7200
190611072425,TAG_DEPARTED_A,013d7200
190611072429,TAG_ARRIVED_A,013d7200
190611072430,SOLO_SUCCESS,013d7200
190611072434,TAG_DEPARTED_A,013d7200
190611072436,TAG_ARRIVED_A,013d7200
190611072437,SOLO_SUCCESS,013d7200
190611072438,TAG_DEPARTED_A,013d7200
190611072550,TAG_ARRIVED_A,0103ed00
190611072550,SOLO_SUCCESS,0103ed00
190611072554,TAG_DEPARTED_A,0103ed00
190611072705,TAG_ARRIVED_A,013d7200
190611072705,SOLO_SUCCESS,013d7200
190611072709,TAG_DEPARTED_A,013d7200
190611072710,TAG_ARRIVED_A,013d7200
190611072710,SOLO_SUCCESS,013d7200
190611072712,TAG_DEPARTED_A,013d7200
190611072732,TAG_ARRIVED_A,01df6400
190611072733,SOLO_SUCCESS,01df6400
190611072734,TAG_DEPARTED_A,01df6400
190611072735,TAG_ARRIVED_A,01df6400
190611072736,SOLO_SUCCESS,01df6400
190611072736,TAG_ARRIVED_B,013d7200
190611072736,STARTCOOP_FAIL,01df6400_013d7200
190611072737,TAG_DEPARTED_A,01df6400
190611072738,ENDCOOP_FAIL,013d7200_
190611072739,TAG_DEPARTED_B,013d7200
190611072800,TAG_ARRIVED_A,01df6400
190611072801,SOLO_FAIL,01df6400
190611072802,TAG_DEPARTED_A,01df6400
190611072802,TAG_ARRIVED_A,01df6400
190611072803,SOLO_FAIL,01df6400
190611072811,TAG_DEPARTED_A,01df6400
190611072813,TAG_ARRIVED_A,01df6400
190611072814,SOLO_FAIL,01df6400
190611072819,TAG_DEPARTED_A,01df6400
190611072937,LOCKOUT_ENDED,
190611072940,TAG_ARRIVED_B,018feb00
190611072941,SOLO_SUCCESS,018feb00
190611072944,TAG_DEPARTED_B,018feb00
190611072956,TAG_ARRIVED_A,018feb00
190611072957,SOLO_SUCCESS,018feb00
190611072958,TAG_DEPARTED_A,018feb00
190611073013,TAG_ARRIVED_A,018feb00
190611073014,SOLO_SUCCESS,018feb00
190611073016,TAG_DEPARTED_A,018feb00
190611073204,TAG_ARRIVED_A,01037b00
190611073205,SOLO_SUCCESS,01037b00
190611073206,TAG_DEPARTED_A,01037b00
190611073226,TAG_ARRIVED_A,01037b00
190611073227,SOLO_SUCCESS,01037b00
190611073240,TAG_DEPARTED_A,01037b00
190611073244,TAG_ARRIVED_A,01037b00
190611073245,SOLO_SUCCESS,01037b00
190611073246,TAG_DEPARTED_A,01037b00
190611073254,TAG_ARRIVED_A,01037b00
190611073255,SOLO_SUCCESS,01037b00
190611073256,TAG_DEPARTED_A,01037b00
190611073302,TAG_ARRIVED_B,01037b00
190611073303,SOLO_SUCCESS,01037b00
190611073317,TAG_DEPARTED_B,01037b00
190611073320,TAG_ARRIVED_B,01037b00
190611073321,SOLO_SUCCESS,01037b00
190611073333,TAG_DEPARTED_B,01037b00
190611073349,TAG_ARRIVED_A,01037b00
190611073350,SOLO_SUCCESS,01037b00
190611073352,TAG_DEPARTED_A,01037b00
190611073352,TAG_ARRIVED_B,01037b00
190611073353,SOLO_SUCCESS,01037b00
190611073355,TAG_DEPARTED_B,01037b00
190611073408,TAG_ARRIVED_B,01037b00
190611073409,SOLO_SUCCESS,01037b00
190611073410,TAG_DEPARTED_B,01037b00
190611073413,TAG_ARRIVED_B,01037b00
190611073414,SOLO_SUCCESS,01037b00
190611073415,TAG_DEPARTED_B,01037b00
190611073416,TAG_ARRIVED_A,01037b00
190611073417,SOLO_SUCCESS,01037b00
190611073419,TAG_DEPARTED_A,01037b00
190611073431,TAG_ARRIVED_B,01037b00
190611073432,SOLO_SUCCESS,01037b00
190611073433,TAG_DEPARTED_B,01037b00
190611073438,TAG_ARRIVED_B,01037b00
190611073439,SOLO_SUCCESS,01037b00
190611073440,TAG_DEPARTED_B,01037b00
190611073441,TAG_ARRIVED_A,01df6400
190611073442,SOLO_SUCCESS,01df6400
190611073443,TAG_DEPARTED_A,01df6400
190611073445,TAG_ARRIVED_A,01df6400
190611073446,SOLO_SUCCESS,01df6400
190611073452,TAG_DEPARTED_A,01df6400
190611073452,TAG_ARRIVED_B,01037b00
190611073453,SOLO_SUCCESS,01037b00
190611073454,TAG_DEPARTED_B,01037b00
190611073455,TAG_ARRIVED_A,01df6400
190611073456,SOLO_SUCCESS,01df6400
190611073456,TAG_ARRIVED_B,01037b00
190611073457,STARTCOOP_SUCCESS,01df6400_01037b00
190611073457,TAG_DEPARTED_A,01df6400
190611073458,TAG_ARRIVED_A,01df6400
190611073459,STARTCOOP_SUCCESS,01037b00_01df6400
190611073500,TAG_DEPARTED_A,01df6400
190611073508,TAG_ARRIVED_A,01df6400
190611073509,STARTCOOP_SUCCESS,01037b00_01df6400
190611073509,ENDCOOP_SUCCESS,01037b00_01df6400
190611073509,TAG_DEPARTED_B,01037b00
190611073510,TAG_ARRIVED_B,01037b00
190611073511,STARTCOOP_SUCCESS,01df6400_01037b00
190611073512,ENDCOOP_SUCCESS,01037b00_01df6400
190611073512,TAG_DEPARTED_B,01037b00
190611073513,TAG_ARRIVED_B,01037b00
190611073514,STARTCOOP_SUCCESS,01df6400_01037b00
190611073514,ENDCOOP_SUCCESS,01037b00_01df6400
190611073514,TAG_DEPARTED_B,01037b00
190611073515,TAG_DEPARTED_A,01df6400
190611073630,TAG_ARRIVED_B,018feb00
190611073631,SOLO_SUCCESS,018feb00
190611073632,TAG_DEPARTED_B,018feb00
190611073650,TAG_ARRIVED_B,01037b00
190611073651,SOLO_SUCCESS,01037b00
190611073652,TAG_DEPARTED_B,01037b00
190611073654,TAG_ARRIVED_A,01037b00
190611073655,SOLO_SUCCESS,01037b00
190611073658,TAG_DEPARTED_A,01037b00
190611073659,TAG_ARRIVED_B,01037b00
190611073700,SOLO_SUCCESS,01037b00
190611073702,TAG_DEPARTED_B,01037b00
190611073708,TAG_ARRIVED_B,01037b00
190611073709,SOLO_SUCCESS,01037b00
190611073710,TAG_DEPARTED_B,01037b00
190611073732,TAG_ARRIVED_B,01037b00
190611073732,SOLO_SUCCESS,01037b00
190611073738,TAG_DEPARTED_B,01037b00
190611073752,TAG_ARRIVED_B,1041100
190611073753,SOLO_SUCCESS,1041100
190611073758,TAG_DEPARTED_B,1041100
190611073835,TAG_ARRIVED_A,018ef600
190611073836,SOLO_SUCCESS,018ef600
190611073837,TAG_DEPARTED_A,018ef600
190611073838,TAG_ARRIVED_A,1041100
190611073839,SOLO_SUCCESS,1041100
190611073854,TAG_ARRIVED_B,1041100
190611073855,SOLO_SUCCESS,1041100
190611073856,TAG_DEPARTED_A,1041100
190611073918,TAG_ARRIVED_A,018feb00
190611073919,STARTCOOP_FAIL,01041100_018feb00
190611073922,TAG_DEPARTED_A,018feb00
190611073925,ENDCOOP_FAIL,01041100_
190611073926,TAG_DEPARTED_B,1041100
190611074031,TAG_ARRIVED_B,018feb00
190611074031,SOLO_FAIL,018feb00
190611074033,ENDCOOP_FAIL,018feb00_
190611074033,TAG_DEPARTED_B,018feb00
190611074054,TAG_ARRIVED_A,018feb00
190611074055,SOLO_FAIL,018feb00
190611074056,TAG_ARRIVED_B,018ef600
190611074057,STARTCOOP_FAIL,018feb00_018ef600
190611074111,TAG_DEPARTED_A,018feb00
190611074111,ENDCOOP_FAIL,018ef600_
190611074112,TAG_DEPARTED_B,018ef600
190611074144,TAG_ARRIVED_B,018feb00
190611074145,SOLO_FAIL,018feb00
190611074146,TAG_ARRIVED_A,018feb00
190611074147,SOLO_FAIL,018feb00
190611074147,ENDCOOP_FAIL,018feb00_018feb00
190611074147,TAG_DEPARTED_B,018feb00
190611074159,TAG_DEPARTED_A,018feb00
190611074204,TAG_ARRIVED_A,018feb00
190611074204,SOLO_FAIL,018feb00
190611074213,TAG_DEPARTED_A,018feb00
190611074213,TAG_ARRIVED_B,018feb00
190611074214,SOLO_FAIL,018feb00
190611074219,ENDCOOP_FAIL,018feb00_
190611074219,TAG_DEPARTED_B,018feb00
190611074255,TAG_ARRIVED_A,018feb00
190611074256,SOLO_FAIL,018feb00
190611074257,LOCKOUT_ENDED,
190611074300,TAG_DEPARTED_A,018feb00
190611074554,TAG_ARRIVED_A,018feb00
190611074554,SOLO_SUCCESS,018feb00
190611074616,TAG_DEPARTED_A,018feb00
190611081256,TAG_ARRIVED_A,013d7200
190611081256,SOLO_SUCCESS,013d7200
190611081300,TAG_DEPARTED_A,013d7200
190611081304,TAG_ARRIVED_A,013d7200
190611081304,SOLO_SUCCESS,013d7200
190611081310,TAG_DEPARTED_A,013d7200
190611081322,TAG_ARRIVED_A,013d7200
190611081322,SOLO_SUCCESS,013d7200
190611081328,TAG_DEPARTED_A,013d7200
190611081329,TAG_ARRIVED_A,013d7200
190611081330,SOLO_SUCCESS,013d7200
190611081332,TAG_DEPARTED_A,013d7200
190611081333,TAG_ARRIVED_A,013d7200
190611081333,SOLO_SUCCESS,013d7200
190611081336,TAG_DEPARTED_A,013d7200
190611081340,TAG_ARRIVED_A,013d7200
190611081341,SOLO_SUCCESS,013d7200
190611081344,TAG_DEPARTED_A,013d7200
190611081345,TAG_ARRIVED_A,013d7200
190611081345,SOLO_SUCCESS,013d7200
190611081349,TAG_DEPARTED_A,013d7200
190611081353,TAG_ARRIVED_A,013d7200
190611081354,SOLO_SUCCESS,013d7200
190611081358,TAG_DEPARTED_A,013d7200
190611081400,TAG_ARRIVED_A,013d7200
190611081400,SOLO_SUCCESS,013d7200
190611081403,TAG_DEPARTED_A,013d7200
190611081404,TAG_ARRIVED_A,013d7200
190611081405,SOLO_SUCCESS,013d7200
190611081406,TAG_DEPARTED_A,013d7200
190611081407,TAG_ARRIVED_A,013d7200
190611081407,SOLO_SUCCESS,013d7200
190611081409,TAG_DEPARTED_A,013d7200
190611081415,TAG_ARRIVED_A,013d7200
190611081415,SOLO_SUCCESS,013d7200
190611081418,TAG_DEPARTED_A,013d7200
190611081418,TAG_ARRIVED_A,013d7200
190611081418,SOLO_SUCCESS,013d7200
190611081421,TAG_DEPARTED_A,013d7200
190611081422,TAG_ARRIVED_A,013d7200
190611081422,SOLO_SUCCESS,013d7200
190611081425,TAG_DEPARTED_A,013d7200
190611081454,TAG_ARRIVED_A,01026c00
190611081455,SOLO_SUCCESS,01026c00
190611081457,TAG_DEPARTED_A,01026c00
190611081457,TAG_ARRIVED_B,01026c00
190611081458,SOLO_SUCCESS,01026c00
190611081536,TAG_DEPARTED_B,01026c00
190611081539,TAG_ARRIVED_B,01026c00
190611081540,SOLO_SUCCESS,01026c00
190611081625,TAG_DEPARTED_B,01026c00
190611083133,TAG_ARRIVED_A,01da8200
190611083133,SOLO_SUCCESS,01da8200
190611083145,TAG_DEPARTED_A,01da8200
190611083147,TAG_ARRIVED_A,01da8200
190611083148,SOLO_SUCCESS,01da8200
190611083154,TAG_DEPARTED_A,01da8200
190611083354,TAG_ARRIVED_A,1023300
190611083355,SOLO_SUCCESS,1023300
190611083410,TAG_DEPARTED_A,1023300
190611083433,TAG_ARRIVED_A,01da8200
190611083433,SOLO_SUCCESS,01da8200
190611083437,TAG_DEPARTED_A,01da8200
190611083440,TAG_ARRIVED_A,01da8200
190611083441,SOLO_SUCCESS,01da8200
190611083445,TAG_DEPARTED_A,01da8200
190611083447,TAG_ARRIVED_A,01da8200
190611083447,SOLO_SUCCESS,01da8200
190611083449,TAG_DEPARTED_A,01da8200
190611083449,TAG_ARRIVED_A,01da8200
190611083450,SOLO_SUCCESS,01da8200
190611083451,TAG_DEPARTED_A,01da8200
190611083452,TAG_ARRIVED_B,01da8200
190611083452,SOLO_SUCCESS,01da8200
190611083453,TAG_DEPARTED_B,01da8200
190611083819,TAG_ARRIVED_B,1023300
190611083820,SOLO_SUCCESS,1023300
190611083824,TAG_DEPARTED_B,1023300
190611083824,TAG_ARRIVED_B,1023300
190611083825,SOLO_SUCCESS,1023300
190611083832,TAG_DEPARTED_B,1023300
190611083836,TAG_ARRIVED_B,1023300
190611083837,SOLO_SUCCESS,1023300
190611083849,TAG_ARRIVED_B,01037b00
190611083850,SOLO_SUCCESS,01037b00
190611083851,TAG_DEPARTED_B,01037b00
190611083855,TAG_ARRIVED_B,01037b00
190611083856,SOLO_SUCCESS,01037b00
190611083857,TAG_DEPARTED_B,01037b00
190611083900,TAG_ARRIVED_B,01037b00
190611083900,SOLO_SUCCESS,01037b00
190611083902,TAG_DEPARTED_B,01037b00
190611083906,TAG_ARRIVED_B,01037b00
190611083907,SOLO_SUCCESS,01037b00
190611083909,TAG_DEPARTED_B,01037b00
190611083916,TAG_ARRIVED_B,01037b00
190611083917,SOLO_SUCCESS,01037b00
190611083918,TAG_DEPARTED_B,01037b00
190611083933,TAG_ARRIVED_B,01037b00
190611083934,SOLO_SUCCESS,01037b00
190611083936,TAG_DEPARTED_B,01037b00
190611083936,TAG_ARRIVED_B,01037b00
190611083937,SOLO_SUCCESS,01037b00
190611083940,TAG_DEPARTED_B,01037b00
190611083959,TAG_ARRIVED_B,01037b00
190611084000,SOLO_SUCCESS,01037b00
190611084001,TAG_DEPARTED_B,01037b00
190611084111,TAG_ARRIVED_B,1023300
190611084112,SOLO_SUCCESS,1023300
190611084126,TAG_DEPARTED_B,1023300
190611084130,TAG_ARRIVED_B,1023300
190611084131,SOLO_SUCCESS,1023300
190611084132,TAG_DEPARTED_B,1023300
190611084229,TAG_ARRIVED_B,1023300
190611084229,SOLO_SUCCESS,1023300
190611084248,TAG_DEPARTED_B,1023300
190611084251,TAG_ARRIVED_B,1023300
190611084252,SOLO_SUCCESS,1023300
190611084254,TAG_DEPARTED_B,1023300
190611085346,TAG_ARRIVED_A,01037b00
190611085347,SOLO_SUCCESS,01037b00
190611085359,TAG_ARRIVED_B,01037b00
190611085400,SOLO_SUCCESS,01037b00
190611085400,TAG_DEPARTED_A,01037b00
190611085402,TAG_DEPARTED_B,01037b00
190611085406,TAG_ARRIVED_B,01037b00
190611085407,SOLO_SUCCESS,01037b00
190611085409,TAG_DEPARTED_B,01037b00
190611085412,TAG_ARRIVED_A,01da8200
190611085413,SOLO_SUCCESS,01da8200
190611085414,TAG_DEPARTED_A,01da8200
190611085420,TAG_ARRIVED_B,01037b00
190611085421,SOLO_SUCCESS,01037b00
190611085422,TAG_DEPARTED_B,01037b00
190611085427,TAG_ARRIVED_A,01037b00
190611085428,SOLO_SUCCESS,01037b00
190611085431,TAG_ARRIVED_B,01037b00
190611085432,SOLO_SUCCESS,01037b00
190611085432,TAG_DEPARTED_A,01037b00
190611085434,TAG_DEPARTED_B,01037b00
190611085438,TAG_ARRIVED_A,01037b00
190611085439,SOLO_SUCCESS,01037b00
190611085457,TAG_DEPARTED_A,01037b00
190611085500,TAG_ARRIVED_B,01037b00
190611085501,SOLO_SUCCESS,01037b00
190611085502,TAG_DEPARTED_B,01037b00
190611085506,TAG_ARRIVED_B,01037b00
190611085507,SOLO_SUCCESS,01037b00
190611085508,TAG_DEPARTED_B,01037b00
190611085522,TAG_ARRIVED_B,01037b00
190611085523,SOLO_SUCCESS,01037b00
190611085524,TAG_DEPARTED_B,01037b00
190611085524,TAG_ARRIVED_B,01037b00
190611085525,SOLO_SUCCESS,01037b00
190611085528,TAG_DEPARTED_B,01037b00
190611085534,TAG_ARRIVED_B,01037b00
190611085534,SOLO_SUCCESS,01037b00
190611085536,TAG_DEPARTED_B,01037b00
190611091045,TAG_ARRIVED_A,018feb00
190611091045,SOLO_SUCCESS,018feb00
190611091047,TAG_DEPARTED_A,018feb00
190611091051,TAG_ARRIVED_A,018feb00
190611091052,SOLO_SUCCESS,018feb00
190611091055,TAG_DEPARTED_A,018feb00
190611091140,TAG_ARRIVED_A,018feb00
190611091141,SOLO_SUCCESS,018feb00
190611091145,TAG_DEPARTED_A,018feb00
190611091147,TAG_ARRIVED_A,018feb00
190611091148,SOLO_SUCCESS,018feb00
190611091152,TAG_DEPARTED_A,018feb00
190611091152,TAG_ARRIVED_A,018feb00
190611091153,SOLO_SUCCESS,018feb00
190611091154,TAG_DEPARTED_A,018feb00
190611091202,TAG_ARRIVED_A,018feb00
190611091203,SOLO_SUCCESS,018feb00
190611091204,TAG_DEPARTED_A,018feb00
190611091207,TAG_ARRIVED_A,018feb00
190611091207,SOLO_SUCCESS,018feb00
190611091209,TAG_DEPARTED_A,018feb00
190611091213,TAG_ARRIVED_A,018feb00
190611091214,SOLO_SUCCESS,018feb00
190611091215,TAG_DEPARTED_A,018feb00
190611091311,TAG_ARRIVED_A,018feb00
190611091312,SOLO_SUCCESS,018feb00
190611091314,TAG_DEPARTED_A,018feb00
190611091421,TAG_ARRIVED_A,018feb00
190611091422,SOLO_SUCCESS,018feb00
190611091427,TAG_DEPARTED_A,018feb00
190611091434,TAG_ARRIVED_A,018feb00
190611091435,SOLO_SUCCESS,018feb00
190611091438,TAG_DEPARTED_A,018feb00
190611091455,TAG_ARRIVED_A,018feb00
190611091456,SOLO_SUCCESS,018feb00
190611091510,TAG_DEPARTED_A,018feb00
190611091719,TAG_ARRIVED_B,01471d00
190611091719,SOLO_SUCCESS,01471d00
190611091721,TAG_DEPARTED_B,01471d00
190611091826,TAG_ARRIVED_B,01026c00
190611091826,SOLO_SUCCESS,01026c00
190611091836,TAG_DEPARTED_B,01026c00
190611091844,TAG_ARRIVED_B,01026c00
190611091845,SOLO_SUCCESS,01026c00
190611091846,TAG_DEPARTED_B,01026c00
190611091848,TAG_ARRIVED_B,01026c00
190611091849,SOLO_SUCCESS,01026c00
190611091909,TAG_DEPARTED_B,01026c00
190611091912,TAG_ARRIVED_B,01026c00
190611091913,SOLO_SUCCESS,01026c00
190611091916,TAG_DEPARTED_B,01026c00
190611091917,TAG_ARRIVED_B,01026c00
190611091918,SOLO_SUCCESS,01026c00
190611091919,TAG_DEPARTED_B,01026c00
190611091921,TAG_ARRIVED_B,01fe7600
190611091922,SOLO_SUCCESS,01fe7600
190611091923,TAG_DEPARTED_B,01fe7600
190611091942,TAG_ARRIVED_A,01471d00
190611091942,SOLO_SUCCESS,01471d00
190611091948,TAG_DEPARTED_A,01471d00
190611091952,TAG_ARRIVED_A,01da8200
190611091952,SOLO_SUCCESS,01da8200
190611091954,TAG_DEPARTED_A,01da8200
190611091956,TAG_ARRIVED_B,01471d00
190611091956,SOLO_SUCCESS,01471d00
190611091958,TAG_DEPARTED_B,01471d00
190611092016,TAG_ARRIVED_A,01037b00
190611092017,SOLO_SUCCESS,01037b00
190611092018,TAG_ARRIVED_B,01037b00
190611092019,SOLO_SUCCESS,01037b00
190611092019,TAG_DEPARTED_A,01037b00
190611092020,TAG_DEPARTED_B,01037b00
190611092034,TAG_ARRIVED_A,01037b00
190611092035,SOLO_SUCCESS,01037b00
190611092036,TAG_DEPARTED_A,01037b00
190611092038,TAG_ARRIVED_A,01037b00
190611092039,SOLO_SUCCESS,01037b00
190611092043,TAG_DEPARTED_A,01037b00
190611092048,TAG_ARRIVED_A,01037b00
190611092049,SOLO_SUCCESS,01037b00
190611092102,TAG_DEPARTED_A,01037b00
190611092105,TAG_ARRIVED_B,01037b00
190611092105,SOLO_SUCCESS,01037b00
190611092107,TAG_DEPARTED_B,01037b00
190611092140,TAG_ARRIVED_B,01037b00
190611092141,SOLO_SUCCESS,01037b00
190611092149,TAG_DEPARTED_B,01037b00
190611092234,TAG_ARRIVED_B,01037b00
190611092235,SOLO_SUCCESS,01037b00
190611092238,TAG_DEPARTED_B,01037b00
190611092239,TAG_ARRIVED_B,01037b00
190611092240,SOLO_SUCCESS,01037b00
190611092243,TAG_DEPARTED_B,01037b00
190611092248,TAG_ARRIVED_B,01037b00
190611092249,SOLO_SUCCESS,01037b00
190611092250,TAG_DEPARTED_B,01037b00
190611092251,TAG_ARRIVED_B,01037b00
190611092252,SOLO_SUCCESS,01037b00
190611092253,TAG_DEPARTED_B,01037b00
190611092259,TAG_ARRIVED_B,01037b00
190611092300,SOLO_SUCCESS,01037b00
190611092302,TAG_DEPARTED_B,01037b00
190611092303,TAG_ARRIVED_B,01037b00
190611092304,SOLO_SUCCESS,01037b00
190611092315,TAG_DEPARTED_B,01037b00
190611092405,TAG_ARRIVED_A,01da8200
190611092405,SOLO_SUCCESS,01da8200
190611092407,TAG_DEPARTED_A,01da8200
190611092510,TAG_ARRIVED_A,01da8200
190611092510,SOLO_SUCCESS,01da8200
190611092512,TAG_DEPARTED_A,01da8200
190611092514,TAG_ARRIVED_B,01da8200
190611092515,SOLO_SUCCESS,01da8200
190611092516,TAG_DEPARTED_B,01da8200
190611092517,TAG_ARRIVED_B,01da8200
190611092517,SOLO_SUCCESS,01da8200
190611092518,TAG_ARRIVED_A,018feb00
190611092519,STARTCOOP_SUCCESS,01da8200_018feb00
190611092519,ENDCOOP_SUCCESS,01da8200_018feb00
190611092519,TAG_DEPARTED_B,01da8200
190611092520,TAG_DEPARTED_A,018feb00
190611092521,TAG_ARRIVED_A,018feb00
190611092522,SOLO_SUCCESS,018feb00
190611092527,TAG_DEPARTED_A,018feb00
190611092536,TAG_ARRIVED_A,018feb00
190611092537,SOLO_SUCCESS,018feb00
190611092539,TAG_DEPARTED_A,018feb00
190611092540,TAG_ARRIVED_A,018feb00
190611092541,SOLO_SUCCESS,018feb00
190611092542,TAG_DEPARTED_A,018feb00
190611092544,TAG_ARRIVED_A,018feb00
190611092545,SOLO_SUCCESS,018feb00
190611092546,TAG_DEPARTED_A,018feb00
190611092553,TAG_ARRIVED_A,018feb00
190611092554,SOLO_SUCCESS,018feb00
190611092556,TAG_DEPARTED_A,018feb00
190611092609,TAG_ARRIVED_A,018feb00
190611092610,SOLO_SUCCESS,018feb00
190611092617,TAG_DEPARTED_A,018feb00
190611092618,TAG_ARRIVED_A,018feb00
190611092619,SOLO_SUCCESS,018feb00
190611092630,TAG_DEPARTED_A,018feb00
190611092725,TAG_ARRIVED_A,018feb00
190611092726,SOLO_SUCCESS,018feb00
190611092731,TAG_DEPARTED_A,018feb00
190611092734,TAG_ARRIVED_A,018feb00
190611092734,SOLO_SUCCESS,018feb00
190611092737,TAG_DEPARTED_A,018feb00
190611092747,TAG_ARRIVED_A,018feb00
190611092748,SOLO_SUCCESS,018feb00
190611092759,TAG_ARRIVED_B,018feb00
190611092800,SOLO_SUCCESS,018feb00
190611092800,TAG_DEPARTED_A,018feb00
190611092801,TAG_DEPARTED_B,018feb00
190611093423,TAG_ARRIVED_B,01da8200
190611093423,SOLO_SUCCESS,01da8200
190611093425,TAG_DEPARTED_B,01da8200
190611093817,TAG_ARRIVED_B,01471d00
190611093818,SOLO_SUCCESS,01471d00
190611093820,TAG_DEPARTED_B,01471d00
190611093825,TAG_ARRIVED_B,01471d00
190611093825,SOLO_SUCCESS,01471d00
190611093827,TAG_DEPARTED_B,01471d00
190611093827,TAG_ARRIVED_B,01471d00
190611093827,SOLO_SUCCESS,01471d00
190611093829,TAG_DEPARTED_B,01471d00
190611093832,TAG_ARRIVED_B,01471d00
190611093832,SOLO_SUCCESS,01471d00
190611093836,TAG_ARRIVED_A,1023300
190611093836,STARTCOOP_SUCCESS,01471d00_01023300
190611093837,ENDCOOP_SUCCESS,01471d00_01023300
190611093837,TAG_DEPARTED_B,01471d00
190611093837,TAG_ARRIVED_B,01471d00
190611093838,STARTCOOP_SUCCESS,01023300_01471d00
190611093840,TAG_DEPARTED_A,1023300
190611093848,ENDCOOP_SUCCESS,01471d00_
190611093848,TAG_DEPARTED_B,01471d00
