190705060933,START_EXPERIMENT,
190705060945,TAG_ARRIVED_A,0139d100
190705060945,SOLO_FAIL,0139d100
190705060947,TAG_ARRIVED_B,1783900
190705060948,STARTCOOP_SUCCESS,0139d100_01783900
190705060949,ENDCOOP_SUCCESS,01783900_0139d100
190705060949,TAG_DEPARTED_B,1783900
190705060949,TAG_DEPARTED_A,0139d100
190705061131,LOCKOUT_ENDED,
190705065616,TAG_ARRIVED_A,01029a00
190705065617,SOLO_SUCCESS,01029a00
190705065624,TAG_DEPARTED_A,01029a00
190705065626,TAG_ARRIVED_A,01029a00
190705065626,SOLO_SUCCESS,01029a00
190705065629,TAG_DEPARTED_A,01029a00
190705070007,TAG_ARRIVED_A,01029a00
190705070007,SOLO_SUCCESS,01029a00
190705070012,TAG_DEPARTED_A,01029a00
190705070013,TAG_ARRIVED_A,01029a00
190705070014,SOLO_SUCCESS,01029a00
190705070019,TAG_DEPARTED_A,01029a00
190705070033,TAG_ARRIVED_A,01029a00
190705070034,SOLO_SUCCESS,01029a00
190705070037,TAG_DEPARTED_A,01029a00
190705070051,TAG_ARRIVED_A,01029a00
190705070052,SOLO_SUCCESS,01029a00
190705070053,TAG_DEPARTED_A,01029a00
190705070054,TAG_ARRIVED_A,01029a00
190705070055,SOLO_SUCCESS,01029a00
190705070058,TAG_DEPARTED_A,01029a00
190705070058,TAG_ARRIVED_A,01029a00
190705070059,SOLO_SUCCESS,01029a00
190705070100,TAG_DEPARTED_A,01029a00
190705070103,TAG_ARRIVED_A,01029a00
190705070103,SOLO_SUCCESS,01029a00
190705070107,TAG_DEPARTED_A,01029a00
190705070107,TAG_ARRIVED_A,01c4ca00
190705070108,SOLO_SUCCESS,01c4ca00
190705070109,TAG_DEPARTED_A,01c4ca00
190705070109,TAG_ARRIVED_A,01c4ca00
190705070110,SOLO_SUCCESS,01c4ca00
190705070111,TAG_DEPARTED_A,01c4ca00
190705070113,TAG_ARRIVED_A,01c4ca00
190705070114,SOLO_SUCCESS,01c4ca00
190705070117,TAG_DEPARTED_A,01c4ca00
190705070125,TAG_ARRIVED_A,01c4ca00
190705070126,SOLO_SUCCESS,01c4ca00
190705070127,TAG_DEPARTED_A,01c4ca00
190705070149,TAG_ARRIVED_A,01029a00
190705070150,SOLO_SUCCESS,01029a00
190705070154,TAG_DEPARTED_A,01029a00
190705070157,TAG_ARRIVED_A,01029a00
190705070158,SOLO_SUCCESS,01029a00
190705070211,TAG_DEPARTED_A,01029a00
190705070216,TAG_ARRIVED_A,01029a00
190705070217,SOLO_SUCCESS,01029a00
190705070219,TAG_DEPARTED_A,01029a00
190705070219,TAG_ARRIVED_A,01029a00
190705070220,SOLO_SUCCESS,01029a00
190705070221,TAG_DEPARTED_A,01029a00
190705070223,TAG_ARRIVED_A,01029a00
190705070223,SOLO_SUCCESS,01029a00
190705070238,TAG_DEPARTED_A,01029a00
190705070239,TAG_ARRIVED_A,01029a00
190705070240,SOLO_SUCCESS,01029a00
190705070241,TAG_DEPARTED_A,01029a00
190705070257,TAG_ARRIVED_A,01029a00
190705070257,SOLO_SUCCESS,01029a00
190705070259,TAG_DEPARTED_A,01029a00
190705070310,TAG_ARRIVED_B,01cbb800
190705070311,SOLO_SUCCESS,01cbb800
190705070313,TAG_DEPARTED_B,01cbb800
190705070315,TAG_ARRIVED_B,01cbb800
190705070316,SOLO_SUCCESS,01cbb800
190705070322,TAG_DEPARTED_B,01cbb800
190705070333,TAG_ARRIVED_A,01029a00
190705070334,SOLO_SUCCESS,01029a00
190705070337,TAG_DEPARTED_A,01029a00
190705070337,TAG_ARRIVED_A,01029a00
190705070338,SOLO_SUCCESS,01029a00
190705070339,TAG_DEPARTED_A,01029a00
190705070341,TAG_ARRIVED_A,01029a00
190705070342,SOLO_SUCCESS,01029a00
190705070346,TAG_DEPARTED_A,01029a00
190705070351,TAG_ARRIVED_A,01029a00
190705070352,SOLO_SUCCESS,01029a00
190705070405,TAG_DEPARTED_A,01029a00
190705070406,TAG_ARRIVED_A,01029a00
190705070407,SOLO_SUCCESS,01029a00
190705070408,TAG_DEPARTED_A,01029a00
190705070408,TAG_ARRIVED_A,01029a00
190705070409,SOLO_SUCCESS,01029a00
190705070412,TAG_DEPARTED_A,01029a00
190705070412,TAG_ARRIVED_A,01029a00
190705070413,SOLO_SUCCESS,01029a00
190705070414,TAG_DEPARTED_A,01029a00
190705070415,TAG_ARRIVED_A,01029a00
190705070416,SOLO_SUCCESS,01029a00
190705070419,TAG_DEPARTED_A,01029a00
190705070424,TAG_ARRIVED_A,01029a00
190705070425,SOLO_SUCCESS,01029a00
190705070432,TAG_DEPARTED_A,01029a00
190705070639,TAG_ARRIVED_A,1050700
190705070640,SOLO_SUCCESS,1050700
190705070741,TAG_ARRIVED_B,01ae2b00
190705070742,STARTCOOP_FAIL,01050700_01ae2b00
190705070744,TAG_DEPARTED_A,1050700
190705070745,TAG_ARRIVED_A,1045700
190705070746,STARTCOOP_FAIL,01ae2b00_01045700
190705070751,TAG_DEPARTED_A,1045700
190705070752,TAG_ARRIVED_A,1045700
190705070753,STARTCOOP_FAIL,01ae2b00_01045700
190705070754,TAG_DEPARTED_A,1045700
190705070758,TAG_ARRIVED_A,01ae2b00
190705070758,SOLO_FAIL,01ae2b00
190705070759,ENDCOOP_FAIL,01ae2b00_01ae2b00
190705070759,TAG_DEPARTED_B,01ae2b00
190705070822,TAG_ARRIVED_B,01ae2b00
190705070823,SOLO_FAIL,01ae2b00
190705070823,TAG_DEPARTED_A,01ae2b00
190705070832,TAG_ARRIVED_A,01029a00
190705070833,STARTCOOP_FAIL,01ae2b00_01029a00
190705070835,TAG_ARRIVED_B,01029a00
190705070836,SOLO_FAIL,01029a00
190705070837,TAG_DEPARTED_A,01029a00
190705070839,ENDCOOP_FAIL,01029a00_
190705070839,TAG_DEPARTED_B,01029a00
190705070928,TAG_ARRIVED_B,0101fb00
190705070929,SOLO_FAIL,0101fb00
190705070951,TAG_ARRIVED_A,0102d400
190705070951,STARTCOOP_FAIL,0101fb00_0102d400
190705071001,TAG_DEPARTED_A,0102d400
190705071001,TAG_ARRIVED_A,0102d400
190705071002,STARTCOOP_FAIL,0101fb00_0102d400
190705071015,TAG_DEPARTED_A,0102d400
190705071025,ENDCOOP_FAIL,0101fb00_
190705071025,TAG_DEPARTED_B,0101fb00
190705071202,LOCKOUT_ENDED,
190705074006,TAG_ARRIVED_A,01026c00
190705074007,SOLO_SUCCESS,01026c00
190705074013,TAG_ARRIVED_B,01026c00
190705074014,SOLO_SUCCESS,01026c00
190705074014,TAG_DEPARTED_A,01026c00
190705074017,TAG_DEPARTED_B,01026c00
190705074018,TAG_ARRIVED_B,01026c00
190705074019,SOLO_SUCCESS,01026c00
190705074020,TAG_DEPARTED_B,01026c00
190705074020,TAG_ARRIVED_B,01026c00
190705074021,SOLO_SUCCESS,01026c00
190705074023,TAG_DEPARTED_B,01026c00
190705074028,TAG_ARRIVED_B,01026c00
190705074029,SOLO_SUCCESS,01026c00
190705074044,TAG_DEPARTED_B,01026c00
190705074045,TAG_ARRIVED_B,01026c00
190705074045,SOLO_SUCCESS,01026c00
190705074050,TAG_DEPARTED_B,01026c00
190705074052,TAG_ARRIVED_B,01026c00
190705074053,SOLO_SUCCESS,01026c00
190705074054,TAG_DEPARTED_B,01026c00
190705074102,TAG_ARRIVED_B,01e01400
190705074103,SOLO_SUCCESS,01e01400
190705074107,TAG_ARRIVED_A,01e01400
190705074108,SOLO_SUCCESS,01e01400
190705074108,TAG_DEPARTED_B,01e01400
190705074110,TAG_ARRIVED_B,01e01400
190705074111,SOLO_SUCCESS,01e01400
190705074111,TAG_DEPARTED_A,01e01400
190705074114,TAG_DEPARTED_B,01e01400
190705074115,TAG_ARRIVED_A,01e01400
190705074116,SOLO_SUCCESS,01e01400
190705074124,TAG_DEPARTED_A,01e01400
190705074124,TAG_ARRIVED_A,01e01400
190705074125,SOLO_SUCCESS,01e01400
190705074126,TAG_DEPARTED_A,01e01400
190705074132,TAG_ARRIVED_A,01037b00
190705074133,SOLO_SUCCESS,01037b00
190705074133,TAG_ARRIVED_A,01026c00
190705074134,SOLO_SUCCESS,01026c00
190705074148,TAG_DEPARTED_A,01026c00
190705074149,TAG_ARRIVED_B,01037b00
190705074150,SOLO_SUCCESS,01037b00
190705074151,TAG_ARRIVED_A,01026c00
190705074152,STARTCOOP_SUCCESS,01037b00_01026c00
190705074153,ENDCOOP_SUCCESS,01037b00_01026c00
190705074153,TAG_DEPARTED_B,01037b00
190705074153,TAG_ARRIVED_B,01037b00
190705074154,STARTCOOP_SUCCESS,01026c00_01037b00
190705074154,TAG_DEPARTED_A,01026c00
190705074155,TAG_ARRIVED_A,01026c00
190705074156,STARTCOOP_SUCCESS,01037b00_01026c00
190705074156,TAG_DEPARTED_A,01026c00
190705074157,TAG_ARRIVED_A,01026c00
190705074158,STARTCOOP_SUCCESS,01037b00_01026c00
190705074158,ENDCOOP_SUCCESS,01037b00_01026c00
190705074158,TAG_DEPARTED_B,01037b00
190705074159,TAG_ARRIVED_B,01037b00
190705074200,STARTCOOP_SUCCESS,01026c00_01037b00
190705074206,TAG_DEPARTED_A,01026c00
190705074206,TAG_ARRIVED_A,01e01400
190705074207,STARTCOOP_SUCCESS,01037b00_01e01400
190705074208,TAG_ARRIVED_B,01026c00
190705074209,STARTCOOP_SUCCESS,01e01400_01026c00
190705074211,TAG_DEPARTED_A,01e01400
190705074212,ENDCOOP_SUCCESS,01026c00_
190705074212,TAG_DEPARTED_B,01026c00
190705074224,TAG_ARRIVED_A,01e01400
190705074225,SOLO_SUCCESS,01e01400
190705074231,TAG_ARRIVED_B,01e01400
190705074232,SOLO_SUCCESS,01e01400
190705074232,TAG_DEPARTED_A,01e01400
190705074235,TAG_ARRIVED_A,01e01400
190705074236,SOLO_SUCCESS,01e01400
190705074236,TAG_DEPARTED_B,01e01400
190705074237,TAG_ARRIVED_B,01e01400
190705074238,SOLO_SUCCESS,01e01400
190705074238,TAG_DEPARTED_A,01e01400
190705074239,TAG_DEPARTED_B,01e01400
190705074239,TAG_ARRIVED_B,01e01400
190705074240,SOLO_SUCCESS,01e01400
190705074243,TAG_DEPARTED_B,01e01400
190705074246,TAG_ARRIVED_B,01e01400
190705074247,SOLO_SUCCESS,01e01400
190705074250,TAG_ARRIVED_A,01e01400
190705074251,SOLO_SUCCESS,01e01400
190705074252,TAG_DEPARTED_B,01e01400
190705074302,TAG_ARRIVED_B,01037b00
190705074303,STARTCOOP_SUCCESS,01e01400_01037b00
190705074303,TAG_DEPARTED_A,01e01400
190705074305,ENDCOOP_SUCCESS,01037b00_
190705074305,TAG_DEPARTED_B,01037b00
190705074306,TAG_ARRIVED_A,01037b00
190705074307,SOLO_SUCCESS,01037b00
190705074312,TAG_ARRIVED_B,01026c00
190705074313,STARTCOOP_SUCCESS,01037b00_01026c00
190705074316,ENDCOOP_SUCCESS,01026c00_01037b00
190705074316,TAG_DEPARTED_B,01026c00
190705074317,TAG_DEPARTED_A,01037b00
190705074318,TAG_ARRIVED_A,01037b00
190705074319,SOLO_SUCCESS,01037b00
190705074322,TAG_ARRIVED_B,01026c00
190705074323,STARTCOOP_SUCCESS,01037b00_01026c00
190705074324,TAG_DEPARTED_A,01037b00
190705074325,ENDCOOP_SUCCESS,01026c00_
190705074325,TAG_DEPARTED_B,01026c00
190705074327,TAG_ARRIVED_B,01037b00
190705074328,SOLO_SUCCESS,01037b00
190705074328,TAG_ARRIVED_A,01e01400
190705074329,STARTCOOP_SUCCESS,01037b00_01e01400
190705074329,TAG_ARRIVED_B,01026c00
190705074330,STARTCOOP_SUCCESS,01e01400_01026c00
190705074330,ENDCOOP_SUCCESS,01026c00_01e01400
190705074331,TAG_DEPARTED_B,01026c00
190705074331,TAG_ARRIVED_B,01026c00
190705074332,STARTCOOP_SUCCESS,01e01400_01026c00
190705074339,ENDCOOP_SUCCESS,01026c00_01e01400
190705074340,TAG_DEPARTED_B,01026c00
190705074340,TAG_ARRIVED_B,01026c00
190705074341,STARTCOOP_SUCCESS,01e01400_01026c00
190705074341,TAG_DEPARTED_A,01e01400
190705074341,TAG_ARRIVED_A,01e01400
190705074342,STARTCOOP_SUCCESS,01026c00_01e01400
190705074346,ENDCOOP_SUCCESS,01026c00_01e01400
190705074346,TAG_DEPARTED_B,01026c00
190705074357,TAG_ARRIVED_B,01026c00
190705074358,STARTCOOP_SUCCESS,01e01400_01026c00
190705074359,ENDCOOP_SUCCESS,01026c00_01e01400
190705074359,TAG_DEPARTED_B,01026c00
190705074400,TAG_ARRIVED_B,01026c00
190705074401,STARTCOOP_SUCCESS,01e01400_01026c00
190705074401,TAG_DEPARTED_A,01e01400
190705074401,TAG_ARRIVED_A,01e01400
190705074402,STARTCOOP_SUCCESS,01026c00_01e01400
190705074402,ENDCOOP_SUCCESS,01026c00_01e01400
190705074403,TAG_DEPARTED_B,01026c00
190705074405,TAG_ARRIVED_B,01037b00
190705074406,STARTCOOP_SUCCESS,01e01400_01037b00
190705074407,ENDCOOP_SUCCESS,01037b00_01e01400
190705074407,TAG_DEPARTED_B,01037b00
190705074407,TAG_DEPARTED_A,01e01400
190705074413,TAG_ARRIVED_A,01037b00
190705074414,SOLO_SUCCESS,01037b00
190705074429,TAG_ARRIVED_A,01e01400
190705074430,SOLO_SUCCESS,01e01400
190705074432,TAG_DEPARTED_A,01e01400
190705074433,TAG_ARRIVED_B,01e01400
190705074434,SOLO_SUCCESS,01e01400
190705074436,TAG_DEPARTED_B,01e01400
190705074436,TAG_ARRIVED_A,01e01400
190705074437,SOLO_SUCCESS,01e01400
190705074441,TAG_ARRIVED_B,0104d700
190705074441,STARTCOOP_FAIL,01e01400_0104d700
190705074442,TAG_DEPARTED_A,01e01400
190705074442,TAG_ARRIVED_B,01e01400
190705074443,SOLO_FAIL,01e01400
190705074450,ENDCOOP_FAIL,01e01400_
190705074450,TAG_DEPARTED_B,01e01400
190705074453,TAG_ARRIVED_B,01e01400
190705074454,SOLO_FAIL,01e01400
190705074501,ENDCOOP_FAIL,01e01400_
190705074501,TAG_DEPARTED_B,01e01400
190705074543,TAG_ARRIVED_A,0104a600
190705074544,SOLO_FAIL,0104a600
190705074553,TAG_DEPARTED_A,0104a600
190705074603,TAG_ARRIVED_A,0104a600
190705074604,SOLO_FAIL,0104a600
190705074607,TAG_DEPARTED_A,0104a600
190705074610,TAG_ARRIVED_A,01e01400
190705074611,SOLO_FAIL,01e01400
190705074614,TAG_DEPARTED_A,01e01400
190705074618,TAG_ARRIVED_B,01e01400
190705074618,SOLO_FAIL,01e01400
190705074621,ENDCOOP_FAIL,01e01400_
190705074621,TAG_DEPARTED_B,01e01400
190705074641,LOCKOUT_ENDED,
190705074825,TAG_ARRIVED_B,01037b00
190705074826,SOLO_SUCCESS,01037b00
190705074827,TAG_DEPARTED_B,01037b00
190705074827,TAG_ARRIVED_A,01037b00
190705074828,SOLO_SUCCESS,01037b00
190705074842,TAG_DEPARTED_A,01037b00
190705074843,TAG_ARRIVED_A,01037b00
190705074844,SOLO_SUCCESS,01037b00
190705074851,TAG_DEPARTED_A,01037b00
190705074856,TAG_ARRIVED_B,01037b00
190705074857,SOLO_SUCCESS,01037b00
190705074909,TAG_ARRIVED_A,01037b00
190705074910,SOLO_SUCCESS,01037b00
190705074910,TAG_DEPARTED_B,01037b00
190705074911,TAG_DEPARTED_A,01037b00
190705074913,TAG_ARRIVED_A,01037b00
190705074914,SOLO_SUCCESS,01037b00
190705074915,TAG_DEPARTED_A,01037b00
190705074915,TAG_ARRIVED_A,01037b00
190705074916,SOLO_SUCCESS,01037b00
190705074920,TAG_DEPARTED_A,01037b00
190705074923,TAG_ARRIVED_A,01037b00
190705074924,SOLO_SUCCESS,01037b00
190705074926,TAG_DEPARTED_A,01037b00
190705074926,TAG_ARRIVED_A,01037b00
190705074927,SOLO_SUCCESS,01037b00
190705074929,TAG_DEPARTED_A,01037b00
190705074930,TAG_ARRIVED_A,01037b00
190705074931,SOLO_SUCCESS,01037b00
190705074932,TAG_DEPARTED_A,01037b00
190705074933,TAG_ARRIVED_A,01037b00
190705074934,SOLO_SUCCESS,01037b00
190705074945,TAG_DEPARTED_A,01037b00
190705075148,TAG_ARRIVED_B,0102d900
190705075149,SOLO_SUCCESS,0102d900
190705075154,TAG_DEPARTED_B,0102d900
190705075156,TAG_ARRIVED_B,0102d900
190705075156,SOLO_SUCCESS,0102d900
190705075158,TAG_DEPARTED_B,0102d900
190705075208,TAG_ARRIVED_B,0102d900
190705075209,SOLO_SUCCESS,0102d900
190705075211,TAG_DEPARTED_B,0102d900
190705075212,TAG_ARRIVED_B,0102d900
190705075212,SOLO_SUCCESS,0102d900
190705075215,TAG_DEPARTED_B,0102d900
190705075215,TAG_ARRIVED_B,0102d900
190705075216,SOLO_SUCCESS,0102d900
190705075225,TAG_ARRIVED_A,0102d400
190705075225,STARTCOOP_SUCCESS,0102d900_0102d400
190705075227,ENDCOOP_SUCCESS,0102d900_0102d400
190705075227,TAG_DEPARTED_B,0102d900
190705075230,TAG_ARRIVED_B,0102d900
190705075231,STARTCOOP_SUCCESS,0102d400_0102d900
190705075232,TAG_DEPARTED_A,0102d400
190705075234,TAG_ARRIVED_A,0102d400
190705075235,STARTCOOP_SUCCESS,0102d900_0102d400
190705075250,TAG_DEPARTED_A,0102d400
190705075253,TAG_ARRIVED_A,0102d400
190705075254,STARTCOOP_SUCCESS,0102d900_0102d400
190705075256,ENDCOOP_SUCCESS,0102d900_0102d400
190705075257,TAG_DEPARTED_B,0102d900
190705075257,TAG_DEPARTED_A,0102d400
190705075300,TAG_ARRIVED_A,0102d400
190705075301,SOLO_SUCCESS,0102d400
190705075304,TAG_DEPARTED_A,0102d400
190705075446,TAG_ARRIVED_B,1038800
190705075447,SOLO_SUCCESS,1038800
190705075520,TAG_DEPARTED_B,1038800
190705075521,TAG_ARRIVED_B,1038800
190705075521,SOLO_SUCCESS,1038800
190705075604,TAG_ARRIVED_A,01029a00
190705075605,STARTCOOP_SUCCESS,01038800_01029a00
190705075608,ENDCOOP_SUCCESS,01038800_01029a00
190705075608,TAG_DEPARTED_B,1038800
190705075609,TAG_ARRIVED_B,1038800
190705075610,STARTCOOP_SUCCESS,01029a00_01038800
190705075614,ENDCOOP_SUCCESS,01038800_01029a00
190705075614,TAG_DEPARTED_B,1038800
190705075625,TAG_DEPARTED_A,01029a00
190705075626,TAG_ARRIVED_B,1038800
190705075626,SOLO_SUCCESS,1038800
190705075627,TAG_DEPARTED_B,1038800
190705075628,TAG_ARRIVED_B,1038800
190705075629,SOLO_SUCCESS,1038800
190705075630,TAG_ARRIVED_A,01029a00
190705075631,STARTCOOP_SUCCESS,01038800_01029a00
190705075635,ENDCOOP_SUCCESS,01038800_01029a00
190705075635,TAG_DEPARTED_B,1038800
190705075639,TAG_DEPARTED_A,01029a00
190705075639,TAG_ARRIVED_A,01029a00
190705075640,SOLO_SUCCESS,01029a00
190705075647,TAG_DEPARTED_A,01029a00
190705075650,TAG_ARRIVED_A,01029a00
190705075651,SOLO_SUCCESS,01029a00
190705075651,TAG_ARRIVED_B,1038800
190705075652,STARTCOOP_SUCCESS,01029a00_01038800
190705075653,TAG_DEPARTED_A,01029a00
190705075654,TAG_ARRIVED_A,01029a00
190705075655,STARTCOOP_SUCCESS,01038800_01029a00
190705075701,TAG_DEPARTED_A,01029a00
190705075715,TAG_ARRIVED_A,01029a00
190705075716,STARTCOOP_SUCCESS,01038800_01029a00
190705075720,ENDCOOP_SUCCESS,01038800_01029a00
190705075720,TAG_DEPARTED_B,1038800
190705075726,TAG_DEPARTED_A,01029a00
190705075728,TAG_ARRIVED_A,01029a00
190705075728,SOLO_SUCCESS,01029a00
190705075730,TAG_ARRIVED_B,1038800
190705075731,STARTCOOP_SUCCESS,01029a00_01038800
190705075732,TAG_DEPARTED_A,01029a00
190705075734,TAG_ARRIVED_A,01029a00
190705075735,STARTCOOP_SUCCESS,01038800_01029a00
190705075748,TAG_DEPARTED_A,01029a00
190705075749,ENDCOOP_SUCCESS,01038800_
190705075749,TAG_DEPARTED_B,1038800
190705075751,TAG_ARRIVED_A,01029a00
190705075751,SOLO_SUCCESS,01029a00
190705075753,TAG_ARRIVED_B,1038800
190705075754,STARTCOOP_SUCCESS,01029a00_01038800
190705075759,TAG_DEPARTED_A,01029a00
190705075800,ENDCOOP_SUCCESS,01038800_
190705075800,TAG_DEPARTED_B,1038800
190705075800,TAG_ARRIVED_A,01029a00
190705075801,SOLO_SUCCESS,01029a00
190705075803,TAG_ARRIVED_B,1038800
190705075804,STARTCOOP_SUCCESS,01029a00_01038800
190705075805,TAG_DEPARTED_A,01029a00
190705075815,TAG_ARRIVED_A,01029a00
190705075816,STARTCOOP_SUCCESS,01038800_01029a00
190705075817,TAG_DEPARTED_A,01029a00
190705075821,TAG_ARRIVED_A,01029a00
190705075821,STARTCOOP_SUCCESS,01038800_01029a00
190705075837,ENDCOOP_SUCCESS,01038800_01029a00
190705075837,TAG_DEPARTED_B,1038800
190705075838,TAG_ARRIVED_B,1038800
190705075839,STARTCOOP_SUCCESS,01029a00_01038800
190705075839,TAG_DEPARTED_A,01029a00
190705075839,TAG_ARRIVED_A,01029a00
190705075840,STARTCOOP_SUCCESS,01038800_01029a00
190705075841,TAG_DEPARTED_A,01029a00
190705075852,ENDCOOP_SUCCESS,01038800_
190705075852,TAG_DEPARTED_B,1038800
190705080248,TAG_ARRIVED_A,013d7200
190705080248,SOLO_SUCCESS,013d7200
190705080253,TAG_DEPARTED_A,013d7200
190705081228,TAG_ARRIVED_B,01e01400
190705081229,SOLO_SUCCESS,01e01400
190705081235,TAG_DEPARTED_B,01e01400
190705081251,TAG_ARRIVED_B,01e01400
190705081252,SOLO_SUCCESS,01e01400
190705081302,TAG_ARRIVED_A,01e01400
190705081303,SOLO_SUCCESS,01e01400
190705081303,TAG_DEPARTED_B,01e01400
190705081309,TAG_DEPARTED_A,01e01400
190705081311,TAG_ARRIVED_A,01e01400
190705081312,SOLO_SUCCESS,01e01400
190705081313,TAG_ARRIVED_B,01037b00
190705081314,STARTCOOP_SUCCESS,01e01400_01037b00
190705081320,TAG_DEPARTED_A,01e01400
190705081321,TAG_ARRIVED_A,01e01400
190705081322,STARTCOOP_SUCCESS,01037b00_01e01400
190705081322,TAG_DEPARTED_A,01e01400
190705081323,TAG_ARRIVED_A,01e01400
190705081324,STARTCOOP_SUCCESS,01037b00_01e01400
190705081324,ENDCOOP_SUCCESS,01037b00_01e01400
190705081324,TAG_DEPARTED_B,01037b00
190705081324,TAG_ARRIVED_B,01037b00
190705081325,STARTCOOP_SUCCESS,01e01400_01037b00
190705081326,ENDCOOP_SUCCESS,01037b00_01e01400
190705081326,TAG_DEPARTED_B,01037b00
190705081327,TAG_ARRIVED_B,01037b00
190705081328,STARTCOOP_SUCCESS,01e01400_01037b00
190705081328,TAG_DEPARTED_A,01e01400
190705081328,TAG_ARRIVED_A,01e01400
190705081329,STARTCOOP_SUCCESS,01037b00_01e01400
190705081330,ENDCOOP_SUCCESS,01037b00_01e01400
190705081331,TAG_DEPARTED_B,01037b00
190705081338,TAG_DEPARTED_A,01e01400
190705081346,TAG_ARRIVED_B,01037b00
190705081347,SOLO_SUCCESS,01037b00
190705081348,TAG_ARRIVED_A,01e01400
190705081349,STARTCOOP_SUCCESS,01037b00_01e01400
190705081349,ENDCOOP_SUCCESS,01037b00_01e01400
190705081349,TAG_DEPARTED_B,01037b00
190705081349,TAG_ARRIVED_B,01037b00
190705081350,STARTCOOP_SUCCESS,01e01400_01037b00
190705081351,ENDCOOP_SUCCESS,01037b00_01e01400
190705081351,TAG_DEPARTED_B,01037b00
190705081352,TAG_ARRIVED_B,01037b00
190705081353,STARTCOOP_SUCCESS,01e01400_01037b00
190705081353,TAG_DEPARTED_A,01e01400
190705081355,ENDCOOP_SUCCESS,01037b00_
190705081355,TAG_DEPARTED_B,01037b00
190705081410,TAG_ARRIVED_A,01e01400
190705081410,SOLO_SUCCESS,01e01400
190705081415,TAG_DEPARTED_A,01e01400
190705081427,TAG_ARRIVED_B,01037b00
190705081428,SOLO_SUCCESS,01037b00
190705081434,TAG_DEPARTED_B,01037b00
190705081435,TAG_ARRIVED_B,01037b00
190705081436,SOLO_SUCCESS,01037b00
190705081437,TAG_DEPARTED_B,01037b00
190705081439,TAG_ARRIVED_B,01e01400
190705081440,SOLO_SUCCESS,01e01400
190705081459,TAG_DEPARTED_B,01e01400
190705081512,TAG_ARRIVED_B,01e01400
190705081513,SOLO_SUCCESS,01e01400
190705081514,TAG_DEPARTED_B,01e01400
190705081537,TAG_ARRIVED_B,01037b00
190705081538,SOLO_SUCCESS,01037b00
190705081541,TAG_DEPARTED_B,01037b00
190705081556,TAG_ARRIVED_B,01037b00
190705081557,SOLO_SUCCESS,01037b00
190705081558,TAG_DEPARTED_B,01037b00
190705081651,TAG_ARRIVED_B,7991800
190705081652,SOLO_SUCCESS,7991800
190705081701,TAG_DEPARTED_B,7991800
190705081702,TAG_ARRIVED_B,7991800
190705081703,SOLO_SUCCESS,7991800
190705081704,TAG_DEPARTED_B,7991800
190705081728,TAG_ARRIVED_B,7991800
190705081728,SOLO_SUCCESS,7991800
190705081734,TAG_DEPARTED_B,7991800
190705081735,TAG_ARRIVED_B,7991800
190705081735,SOLO_SUCCESS,7991800
190705081745,TAG_ARRIVED_B,01b57900
190705081745,SOLO_SUCCESS,01b57900
190705081747,TAG_DEPARTED_B,01b57900
190705081806,TAG_ARRIVED_A,0103f300
190705081806,SOLO_SUCCESS,0103f300
190705081807,TAG_DEPARTED_A,0103f300
190705081832,TAG_ARRIVED_A,01e01400
190705081833,SOLO_SUCCESS,01e01400
190705081901,TAG_DEPARTED_A,01e01400
190705081906,TAG_ARRIVED_B,0103f300
190705081906,SOLO_SUCCESS,0103f300
190705081908,TAG_ARRIVED_B,01e01400
190705081909,SOLO_SUCCESS,01e01400
190705081911,TAG_DEPARTED_B,01e01400
190705081912,TAG_ARRIVED_A,7991800
190705081913,SOLO_SUCCESS,7991800
190705081914,TAG_ARRIVED_A,01e01400
190705081915,SOLO_SUCCESS,01e01400
190705081916,TAG_DEPARTED_A,01e01400
190705081923,TAG_ARRIVED_B,01e01400
190705081924,SOLO_SUCCESS,01e01400
190705081926,TAG_DEPARTED_B,01e01400
190705081928,TAG_ARRIVED_B,01e01400
190705081929,SOLO_SUCCESS,01e01400
190705081930,TAG_DEPARTED_B,01e01400
190705081939,TAG_ARRIVED_A,1044700
190705081940,SOLO_SUCCESS,1044700
190705081953,TAG_DEPARTED_A,1044700
190705081959,TAG_ARRIVED_A,1044700
190705082000,SOLO_SUCCESS,1044700
190705082006,TAG_DEPARTED_A,1044700
190705082008,TAG_ARRIVED_A,1044700
190705082008,SOLO_SUCCESS,1044700
190705082053,TAG_DEPARTED_A,1044700
190705082056,TAG_ARRIVED_A,1044700
190705082056,SOLO_SUCCESS,1044700
190705082116,TAG_DEPARTED_A,1044700
190705082123,TAG_ARRIVED_A,1044700
190705082123,SOLO_SUCCESS,1044700
190705082124,TAG_ARRIVED_B,1044700
190705082124,SOLO_SUCCESS,1044700
190705082125,TAG_DEPARTED_A,1044700
190705082136,TAG_DEPARTED_B,1044700
190705082137,TAG_ARRIVED_A,1044700
190705082137,SOLO_SUCCESS,1044700
190705082201,TAG_ARRIVED_B,01d18f00
190705082202,STARTCOOP_FAIL,01044700_01d18f00
190705082203,ENDCOOP_FAIL,01d18f00_01044700
190705082203,TAG_DEPARTED_B,01d18f00
190705082204,TAG_ARRIVED_A,01d18f00
190705082205,SOLO_FAIL,01d18f00
190705082219,TAG_DEPARTED_A,01d18f00
190705082359,TAG_ARRIVED_B,0102d900
190705082400,SOLO_FAIL,0102d900
190705082401,ENDCOOP_FAIL,0102d900_
190705082401,TAG_DEPARTED_B,0102d900
190705082402,LOCKOUT_ENDED,
190705082731,TAG_ARRIVED_A,0102d900
190705082732,SOLO_SUCCESS,0102d900
190705082733,TAG_DEPARTED_A,0102d900
190705082734,TAG_ARRIVED_A,0102d900
190705082735,SOLO_SUCCESS,0102d900
190705082741,TAG_DEPARTED_A,0102d900
190705082743,TAG_ARRIVED_A,0102d900
190705082744,SOLO_SUCCESS,0102d900
190705082759,TAG_DEPARTED_A,0102d900
190705082800,TAG_ARRIVED_A,0102d900
190705082800,SOLO_SUCCESS,0102d900
190705082828,TAG_DEPARTED_A,0102d900
190705082829,TAG_ARRIVED_A,0102d900
190705082830,SOLO_SUCCESS,0102d900
190705082833,TAG_DEPARTED_A,0102d900
190705082835,TAG_ARRIVED_A,0102d900
190705082836,SOLO_SUCCESS,0102d900
190705082837,TAG_DEPARTED_A,0102d900
190705082845,TAG_ARRIVED_A,0102d900
190705082845,SOLO_SUCCESS,0102d900
190705083008,TAG_DEPARTED_A,0102d900
190705083158,TAG_ARRIVED_B,0125d900
190705083158,SOLO_SUCCESS,0125d900
190705083200,TAG_DEPARTED_B,0125d900
190705083202,TAG_ARRIVED_B,0125d900
190705083202,SOLO_SUCCESS,0125d900
190705083204,TAG_DEPARTED_B,0125d900
190705083204,TAG_ARRIVED_B,0125d900
190705083205,SOLO_SUCCESS,0125d900
190705083206,TAG_DEPARTED_B,0125d900
190705083211,TAG_ARRIVED_B,0125d900
190705083212,SOLO_SUCCESS,0125d900
190705083213,TAG_ARRIVED_A,1023700
190705083213,STARTCOOP_SUCCESS,0125d900_01023700
190705083214,ENDCOOP_SUCCESS,0125d900_01023700
190705083215,TAG_DEPARTED_B,0125d900
190705083223,TAG_DEPARTED_A,1023700
190705083224,TAG_ARRIVED_A,1023700
190705083224,SOLO_SUCCESS,1023700
190705083231,TAG_DEPARTED_A,1023700
190705083248,TAG_ARRIVED_A,1023700
190705083248,SOLO_SUCCESS,1023700
190705083314,TAG_DEPARTED_A,1023700
190705083341,TAG_ARRIVED_A,1023700
190705083342,SOLO_SUCCESS,1023700
190705083347,TAG_DEPARTED_A,1023700
190705083349,TAG_ARRIVED_A,1023700
190705083349,SOLO_SUCCESS,1023700
190705083351,TAG_DEPARTED_A,1023700
190705083356,TAG_ARRIVED_A,1023700
190705083357,SOLO_SUCCESS,1023700
190705083407,TAG_DEPARTED_A,1023700
190705083411,TAG_ARRIVED_A,1023700
190705083411,SOLO_SUCCESS,1023700
190705083414,TAG_DEPARTED_A,1023700
190705083417,TAG_ARRIVED_A,1023700
190705083418,SOLO_SUCCESS,1023700
190705083504,TAG_DEPARTED_A,1023700
190705083506,TAG_ARRIVED_A,0125d900
190705083506,SOLO_SUCCESS,0125d900
190705083511,TAG_DEPARTED_A,0125d900
190705083641,TAG_ARRIVED_B,01029a00
190705083642,SOLO_SUCCESS,01029a00
190705083644,TAG_DEPARTED_B,01029a00
190705083645,TAG_ARRIVED_A,01029a00
190705083645,SOLO_SUCCESS,01029a00
190705083647,TAG_DEPARTED_A,01029a00
190705083653,TAG_ARRIVED_B,01029a00
190705083654,SOLO_SUCCESS,01029a00
190705083657,TAG_DEPARTED_B,01029a00
190705083657,TAG_ARRIVED_B,01029a00
190705083658,SOLO_SUCCESS,01029a00
190705083659,TAG_DEPARTED_B,01029a00
190705083710,TAG_ARRIVED_A,01029a00
190705083711,SOLO_SUCCESS,01029a00
190705083713,TAG_DEPARTED_A,01029a00
190705083713,TAG_ARRIVED_B,1045700
190705083714,SOLO_SUCCESS,1045700
190705083714,TAG_ARRIVED_A,01029a00
190705083715,STARTCOOP_SUCCESS,01045700_01029a00
190705083716,ENDCOOP_SUCCESS,01045700_01029a00
190705083716,TAG_DEPARTED_B,1045700
190705083716,TAG_DEPARTED_A,01029a00
190705083717,TAG_ARRIVED_B,1045700
190705083718,SOLO_SUCCESS,1045700
190705083718,TAG_ARRIVED_A,01029a00
190705083719,STARTCOOP_SUCCESS,01045700_01029a00
190705083719,ENDCOOP_SUCCESS,01045700_01029a00
190705083719,TAG_DEPARTED_B,1045700
190705083720,TAG_ARRIVED_B,1045700
190705083721,STARTCOOP_SUCCESS,01029a00_01045700
190705083722,ENDCOOP_SUCCESS,01045700_01029a00
190705083722,TAG_DEPARTED_B,1045700
190705083722,TAG_DEPARTED_A,01029a00
190705083723,TAG_ARRIVED_A,01029a00
190705083723,SOLO_SUCCESS,01029a00
190705083724,TAG_ARRIVED_B,01029a00
190705083724,SOLO_SUCCESS,01029a00
190705083725,TAG_DEPARTED_A,01029a00
190705083729,TAG_ARRIVED_A,01029a00
190705083730,SOLO_SUCCESS,01029a00
190705083731,TAG_DEPARTED_B,01029a00
190705083731,TAG_DEPARTED_A,01029a00
190705083735,TAG_ARRIVED_B,01029a00
190705083736,SOLO_SUCCESS,01029a00
190705083737,TAG_DEPARTED_B,01029a00
190705083738,TAG_ARRIVED_A,01029a00
190705083738,SOLO_SUCCESS,01029a00
190705083740,TAG_DEPARTED_A,01029a00
190705083742,TAG_ARRIVED_A,01029a00
190705083742,SOLO_SUCCESS,01029a00
190705083744,TAG_DEPARTED_A,01029a00
190705083745,TAG_ARRIVED_A,01029a00
190705083746,SOLO_SUCCESS,01029a00
190705083747,TAG_DEPARTED_A,01029a00
190705083753,TAG_ARRIVED_A,01029a00
190705083753,SOLO_SUCCESS,01029a00
190705083801,TAG_DEPARTED_A,01029a00
190705083807,TAG_ARRIVED_A,01029a00
190705083808,SOLO_SUCCESS,01029a00
190705083814,TAG_DEPARTED_A,01029a00
190705083924,TAG_ARRIVED_A,01bf9c00
190705083925,SOLO_SUCCESS,01bf9c00
190705083927,TAG_DEPARTED_A,01bf9c00
190705083931,TAG_ARRIVED_A,0102ea00
190705083932,SOLO_SUCCESS,0102ea00
190705083932,TAG_ARRIVED_B,01bf9c00
190705083934,STARTCOOP_SUCCESS,0102ea00_01bf9c00
190705083934,TAG_DEPARTED_A,0102ea00
190705083935,ENDCOOP_SUCCESS,01bf9c00_
190705083935,TAG_DEPARTED_B,01bf9c00
190705083937,TAG_ARRIVED_B,01bf9c00
190705083938,SOLO_SUCCESS,01bf9c00
190705083941,TAG_DEPARTED_B,01bf9c00
190705083941,TAG_ARRIVED_B,01bf9c00
190705083942,SOLO_SUCCESS,01bf9c00
190705083943,TAG_DEPARTED_B,01bf9c00
190705083953,TAG_ARRIVED_A,01bf9c00
190705083954,SOLO_SUCCESS,01bf9c00
190705083959,TAG_DEPARTED_A,01bf9c00
190705084001,TAG_ARRIVED_A,01bf9c00
190705084002,SOLO_SUCCESS,01bf9c00
190705084004,TAG_DEPARTED_A,01bf9c00
190705084005,TAG_ARRIVED_A,01bf9c00
190705084007,SOLO_SUCCESS,01bf9c00
190705084055,TAG_DEPARTED_A,01bf9c00
190705084055,TAG_ARRIVED_A,01bf9c00
190705084056,SOLO_SUCCESS,01bf9c00
190705084057,TAG_DEPARTED_A,01bf9c00
190705084058,TAG_ARRIVED_A,01bf9c00
190705084059,SOLO_SUCCESS,01bf9c00
190705084102,TAG_DEPARTED_A,01bf9c00
190705084104,TAG_ARRIVED_A,01bf9c00
190705084105,SOLO_SUCCESS,01bf9c00
190705084108,TAG_DEPARTED_A,01bf9c00
190705084112,TAG_ARRIVED_A,01bf9c00
190705084113,SOLO_SUCCESS,01bf9c00
190705084116,TAG_DEPARTED_A,01bf9c00
190705084117,TAG_ARRIVED_A,01bf9c00
190705084118,SOLO_SUCCESS,01bf9c00
190705084119,TAG_DEPARTED_A,01bf9c00
190705084120,TAG_ARRIVED_A,01bf9c00
190705084121,SOLO_SUCCESS,01bf9c00
190705084149,TAG_ARRIVED_A,01029a00
190705084149,SOLO_SUCCESS,01029a00
190705084226,TAG_DEPARTED_A,01029a00
190705084231,TAG_ARRIVED_A,01029a00
190705084232,SOLO_SUCCESS,01029a00
190705084233,TAG_DEPARTED_A,01029a00
190705084237,TAG_ARRIVED_A,01029a00
190705084238,SOLO_SUCCESS,01029a00
190705084239,TAG_ARRIVED_B,01029a00
190705084240,SOLO_SUCCESS,01029a00
190705084240,TAG_DEPARTED_A,01029a00
190705084244,TAG_DEPARTED_B,01029a00
190705084250,TAG_ARRIVED_A,1028400
190705084251,SOLO_SUCCESS,1028400
190705084300,TAG_ARRIVED_B,01029a00
190705084301,STARTCOOP_SUCCESS,01028400_01029a00
190705084302,ENDCOOP_SUCCESS,01029a00_01028400
190705084302,TAG_DEPARTED_B,01029a00
190705084303,TAG_ARRIVED_B,01029a00
190705084304,STARTCOOP_SUCCESS,01028400_01029a00
190705084307,ENDCOOP_SUCCESS,01029a00_01028400
190705084307,TAG_DEPARTED_B,01029a00
190705084327,TAG_ARRIVED_B,01029a00
190705084328,STARTCOOP_SUCCESS,01028400_01029a00
190705084329,ENDCOOP_SUCCESS,01029a00_01028400
190705084329,TAG_DEPARTED_B,01029a00
190705084331,TAG_ARRIVED_B,01029a00
190705084332,STARTCOOP_SUCCESS,01028400_01029a00
190705084338,ENDCOOP_SUCCESS,01029a00_01028400
190705084338,TAG_DEPARTED_B,01029a00
190705084344,TAG_ARRIVED_B,01029a00
190705084345,STARTCOOP_SUCCESS,01028400_01029a00
190705084346,TAG_DEPARTED_A,1028400
190705084347,TAG_ARRIVED_A,1028400
190705084348,STARTCOOP_SUCCESS,01029a00_01028400
190705084350,ENDCOOP_SUCCESS,01029a00_01028400
190705084351,TAG_DEPARTED_B,01029a00
190705084354,TAG_ARRIVED_B,01029a00
190705084354,STARTCOOP_SUCCESS,01028400_01029a00
190705084356,ENDCOOP_SUCCESS,01029a00_01028400
190705084356,TAG_DEPARTED_B,01029a00
190705084357,TAG_ARRIVED_B,01029a00
190705084358,STARTCOOP_SUCCESS,01028400_01029a00
190705084359,ENDCOOP_SUCCESS,01029a00_01028400
190705084359,TAG_DEPARTED_B,01029a00
190705084406,TAG_ARRIVED_B,01029a00
190705084406,STARTCOOP_SUCCESS,01028400_01029a00
190705084408,ENDCOOP_SUCCESS,01029a00_01028400
190705084408,TAG_DEPARTED_B,01029a00
190705084408,TAG_ARRIVED_B,01029a00
190705084409,STARTCOOP_SUCCESS,01028400_01029a00
190705084426,ENDCOOP_SUCCESS,01029a00_01028400
190705084426,TAG_DEPARTED_B,01029a00
190705084431,TAG_DEPARTED_A,1028400
190705084438,TAG_ARRIVED_B,01044c00
190705084439,SOLO_SUCCESS,01044c00
190705084442,TAG_DEPARTED_B,01044c00
190705084502,TAG_ARRIVED_B,01044c00
190705084502,SOLO_SUCCESS,01044c00
190705084503,TAG_ARRIVED_A,0102d400
190705084504,STARTCOOP_SUCCESS,01044c00_0102d400
190705084505,ENDCOOP_SUCCESS,01044c00_0102d400
190705084505,TAG_DEPARTED_B,01044c00
190705084506,TAG_ARRIVED_B,01044c00
190705084507,STARTCOOP_SUCCESS,0102d400_01044c00
190705084511,ENDCOOP_SUCCESS,01044c00_0102d400
190705084511,TAG_DEPARTED_B,01044c00
190705084511,TAG_DEPARTED_A,0102d400
190705084512,TAG_ARRIVED_B,01044c00
190705084512,SOLO_SUCCESS,01044c00
190705084513,TAG_ARRIVED_A,0102d400
190705084514,STARTCOOP_SUCCESS,01044c00_0102d400
190705084514,ENDCOOP_SUCCESS,01044c00_0102d400
190705084514,TAG_DEPARTED_B,01044c00
190705084514,TAG_ARRIVED_B,01044c00
190705084515,STARTCOOP_SUCCESS,0102d400_01044c00
190705084515,TAG_DEPARTED_A,0102d400
190705084516,TAG_ARRIVED_A,0102d400
190705084517,STARTCOOP_SUCCESS,01044c00_0102d400
190705084517,ENDCOOP_SUCCESS,01044c00_0102d400
190705084517,TAG_DEPARTED_B,01044c00
190705084517,TAG_ARRIVED_B,01044c00
190705084518,STARTCOOP_SUCCESS,0102d400_01044c00
190705084519,ENDCOOP_SUCCESS,01044c00_0102d400
190705084519,TAG_DEPARTED_B,01044c00
190705084520,TAG_ARRIVED_B,01044c00
190705084521,STARTCOOP_SUCCESS,0102d400_01044c00
190705084522,TAG_DEPARTED_A,0102d400
190705084523,TAG_ARRIVED_B,7991800
190705084524,SOLO_SUCCESS,7991800
190705084526,TAG_ARRIVED_A,0102d400
190705084526,STARTCOOP_FAIL,07991800_0102d400
190705084528,TAG_DEPARTED_A,0102d400
190705084528,TAG_ARRIVED_A,0102d400
190705084529,STARTCOOP_FAIL,07991800_0102d400
190705084530,TAG_DEPARTED_A,0102d400
190705084533,ENDCOOP_FAIL,07991800_
190705084533,TAG_DEPARTED_B,7991800
190705084533,TAG_ARRIVED_A,7991800
190705084534,SOLO_FAIL,7991800
190705084536,TAG_ARRIVED_B,01044c00
190705084537,STARTCOOP_FAIL,07991800_01044c00
190705084549,TAG_DEPARTED_A,7991800
190705084550,TAG_ARRIVED_A,7991800
190705084550,STARTCOOP_FAIL,01044c00_07991800
190705084552,TAG_DEPARTED_A,7991800
190705084553,TAG_ARRIVED_A,7991800
190705084553,STARTCOOP_FAIL,01044c00_07991800
190705084604,TAG_DEPARTED_A,7991800
190705084605,TAG_ARRIVED_A,7991800
190705084605,STARTCOOP_FAIL,01044c00_07991800
190705084618,ENDCOOP_FAIL,01044c00_07991800
190705084618,TAG_DEPARTED_B,01044c00
190705084619,TAG_ARRIVED_A,0102ea00
190705084620,SOLO_FAIL,0102ea00
190705084620,TAG_DEPARTED_A,0102ea00
190705084621,TAG_ARRIVED_A,0102ea00
190705084622,SOLO_FAIL,0102ea00
190705084630,TAG_DEPARTED_A,0102ea00
190705084805,LOCKOUT_ENDED,
190705090042,TAG_ARRIVED_B,01e01400
190705090043,SOLO_SUCCESS,01e01400
190705090116,TAG_DEPARTED_B,01e01400
190705090116,TAG_ARRIVED_A,01e01400
190705090117,SOLO_SUCCESS,01e01400
190705090120,TAG_DEPARTED_A,01e01400
190705091542,TAG_ARRIVED_B,1.02E+03
190705091542,SOLO_SUCCESS,1.02E+03
190705091545,TAG_DEPARTED_B,1.02E+03
190705092213,TAG_ARRIVED_B,01e01400
190705092214,SOLO_SUCCESS,01e01400
190705092215,TAG_DEPARTED_B,01e01400
190705092230,TAG_ARRIVED_B,01e01400
190705092231,SOLO_SUCCESS,01e01400
190705092234,TAG_DEPARTED_B,01e01400
190705093045,TAG_ARRIVED_B,01c4ca00
190705093046,SOLO_SUCCESS,01c4ca00
190705093049,TAG_DEPARTED_B,01c4ca00
190705093054,TAG_ARRIVED_B,01c4ca00
190705093055,SOLO_SUCCESS,01c4ca00
190705093103,TAG_DEPARTED_B,01c4ca00
190705093104,TAG_ARRIVED_B,01c4ca00
190705093105,SOLO_SUCCESS,01c4ca00
190705093115,TAG_DEPARTED_B,01c4ca00
190705093118,TAG_ARRIVED_B,01c4ca00
190705093119,SOLO_SUCCESS,01c4ca00
190705093121,TAG_DEPARTED_B,01c4ca00
190705093132,TAG_ARRIVED_B,01c4ca00
190705093133,SOLO_SUCCESS,01c4ca00
190705093135,TAG_DEPARTED_B,01c4ca00
190705093141,TAG_ARRIVED_B,01c4ca00
190705093142,SOLO_SUCCESS,01c4ca00
190705093143,TAG_DEPARTED_B,01c4ca00
190705093144,TAG_ARRIVED_B,01c4ca00
190705093145,SOLO_SUCCESS,01c4ca00
190705093157,TAG_DEPARTED_B,01c4ca00
190705093207,TAG_ARRIVED_A,7991800
190705093208,SOLO_SUCCESS,7991800
190705093215,TAG_DEPARTED_A,7991800
190705093216,TAG_ARRIVED_A,7991800
190705093216,SOLO_SUCCESS,7991800
190705093225,TAG_DEPARTED_A,7991800
190705093230,TAG_ARRIVED_A,7991800
190705093230,SOLO_SUCCESS,7991800
190705093236,TAG_DEPARTED_A,7991800
190705093237,TAG_ARRIVED_A,7991800
190705093237,SOLO_SUCCESS,7991800
190705093240,TAG_DEPARTED_A,7991800
190705093241,TAG_ARRIVED_A,7991800
190705093241,SOLO_SUCCESS,7991800
190705093243,TAG_DEPARTED_A,7991800
190705093249,TAG_ARRIVED_A,7991800
190705093249,SOLO_SUCCESS,7991800
190705093301,TAG_DEPARTED_A,7991800
190705093301,TAG_ARRIVED_A,7991800
190705093302,SOLO_SUCCESS,7991800
190705093303,TAG_DEPARTED_A,7991800
190705093304,TAG_ARRIVED_A,7991800
190705093305,SOLO_SUCCESS,7991800
190705093314,TAG_DEPARTED_A,7991800
190705093320,TAG_ARRIVED_A,7991800
190705093321,SOLO_SUCCESS,7991800
190705093325,TAG_DEPARTED_A,7991800
190705093329,TAG_ARRIVED_A,7991800
190705093329,SOLO_SUCCESS,7991800
190705093331,TAG_DEPARTED_A,7991800
190705093332,TAG_ARRIVED_A,7991800
190705093332,SOLO_SUCCESS,7991800
190705093349,TAG_DEPARTED_A,7991800
190705093354,TAG_ARRIVED_A,7991800
190705093354,SOLO_SUCCESS,7991800
190705093359,TAG_DEPARTED_A,7991800
190705093828,TAG_ARRIVED_B,7991800
190705093829,SOLO_SUCCESS,7991800
190705093849,TAG_DEPARTED_B,7991800
190705093851,TAG_ARRIVED_B,7991800
190705093851,SOLO_SUCCESS,7991800
190705093854,TAG_DEPARTED_B,7991800
190705093856,TAG_ARRIVED_B,7991800
190705093856,SOLO_SUCCESS,7991800
190705093910,TAG_DEPARTED_B,7991800
190705093911,TAG_ARRIVED_B,7991800
190705093911,SOLO_SUCCESS,7991800
190705093919,TAG_DEPARTED_B,7991800
190705093921,TAG_ARRIVED_B,7991800
190705093921,SOLO_SUCCESS,7991800
190705093923,TAG_DEPARTED_B,7991800
190705093926,TAG_ARRIVED_B,7991800
190705093926,SOLO_SUCCESS,7991800
190705093927,TAG_ARRIVED_A,1026800
190705093928,STARTCOOP_SUCCESS,07991800_01026800
190705093929,ENDCOOP_SUCCESS,07991800_01026800
190705093929,TAG_DEPARTED_B,7991800
190705093929,TAG_ARRIVED_B,7991800
190705093930,STARTCOOP_SUCCESS,01026800_07991800
190705093931,ENDCOOP_SUCCESS,07991800_01026800
190705093932,TAG_DEPARTED_B,7991800
190705093932,TAG_ARRIVED_B,7991800
190705093933,STARTCOOP_SUCCESS,01026800_07991800
190705093935,ENDCOOP_SUCCESS,07991800_01026800
190705093935,TAG_DEPARTED_B,7991800
190705093936,TAG_DEPARTED_A,1026800
190705093958,TAG_ARRIVED_B,01e01400
190705093959,SOLO_SUCCESS,01e01400
190705094000,TAG_DEPARTED_B,01e01400
190705094005,TAG_ARRIVED_B,01e01400
190705094006,SOLO_SUCCESS,01e01400
190705094007,TAG_ARRIVED_A,1026800
190705094007,STARTCOOP_FAIL,01e01400_01026800
190705094008,TAG_ARRIVED_A,01e01400
190705094009,SOLO_FAIL,01e01400
190705094009,ENDCOOP_FAIL,01e01400_01e01400
190705094009,TAG_DEPARTED_B,01e01400
190705094010,TAG_DEPARTED_A,01e01400
190705094015,TAG_ARRIVED_B,01e01400
190705094016,SOLO_FAIL,01e01400
190705094016,TAG_ARRIVED_A,7991800
190705094017,STARTCOOP_FAIL,01e01400_07991800
190705094017,ENDCOOP_FAIL,01e01400_07991800
190705094017,TAG_DEPARTED_B,01e01400
190705094018,TAG_ARRIVED_A,01e01400
190705094019,SOLO_FAIL,01e01400
190705094020,TAG_ARRIVED_B,01e01400
190705094021,SOLO_FAIL,01e01400
190705094021,TAG_DEPARTED_A,01e01400
190705094026,ENDCOOP_FAIL,01e01400_
190705094026,TAG_DEPARTED_B,01e01400
190705094031,TAG_ARRIVED_A,7991800
190705094031,SOLO_FAIL,7991800
190705094034,TAG_DEPARTED_A,7991800
190705094036,TAG_ARRIVED_B,7991800
190705094037,SOLO_FAIL,7991800
190705094040,ENDCOOP_FAIL,07991800_
190705094040,TAG_DEPARTED_B,7991800
190705094053,TAG_ARRIVED_A,01e01400
190705094054,SOLO_FAIL,01e01400
190705094058,TAG_DEPARTED_A,01e01400
190705094101,TAG_ARRIVED_A,01e01400
190705094102,SOLO_FAIL,01e01400
190705094103,TAG_DEPARTED_A,01e01400
190705094106,TAG_ARRIVED_A,01e01400
190705094107,SOLO_FAIL,01e01400
190705094108,TAG_DEPARTED_A,01e01400
190705094124,TAG_ARRIVED_A,01e01400
190705094125,SOLO_FAIL,01e01400
190705094126,TAG_ARRIVED_B,01e01400
190705094127,SOLO_FAIL,01e01400
190705094127,TAG_DEPARTED_A,01e01400
190705094129,ENDCOOP_FAIL,01e01400_
190705094129,TAG_DEPARTED_B,01e01400
190705094145,TAG_ARRIVED_B,01e01400
190705094146,SOLO_FAIL,01e01400
190705094155,ENDCOOP_FAIL,01e01400_
190705094155,TAG_DEPARTED_B,01e01400
190705094203,TAG_ARRIVED_B,1026800
190705094203,SOLO_FAIL,1026800
190705094217,LOCKOUT_ENDED,
190705094220,TAG_DEPARTED_B,1026800
190705094247,TAG_ARRIVED_B,1026800
190705094248,SOLO_SUCCESS,1026800
190705094252,TAG_DEPARTED_B,1026800
190705094254,TAG_ARRIVED_B,1026800
190705094254,SOLO_SUCCESS,1026800
190705094256,TAG_DEPARTED_B,1026800
190705094258,TAG_ARRIVED_B,1026800
190705094258,SOLO_SUCCESS,1026800
190705094315,TAG_DEPARTED_B,1026800
190705094317,TAG_ARRIVED_B,1026800
190705094318,SOLO_SUCCESS,1026800
190705094327,TAG_DEPARTED_B,1026800
190705094329,TAG_ARRIVED_B,1026800
190705094330,SOLO_SUCCESS,1026800
190705094333,TAG_DEPARTED_B,1026800
190705094334,TAG_ARRIVED_B,1026800
190705094334,SOLO_SUCCESS,1026800
190705094340,TAG_DEPARTED_B,1026800
190705094341,TAG_ARRIVED_B,1026800
190705094341,SOLO_SUCCESS,1026800
190705094347,TAG_DEPARTED_B,1026800
190705094400,TAG_ARRIVED_B,1026800
190705094401,SOLO_SUCCESS,1026800
190705094414,TAG_DEPARTED_B,1026800
190705094417,TAG_ARRIVED_B,1026800
190705094418,SOLO_SUCCESS,1026800
190705094419,TAG_DEPARTED_B,1026800
190705094420,TAG_ARRIVED_B,1026800
190705094421,SOLO_SUCCESS,1026800
190705094426,TAG_DEPARTED_B,1026800
190705094451,TAG_ARRIVED_B,1026800
190705094452,SOLO_SUCCESS,1026800
190705094500,TAG_DEPARTED_B,1026800
190705094501,TAG_ARRIVED_B,1026800
190705094501,SOLO_SUCCESS,1026800
190705094503,TAG_DEPARTED_B,1026800
190705094715,TAG_ARRIVED_B,01e01400
190705094716,SOLO_SUCCESS,01e01400
190705094720,TAG_DEPARTED_B,01e01400
190705094723,TAG_ARRIVED_B,01e01400
190705094724,SOLO_SUCCESS,01e01400
190705094725,TAG_DEPARTED_B,01e01400
190705094906,TAG_ARRIVED_A,01029a00
190705094907,SOLO_SUCCESS,01029a00
190705094911,TAG_DEPARTED_A,01029a00
190705094918,TAG_ARRIVED_A,01029a00
190705094918,SOLO_SUCCESS,01029a00
190705094920,TAG_DEPARTED_A,01029a00
190705094923,TAG_ARRIVED_A,01029a00
190705094924,SOLO_SUCCESS,01029a00
190705094925,TAG_DEPARTED_A,01029a00
190705094930,TAG_ARRIVED_A,01029a00
190705094931,SOLO_SUCCESS,01029a00
190705094932,TAG_DEPARTED_A,01029a00
190705094944,TAG_ARRIVED_A,01029a00
190705094945,SOLO_SUCCESS,01029a00
190705094949,TAG_DEPARTED_A,01029a00
190705094952,TAG_ARRIVED_A,01029a00
190705094952,SOLO_SUCCESS,01029a00
190705094955,TAG_DEPARTED_A,01029a00
190705094956,TAG_ARRIVED_A,01029a00
190705094957,SOLO_SUCCESS,01029a00
190705095003,TAG_DEPARTED_A,01029a00
190705095013,TAG_ARRIVED_A,01029a00
190705095014,SOLO_SUCCESS,01029a00
190705095017,TAG_DEPARTED_A,01029a00
190705095019,TAG_ARRIVED_B,01029a00
190705095020,SOLO_SUCCESS,01029a00
190705095021,TAG_DEPARTED_B,01029a00
190705095022,TAG_ARRIVED_B,01026a00
190705095023,SOLO_SUCCESS,01026a00
190705095028,TAG_DEPARTED_B,01026a00
190705095034,TAG_ARRIVED_B,01026a00
190705095034,SOLO_SUCCESS,01026a00
190705095036,TAG_DEPARTED_B,01026a00
190705095041,TAG_ARRIVED_B,01029a00
190705095042,SOLO_SUCCESS,01029a00
190705095044,TAG_DEPARTED_B,01029a00
190705095420,TAG_ARRIVED_B,018feb00
190705095421,SOLO_SUCCESS,018feb00
190705095430,TAG_DEPARTED_B,018feb00
190705095443,TAG_ARRIVED_B,1028400
190705095444,SOLO_SUCCESS,1028400
190705095452,TAG_DEPARTED_B,1028400
190705095454,TAG_ARRIVED_B,1028400
190705095455,SOLO_SUCCESS,1028400
190705095457,TAG_DEPARTED_B,1028400
190705095459,TAG_ARRIVED_B,1028400
190705095500,SOLO_SUCCESS,1028400
190705095503,TAG_DEPARTED_B,1028400
190705095503,TAG_ARRIVED_B,1028400
190705095504,SOLO_SUCCESS,1028400
190705095506,TAG_DEPARTED_B,1028400
190705095507,TAG_ARRIVED_B,1028400
190705095508,SOLO_SUCCESS,1028400
190705095510,TAG_DEPARTED_B,1028400
190705095512,TAG_ARRIVED_B,1028400
190705095512,SOLO_SUCCESS,1028400
190705095517,TAG_DEPARTED_B,1028400
190705095518,TAG_ARRIVED_B,1028400
190705095519,SOLO_SUCCESS,1028400
190705095520,TAG_DEPARTED_B,1028400
190705095544,TAG_ARRIVED_B,1028400
190705095545,SOLO_SUCCESS,1028400
190705095548,TAG_DEPARTED_B,1028400
190705095616,TAG_ARRIVED_B,1028400
190705095617,SOLO_SUCCESS,1028400
190705095621,TAG_DEPARTED_B,1028400
190705095624,TAG_ARRIVED_B,1028400
190705095625,SOLO_SUCCESS,1028400
190705095626,TAG_DEPARTED_B,1028400
190705100300,TAG_ARRIVED_A,01029a00
190705100301,SOLO_SUCCESS,01029a00
190705100303,TAG_DEPARTED_A,01029a00
190705100305,TAG_ARRIVED_A,01029a00
190705100305,SOLO_SUCCESS,01029a00
190705100307,TAG_DEPARTED_A,01029a00
190705100308,TAG_ARRIVED_A,01029a00
190705100308,SOLO_SUCCESS,01029a00
190705100313,TAG_DEPARTED_A,01029a00
190705100314,TAG_ARRIVED_A,01029a00
190705100315,SOLO_SUCCESS,01029a00
190705100317,TAG_DEPARTED_A,01029a00
190705100319,TAG_ARRIVED_A,01029a00
190705100320,SOLO_SUCCESS,01029a00
190705100324,TAG_DEPARTED_A,01029a00
190705100325,TAG_ARRIVED_A,01029a00
190705100326,SOLO_SUCCESS,01029a00
190705100353,TAG_DEPARTED_A,01029a00
190705100403,TAG_ARRIVED_A,01029a00
190705100404,SOLO_SUCCESS,01029a00
190705100411,TAG_DEPARTED_A,01029a00
190705100443,TAG_ARRIVED_B,01029a00
190705100444,SOLO_SUCCESS,01029a00
190705100451,TAG_DEPARTED_B,01029a00
