190531055747,START_EXPERIMENT,
190531065305,TAG_ARRIVED_A,01e01400
190531065305,SOLO_SUCCESS,01e01400
190531065306,TAG_DEPARTED_A,01e01400
190531065307,TAG_ARRIVED_A,01e01400
190531065308,SOLO_SUCCESS,01e01400
190531065334,TAG_DEPARTED_A,01e01400
190531065922,TAG_ARRIVED_A,01d18f00
190531065923,SOLO_SUCCESS,01d18f00
190531065924,TAG_DEPARTED_A,01d18f00
190531065929,TAG_ARRIVED_A,01d18f00
190531065930,SOLO_SUCCESS,01d18f00
190531065935,TAG_DEPARTED_A,01d18f00
190531065941,TAG_ARRIVED_B,01d40600
190531065941,SOLO_SUCCESS,01d40600
190531065942,TAG_DEPARTED_B,01d40600
190531065943,TAG_ARRIVED_B,01d40600
190531065944,SOLO_SUCCESS,01d40600
190531065944,TAG_ARRIVED_A,01d40600
190531065945,SOLO_SUCCESS,01d40600
190531065945,TAG_DEPARTED_B,01d40600
190531065946,TAG_DEPARTED_A,01d40600
190531070000,TAG_ARRIVED_A,018feb00
190531070001,SOLO_SUCCESS,018feb00
190531070001,TAG_ARRIVED_B,01d40600
190531070002,STARTCOOP_FAIL,018feb00_01d40600
190531070003,ENDCOOP_FAIL,01d40600_018feb00
190531070003,TAG_DEPARTED_B,01d40600
190531070003,TAG_ARRIVED_B,01d40600
190531070004,STARTCOOP_FAIL,018feb00_01d40600
190531070004,TAG_DEPARTED_A,018feb00
190531070011,ENDCOOP_FAIL,01d40600_
190531070011,TAG_DEPARTED_B,01d40600
190531070014,TAG_ARRIVED_B,01d40600
190531070015,SOLO_FAIL,01d40600
190531070018,ENDCOOP_FAIL,01d40600_
190531070018,TAG_DEPARTED_B,01d40600
190531070035,TAG_ARRIVED_A,01d18f00
190531070036,SOLO_FAIL,01d18f00
190531070046,TAG_DEPARTED_A,01d18f00
190531070046,TAG_ARRIVED_A,018feb00
190531070047,SOLO_FAIL,018feb00
190531070049,TAG_DEPARTED_A,018feb00
190531070051,TAG_ARRIVED_B,018feb00
190531070051,SOLO_FAIL,018feb00
190531070053,ENDCOOP_FAIL,018feb00_
190531070053,TAG_DEPARTED_B,018feb00
190531070126,TAG_ARRIVED_B,018feb00
190531070127,SOLO_FAIL,018feb00
190531070128,ENDCOOP_FAIL,018feb00_
190531070128,TAG_DEPARTED_B,018feb00
190531070156,TAG_ARRIVED_A,018feb00
190531070157,SOLO_FAIL,018feb00
190531070204,LOCKOUT_ENDED,
190531070207,TAG_DEPARTED_A,018feb00
190531070715,TAG_ARRIVED_B,01e01400
190531070716,SOLO_SUCCESS,01e01400
190531070738,TAG_DEPARTED_B,01e01400
190531071919,TAG_ARRIVED_A,01e01400
190531071920,SOLO_SUCCESS,01e01400
190531071944,TAG_DEPARTED_A,01e01400
190531071944,TAG_ARRIVED_A,01e01400
190531071945,SOLO_SUCCESS,01e01400
190531071957,TAG_DEPARTED_A,01e01400
190531073009,TAG_ARRIVED_A,01e01400
190531073010,SOLO_SUCCESS,01e01400
190531073021,TAG_DEPARTED_A,01e01400
190531073038,TAG_ARRIVED_A,01fdbd00
190531073039,SOLO_SUCCESS,01fdbd00
190531073042,TAG_DEPARTED_A,01fdbd00
190531073112,TAG_ARRIVED_A,01fdbd00
190531073113,SOLO_SUCCESS,01fdbd00
190531073119,TAG_DEPARTED_A,01fdbd00
190531073226,TAG_ARRIVED_A,0103f300
190531073226,SOLO_SUCCESS,0103f300
190531073229,TAG_DEPARTED_A,0103f300
190531073232,TAG_ARRIVED_A,0103f300
190531073233,SOLO_SUCCESS,0103f300
190531073235,TAG_DEPARTED_A,0103f300
190531073321,TAG_ARRIVED_B,0103f300
190531073321,SOLO_SUCCESS,0103f300
190531073326,TAG_DEPARTED_B,0103f300
190531073330,TAG_ARRIVED_B,0103f300
190531073331,SOLO_SUCCESS,0103f300
190531073333,TAG_DEPARTED_B,0103f300
190531075006,TAG_ARRIVED_B,01471d00
190531075006,SOLO_SUCCESS,01471d00
190531075034,TAG_DEPARTED_B,01471d00
190531075036,TAG_ARRIVED_B,01471d00
190531075037,SOLO_SUCCESS,01471d00
190531075040,TAG_DEPARTED_B,01471d00
190531075106,TAG_ARRIVED_B,01471d00
190531075106,SOLO_SUCCESS,01471d00
190531075108,TAG_DEPARTED_B,01471d00
190531075244,TAG_ARRIVED_B,01471d00
190531075244,SOLO_SUCCESS,01471d00
190531075247,TAG_DEPARTED_B,01471d00
190531075345,TAG_ARRIVED_B,01471d00
190531075345,SOLO_SUCCESS,01471d00
190531075347,TAG_DEPARTED_B,01471d00
190531075353,TAG_ARRIVED_B,01471d00
190531075353,SOLO_SUCCESS,01471d00
190531075411,TAG_DEPARTED_B,01471d00
190531075546,TAG_ARRIVED_B,01471d00
190531075546,SOLO_SUCCESS,01471d00
190531075548,TAG_DEPARTED_B,01471d00
190531075551,TAG_ARRIVED_B,01471d00
190531075551,SOLO_SUCCESS,01471d00
190531075554,TAG_DEPARTED_B,01471d00
190531075554,TAG_ARRIVED_A,01e01400
190531075555,SOLO_SUCCESS,01e01400
190531075556,TAG_DEPARTED_A,01e01400
190531075557,TAG_ARRIVED_A,01e01400
190531075557,SOLO_SUCCESS,01e01400
190531075559,TAG_DEPARTED_A,01e01400
190531075612,TAG_ARRIVED_B,01471d00
190531075612,SOLO_SUCCESS,01471d00
190531075617,TAG_ARRIVED_A,0103f300
190531075618,STARTCOOP_SUCCESS,01471d00_0103f300
190531075620,TAG_DEPARTED_A,0103f300
190531075625,ENDCOOP_SUCCESS,01471d00_
190531075625,TAG_DEPARTED_B,01471d00
190531075631,TAG_ARRIVED_A,0103f300
190531075631,SOLO_SUCCESS,0103f300
190531075637,TAG_DEPARTED_A,0103f300
190531075638,TAG_ARRIVED_A,0103f300
190531075638,SOLO_SUCCESS,0103f300
190531075643,TAG_DEPARTED_A,0103f300
190531075735,TAG_ARRIVED_B,01471d00
190531075735,SOLO_SUCCESS,01471d00
190531075737,TAG_DEPARTED_B,01471d00
190531075802,TAG_ARRIVED_B,01471d00
190531075803,SOLO_SUCCESS,01471d00
190531075804,TAG_DEPARTED_B,01471d00
190531075806,TAG_ARRIVED_B,01471d00
190531075806,SOLO_SUCCESS,01471d00
190531075811,TAG_DEPARTED_B,01471d00
190531075812,TAG_ARRIVED_B,01471d00
190531075813,SOLO_SUCCESS,01471d00
190531075817,TAG_DEPARTED_B,01471d00
190531075828,TAG_ARRIVED_A,01037b00
190531075828,SOLO_SUCCESS,01037b00
190531075834,TAG_ARRIVED_B,01da8200
190531075835,STARTCOOP_FAIL,01037b00_01da8200
190531075836,ENDCOOP_FAIL,01da8200_01037b00
190531075837,TAG_DEPARTED_B,01da8200
190531075837,TAG_DEPARTED_A,01037b00
190531075839,TAG_ARRIVED_A,01037b00
190531075840,SOLO_FAIL,01037b00
190531075841,TAG_DEPARTED_A,01037b00
190531075842,TAG_ARRIVED_A,01037b00
190531075842,SOLO_FAIL,01037b00
190531075848,TAG_DEPARTED_A,01037b00
190531075920,TAG_ARRIVED_A,01df6400
190531075921,SOLO_FAIL,01df6400
190531075927,TAG_DEPARTED_A,01df6400
190531075940,TAG_ARRIVED_A,01471d00
190531075940,SOLO_FAIL,01471d00
190531075955,TAG_DEPARTED_A,01471d00
190531080008,TAG_ARRIVED_A,01471d00
190531080008,SOLO_FAIL,01471d00
190531080013,TAG_DEPARTED_A,01471d00
190531080014,TAG_ARRIVED_A,01471d00
190531080015,SOLO_FAIL,01471d00
190531080024,TAG_DEPARTED_A,01471d00
190531080035,LOCKOUT_ENDED,
190531080356,TAG_ARRIVED_A,0103f300
190531080356,SOLO_SUCCESS,0103f300
190531080402,TAG_DEPARTED_A,0103f300
190531080417,TAG_ARRIVED_A,0103f300
190531080417,SOLO_SUCCESS,0103f300
190531080419,TAG_DEPARTED_A,0103f300
190531080423,TAG_ARRIVED_A,0103f300
190531080423,SOLO_SUCCESS,0103f300
190531080425,TAG_DEPARTED_A,0103f300
190531080428,TAG_ARRIVED_A,0103f300
190531080428,SOLO_SUCCESS,0103f300
190531080430,TAG_DEPARTED_A,0103f300
190531080433,TAG_ARRIVED_A,0103f300
190531080434,SOLO_SUCCESS,0103f300
190531080436,TAG_DEPARTED_A,0103f300
190531080437,TAG_ARRIVED_B,0103f300
190531080437,SOLO_SUCCESS,0103f300
190531080500,TAG_DEPARTED_B,0103f300
190531080503,TAG_ARRIVED_B,0103f300
190531080504,SOLO_SUCCESS,0103f300
190531080505,TAG_DEPARTED_B,0103f300
190531080515,TAG_ARRIVED_B,0103f300
190531080515,SOLO_SUCCESS,0103f300
190531080517,TAG_DEPARTED_B,0103f300
190531080548,TAG_ARRIVED_B,0103f300
190531080549,SOLO_SUCCESS,0103f300
190531080623,TAG_DEPARTED_B,0103f300
190531080708,TAG_ARRIVED_B,0103f300
190531080709,SOLO_SUCCESS,0103f300
190531080710,TAG_DEPARTED_B,0103f300
190531080737,TAG_ARRIVED_A,0103f300
190531080737,SOLO_SUCCESS,0103f300
190531080752,TAG_DEPARTED_A,0103f300
190531080803,TAG_ARRIVED_A,0103f300
190531080803,SOLO_SUCCESS,0103f300
190531080824,TAG_DEPARTED_A,0103f300
190531080908,TAG_ARRIVED_B,01332600
190531080909,SOLO_SUCCESS,01332600
190531080911,TAG_DEPARTED_B,01332600
190531080913,TAG_ARRIVED_B,01332600
190531080914,SOLO_SUCCESS,01332600
190531080915,TAG_DEPARTED_B,01332600
190531080925,TAG_ARRIVED_B,01332600
190531080926,SOLO_SUCCESS,01332600
190531080927,TAG_DEPARTED_B,01332600
190531080932,TAG_ARRIVED_B,01332600
190531080933,SOLO_SUCCESS,01332600
190531080936,TAG_DEPARTED_B,01332600
190531080945,TAG_ARRIVED_B,01332600
190531080946,SOLO_SUCCESS,01332600
190531080947,TAG_DEPARTED_B,01332600
190531080948,TAG_ARRIVED_A,01332600
190531080949,SOLO_SUCCESS,01332600
190531080955,TAG_DEPARTED_A,01332600
190531080955,TAG_ARRIVED_A,01332600
190531080956,SOLO_SUCCESS,01332600
190531081001,TAG_DEPARTED_A,01332600
190531081015,TAG_ARRIVED_A,01da8200
190531081015,SOLO_SUCCESS,01da8200
190531081022,TAG_DEPARTED_A,01da8200
190531081032,TAG_ARRIVED_A,01da8200
190531081032,SOLO_SUCCESS,01da8200
190531081035,TAG_DEPARTED_A,01da8200
190531081547,TAG_ARRIVED_B,01d40600
190531081548,SOLO_SUCCESS,01d40600
190531081550,TAG_DEPARTED_B,01d40600
190531081553,TAG_ARRIVED_B,01d40600
190531081554,SOLO_SUCCESS,01d40600
190531081556,TAG_DEPARTED_B,01d40600
190531081559,TAG_ARRIVED_B,01d40600
190531081600,SOLO_SUCCESS,01d40600
190531081605,TAG_DEPARTED_B,01d40600
190531081624,TAG_ARRIVED_B,01d40600
190531081624,SOLO_SUCCESS,01d40600
190531081626,TAG_DEPARTED_B,01d40600
190531081626,TAG_ARRIVED_B,01d40600
190531081627,SOLO_SUCCESS,01d40600
190531081631,TAG_DEPARTED_B,01d40600
190531082139,TAG_ARRIVED_B,018feb00
190531082139,SOLO_SUCCESS,018feb00
190531082142,TAG_DEPARTED_B,018feb00
190531083300,TAG_ARRIVED_A,01037b00
190531083301,SOLO_SUCCESS,01037b00
190531083302,TAG_DEPARTED_A,01037b00
190531084106,TAG_ARRIVED_B,01e01400
190531084107,SOLO_SUCCESS,01e01400
190531084126,TAG_DEPARTED_B,01e01400
190531084226,TAG_ARRIVED_A,01da8200
190531084226,SOLO_SUCCESS,01da8200
190531084228,TAG_DEPARTED_A,01da8200
190531084228,TAG_ARRIVED_A,01da8200
190531084228,SOLO_SUCCESS,01da8200
190531084231,TAG_DEPARTED_A,01da8200
190531085347,TAG_ARRIVED_B,01332600
190531085348,SOLO_SUCCESS,01332600
190531085350,TAG_DEPARTED_B,01332600
190531085524,TAG_ARRIVED_A,01332600
190531085524,SOLO_SUCCESS,01332600
190531085617,TAG_DEPARTED_A,01332600
190531092047,TAG_ARRIVED_A,01037b00
190531092048,SOLO_SUCCESS,01037b00
190531092052,TAG_DEPARTED_A,01037b00
190531092127,TAG_ARRIVED_A,013d7200
190531092127,SOLO_SUCCESS,013d7200
190531092131,TAG_DEPARTED_A,013d7200
190531092131,TAG_ARRIVED_A,013d7200
190531092132,SOLO_SUCCESS,013d7200
190531092137,TAG_DEPARTED_A,013d7200
190531092138,TAG_ARRIVED_A,013d7200
190531092139,SOLO_SUCCESS,013d7200
190531092146,TAG_DEPARTED_A,013d7200
190531092150,TAG_ARRIVED_A,013d7200
190531092151,SOLO_SUCCESS,013d7200
190531092153,TAG_DEPARTED_A,013d7200
190531092156,TAG_ARRIVED_A,013d7200
190531092156,SOLO_SUCCESS,013d7200
190531092159,TAG_DEPARTED_A,013d7200
190531092200,TAG_ARRIVED_A,013d7200
190531092200,SOLO_SUCCESS,013d7200
190531092202,TAG_DEPARTED_A,013d7200
190531092203,TAG_ARRIVED_A,013d7200
190531092203,SOLO_SUCCESS,013d7200
190531092209,TAG_DEPARTED_A,013d7200
190531092220,TAG_ARRIVED_A,013d7200
190531092221,SOLO_SUCCESS,013d7200
190531092225,TAG_DEPARTED_A,013d7200
190531092941,TAG_ARRIVED_A,01471d00
190531092942,SOLO_SUCCESS,01471d00
190531092946,TAG_DEPARTED_A,01471d00
190531093020,TAG_ARRIVED_B,01471d00
190531093021,SOLO_SUCCESS,01471d00
190531093024,TAG_DEPARTED_B,01471d00
190531093036,TAG_ARRIVED_B,01471d00
190531093036,SOLO_SUCCESS,01471d00
190531093041,TAG_DEPARTED_B,01471d00
190531093051,TAG_ARRIVED_B,01d40600
190531093052,SOLO_SUCCESS,01d40600
190531093059,TAG_DEPARTED_B,01d40600
190531093104,TAG_ARRIVED_B,01d40600
190531093105,SOLO_SUCCESS,01d40600
190531093107,TAG_DEPARTED_B,01d40600
190531093155,TAG_ARRIVED_A,01016400
190531093155,SOLO_SUCCESS,01016400
190531093157,TAG_DEPARTED_A,01016400
190531093233,TAG_ARRIVED_A,01471d00
190531093233,SOLO_SUCCESS,01471d00
190531093235,TAG_DEPARTED_A,01471d00
190531093336,TAG_ARRIVED_B,01471d00
190531093336,SOLO_SUCCESS,01471d00
190531093340,TAG_DEPARTED_B,01471d00
