190527055051,START_EXPERIMENT,
190527062515,TAG_ARRIVED_B,01d40600
190527062516,SOLO_SUCCESS,01d40600
190527062518,TAG_DEPARTED_B,01d40600
190527062520,TAG_ARRIVED_B,01d40600
190527062521,SOLO_SUCCESS,01d40600
190527062528,TAG_DEPARTED_B,01d40600
190527062528,TAG_ARRIVED_B,01d40600
190527062529,SOLO_SUCCESS,01d40600
190527062533,TAG_DEPARTED_B,01d40600
190527062534,TAG_ARRIVED_B,01d40600
190527062535,SOLO_SUCCESS,01d40600
190527062547,TAG_DEPARTED_B,01d40600
190527062550,TAG_ARRIVED_B,01d40600
190527062551,SOLO_SUCCESS,01d40600
190527062603,TAG_DEPARTED_B,01d40600
190527062604,TAG_ARRIVED_B,01d40600
190527062605,SOLO_SUCCESS,01d40600
190527062628,TAG_DEPARTED_B,01d40600
190527063746,TAG_ARRIVED_B,01653700
190527063746,SOLO_SUCCESS,01653700
190527063750,TAG_DEPARTED_B,01653700
190527063751,TAG_ARRIVED_B,01653700
190527063751,SOLO_SUCCESS,01653700
190527063758,TAG_DEPARTED_B,01653700
190527063800,TAG_ARRIVED_B,01e01400
190527063801,SOLO_SUCCESS,01e01400
190527063810,TAG_DEPARTED_B,01e01400
190527064643,TAG_ARRIVED_A,01da8200
190527064643,SOLO_SUCCESS,01da8200
190527064648,TAG_DEPARTED_A,01da8200
190527064654,TAG_ARRIVED_B,01da8200
190527064654,SOLO_SUCCESS,01da8200
190527064656,TAG_DEPARTED_B,01da8200
190527064733,TAG_ARRIVED_A,01fdbd00
190527064734,SOLO_SUCCESS,01fdbd00
190527064735,TAG_DEPARTED_A,01fdbd00
190527065028,TAG_ARRIVED_A,013d7200
190527065028,SOLO_SUCCESS,013d7200
190527065030,TAG_DEPARTED_A,013d7200
190527065124,TAG_ARRIVED_A,013d7200
190527065125,SOLO_SUCCESS,013d7200
190527065126,TAG_DEPARTED_A,013d7200
190527065127,TAG_ARRIVED_A,013d7200
190527065128,SOLO_SUCCESS,013d7200
190527065130,TAG_DEPARTED_A,013d7200
190527072131,TAG_ARRIVED_B,017e1f00
190527072132,SOLO_SUCCESS,017e1f00
190527072133,TAG_DEPARTED_B,017e1f00
190527075211,TAG_ARRIVED_B,017e1f00
190527075212,SOLO_SUCCESS,017e1f00
190527075213,TAG_DEPARTED_B,017e1f00
190527075326,TAG_ARRIVED_B,017e1f00
190527075326,SOLO_SUCCESS,017e1f00
190527075328,TAG_DEPARTED_B,017e1f00
190527083444,TAG_ARRIVED_A,01da8200
190527083444,SOLO_SUCCESS,01da8200
190527083447,TAG_DEPARTED_A,01da8200
190527090004,TAG_ARRIVED_B,01d40600
190527090005,SOLO_SUCCESS,01d40600
190527090012,TAG_DEPARTED_B,01d40600
190527090013,TAG_ARRIVED_B,01d40600
190527090014,SOLO_SUCCESS,01d40600
190527090016,TAG_DEPARTED_B,01d40600
190527090029,TAG_ARRIVED_B,01d40600
190527090030,SOLO_SUCCESS,01d40600
190527090034,TAG_DEPARTED_B,01d40600
190527090649,TAG_ARRIVED_A,01e01400
190527090649,SOLO_SUCCESS,01e01400
190527090653,TAG_DEPARTED_A,01e01400
190527091721,TAG_ARRIVED_A,018feb00
190527091721,SOLO_SUCCESS,018feb00
190527091723,TAG_DEPARTED_A,018feb00
190527094711,TAG_ARRIVED_A,01181900
190527094712,SOLO_SUCCESS,01181900
190527094713,TAG_DEPARTED_A,01181900
190527095622,TAG_ARRIVED_A,017e1f00
190527095623,SOLO_SUCCESS,017e1f00
190527095624,TAG_DEPARTED_A,017e1f00
190527095632,TAG_ARRIVED_A,01181900
190527095632,SOLO_SUCCESS,01181900
190527095636,TAG_DEPARTED_A,01181900
190527095637,TAG_ARRIVED_A,01181900
190527095638,SOLO_SUCCESS,01181900
190527095643,TAG_DEPARTED_A,01181900
190527095644,TAG_ARRIVED_A,01181900
190527095644,SOLO_SUCCESS,01181900
190527095647,TAG_DEPARTED_A,01181900
190527095726,TAG_ARRIVED_A,017e1f00
190527095727,SOLO_SUCCESS,017e1f00
190527095730,TAG_DEPARTED_A,017e1f00
190527100052,TAG_ARRIVED_B,01d40600
190527100053,SOLO_SUCCESS,01d40600
190527100100,TAG_DEPARTED_B,01d40600
190527100114,TAG_ARRIVED_B,01d40600
190527100115,SOLO_SUCCESS,01d40600
190527100119,TAG_DEPARTED_B,01d40600
190527100239,TAG_ARRIVED_A,013d7200
190527100239,SOLO_SUCCESS,013d7200
190527100243,TAG_DEPARTED_A,013d7200
190527104125,TAG_ARRIVED_A,018feb00
190527104126,SOLO_SUCCESS,018feb00
190527104128,TAG_DEPARTED_A,018feb00
190527104620,TAG_ARRIVED_A,0102d400
190527104621,SOLO_SUCCESS,0102d400
190527104623,TAG_DEPARTED_A,0102d400
190527105337,TAG_ARRIVED_B,01e01400
190527105338,SOLO_SUCCESS,01e01400
190527105350,TAG_DEPARTED_B,01e01400
