190514054445,START_EXPERIMENT,
190514061012,TAG_ARRIVED_A,01df6400
190514061013,SOLO_SUCCESS,01df6400
190514061018,TAG_DEPARTED_A,01df6400
190514061019,TAG_ARRIVED_A,01df6400
190514061020,SOLO_SUCCESS,01df6400
190514061021,TAG_DEPARTED_A,01df6400
190514061022,TAG_ARRIVED_A,01df6400
190514061023,SOLO_SUCCESS,01df6400
190514061024,TAG_DEPARTED_A,01df6400
190514061025,TAG_ARRIVED_A,01df6400
190514061026,SOLO_SUCCESS,01df6400
190514061029,TAG_DEPARTED_A,01df6400
190514061037,TAG_ARRIVED_A,01df6400
190514061038,SOLO_SUCCESS,01df6400
190514061041,TAG_DEPARTED_A,01df6400
190514061042,TAG_ARRIVED_A,01df6400
190514061043,SOLO_SUCCESS,01df6400
190514061047,TAG_DEPARTED_A,01df6400
190514062622,TAG_ARRIVED_A,01181900
190514062622,SOLO_SUCCESS,01181900
190514062638,TAG_DEPARTED_A,01181900
190514062644,TAG_ARRIVED_A,01181900
190514062644,SOLO_SUCCESS,01181900
190514062648,TAG_DEPARTED_A,01181900
190514062803,TAG_ARRIVED_A,01da8200
190514062804,SOLO_SUCCESS,01da8200
190514062809,TAG_DEPARTED_A,01da8200
190514063119,TAG_ARRIVED_A,01df6400
190514063120,SOLO_SUCCESS,01df6400
190514063124,TAG_DEPARTED_A,01df6400
190514063131,TAG_ARRIVED_A,01df6400
190514063132,SOLO_SUCCESS,01df6400
190514063139,TAG_DEPARTED_A,01df6400
190514063140,TAG_ARRIVED_A,01df6400
190514063142,SOLO_SUCCESS,01df6400
190514063149,TAG_DEPARTED_A,01df6400
190514063149,TAG_ARRIVED_A,01df6400
190514063150,SOLO_SUCCESS,01df6400
190514063151,TAG_DEPARTED_A,01df6400
190514063154,TAG_ARRIVED_A,01df6400
190514063155,SOLO_SUCCESS,01df6400
190514063200,TAG_DEPARTED_A,01df6400
190514070750,TAG_ARRIVED_A,017e1f00
190514070751,SOLO_SUCCESS,017e1f00
190514070754,TAG_DEPARTED_A,017e1f00
190514070802,TAG_ARRIVED_A,017e1f00
190514070803,SOLO_SUCCESS,017e1f00
190514070804,TAG_DEPARTED_A,017e1f00
190514070824,TAG_ARRIVED_A,017e1f00
190514070825,SOLO_SUCCESS,017e1f00
190514070826,TAG_DEPARTED_A,017e1f00
190514070906,TAG_ARRIVED_B,013d7300
190514070907,SOLO_SUCCESS,013d7300
190514070908,TAG_DEPARTED_B,013d7300
190514070935,TAG_ARRIVED_B,013d7300
190514070936,SOLO_SUCCESS,013d7300
190514070937,TAG_DEPARTED_B,013d7300
190514070946,TAG_ARRIVED_B,013d7300
190514070947,SOLO_SUCCESS,013d7300
190514070948,TAG_DEPARTED_B,013d7300
190514070952,TAG_ARRIVED_B,013d7300
190514070953,SOLO_SUCCESS,013d7300
190514070955,TAG_DEPARTED_B,013d7300
190514083947,TAG_ARRIVED_A,013d7300
190514083948,SOLO_SUCCESS,013d7300
190514083951,TAG_DEPARTED_A,013d7300
190514083953,TAG_ARRIVED_A,013d7300
190514083954,SOLO_SUCCESS,013d7300
190514083958,TAG_DEPARTED_A,013d7300
190514084007,TAG_ARRIVED_A,013d7300
190514084008,SOLO_SUCCESS,013d7300
190514084019,TAG_DEPARTED_A,013d7300
190514084020,TAG_ARRIVED_A,013d7300
190514084021,SOLO_SUCCESS,013d7300
190514084026,TAG_DEPARTED_A,013d7300
190514084028,TAG_ARRIVED_A,013d7300
190514084029,SOLO_SUCCESS,013d7300
190514084038,TAG_DEPARTED_A,013d7300
190514084039,TAG_ARRIVED_A,013d7300
190514084040,SOLO_SUCCESS,013d7300
190514084041,TAG_DEPARTED_A,013d7300
190514084052,TAG_ARRIVED_A,013d7300
190514084053,SOLO_SUCCESS,013d7300
190514084054,TAG_DEPARTED_A,013d7300
190514084559,TAG_ARRIVED_A,01181900
190514084600,SOLO_SUCCESS,01181900
190514084601,TAG_DEPARTED_A,01181900
190514084602,TAG_ARRIVED_A,01181900
190514084603,SOLO_SUCCESS,01181900
190514084606,TAG_DEPARTED_A,01181900
190514084608,TAG_ARRIVED_A,01181900
190514084608,SOLO_SUCCESS,01181900
190514084613,TAG_DEPARTED_A,01181900
190514084615,TAG_ARRIVED_A,01181900
190514084616,SOLO_SUCCESS,01181900
190514084620,TAG_DEPARTED_A,01181900
190514084621,TAG_ARRIVED_A,01181900
190514084621,SOLO_SUCCESS,01181900
190514084634,TAG_DEPARTED_A,01181900
190514084749,TAG_ARRIVED_B,018feb00
190514084750,SOLO_SUCCESS,018feb00
190514084752,TAG_DEPARTED_B,018feb00
190514085011,TAG_ARRIVED_B,018feb00
190514085012,SOLO_SUCCESS,018feb00
190514085014,TAG_DEPARTED_B,018feb00
190514091548,TAG_ARRIVED_B,01d40600
190514091550,SOLO_SUCCESS,01d40600
190514091550,TAG_DEPARTED_B,01d40600
190514091600,TAG_ARRIVED_B,01d40600
190514091601,SOLO_SUCCESS,01d40600
190514091602,TAG_DEPARTED_B,01d40600
190514091608,TAG_ARRIVED_B,01d40600
190514091609,SOLO_SUCCESS,01d40600
190514091610,TAG_DEPARTED_B,01d40600
190514091618,TAG_ARRIVED_B,01d40600
190514091620,SOLO_SUCCESS,01d40600
190514091620,TAG_DEPARTED_B,01d40600
190514091623,TAG_ARRIVED_A,01d40600
190514091624,SOLO_SUCCESS,01d40600
190514091625,TAG_DEPARTED_A,01d40600
