190702061328,START_EXPERIMENT,
190702061354,TAG_ARRIVED_A,1783900
190702061355,SOLO_FAIL,1783900
190702061355,TAG_ARRIVED_B,0139d100
190702061356,STARTCOOP_SUCCESS,01783900_0139d100
190702061357,ENDCOOP_SUCCESS,0139d100_01783900
190702061358,TAG_DEPARTED_B,0139d100
190702061358,TAG_DEPARTED_A,1783900
190702061526,LOCKOUT_ENDED,
190702063349,TAG_ARRIVED_A,0102d400
190702063350,SOLO_SUCCESS,0102d400
190702063353,TAG_DEPARTED_A,0102d400
190702063431,TAG_ARRIVED_A,0102d400
190702063432,SOLO_SUCCESS,0102d400
190702063434,TAG_DEPARTED_A,0102d400
190702063511,TAG_ARRIVED_A,0102d400
190702063512,SOLO_SUCCESS,0102d400
190702063527,TAG_DEPARTED_A,0102d400
190702063531,TAG_ARRIVED_A,0102d400
190702063532,SOLO_SUCCESS,0102d400
190702063538,TAG_DEPARTED_A,0102d400
190702063541,TAG_ARRIVED_A,0102d400
190702063542,SOLO_SUCCESS,0102d400
190702063636,TAG_DEPARTED_A,0102d400
190702064216,TAG_ARRIVED_B,0195af00
190702064217,SOLO_SUCCESS,0195af00
190702064218,TAG_DEPARTED_B,0195af00
190702064220,TAG_ARRIVED_B,0195af00
190702064221,SOLO_SUCCESS,0195af00
190702064232,TAG_DEPARTED_B,0195af00
190702065056,TAG_ARRIVED_B,01e01400
190702065057,SOLO_SUCCESS,01e01400
190702065117,TAG_DEPARTED_B,01e01400
190702065119,TAG_ARRIVED_A,01e01400
190702065120,SOLO_SUCCESS,01e01400
190702065135,TAG_DEPARTED_A,01e01400
190702065950,TAG_ARRIVED_B,01026c00
190702065951,SOLO_SUCCESS,01026c00
190702070019,TAG_DEPARTED_B,01026c00
190702070024,TAG_ARRIVED_A,01026c00
190702070024,SOLO_SUCCESS,01026c00
190702070026,TAG_DEPARTED_A,01026c00
190702070026,TAG_ARRIVED_B,01026c00
190702070027,SOLO_SUCCESS,01026c00
190702070040,TAG_DEPARTED_B,01026c00
190702070047,TAG_ARRIVED_A,01026c00
190702070048,SOLO_SUCCESS,01026c00
190702070052,TAG_DEPARTED_A,01026c00
190702070052,TAG_ARRIVED_A,01026c00
190702070053,SOLO_SUCCESS,01026c00
190702070057,TAG_DEPARTED_A,01026c00
190702070059,TAG_ARRIVED_A,01026c00
190702070100,SOLO_SUCCESS,01026c00
190702070113,TAG_DEPARTED_A,01026c00
190702070116,TAG_ARRIVED_A,01026c00
190702070117,SOLO_SUCCESS,01026c00
190702070137,TAG_DEPARTED_A,01026c00
190702070140,TAG_ARRIVED_A,01026c00
190702070141,SOLO_SUCCESS,01026c00
190702070143,TAG_DEPARTED_A,01026c00
190702070155,TAG_ARRIVED_A,01026c00
190702070156,SOLO_SUCCESS,01026c00
190702070211,TAG_DEPARTED_A,01026c00
190702070323,TAG_ARRIVED_B,0102d900
190702070324,SOLO_SUCCESS,0102d900
190702070325,TAG_DEPARTED_B,0102d900
190702070333,TAG_ARRIVED_B,0102d900
190702070334,SOLO_SUCCESS,0102d900
190702070335,TAG_DEPARTED_B,0102d900
190702070336,TAG_ARRIVED_B,0102d900
190702070337,SOLO_SUCCESS,0102d900
190702070339,TAG_DEPARTED_B,0102d900
190702070342,TAG_ARRIVED_B,0102d900
190702070343,SOLO_SUCCESS,0102d900
190702070347,TAG_DEPARTED_B,0102d900
190702070353,TAG_ARRIVED_B,0102d900
190702070354,SOLO_SUCCESS,0102d900
190702070356,TAG_DEPARTED_B,0102d900
190702070407,TAG_ARRIVED_B,0102d900
190702070408,SOLO_SUCCESS,0102d900
190702070409,TAG_DEPARTED_B,0102d900
190702071755,TAG_ARRIVED_B,0195af00
190702071756,SOLO_SUCCESS,0195af00
190702071757,TAG_DEPARTED_B,0195af00
190702081405,TAG_ARRIVED_B,01e01400
190702081406,SOLO_SUCCESS,01e01400
190702081412,TAG_DEPARTED_B,01e01400
190702083902,TAG_ARRIVED_B,0102d900
190702083902,SOLO_SUCCESS,0102d900
190702083904,TAG_DEPARTED_B,0102d900
190702083904,TAG_ARRIVED_B,0102d900
190702083905,SOLO_SUCCESS,0102d900
190702083910,TAG_DEPARTED_B,0102d900
190702083931,TAG_ARRIVED_B,0102d900
190702083932,SOLO_SUCCESS,0102d900
190702083934,TAG_DEPARTED_B,0102d900
190702083934,TAG_ARRIVED_B,0102d900
190702083935,SOLO_SUCCESS,0102d900
190702083937,TAG_DEPARTED_B,0102d900
190702083940,TAG_ARRIVED_B,0102d900
190702083941,SOLO_SUCCESS,0102d900
190702083945,TAG_DEPARTED_B,0102d900
190702083947,TAG_ARRIVED_A,01da8200
190702083947,SOLO_SUCCESS,01da8200
190702083950,TAG_DEPARTED_A,01da8200
190702083951,TAG_ARRIVED_B,0102d900
190702083952,SOLO_SUCCESS,0102d900
190702083957,TAG_ARRIVED_A,01da8200
190702083957,STARTCOOP_FAIL,0102d900_01da8200
190702083959,TAG_DEPARTED_A,01da8200
190702083959,ENDCOOP_FAIL,0102d900_
190702083959,TAG_DEPARTED_B,0102d900
190702084000,TAG_ARRIVED_A,01da8200
190702084001,SOLO_FAIL,01da8200
190702084002,TAG_DEPARTED_A,01da8200
190702084006,TAG_ARRIVED_B,0102d900
190702084007,SOLO_FAIL,0102d900
190702084014,TAG_ARRIVED_A,01da8200
190702084014,STARTCOOP_FAIL,0102d900_01da8200
190702084016,TAG_DEPARTED_A,01da8200
190702084017,TAG_ARRIVED_A,0102d900
190702084018,SOLO_FAIL,0102d900
190702084018,ENDCOOP_FAIL,0102d900_0102d900
190702084018,TAG_DEPARTED_B,0102d900
190702084021,TAG_ARRIVED_B,0102d900
190702084022,SOLO_FAIL,0102d900
190702084022,TAG_DEPARTED_A,0102d900
190702084029,ENDCOOP_FAIL,0102d900_
190702084029,TAG_DEPARTED_B,0102d900
190702084214,LOCKOUT_ENDED,
190702084312,TAG_ARRIVED_A,01da8200
190702084312,SOLO_SUCCESS,01da8200
190702084316,TAG_DEPARTED_A,01da8200
190702084414,TAG_ARRIVED_B,01037b00
190702084415,SOLO_SUCCESS,01037b00
190702084423,TAG_DEPARTED_B,01037b00
190702084427,TAG_ARRIVED_B,01037b00
190702084427,SOLO_SUCCESS,01037b00
190702084430,TAG_DEPARTED_B,01037b00
190702084432,TAG_ARRIVED_B,01037b00
190702084433,SOLO_SUCCESS,01037b00
190702084436,TAG_DEPARTED_B,01037b00
190702084437,TAG_ARRIVED_B,01037b00
190702084438,SOLO_SUCCESS,01037b00
190702084439,TAG_DEPARTED_B,01037b00
190702084439,TAG_ARRIVED_B,01037b00
190702084440,SOLO_SUCCESS,01037b00
190702084444,TAG_DEPARTED_B,01037b00
190702084446,TAG_ARRIVED_B,01037b00
190702084446,SOLO_SUCCESS,01037b00
190702084451,TAG_DEPARTED_B,01037b00
190702084611,TAG_ARRIVED_B,1042900
190702084612,SOLO_SUCCESS,1042900
190702084614,TAG_DEPARTED_B,1042900
190702084643,TAG_ARRIVED_B,01c4ca00
190702084644,SOLO_SUCCESS,01c4ca00
190702084645,TAG_DEPARTED_B,01c4ca00
190702084646,TAG_ARRIVED_B,01c4ca00
190702084647,SOLO_SUCCESS,01c4ca00
190702084648,TAG_DEPARTED_B,01c4ca00
190702084649,TAG_ARRIVED_B,01c4ca00
190702084650,SOLO_SUCCESS,01c4ca00
190702084651,TAG_DEPARTED_B,01c4ca00
190702084656,TAG_ARRIVED_B,01c4ca00
190702084657,SOLO_SUCCESS,01c4ca00
190702084700,TAG_DEPARTED_B,01c4ca00
190702084700,TAG_ARRIVED_A,01c4ca00
190702084701,SOLO_SUCCESS,01c4ca00
190702084702,TAG_DEPARTED_A,01c4ca00
190702084702,TAG_ARRIVED_B,01c4ca00
190702084703,SOLO_SUCCESS,01c4ca00
190702084708,TAG_DEPARTED_B,01c4ca00
190702084709,TAG_ARRIVED_B,01c4ca00
190702084710,SOLO_SUCCESS,01c4ca00
190702084715,TAG_ARRIVED_B,1042900
190702084715,SOLO_SUCCESS,1042900
190702084822,TAG_ARRIVED_A,01c4ca00
190702084823,STARTCOOP_FAIL,01042900_01c4ca00
190702084826,TAG_DEPARTED_A,01c4ca00
190702084831,ENDCOOP_FAIL,01042900_
190702084832,TAG_DEPARTED_B,1042900
190702084840,TAG_ARRIVED_A,01ae2b00
190702084840,SOLO_FAIL,01ae2b00
190702084842,TAG_DEPARTED_A,01ae2b00
190702084850,TAG_ARRIVED_B,01c4ca00
190702084851,SOLO_FAIL,01c4ca00
190702084903,TAG_ARRIVED_A,0101c200
190702084904,STARTCOOP_SUCCESS,01c4ca00_0101c200
190702084905,TAG_DEPARTED_A,0101c200
190702084912,TAG_ARRIVED_A,0101c200
190702084913,STARTCOOP_SUCCESS,01c4ca00_0101c200
190702084914,TAG_DEPARTED_A,0101c200
190702084930,TAG_ARRIVED_A,0101c200
190702084931,STARTCOOP_SUCCESS,01c4ca00_0101c200
190702084931,ENDCOOP_SUCCESS,01c4ca00_0101c200
190702084931,TAG_DEPARTED_B,01c4ca00
190702084932,TAG_DEPARTED_A,0101c200
190702084933,TAG_ARRIVED_A,0101c200
190702084934,SOLO_FAIL,0101c200
190702084935,TAG_DEPARTED_A,0101c200
190702084936,TAG_ARRIVED_A,0101c200
190702084937,SOLO_FAIL,0101c200
190702084937,TAG_ARRIVED_B,01c4ca00
190702084938,STARTCOOP_SUCCESS,0101c200_01c4ca00
190702084941,TAG_DEPARTED_A,0101c200
190702084954,TAG_ARRIVED_A,0101c200
190702084955,STARTCOOP_SUCCESS,01c4ca00_0101c200
190702085011,ENDCOOP_SUCCESS,01c4ca00_0101c200
190702085011,TAG_DEPARTED_B,01c4ca00
190702085013,TAG_ARRIVED_B,01c4ca00
190702085014,STARTCOOP_SUCCESS,0101c200_01c4ca00
190702085015,TAG_DEPARTED_A,0101c200
190702085018,TAG_ARRIVED_A,0101c200
190702085019,STARTCOOP_SUCCESS,01c4ca00_0101c200
190702085023,TAG_DEPARTED_B,01c4ca00
190702085023,REPLACEMENT,01042900_01c4ca00
190702085023,TAG_ARRIVED_B,1042900
190702085023,STARTCOOP_FAIL,0101c200_01042900
190702085025,ENDCOOP_FAIL,01042900_0101c200
190702085025,TAG_DEPARTED_B,1042900
190702085025,TAG_ARRIVED_B,1042900
190702085026,STARTCOOP_FAIL,0101c200_01042900
190702085028,TAG_DEPARTED_A,0101c200
190702085031,TAG_ARRIVED_A,0101c200
190702085032,STARTCOOP_FAIL,01042900_0101c200
190702085033,ENDCOOP_FAIL,01042900_0101c200
190702085033,TAG_DEPARTED_B,1042900
190702085033,TAG_ARRIVED_B,1042900
190702085034,STARTCOOP_FAIL,0101c200_01042900
190702085035,TAG_DEPARTED_A,0101c200
190702085036,TAG_ARRIVED_A,0101c200
190702085037,STARTCOOP_FAIL,01042900_0101c200
190702085039,ENDCOOP_FAIL,01042900_0101c200
190702085039,TAG_DEPARTED_B,1042900
190702085042,TAG_ARRIVED_B,01c4ca00
190702085043,STARTCOOP_SUCCESS,0101c200_01c4ca00
190702085045,ENDCOOP_SUCCESS,01c4ca00_0101c200
190702085045,TAG_DEPARTED_B,01c4ca00
190702085053,TAG_ARRIVED_B,01026a00
190702085054,STARTCOOP_SUCCESS,0101c200_01026a00
190702085057,ENDCOOP_SUCCESS,01026a00_0101c200
190702085057,TAG_DEPARTED_B,01026a00
190702085059,TAG_ARRIVED_B,01026a00
190702085100,STARTCOOP_SUCCESS,0101c200_01026a00
190702085101,ENDCOOP_SUCCESS,01026a00_0101c200
190702085101,TAG_DEPARTED_B,01026a00
190702085118,TAG_DEPARTED_A,0101c200
190702085120,TAG_ARRIVED_A,0101c200
190702085121,SOLO_FAIL,0101c200
190702085138,TAG_DEPARTED_A,0101c200
190702085148,TAG_ARRIVED_B,0195af00
190702085149,SOLO_FAIL,0195af00
190702085150,ENDCOOP_FAIL,0195af00_
190702085150,TAG_DEPARTED_B,0195af00
190702085151,TAG_ARRIVED_A,01ae2b00
190702085151,SOLO_FAIL,01ae2b00
190702085152,TAG_ARRIVED_B,01ae2b00
190702085153,SOLO_FAIL,01ae2b00
190702085153,TAG_DEPARTED_A,01ae2b00
190702085155,ENDCOOP_FAIL,01ae2b00_
190702085155,TAG_DEPARTED_B,01ae2b00
190702085211,TAG_ARRIVED_B,01ae2b00
190702085211,SOLO_FAIL,01ae2b00
190702085213,TAG_ARRIVED_A,01e01400
190702085214,STARTCOOP_FAIL,01ae2b00_01e01400
190702085214,ENDCOOP_FAIL,01ae2b00_01e01400
190702085214,TAG_DEPARTED_B,01ae2b00
190702085215,TAG_ARRIVED_B,01e01400
190702085216,SOLO_FAIL,01e01400
190702085216,TAG_DEPARTED_A,01e01400
190702085223,ENDCOOP_FAIL,01e01400_
190702085223,TAG_DEPARTED_B,01e01400
190702085226,TAG_ARRIVED_A,01e01400
190702085227,SOLO_FAIL,01e01400
190702085234,TAG_DEPARTED_A,01e01400
190702085238,TAG_ARRIVED_B,1042900
190702085238,SOLO_FAIL,1042900
190702085238,TAG_ARRIVED_A,1042900
190702085239,SOLO_FAIL,1042900
190702085240,ENDCOOP_FAIL,01042900_01042900
190702085240,TAG_DEPARTED_B,1042900
190702085243,TAG_ARRIVED_B,1042900
190702085243,SOLO_FAIL,1042900
190702085244,TAG_DEPARTED_A,1042900
190702085245,TAG_ARRIVED_A,01ae2b00
190702085245,STARTCOOP_SUCCESS,01042900_01ae2b00
190702085249,TAG_DEPARTED_A,01ae2b00
190702085250,TAG_ARRIVED_A,1042900
190702085250,SOLO_FAIL,1042900
190702085250,ENDCOOP_FAIL,01042900_01042900
190702085251,TAG_DEPARTED_B,1042900
190702085253,TAG_DEPARTED_A,1042900
190702085255,TAG_ARRIVED_A,01ae2b00
190702085256,SOLO_FAIL,01ae2b00
190702085300,TAG_DEPARTED_A,01ae2b00
190702085312,TAG_ARRIVED_A,01ae2b00
190702085312,SOLO_FAIL,01ae2b00
190702085314,TAG_DEPARTED_A,01ae2b00
190702085315,TAG_ARRIVED_B,01ae2b00
190702085315,SOLO_FAIL,01ae2b00
190702085337,ENDCOOP_FAIL,01ae2b00_
190702085338,TAG_DEPARTED_B,01ae2b00
190702085405,TAG_ARRIVED_B,01c4ca00
190702085406,SOLO_FAIL,01c4ca00
190702085409,ENDCOOP_FAIL,01c4ca00_
190702085409,TAG_DEPARTED_B,01c4ca00
190702085414,LOCKOUT_ENDED,
190702085426,TAG_ARRIVED_B,01026c00
190702085427,SOLO_SUCCESS,01026c00
190702085433,TAG_ARRIVED_A,01026c00
190702085434,SOLO_SUCCESS,01026c00
190702085434,TAG_DEPARTED_B,01026c00
190702085436,TAG_DEPARTED_A,01026c00
190702085436,TAG_ARRIVED_A,01026c00
190702085437,SOLO_SUCCESS,01026c00
190702085438,TAG_DEPARTED_A,01026c00
190702085441,TAG_ARRIVED_B,01026c00
190702085442,SOLO_SUCCESS,01026c00
190702085519,TAG_DEPARTED_B,01026c00
190702085526,TAG_ARRIVED_A,01026c00
190702085527,SOLO_SUCCESS,01026c00
190702085528,TAG_DEPARTED_A,01026c00
190702085529,TAG_ARRIVED_A,01026c00
190702085530,SOLO_SUCCESS,01026c00
190702085534,TAG_DEPARTED_A,01026c00
190702085534,TAG_ARRIVED_A,01026c00
190702085535,SOLO_SUCCESS,01026c00
190702085543,TAG_DEPARTED_A,01026c00
190702085543,TAG_ARRIVED_A,01026c00
190702085544,SOLO_SUCCESS,01026c00
190702085547,TAG_DEPARTED_A,01026c00
190702085553,TAG_ARRIVED_A,01026c00
190702085554,SOLO_SUCCESS,01026c00
190702085557,TAG_DEPARTED_A,01026c00
190702085602,TAG_ARRIVED_A,01026c00
190702085603,SOLO_SUCCESS,01026c00
190702085612,TAG_DEPARTED_A,01026c00
190702085613,TAG_ARRIVED_A,01026c00
190702085614,SOLO_SUCCESS,01026c00
190702085615,TAG_DEPARTED_A,01026c00
190702085618,TAG_ARRIVED_A,01026c00
190702085619,SOLO_SUCCESS,01026c00
190702085633,TAG_DEPARTED_A,01026c00
190702085655,TAG_ARRIVED_A,01026c00
190702085656,SOLO_SUCCESS,01026c00
190702085707,TAG_DEPARTED_A,01026c00
190702085711,TAG_ARRIVED_A,01026c00
190702085712,SOLO_SUCCESS,01026c00
190702085714,TAG_DEPARTED_A,01026c00
190702085719,TAG_ARRIVED_A,01026c00
190702085720,SOLO_SUCCESS,01026c00
190702085727,TAG_DEPARTED_A,01026c00
190702085729,TAG_ARRIVED_A,01026c00
190702085730,SOLO_SUCCESS,01026c00
190702085759,TAG_DEPARTED_A,01026c00
190702085805,TAG_ARRIVED_A,01026c00
190702085806,SOLO_SUCCESS,01026c00
190702085811,TAG_DEPARTED_A,01026c00
190702085811,TAG_ARRIVED_A,01026c00
190702085812,SOLO_SUCCESS,01026c00
190702085826,TAG_DEPARTED_A,01026c00
190702085834,TAG_ARRIVED_A,01e01400
190702085835,SOLO_SUCCESS,01e01400
190702085842,TAG_DEPARTED_A,01e01400
190702085849,TAG_ARRIVED_A,01e01400
190702085850,SOLO_SUCCESS,01e01400
190702085852,TAG_DEPARTED_A,01e01400
190702085856,TAG_ARRIVED_A,01026c00
190702085857,SOLO_SUCCESS,01026c00
190702085859,TAG_DEPARTED_A,01026c00
190702085859,TAG_ARRIVED_A,01026c00
190702085900,SOLO_SUCCESS,01026c00
190702085901,TAG_ARRIVED_B,1042900
190702085901,STARTCOOP_FAIL,01026c00_01042900
190702085902,ENDCOOP_FAIL,01042900_01026c00
190702085902,TAG_DEPARTED_B,1042900
190702085903,TAG_DEPARTED_A,01026c00
190702085903,TAG_ARRIVED_B,1042900
190702085904,SOLO_FAIL,1042900
190702085904,TAG_ARRIVED_A,01026c00
190702085905,STARTCOOP_FAIL,01042900_01026c00
190702085905,TAG_DEPARTED_A,01026c00
190702085905,REPLACEMENT,01042900_01026c00
190702085905,TAG_ARRIVED_A,1042900
190702085906,SOLO_FAIL,1042900
190702085906,ENDCOOP_FAIL,01042900_01042900
190702085906,TAG_DEPARTED_B,1042900
190702085915,TAG_ARRIVED_A,01026c00
190702085916,SOLO_FAIL,01026c00
190702085917,TAG_DEPARTED_A,01026c00
190702085923,TAG_ARRIVED_A,01026c00
190702085923,SOLO_FAIL,01026c00
190702085928,TAG_ARRIVED_B,1044700
190702085928,STARTCOOP_FAIL,01026c00_01044700
190702085933,TAG_DEPARTED_A,01026c00
190702085933,TAG_ARRIVED_A,01026c00
190702085934,STARTCOOP_FAIL,01044700_01026c00
190702085935,ENDCOOP_FAIL,01044700_01026c00
190702085935,TAG_DEPARTED_B,1044700
190702085938,TAG_ARRIVED_B,1044700
190702085939,STARTCOOP_FAIL,01026c00_01044700
190702085941,ENDCOOP_FAIL,01044700_01026c00
190702085941,TAG_DEPARTED_B,1044700
190702085945,TAG_ARRIVED_B,01026c00
190702085946,SOLO_FAIL,01026c00
190702085946,TAG_DEPARTED_A,01026c00
190702085947,ENDCOOP_FAIL,01026c00_
190702085947,TAG_DEPARTED_B,01026c00
190702085948,TAG_ARRIVED_B,01026c00
190702085949,SOLO_FAIL,01026c00
190702085954,TAG_ARRIVED_A,01026c00
190702085955,SOLO_FAIL,01026c00
190702085955,ENDCOOP_FAIL,01026c00_01026c00
190702085956,TAG_DEPARTED_B,01026c00
190702090003,TAG_DEPARTED_A,01026c00
190702090004,TAG_ARRIVED_A,01026c00
190702090005,SOLO_FAIL,01026c00
190702090008,TAG_ARRIVED_B,01026c00
190702090009,SOLO_FAIL,01026c00
190702090009,TAG_DEPARTED_A,01026c00
190702090010,TAG_ARRIVED_A,01026c00
190702090011,SOLO_FAIL,01026c00
190702090011,ENDCOOP_FAIL,01026c00_01026c00
190702090011,TAG_DEPARTED_B,01026c00
190702090021,TAG_DEPARTED_A,01026c00
190702090138,LOCKOUT_ENDED,
190702092502,TAG_ARRIVED_A,01da8200
190702092503,SOLO_SUCCESS,01da8200
190702092504,TAG_DEPARTED_A,01da8200
190702092544,TAG_ARRIVED_A,01d18f00
190702092545,SOLO_SUCCESS,01d18f00
190702092546,TAG_DEPARTED_A,01d18f00
190702092549,TAG_ARRIVED_A,01d18f00
190702092550,SOLO_SUCCESS,01d18f00
190702092551,TAG_DEPARTED_A,01d18f00
190702092554,TAG_ARRIVED_A,01d18f00
190702092555,SOLO_SUCCESS,01d18f00
190702092602,TAG_DEPARTED_A,01d18f00
190702092622,TAG_ARRIVED_A,01d18f00
190702092623,SOLO_SUCCESS,01d18f00
190702092625,TAG_DEPARTED_A,01d18f00
190702092643,TAG_ARRIVED_A,01d18f00
190702092644,SOLO_SUCCESS,01d18f00
190702092645,TAG_DEPARTED_A,01d18f00
190702092647,TAG_ARRIVED_A,01d18f00
190702092648,SOLO_SUCCESS,01d18f00
190702092653,TAG_DEPARTED_A,01d18f00
190702092658,TAG_ARRIVED_A,01d18f00
190702092659,SOLO_SUCCESS,01d18f00
190702092700,TAG_DEPARTED_A,01d18f00
190702092718,TAG_ARRIVED_A,01d18f00
190702092719,SOLO_SUCCESS,01d18f00
190702092720,TAG_DEPARTED_A,01d18f00
190702092721,TAG_ARRIVED_B,01037b00
190702092722,SOLO_SUCCESS,01037b00
190702092725,TAG_ARRIVED_A,1.02E+03
190702092726,STARTCOOP_FAIL,01037b00_01017e00
190702092728,TAG_DEPARTED_A,1.02E+03
190702092733,ENDCOOP_FAIL,01037b00_
190702092734,TAG_DEPARTED_B,01037b00
190702092735,TAG_ARRIVED_B,01037b00
190702092736,SOLO_FAIL,01037b00
190702092739,TAG_ARRIVED_A,01da8200
190702092740,STARTCOOP_FAIL,01037b00_01da8200
190702092744,TAG_DEPARTED_A,01da8200
190702092745,ENDCOOP_FAIL,01037b00_
190702092746,TAG_DEPARTED_B,01037b00
190702092940,LOCKOUT_ENDED,
190702093221,TAG_ARRIVED_A,0102d400
190702093222,SOLO_SUCCESS,0102d400
190702093224,TAG_DEPARTED_A,0102d400
190702094035,TAG_ARRIVED_B,01037b00
190702094036,SOLO_SUCCESS,01037b00
190702094041,TAG_DEPARTED_B,01037b00
190702094042,TAG_ARRIVED_B,01037b00
190702094043,SOLO_SUCCESS,01037b00
190702094046,TAG_DEPARTED_B,01037b00
190702094058,TAG_ARRIVED_B,01037b00
190702094059,SOLO_SUCCESS,01037b00
190702094100,TAG_DEPARTED_B,01037b00
190702094103,TAG_ARRIVED_B,01037b00
190702094103,SOLO_SUCCESS,01037b00
190702094105,TAG_DEPARTED_B,01037b00
190702094107,TAG_ARRIVED_B,01037b00
190702094108,SOLO_SUCCESS,01037b00
190702094118,TAG_DEPARTED_B,01037b00
190702094121,TAG_ARRIVED_B,01037b00
190702094122,SOLO_SUCCESS,01037b00
190702094123,TAG_DEPARTED_B,01037b00
190702094134,TAG_ARRIVED_B,01037b00
190702094135,SOLO_SUCCESS,01037b00
190702094144,TAG_DEPARTED_B,01037b00
190702094145,TAG_ARRIVED_B,01037b00
190702094146,SOLO_SUCCESS,01037b00
190702094147,TAG_DEPARTED_B,01037b00
190702094147,TAG_ARRIVED_B,01037b00
190702094148,SOLO_SUCCESS,01037b00
190702094152,TAG_DEPARTED_B,01037b00
190702094152,TAG_ARRIVED_B,01037b00
190702094153,SOLO_SUCCESS,01037b00
190702094154,TAG_DEPARTED_B,01037b00
190702094203,TAG_ARRIVED_B,01037b00
190702094204,SOLO_SUCCESS,01037b00
190702094205,TAG_DEPARTED_B,01037b00
190702094209,TAG_ARRIVED_B,01037b00
190702094210,SOLO_SUCCESS,01037b00
190702094224,TAG_DEPARTED_B,01037b00
190702094231,TAG_ARRIVED_B,01037b00
190702094232,SOLO_SUCCESS,01037b00
190702094236,TAG_DEPARTED_B,01037b00
190702094243,TAG_ARRIVED_A,01da8200
190702094244,SOLO_SUCCESS,01da8200
190702094245,TAG_DEPARTED_A,01da8200
190702094250,TAG_ARRIVED_B,01037b00
190702094251,SOLO_SUCCESS,01037b00
190702094254,TAG_DEPARTED_B,01037b00
190702094256,TAG_ARRIVED_B,01037b00
190702094257,SOLO_SUCCESS,01037b00
190702094258,TAG_DEPARTED_B,01037b00
190702094302,TAG_ARRIVED_B,01037b00
190702094303,SOLO_SUCCESS,01037b00
190702094312,TAG_DEPARTED_B,01037b00
190702094312,TAG_ARRIVED_B,01037b00
190702094313,SOLO_SUCCESS,01037b00
190702094316,TAG_DEPARTED_B,01037b00
190702094317,TAG_ARRIVED_B,01037b00
190702094318,SOLO_SUCCESS,01037b00
190702094318,TAG_ARRIVED_A,0101ef00
190702094320,STARTCOOP_SUCCESS,01037b00_0101ef00
190702094320,ENDCOOP_SUCCESS,01037b00_0101ef00
190702094320,TAG_DEPARTED_B,01037b00
190702094321,TAG_DEPARTED_A,0101ef00
190702094322,TAG_ARRIVED_A,0101ef00
190702094323,SOLO_SUCCESS,0101ef00
190702094324,TAG_ARRIVED_B,01ae2b00
190702094324,STARTCOOP_FAIL,0101ef00_01ae2b00
190702094324,TAG_DEPARTED_A,0101ef00
190702094336,TAG_ARRIVED_A,01ae2b00
190702094336,SOLO_FAIL,01ae2b00
190702094337,ENDCOOP_FAIL,01ae2b00_01ae2b00
190702094337,TAG_DEPARTED_B,01ae2b00
190702094339,TAG_ARRIVED_B,01ae2b00
190702094339,SOLO_FAIL,01ae2b00
190702094340,TAG_DEPARTED_A,01ae2b00
190702094342,ENDCOOP_FAIL,01ae2b00_
190702094342,TAG_DEPARTED_B,01ae2b00
190702094432,TAG_ARRIVED_A,01037b00
190702094433,SOLO_FAIL,01037b00
190702094439,TAG_ARRIVED_B,01037b00
190702094440,SOLO_FAIL,01037b00
190702094440,TAG_DEPARTED_A,01037b00
190702094444,ENDCOOP_FAIL,01037b00_
190702094444,TAG_DEPARTED_B,01037b00
190702094449,TAG_ARRIVED_A,01037b00
190702094450,SOLO_FAIL,01037b00
190702094500,TAG_ARRIVED_A,1045300
190702094501,SOLO_FAIL,1045300
190702094502,TAG_ARRIVED_A,01037b00
190702094503,SOLO_FAIL,01037b00
190702094506,TAG_DEPARTED_A,01037b00
190702094514,TAG_ARRIVED_A,01da8200
190702094514,SOLO_FAIL,01da8200
190702094516,TAG_DEPARTED_A,01da8200
190702094524,LOCKOUT_ENDED,
190702094525,TAG_ARRIVED_A,01037b00
190702094525,SOLO_SUCCESS,01037b00
190702094528,TAG_DEPARTED_A,01037b00
190702094533,TAG_ARRIVED_A,01037b00
190702094534,SOLO_SUCCESS,01037b00
190702094535,TAG_DEPARTED_A,01037b00
190702094540,TAG_ARRIVED_A,01037b00
190702094541,SOLO_SUCCESS,01037b00
190702094552,TAG_DEPARTED_A,01037b00
190702094600,TAG_ARRIVED_A,01037b00
190702094601,SOLO_SUCCESS,01037b00
190702094604,TAG_DEPARTED_A,01037b00
190702094637,TAG_ARRIVED_A,01037b00
190702094638,SOLO_SUCCESS,01037b00
190702094646,TAG_DEPARTED_A,01037b00
190702094646,TAG_ARRIVED_B,01037b00
190702094647,SOLO_SUCCESS,01037b00
190702094648,TAG_DEPARTED_B,01037b00
190702094657,TAG_ARRIVED_B,01037b00
190702094658,SOLO_SUCCESS,01037b00
190702094659,TAG_DEPARTED_B,01037b00
190702094702,TAG_ARRIVED_B,01037b00
190702094703,SOLO_SUCCESS,01037b00
190702094705,TAG_DEPARTED_B,01037b00
190702094717,TAG_ARRIVED_B,01037b00
190702094718,SOLO_SUCCESS,01037b00
190702094719,TAG_DEPARTED_B,01037b00
190702094722,TAG_ARRIVED_B,01037b00
190702094723,SOLO_SUCCESS,01037b00
190702094726,TAG_DEPARTED_B,01037b00
190702094726,TAG_ARRIVED_A,01037b00
190702094727,SOLO_SUCCESS,01037b00
190702094728,TAG_ARRIVED_B,01c4ca00
190702094729,STARTCOOP_SUCCESS,01037b00_01c4ca00
190702094731,ENDCOOP_SUCCESS,01c4ca00_01037b00
190702094731,TAG_DEPARTED_B,01c4ca00
190702094738,TAG_ARRIVED_B,01c4ca00
190702094739,STARTCOOP_SUCCESS,01037b00_01c4ca00
190702094740,ENDCOOP_SUCCESS,01c4ca00_01037b00
190702094740,TAG_DEPARTED_B,01c4ca00
190702094741,TAG_ARRIVED_B,01c4ca00
190702094742,STARTCOOP_SUCCESS,01037b00_01c4ca00
190702094742,TAG_DEPARTED_A,01037b00
190702094743,TAG_ARRIVED_A,01037b00
190702094743,STARTCOOP_SUCCESS,01c4ca00_01037b00
190702094744,TAG_DEPARTED_A,01037b00
190702094745,TAG_ARRIVED_A,01037b00
190702094746,STARTCOOP_SUCCESS,01c4ca00_01037b00
190702094746,ENDCOOP_SUCCESS,01c4ca00_01037b00
190702094746,TAG_DEPARTED_B,01c4ca00
190702094747,TAG_DEPARTED_A,01037b00
190702094747,TAG_ARRIVED_A,01037b00
190702094748,SOLO_SUCCESS,01037b00
190702094752,TAG_DEPARTED_A,01037b00
190702094754,TAG_ARRIVED_A,01037b00
190702094754,SOLO_SUCCESS,01037b00
190702094755,TAG_ARRIVED_B,01c4ca00
190702094756,STARTCOOP_SUCCESS,01037b00_01c4ca00
190702094757,ENDCOOP_SUCCESS,01c4ca00_01037b00
190702094758,TAG_DEPARTED_B,01c4ca00
190702094800,TAG_DEPARTED_A,01037b00
190702094802,TAG_ARRIVED_A,01037b00
190702094803,SOLO_SUCCESS,01037b00
190702094812,TAG_DEPARTED_A,01037b00
190702094812,TAG_ARRIVED_A,01037b00
190702094813,SOLO_SUCCESS,01037b00
190702094819,TAG_DEPARTED_A,01037b00
190702094820,TAG_ARRIVED_A,01037b00
190702094821,SOLO_SUCCESS,01037b00
190702094823,TAG_DEPARTED_A,01037b00
190702094827,TAG_ARRIVED_A,01037b00
190702094828,SOLO_SUCCESS,01037b00
190702094829,TAG_DEPARTED_A,01037b00
190702094829,TAG_ARRIVED_A,1045300
190702094830,SOLO_SUCCESS,1045300
190702094831,TAG_DEPARTED_A,1045300
190702094835,TAG_ARRIVED_A,01c4ca00
190702094836,SOLO_SUCCESS,01c4ca00
190702094837,TAG_DEPARTED_A,01c4ca00
190702094841,TAG_ARRIVED_A,1045300
190702094842,SOLO_SUCCESS,1045300
190702094843,TAG_DEPARTED_A,1045300
190702094855,TAG_ARRIVED_A,01037b00
190702094856,SOLO_SUCCESS,01037b00
190702094900,TAG_DEPARTED_A,01037b00
190702094923,TAG_ARRIVED_A,1045300
190702094924,SOLO_SUCCESS,1045300
190702094935,TAG_DEPARTED_A,1045300
190702100355,TAG_ARRIVED_A,1.02E+03
190702100356,SOLO_SUCCESS,1.02E+03
190702100357,TAG_DEPARTED_A,1.02E+03
190702100756,TAG_ARRIVED_A,0102d900
190702100757,SOLO_SUCCESS,0102d900
190702100758,TAG_DEPARTED_A,0102d900
190702100759,TAG_ARRIVED_A,0102d900
190702100800,SOLO_SUCCESS,0102d900
190702100805,TAG_DEPARTED_A,0102d900
190702100823,TAG_ARRIVED_A,01b49c00
190702100824,SOLO_SUCCESS,01b49c00
190702100825,TAG_DEPARTED_A,01b49c00
190702100831,TAG_ARRIVED_A,01b49c00
190702100832,SOLO_SUCCESS,01b49c00
190702100840,TAG_DEPARTED_A,01b49c00
190702100840,TAG_ARRIVED_A,01e01400
190702100841,SOLO_SUCCESS,01e01400
190702100848,TAG_DEPARTED_A,01e01400
190702100848,TAG_ARRIVED_A,01e01400
190702100849,SOLO_SUCCESS,01e01400
190702100850,TAG_DEPARTED_A,01e01400
190702100900,TAG_ARRIVED_A,01e01400
190702100901,SOLO_SUCCESS,01e01400
190702100904,TAG_DEPARTED_A,01e01400
190702100925,TAG_ARRIVED_A,01037b00
190702100926,SOLO_SUCCESS,01037b00
190702100932,TAG_DEPARTED_A,01037b00
