190524055506,START_EXPERIMENT,
190524075421,TAG_ARRIVED_A,01332600
190524075422,SOLO_SUCCESS,01332600
190524075423,TAG_DEPARTED_A,01332600
190524075705,TAG_ARRIVED_B,013d6c00
190524075706,SOLO_SUCCESS,013d6c00
190524075743,TAG_DEPARTED_B,013d6c00
190524075745,TAG_ARRIVED_B,013d6c00
190524075746,SOLO_SUCCESS,013d6c00
190524075748,TAG_DEPARTED_B,013d6c00
190524075750,TAG_ARRIVED_B,013d6c00
190524075751,SOLO_SUCCESS,013d6c00
190524075757,TAG_DEPARTED_B,013d6c00
190524075758,TAG_ARRIVED_B,013d6c00
190524075759,SOLO_SUCCESS,013d6c00
190524075801,TAG_DEPARTED_B,013d6c00
190524075805,TAG_ARRIVED_B,013d6c00
190524075806,SOLO_SUCCESS,013d6c00
190524075819,TAG_DEPARTED_B,013d6c00
190524075819,TAG_ARRIVED_B,013d6c00
190524075820,SOLO_SUCCESS,013d6c00
190524075821,TAG_DEPARTED_B,013d6c00
190524081023,TAG_ARRIVED_B,01d40600
190524081024,SOLO_SUCCESS,01d40600
190524081025,TAG_DEPARTED_B,01d40600
190524081032,TAG_ARRIVED_B,01d40600
190524081033,SOLO_SUCCESS,01d40600
190524081034,TAG_DEPARTED_B,01d40600
190524081438,TAG_ARRIVED_A,01181900
190524081439,SOLO_SUCCESS,01181900
190524081442,TAG_DEPARTED_A,01181900
190524081442,TAG_ARRIVED_A,01181900
190524081442,SOLO_SUCCESS,01181900
190524081444,TAG_DEPARTED_A,01181900
190524081531,TAG_ARRIVED_B,01181900
190524081532,SOLO_SUCCESS,01181900
190524081533,TAG_DEPARTED_B,01181900
190524081535,TAG_ARRIVED_B,01181900
190524081536,SOLO_SUCCESS,01181900
190524081540,TAG_DEPARTED_B,01181900
190524081833,TAG_ARRIVED_B,017e1f00
190524081834,SOLO_SUCCESS,017e1f00
190524081835,TAG_DEPARTED_B,017e1f00
190524081909,TAG_ARRIVED_B,017e1f00
190524081910,SOLO_SUCCESS,017e1f00
190524081912,TAG_DEPARTED_B,017e1f00
190524081924,TAG_ARRIVED_B,017e1f00
190524081925,SOLO_SUCCESS,017e1f00
190524081926,TAG_DEPARTED_B,017e1f00
190524081928,TAG_ARRIVED_B,017e1f00
190524081929,SOLO_SUCCESS,017e1f00
190524081930,TAG_DEPARTED_B,017e1f00
190524081932,TAG_ARRIVED_B,017e1f00
190524081933,SOLO_SUCCESS,017e1f00
190524081937,TAG_DEPARTED_B,017e1f00
190524082010,TAG_ARRIVED_B,017e1f00
190524082010,SOLO_SUCCESS,017e1f00
190524082012,TAG_DEPARTED_B,017e1f00
190524091647,TAG_ARRIVED_B,018feb00
190524091648,SOLO_SUCCESS,018feb00
190524091718,TAG_DEPARTED_B,018feb00
190524091729,TAG_ARRIVED_B,018feb00
190524091730,SOLO_SUCCESS,018feb00
190524091731,TAG_DEPARTED_B,018feb00
190524091733,TAG_ARRIVED_A,018feb00
190524091734,SOLO_SUCCESS,018feb00
190524091735,TAG_DEPARTED_A,018feb00
190524092013,TAG_ARRIVED_B,017e1f00
190524092013,SOLO_SUCCESS,017e1f00
190524092015,TAG_DEPARTED_B,017e1f00
190524093248,TAG_ARRIVED_A,018feb00
190524093249,SOLO_SUCCESS,018feb00
190524093252,TAG_DEPARTED_A,018feb00
