190701060040,START_EXPERIMENT,
190701060101,TAG_ARRIVED_A,0139d100
190701060102,SOLO_FAIL,0139d100
190701060103,TAG_ARRIVED_B,01783900
190701060104,STARTCOOP_SUCCESS,0139d100_01783900
190701060105,ENDCOOP_SUCCESS,01783900_0139d100
190701060105,TAG_DEPARTED_B,01783900
190701060106,TAG_DEPARTED_A,0139d100
190701060238,LOCKOUT_ENDED,
190701061534,TAG_ARRIVED_A,01e01400
190701061534,SOLO_SUCCESS,01e01400
190701061606,TAG_DEPARTED_A,01e01400
190701061608,TAG_ARRIVED_A,01e01400
190701061609,SOLO_SUCCESS,01e01400
190701061610,TAG_DEPARTED_A,01e01400
190701061613,TAG_ARRIVED_A,01e01400
190701061614,SOLO_SUCCESS,01e01400
190701061616,TAG_DEPARTED_A,01e01400
190701061617,TAG_ARRIVED_A,01e01400
190701061618,SOLO_SUCCESS,01e01400
190701061619,TAG_DEPARTED_A,01e01400
190701061622,TAG_ARRIVED_A,01e01400
190701061623,SOLO_SUCCESS,01e01400
190701061624,TAG_DEPARTED_A,01e01400
190701061647,TAG_ARRIVED_A,01e01400
190701061648,SOLO_SUCCESS,01e01400
190701061654,TAG_DEPARTED_A,01e01400
190701063528,TAG_ARRIVED_A,01017e00
190701063528,SOLO_SUCCESS,01017e00
190701063534,TAG_DEPARTED_A,01017e00
190701063539,TAG_ARRIVED_A,01017e00
190701063539,SOLO_SUCCESS,01017e00
190701063542,TAG_DEPARTED_A,01017e00
190701064222,TAG_ARRIVED_A,0102d400
190701064223,SOLO_SUCCESS,0102d400
190701064244,TAG_DEPARTED_A,0102d400
190701064249,TAG_ARRIVED_A,0102d400
190701064250,SOLO_SUCCESS,0102d400
190701064255,TAG_DEPARTED_A,0102d400
190701064349,TAG_ARRIVED_A,0102d400
190701064350,SOLO_SUCCESS,0102d400
190701064356,TAG_DEPARTED_A,0102d400
190701064403,TAG_ARRIVED_A,0102d400
190701064403,SOLO_SUCCESS,0102d400
190701064411,TAG_ARRIVED_B,01026c00
190701064412,STARTCOOP_SUCCESS,0102d400_01026c00
190701064412,TAG_ARRIVED_A,01026c00
190701064413,SOLO_SUCCESS,01026c00
190701064413,TAG_DEPARTED_B,01026c00
190701064417,TAG_ARRIVED_B,01026c00
190701064418,SOLO_SUCCESS,01026c00
190701064418,TAG_DEPARTED_A,01026c00
190701064420,TAG_DEPARTED_B,01026c00
190701064420,TAG_ARRIVED_B,01026c00
190701064421,SOLO_SUCCESS,01026c00
190701064447,TAG_DEPARTED_B,01026c00
190701064447,TAG_ARRIVED_B,01026c00
190701064448,SOLO_SUCCESS,01026c00
190701064452,TAG_DEPARTED_B,01026c00
190701064452,TAG_ARRIVED_B,01026c00
190701064453,SOLO_SUCCESS,01026c00
190701064456,TAG_DEPARTED_B,01026c00
190701064504,TAG_ARRIVED_B,01026c00
190701064505,SOLO_SUCCESS,01026c00
190701064506,TAG_DEPARTED_B,01026c00
190701064509,TAG_ARRIVED_B,01026c00
190701064509,SOLO_SUCCESS,01026c00
190701064522,TAG_ARRIVED_A,0103f800
190701064522,STARTCOOP_FAIL,01026c00_0103f800
190701064522,ENDCOOP_FAIL,01026c00_0103f800
190701064522,TAG_DEPARTED_B,01026c00
190701064525,TAG_ARRIVED_B,01026c00
190701064526,STARTCOOP_FAIL,0103f800_01026c00
190701064527,ENDCOOP_FAIL,01026c00_0103f800
190701064527,TAG_DEPARTED_B,01026c00
190701064528,TAG_ARRIVED_B,01026c00
190701064529,STARTCOOP_FAIL,0103f800_01026c00
190701064529,TAG_DEPARTED_A,0103f800
190701064531,ENDCOOP_FAIL,01026c00_
190701064531,TAG_DEPARTED_B,01026c00
190701064535,TAG_ARRIVED_B,0103f300
190701064535,SOLO_FAIL,0103f300
190701064537,TAG_ARRIVED_A,0103f300
190701064537,SOLO_FAIL,0103f300
190701064538,ENDCOOP_FAIL,0103f300_0103f300
190701064538,TAG_DEPARTED_B,0103f300
190701064540,TAG_DEPARTED_A,0103f300
190701064540,TAG_ARRIVED_A,0103f300
190701064540,SOLO_FAIL,0103f300
190701064543,TAG_ARRIVED_B,0195af00
190701064544,STARTCOOP_FAIL,0103f300_0195af00
190701064545,ENDCOOP_FAIL,0195af00_0103f300
190701064545,TAG_DEPARTED_B,0195af00
190701064545,TAG_ARRIVED_B,0195af00
190701064547,STARTCOOP_FAIL,0103f300_0195af00
190701064547,ENDCOOP_FAIL,0195af00_0103f300
190701064547,TAG_DEPARTED_B,0195af00
190701064548,TAG_DEPARTED_A,0103f300
190701064548,TAG_ARRIVED_B,0195af00
190701064549,SOLO_FAIL,0195af00
190701064550,ENDCOOP_FAIL,0195af00_
190701064550,TAG_DEPARTED_B,0195af00
190701064550,TAG_ARRIVED_B,0195af00
190701064552,SOLO_FAIL,0195af00
190701064556,TAG_ARRIVED_A,01026c00
190701064557,STARTCOOP_SUCCESS,0195af00_01026c00
190701064557,ENDCOOP_SUCCESS,0195af00_01026c00
190701064557,TAG_DEPARTED_B,0195af00
190701064558,TAG_ARRIVED_B,0195af00
190701064559,STARTCOOP_SUCCESS,01026c00_0195af00
190701064600,ENDCOOP_SUCCESS,0195af00_01026c00
190701064600,TAG_DEPARTED_B,0195af00
190701064601,TAG_ARRIVED_B,0195af00
190701064602,STARTCOOP_SUCCESS,01026c00_0195af00
190701064603,ENDCOOP_SUCCESS,0195af00_01026c00
190701064603,TAG_DEPARTED_B,0195af00
190701064613,TAG_ARRIVED_B,0195af00
190701064614,STARTCOOP_SUCCESS,01026c00_0195af00
190701064615,ENDCOOP_SUCCESS,0195af00_01026c00
190701064615,TAG_DEPARTED_B,0195af00
190701064616,TAG_DEPARTED_A,01026c00
190701064616,TAG_ARRIVED_B,0195af00
190701064617,SOLO_FAIL,0195af00
190701064618,TAG_ARRIVED_A,01026c00
190701064619,STARTCOOP_SUCCESS,0195af00_01026c00
190701064619,TAG_DEPARTED_A,01026c00
190701064621,TAG_ARRIVED_A,01026c00
190701064622,STARTCOOP_SUCCESS,0195af00_01026c00
190701064623,TAG_DEPARTED_A,01026c00
190701064633,TAG_ARRIVED_A,01026c00
190701064634,STARTCOOP_SUCCESS,0195af00_01026c00
190701064635,TAG_DEPARTED_A,01026c00
190701064637,TAG_ARRIVED_A,01026c00
190701064638,STARTCOOP_SUCCESS,0195af00_01026c00
190701064639,TAG_DEPARTED_A,01026c00
190701064640,TAG_ARRIVED_A,01026c00
190701064641,STARTCOOP_SUCCESS,0195af00_01026c00
190701064643,TAG_DEPARTED_A,01026c00
190701064646,TAG_ARRIVED_A,01026c00
190701064647,STARTCOOP_SUCCESS,0195af00_01026c00
190701064651,TAG_DEPARTED_A,01026c00
190701064657,ENDCOOP_SUCCESS,0195af00_
190701064657,TAG_DEPARTED_B,0195af00
190701064700,TAG_ARRIVED_B,01026c00
190701064701,SOLO_FAIL,01026c00
190701064701,TAG_ARRIVED_A,0103f800
190701064701,STARTCOOP_FAIL,01026c00_0103f800
190701064702,TAG_DEPARTED_A,0103f800
190701064707,ENDCOOP_FAIL,01026c00_
190701064707,TAG_DEPARTED_B,01026c00
190701064709,TAG_ARRIVED_A,0103f800
190701064709,SOLO_FAIL,0103f800
190701064710,TAG_ARRIVED_B,01026c00
190701064711,STARTCOOP_FAIL,0103f800_01026c00
190701064711,TAG_DEPARTED_A,0103f800
190701064726,ENDCOOP_FAIL,01026c00_
190701064726,TAG_DEPARTED_B,01026c00
190701064730,TAG_ARRIVED_B,01026c00
190701064731,SOLO_FAIL,01026c00
190701064734,ENDCOOP_FAIL,01026c00_
190701064734,TAG_DEPARTED_B,01026c00
190701064735,TAG_ARRIVED_B,01026c00
190701064735,SOLO_FAIL,01026c00
190701064737,ENDCOOP_FAIL,01026c00_
190701064737,TAG_DEPARTED_B,01026c00
190701064738,TAG_ARRIVED_A,01026c00
190701064738,SOLO_FAIL,01026c00
190701064742,TAG_DEPARTED_A,01026c00
190701064743,TAG_ARRIVED_A,01026c00
190701064744,SOLO_FAIL,01026c00
190701064747,TAG_ARRIVED_B,0103f800
190701064747,STARTCOOP_FAIL,01026c00_0103f800
190701064749,TAG_DEPARTED_A,01026c00
190701064750,TAG_ARRIVED_A,0195af00
190701064751,STARTCOOP_FAIL,0103f800_0195af00
190701064752,TAG_ARRIVED_B,0195af00
190701064753,SOLO_FAIL,0195af00
190701064753,TAG_DEPARTED_A,0195af00
190701064754,TAG_ARRIVED_A,0103f800
190701064754,STARTCOOP_FAIL,0195af00_0103f800
190701064754,ENDCOOP_FAIL,0195af00_0103f800
190701064755,TAG_DEPARTED_B,0195af00
190701064804,TAG_ARRIVED_B,0195af00
190701064805,STARTCOOP_FAIL,0103f800_0195af00
190701064806,ENDCOOP_FAIL,0195af00_0103f800
190701064806,TAG_DEPARTED_B,0195af00
190701064807,TAG_ARRIVED_B,0195af00
190701064808,STARTCOOP_FAIL,0103f800_0195af00
190701064808,ENDCOOP_FAIL,0195af00_0103f800
190701064808,TAG_DEPARTED_B,0195af00
190701064809,TAG_DEPARTED_A,0103f800
190701064809,TAG_ARRIVED_B,0195af00
190701064810,SOLO_FAIL,0195af00
190701064811,TAG_ARRIVED_A,0103f800
190701064811,STARTCOOP_FAIL,0195af00_0103f800
190701064812,ENDCOOP_FAIL,0195af00_0103f800
190701064812,TAG_DEPARTED_B,0195af00
190701064815,TAG_DEPARTED_A,0103f800
190701064819,TAG_ARRIVED_A,0103f800
190701064820,SOLO_FAIL,0103f800
190701064823,TAG_DEPARTED_A,0103f800
190701064843,TAG_ARRIVED_B,01026c00
190701064844,SOLO_FAIL,01026c00
190701064845,ENDCOOP_FAIL,01026c00_
190701064846,TAG_DEPARTED_B,01026c00
190701064852,TAG_ARRIVED_B,01026c00
190701064853,SOLO_FAIL,01026c00
190701064857,TAG_ARRIVED_A,0103f800
190701064858,STARTCOOP_FAIL,01026c00_0103f800
190701064859,ENDCOOP_FAIL,01026c00_0103f800
190701064859,TAG_DEPARTED_B,01026c00
190701064912,TAG_ARRIVED_B,0103f800
190701064913,SOLO_FAIL,0103f800
190701064914,TAG_DEPARTED_A,0103f800
190701064920,ENDCOOP_FAIL,0103f800_
190701064920,TAG_DEPARTED_B,0103f800
190701064922,TAG_ARRIVED_B,0103f300
190701064922,SOLO_FAIL,0103f300
190701064924,TAG_ARRIVED_A,01026c00
190701064925,STARTCOOP_FAIL,0103f300_01026c00
190701064926,ENDCOOP_FAIL,0103f300_01026c00
190701064926,TAG_DEPARTED_B,0103f300
190701064926,TAG_ARRIVED_B,01026c00
190701064927,SOLO_FAIL,01026c00
190701064927,TAG_DEPARTED_A,01026c00
190701064929,ENDCOOP_FAIL,01026c00_
190701064929,TAG_DEPARTED_B,01026c00
190701064934,TAG_ARRIVED_A,01026c00
190701064935,SOLO_FAIL,01026c00
190701064939,TAG_DEPARTED_A,01026c00
190701064941,TAG_ARRIVED_A,01026c00
190701064942,SOLO_FAIL,01026c00
190701064944,TAG_DEPARTED_A,01026c00
190701065002,TAG_ARRIVED_A,0195af00
190701065003,SOLO_FAIL,0195af00
190701065011,TAG_ARRIVED_B,0103f300
190701065011,STARTCOOP_FAIL,0195af00_0103f300
190701065012,TAG_ARRIVED_A,01026c00
190701065013,STARTCOOP_FAIL,0103f300_01026c00
190701065017,ENDCOOP_FAIL,0103f300_01026c00
190701065017,TAG_DEPARTED_B,0103f300
190701065018,TAG_DEPARTED_A,01026c00
190701065018,TAG_ARRIVED_B,01026c00
190701065019,SOLO_FAIL,01026c00
190701065022,ENDCOOP_FAIL,01026c00_
190701065022,TAG_DEPARTED_B,01026c00
190701065213,LOCKOUT_ENDED,
190701074122,TAG_ARRIVED_A,0103f800
190701074122,SOLO_SUCCESS,0103f800
190701074124,TAG_DEPARTED_A,0103f800
190701074150,TAG_ARRIVED_A,0103f800
190701074150,SOLO_SUCCESS,0103f800
190701074206,TAG_ARRIVED_A,01e01400
190701074207,SOLO_SUCCESS,01e01400
190701074208,TAG_DEPARTED_A,01e01400
190701074225,TAG_ARRIVED_A,01e01400
190701074226,SOLO_SUCCESS,01e01400
190701074235,TAG_DEPARTED_A,01e01400
190701074315,TAG_ARRIVED_B,0103f800
190701074316,SOLO_SUCCESS,0103f800
190701074318,TAG_DEPARTED_B,0103f800
190701074318,TAG_ARRIVED_B,0103f800
190701074319,SOLO_SUCCESS,0103f800
190701074324,TAG_DEPARTED_B,0103f800
190701074325,TAG_ARRIVED_B,0103f800
190701074326,SOLO_SUCCESS,0103f800
190701074332,TAG_DEPARTED_B,0103f800
190701074716,TAG_ARRIVED_A,0103f800
190701074716,SOLO_SUCCESS,0103f800
190701074801,TAG_DEPARTED_A,0103f800
190701075324,TAG_ARRIVED_B,01e01400
190701075325,SOLO_SUCCESS,01e01400
190701075328,TAG_DEPARTED_B,01e01400
190701075328,TAG_ARRIVED_B,01e01400
190701075329,SOLO_SUCCESS,01e01400
190701075331,TAG_DEPARTED_B,01e01400
190701075335,TAG_ARRIVED_B,01e01400
190701075335,SOLO_SUCCESS,01e01400
190701075418,TAG_DEPARTED_B,01e01400
190701080531,TAG_ARRIVED_A,01e01400
190701080532,SOLO_SUCCESS,01e01400
190701080546,TAG_DEPARTED_A,01e01400
190701080559,TAG_ARRIVED_A,01e01400
190701080600,SOLO_SUCCESS,01e01400
190701080603,TAG_DEPARTED_A,01e01400
190701080617,TAG_ARRIVED_A,01e01400
190701080618,SOLO_SUCCESS,01e01400
190701080621,TAG_DEPARTED_A,01e01400
190701081219,TAG_ARRIVED_A,01e01400
190701081220,SOLO_SUCCESS,01e01400
190701081223,TAG_DEPARTED_A,01e01400
190701081721,TAG_ARRIVED_A,0103f800
190701081722,SOLO_SUCCESS,0103f800
190701081731,TAG_DEPARTED_A,0103f800
190701081732,TAG_ARRIVED_A,0103f800
190701081732,SOLO_SUCCESS,0103f800
190701081742,TAG_DEPARTED_A,0103f800
190701081755,TAG_ARRIVED_A,01038800
190701081756,SOLO_SUCCESS,01038800
190701081757,TAG_DEPARTED_A,01038800
190701081757,TAG_ARRIVED_A,01038800
190701081758,SOLO_SUCCESS,01038800
190701081826,TAG_ARRIVED_B,01c4ca00
190701081827,STARTCOOP_SUCCESS,01038800_01c4ca00
190701081830,TAG_DEPARTED_A,01038800
190701081830,TAG_ARRIVED_A,01038800
190701081831,STARTCOOP_SUCCESS,01c4ca00_01038800
190701081837,TAG_ARRIVED_B,01037b00
190701081838,STARTCOOP_SUCCESS,01038800_01037b00
190701081839,ENDCOOP_SUCCESS,01037b00_01038800
190701081839,TAG_DEPARTED_B,01037b00
190701081839,TAG_ARRIVED_B,01037b00
190701081840,STARTCOOP_SUCCESS,01038800_01037b00
190701081841,TAG_DEPARTED_A,01038800
190701081842,ENDCOOP_SUCCESS,01037b00_
190701081842,TAG_DEPARTED_B,01037b00
190701081843,TAG_ARRIVED_A,01038800
190701081844,SOLO_SUCCESS,01038800
190701081849,TAG_DEPARTED_A,01038800
190701081851,TAG_ARRIVED_A,01038800
190701081852,SOLO_SUCCESS,01038800
190701081854,TAG_ARRIVED_B,01038800
190701081854,SOLO_SUCCESS,01038800
190701081855,TAG_DEPARTED_A,01038800
190701081857,TAG_DEPARTED_B,01038800
190701081859,TAG_ARRIVED_A,01038800
190701081900,SOLO_SUCCESS,01038800
190701081901,TAG_DEPARTED_A,01038800
190701081902,TAG_ARRIVED_B,01038800
190701081903,SOLO_SUCCESS,01038800
190701081903,TAG_ARRIVED_A,01038800
190701081904,SOLO_SUCCESS,01038800
190701081904,TAG_DEPARTED_B,01038800
190701081909,TAG_ARRIVED_B,01038800
190701081910,SOLO_SUCCESS,01038800
190701081910,TAG_DEPARTED_A,01038800
190701081915,TAG_DEPARTED_B,01038800
190701081921,TAG_ARRIVED_A,01037b00
190701081922,SOLO_SUCCESS,01037b00
190701081934,TAG_DEPARTED_A,01037b00
190701081945,TAG_ARRIVED_B,01c4ca00
190701081946,SOLO_SUCCESS,01c4ca00
190701081950,TAG_DEPARTED_B,01c4ca00
190701081950,TAG_ARRIVED_B,01038800
190701081951,SOLO_SUCCESS,01038800
190701081952,TAG_ARRIVED_A,01029a00
190701081952,STARTCOOP_SUCCESS,01038800_01029a00
190701081954,TAG_DEPARTED_A,01029a00
190701081954,TAG_ARRIVED_A,01029a00
190701081955,STARTCOOP_SUCCESS,01038800_01029a00
190701081956,TAG_DEPARTED_A,01029a00
190701081957,TAG_ARRIVED_A,01029a00
190701081957,STARTCOOP_SUCCESS,01038800_01029a00
190701082000,ENDCOOP_SUCCESS,01038800_01029a00
190701082000,TAG_DEPARTED_B,01038800
190701082003,TAG_ARRIVED_A,01c4ca00
190701082004,SOLO_SUCCESS,01c4ca00
190701082005,TAG_DEPARTED_A,01c4ca00
190701082006,TAG_ARRIVED_A,01029a00
190701082007,SOLO_SUCCESS,01029a00
190701082008,TAG_DEPARTED_A,01029a00
190701082010,TAG_ARRIVED_A,01029a00
190701082011,SOLO_SUCCESS,01029a00
190701082012,TAG_ARRIVED_A,01038800
190701082013,SOLO_SUCCESS,01038800
190701082017,TAG_ARRIVED_B,01038800
190701082017,SOLO_SUCCESS,01038800
190701082018,TAG_DEPARTED_A,01038800
190701082020,TAG_DEPARTED_B,01038800
190701082022,TAG_ARRIVED_A,01038800
190701082023,SOLO_SUCCESS,01038800
190701082024,TAG_DEPARTED_A,01038800
190701082028,TAG_ARRIVED_B,01038800
190701082029,SOLO_SUCCESS,01038800
190701082029,TAG_ARRIVED_A,01038800
190701082030,SOLO_SUCCESS,01038800
190701082030,TAG_DEPARTED_B,01038800
190701082034,TAG_DEPARTED_A,01038800
190701082036,TAG_ARRIVED_B,01da8200
190701082036,SOLO_SUCCESS,01da8200
190701082038,TAG_DEPARTED_B,01da8200
190701082042,TAG_ARRIVED_A,01da8200
190701082043,SOLO_SUCCESS,01da8200
190701082047,TAG_DEPARTED_A,01da8200
190701082048,TAG_ARRIVED_B,01c4ca00
190701082049,SOLO_SUCCESS,01c4ca00
190701082050,TAG_ARRIVED_B,01da8200
190701082050,SOLO_SUCCESS,01da8200
190701082052,TAG_DEPARTED_B,01da8200
190701082053,TAG_ARRIVED_B,01da8200
190701082054,SOLO_SUCCESS,01da8200
190701082102,TAG_DEPARTED_B,01da8200
190701082103,TAG_ARRIVED_A,01029a00
190701082104,SOLO_SUCCESS,01029a00
190701082105,TAG_DEPARTED_A,01029a00
190701082105,TAG_ARRIVED_A,01029a00
190701082106,SOLO_SUCCESS,01029a00
190701082106,TAG_ARRIVED_B,01c4ca00
190701082107,STARTCOOP_SUCCESS,01029a00_01c4ca00
190701082108,ENDCOOP_SUCCESS,01c4ca00_01029a00
190701082108,TAG_DEPARTED_B,01c4ca00
190701082114,TAG_DEPARTED_A,01029a00
190701082116,TAG_ARRIVED_B,01c4ca00
190701082117,SOLO_SUCCESS,01c4ca00
190701082118,TAG_DEPARTED_B,01c4ca00
190701082124,TAG_ARRIVED_B,01029a00
190701082124,SOLO_SUCCESS,01029a00
190701082126,TAG_DEPARTED_B,01029a00
190701082128,TAG_ARRIVED_B,01c4ca00
190701082129,SOLO_SUCCESS,01c4ca00
190701082130,TAG_DEPARTED_B,01c4ca00
190701082144,TAG_ARRIVED_B,01c4ca00
190701082145,SOLO_SUCCESS,01c4ca00
190701082145,TAG_ARRIVED_A,01038800
190701082146,STARTCOOP_SUCCESS,01c4ca00_01038800
190701082147,TAG_DEPARTED_A,01038800
190701082149,TAG_ARRIVED_A,01038800
190701082150,STARTCOOP_SUCCESS,01c4ca00_01038800
190701082151,ENDCOOP_SUCCESS,01c4ca00_01038800
190701082151,TAG_DEPARTED_B,01c4ca00
190701082201,TAG_ARRIVED_A,01029a00
190701082202,SOLO_SUCCESS,01029a00
190701082205,TAG_DEPARTED_A,01029a00
190701082206,TAG_ARRIVED_A,01029a00
190701082207,SOLO_SUCCESS,01029a00
190701082210,TAG_DEPARTED_A,01029a00
190701082210,TAG_ARRIVED_A,01c4ca00
190701082211,SOLO_SUCCESS,01c4ca00
190701082215,TAG_ARRIVED_A,01029a00
190701082216,SOLO_SUCCESS,01029a00
190701082216,TAG_ARRIVED_A,01038800
190701082217,SOLO_SUCCESS,01038800
190701082217,TAG_ARRIVED_B,01038800
190701082218,SOLO_SUCCESS,01038800
190701082219,TAG_DEPARTED_A,01038800
190701082227,TAG_DEPARTED_B,01038800
190701082318,TAG_ARRIVED_A,0101c200
190701082319,SOLO_SUCCESS,0101c200
190701082320,TAG_DEPARTED_A,0101c200
190701082330,TAG_ARRIVED_A,0101c200
190701082331,SOLO_SUCCESS,0101c200
190701082334,TAG_DEPARTED_A,0101c200
190701082334,TAG_ARRIVED_A,0101c200
190701082335,SOLO_SUCCESS,0101c200
190701082337,TAG_DEPARTED_A,0101c200
190701082339,TAG_ARRIVED_A,01029a00
190701082340,SOLO_SUCCESS,01029a00
190701082341,TAG_DEPARTED_A,01029a00
190701082349,TAG_ARRIVED_A,0101c200
190701082350,SOLO_SUCCESS,0101c200
190701082351,TAG_DEPARTED_A,0101c200
190701082352,TAG_ARRIVED_A,0101c200
190701082353,SOLO_SUCCESS,0101c200
190701082354,TAG_DEPARTED_A,0101c200
190701082358,TAG_ARRIVED_A,0101c200
190701082359,SOLO_SUCCESS,0101c200
190701082400,TAG_DEPARTED_A,0101c200
190701082435,TAG_ARRIVED_A,01029a00
190701082436,SOLO_SUCCESS,01029a00
190701082439,TAG_DEPARTED_A,01029a00
190701082500,TAG_ARRIVED_A,01029a00
190701082501,SOLO_SUCCESS,01029a00
190701082502,TAG_DEPARTED_A,01029a00
190701082504,TAG_ARRIVED_A,01029a00
190701082505,SOLO_SUCCESS,01029a00
190701082508,TAG_DEPARTED_A,01029a00
190701082511,TAG_ARRIVED_A,01029a00
190701082511,SOLO_SUCCESS,01029a00
190701082514,TAG_DEPARTED_A,01029a00
190701082517,TAG_ARRIVED_A,01029a00
190701082517,SOLO_SUCCESS,01029a00
190701082519,TAG_DEPARTED_A,01029a00
190701082730,TAG_ARRIVED_B,01029a00
190701082730,SOLO_SUCCESS,01029a00
190701082732,TAG_DEPARTED_B,01029a00
190701082738,TAG_ARRIVED_B,01029a00
190701082739,SOLO_SUCCESS,01029a00
190701082740,TAG_DEPARTED_B,01029a00
190701082743,TAG_ARRIVED_B,01029a00
190701082744,SOLO_SUCCESS,01029a00
190701082745,TAG_DEPARTED_B,01029a00
190701082801,TAG_ARRIVED_A,01029a00
190701082802,SOLO_SUCCESS,01029a00
190701082803,TAG_ARRIVED_B,01029a00
190701082803,SOLO_SUCCESS,01029a00
190701082804,TAG_DEPARTED_A,01029a00
190701082805,TAG_DEPARTED_B,01029a00
190701082810,TAG_ARRIVED_A,0102d900
190701082811,SOLO_SUCCESS,0102d900
190701082812,TAG_DEPARTED_A,0102d900
190701082840,TAG_ARRIVED_B,01029a00
190701082841,SOLO_SUCCESS,01029a00
190701082843,TAG_DEPARTED_B,01029a00
190701082904,TAG_ARRIVED_B,0104a800
190701082905,SOLO_SUCCESS,0104a800
190701082920,TAG_DEPARTED_B,0104a800
190701082921,TAG_ARRIVED_B,0104a800
190701082922,SOLO_SUCCESS,0104a800
190701082926,TAG_DEPARTED_B,0104a800
190701082930,TAG_ARRIVED_B,0104a800
190701082931,SOLO_SUCCESS,0104a800
190701082943,TAG_DEPARTED_B,0104a800
190701082944,TAG_ARRIVED_B,0104a800
190701082945,SOLO_SUCCESS,0104a800
190701082955,TAG_DEPARTED_B,0104a800
190701083026,TAG_ARRIVED_A,01038800
190701083027,SOLO_SUCCESS,01038800
190701083112,TAG_ARRIVED_B,01038800
190701083113,SOLO_SUCCESS,01038800
190701083113,TAG_DEPARTED_A,01038800
190701083116,TAG_ARRIVED_A,018feb00
190701083117,STARTCOOP_FAIL,01038800_018feb00
190701083126,TAG_ARRIVED_A,01038800
190701083127,SOLO_FAIL,01038800
190701083127,ENDCOOP_FAIL,01038800_01038800
190701083127,TAG_DEPARTED_B,01038800
190701083128,TAG_DEPARTED_A,01038800
190701083131,TAG_ARRIVED_A,018feb00
190701083132,SOLO_FAIL,018feb00
190701083146,TAG_ARRIVED_B,018feb00
190701083147,SOLO_FAIL,018feb00
190701083147,TAG_DEPARTED_A,018feb00
190701083148,ENDCOOP_FAIL,018feb00_
190701083148,TAG_DEPARTED_B,018feb00
190701083149,TAG_ARRIVED_B,018feb00
190701083149,SOLO_FAIL,018feb00
190701083151,ENDCOOP_FAIL,018feb00_
190701083151,TAG_DEPARTED_B,018feb00
190701083208,TAG_ARRIVED_A,0102d400
190701083209,SOLO_FAIL,0102d400
190701083223,TAG_DEPARTED_A,0102d400
190701083317,LOCKOUT_ENDED,
190701083350,TAG_ARRIVED_B,018feb00
190701083351,SOLO_SUCCESS,018feb00
190701083352,TAG_DEPARTED_B,018feb00
190701083355,TAG_ARRIVED_B,0104a800
190701083356,SOLO_SUCCESS,0104a800
190701083357,TAG_DEPARTED_B,0104a800
190701083401,TAG_ARRIVED_B,0104a800
190701083401,SOLO_SUCCESS,0104a800
190701083403,TAG_DEPARTED_B,0104a800
190701083408,TAG_ARRIVED_B,0104a800
190701083409,SOLO_SUCCESS,0104a800
190701083415,TAG_ARRIVED_A,01c4ca00
190701083415,STARTCOOP_SUCCESS,0104a800_01c4ca00
190701083417,TAG_DEPARTED_A,01c4ca00
190701083417,ENDCOOP_SUCCESS,0104a800_
190701083417,TAG_DEPARTED_B,0104a800
190701083431,TAG_ARRIVED_A,01c4ca00
190701083432,SOLO_SUCCESS,01c4ca00
190701083433,TAG_ARRIVED_A,0104a800
190701083434,SOLO_SUCCESS,0104a800
190701083435,TAG_DEPARTED_A,0104a800
190701083437,TAG_ARRIVED_A,01c4ca00
190701083437,SOLO_SUCCESS,01c4ca00
190701083439,TAG_DEPARTED_A,01c4ca00
190701083443,TAG_ARRIVED_A,01c4ca00
190701083444,SOLO_SUCCESS,01c4ca00
190701083445,TAG_DEPARTED_A,01c4ca00
190701083458,TAG_ARRIVED_A,01c4ca00
190701083458,SOLO_SUCCESS,01c4ca00
190701083502,TAG_DEPARTED_A,01c4ca00
190701083511,TAG_ARRIVED_A,0104a800
190701083512,SOLO_SUCCESS,0104a800
190701083513,TAG_DEPARTED_A,0104a800
190701083516,TAG_ARRIVED_B,01c4ca00
190701083517,SOLO_SUCCESS,01c4ca00
190701083527,TAG_DEPARTED_B,01c4ca00
190701083528,TAG_ARRIVED_B,0104a800
190701083529,SOLO_SUCCESS,0104a800
190701083539,TAG_ARRIVED_A,0104b400
190701083540,STARTCOOP_SUCCESS,0104a800_0104b400
190701083540,ENDCOOP_SUCCESS,0104a800_0104b400
190701083540,TAG_DEPARTED_B,0104a800
190701083542,TAG_DEPARTED_A,0104b400
190701083547,TAG_ARRIVED_B,01c4ca00
190701083547,SOLO_SUCCESS,01c4ca00
190701083549,TAG_DEPARTED_B,01c4ca00
190701083552,TAG_ARRIVED_B,0104a800
190701083553,SOLO_SUCCESS,0104a800
190701083553,TAG_ARRIVED_A,0104a800
190701083554,SOLO_SUCCESS,0104a800
190701083554,TAG_DEPARTED_B,0104a800
190701083611,TAG_ARRIVED_A,0102d400
190701083612,SOLO_SUCCESS,0102d400
190701083613,TAG_DEPARTED_A,0102d400
190701083614,TAG_ARRIVED_A,0102d400
190701083615,SOLO_SUCCESS,0102d400
190701083625,TAG_DEPARTED_A,0102d400
190701083629,TAG_ARRIVED_A,0102d400
190701083630,SOLO_SUCCESS,0102d400
190701083635,TAG_DEPARTED_A,0102d400
190701083636,TAG_ARRIVED_A,0102d400
190701083636,SOLO_SUCCESS,0102d400
190701083638,TAG_ARRIVED_A,0104a800
190701083639,SOLO_SUCCESS,0104a800
190701083641,TAG_DEPARTED_A,0104a800
190701083641,TAG_ARRIVED_A,0104a800
190701083642,SOLO_SUCCESS,0104a800
190701083654,TAG_ARRIVED_A,07a0b700
190701083655,SOLO_SUCCESS,07a0b700
190701083659,TAG_DEPARTED_A,07a0b700
190701083710,TAG_ARRIVED_A,07a0b700
190701083710,SOLO_SUCCESS,07a0b700
190701083715,TAG_DEPARTED_A,07a0b700
190701083949,TAG_ARRIVED_A,0103f800
190701083949,SOLO_SUCCESS,0103f800
190701083951,TAG_DEPARTED_A,0103f800
190701083955,TAG_ARRIVED_A,0103f800
190701083955,SOLO_SUCCESS,0103f800
190701084031,TAG_DEPARTED_A,0103f800
190701084034,TAG_ARRIVED_A,0103f800
190701084034,SOLO_SUCCESS,0103f800
190701084045,TAG_DEPARTED_A,0103f800
190701084047,TAG_ARRIVED_A,0103f800
190701084047,SOLO_SUCCESS,0103f800
190701084055,TAG_ARRIVED_B,0103f800
190701084056,SOLO_SUCCESS,0103f800
190701084056,TAG_DEPARTED_A,0103f800
190701084225,TAG_ARRIVED_B,01e01400
190701084226,SOLO_SUCCESS,01e01400
190701084228,TAG_ARRIVED_A,01e01400
190701084229,SOLO_SUCCESS,01e01400
190701084229,TAG_DEPARTED_B,01e01400
190701084237,TAG_DEPARTED_A,01e01400
190701084338,TAG_ARRIVED_A,01c00300
190701084339,SOLO_SUCCESS,01c00300
190701084340,TAG_DEPARTED_A,01c00300
190701084341,TAG_ARRIVED_A,01c00300
190701084342,SOLO_SUCCESS,01c00300
190701084345,TAG_DEPARTED_A,01c00300
190701084348,TAG_ARRIVED_A,01c00300
190701084349,SOLO_SUCCESS,01c00300
190701084350,TAG_DEPARTED_A,01c00300
190701084404,TAG_ARRIVED_A,01c00300
190701084405,SOLO_SUCCESS,01c00300
190701084408,TAG_DEPARTED_A,01c00300
190701084645,TAG_ARRIVED_A,013d7200
190701084645,SOLO_SUCCESS,013d7200
190701084646,TAG_DEPARTED_A,013d7200
190701084648,TAG_ARRIVED_A,013d7200
190701084648,SOLO_SUCCESS,013d7200
190701084652,TAG_DEPARTED_A,013d7200
190701084739,TAG_ARRIVED_A,013d7200
190701084739,SOLO_SUCCESS,013d7200
190701084741,TAG_DEPARTED_A,013d7200
190701084801,TAG_ARRIVED_A,013d7200
190701084801,SOLO_SUCCESS,013d7200
190701084803,TAG_DEPARTED_A,013d7200
190701084813,TAG_ARRIVED_A,013d7200
190701084814,SOLO_SUCCESS,013d7200
190701084822,TAG_DEPARTED_A,013d7200
190701084835,TAG_ARRIVED_A,013d7200
190701084836,SOLO_SUCCESS,013d7200
190701084838,TAG_DEPARTED_A,013d7200
190701084843,TAG_ARRIVED_B,01e01400
190701084843,SOLO_SUCCESS,01e01400
190701084845,TAG_ARRIVED_A,01e01400
190701084846,SOLO_SUCCESS,01e01400
190701084847,TAG_DEPARTED_B,01e01400
190701084847,TAG_DEPARTED_A,01e01400
190701084906,TAG_ARRIVED_A,01df6400
190701084907,SOLO_SUCCESS,01df6400
190701084908,TAG_ARRIVED_B,01e01400
190701084909,STARTCOOP_SUCCESS,01df6400_01e01400
190701084909,TAG_DEPARTED_A,01df6400
190701084909,ENDCOOP_SUCCESS,01e01400_
190701084910,TAG_DEPARTED_B,01e01400
190701084911,TAG_ARRIVED_B,01e01400
190701084912,SOLO_SUCCESS,01e01400
190701084914,TAG_DEPARTED_B,01e01400
190701084932,TAG_ARRIVED_A,01df6400
190701084933,SOLO_SUCCESS,01df6400
190701084935,TAG_ARRIVED_B,01e01400
190701084936,STARTCOOP_SUCCESS,01df6400_01e01400
190701084937,TAG_DEPARTED_A,01df6400
190701084937,ENDCOOP_SUCCESS,01e01400_
190701084937,TAG_DEPARTED_B,01e01400
190701084938,TAG_ARRIVED_A,01df6400
190701084939,SOLO_SUCCESS,01df6400
190701084941,TAG_DEPARTED_A,01df6400
190701084941,TAG_ARRIVED_A,01df6400
190701084942,SOLO_SUCCESS,01df6400
190701084944,TAG_DEPARTED_A,01df6400
190701084950,TAG_ARRIVED_A,01df6400
190701084951,SOLO_SUCCESS,01df6400
190701084957,TAG_DEPARTED_A,01df6400
190701084959,TAG_ARRIVED_B,01037b00
190701085000,SOLO_SUCCESS,01037b00
190701085002,TAG_DEPARTED_B,01037b00
190701085018,TAG_ARRIVED_B,01e01400
190701085019,SOLO_SUCCESS,01e01400
190701085025,TAG_DEPARTED_B,01e01400
190701085030,TAG_ARRIVED_A,01e01400
190701085031,SOLO_SUCCESS,01e01400
190701085042,TAG_ARRIVED_B,0103f800
190701085042,STARTCOOP_FAIL,01e01400_0103f800
190701085043,TAG_ARRIVED_B,01e01400
190701085044,SOLO_FAIL,01e01400
190701085044,TAG_DEPARTED_A,01e01400
190701085045,ENDCOOP_FAIL,01e01400_
190701085045,TAG_DEPARTED_B,01e01400
190701085111,TAG_ARRIVED_B,0103f800
190701085111,SOLO_FAIL,0103f800
190701085114,TAG_ARRIVED_A,0103f800
190701085114,SOLO_FAIL,0103f800
190701085115,ENDCOOP_FAIL,0103f800_0103f800
190701085115,TAG_DEPARTED_B,0103f800
190701085130,TAG_DEPARTED_A,0103f800
190701085242,LOCKOUT_ENDED,
190701090902,TAG_ARRIVED_A,0103f800
190701090903,SOLO_SUCCESS,0103f800
190701090909,TAG_DEPARTED_A,0103f800
190701091055,TAG_ARRIVED_A,0103f800
190701091055,SOLO_SUCCESS,0103f800
190701091227,TAG_DEPARTED_A,0103f800
190701091424,TAG_ARRIVED_A,01da8200
190701091424,SOLO_SUCCESS,01da8200
190701091431,TAG_DEPARTED_A,01da8200
190701091504,TAG_ARRIVED_A,01da8200
190701091505,SOLO_SUCCESS,01da8200
190701091513,TAG_DEPARTED_A,01da8200
190701091513,TAG_ARRIVED_A,01da8200
190701091514,SOLO_SUCCESS,01da8200
190701091515,TAG_DEPARTED_A,01da8200
190701091557,TAG_ARRIVED_A,0103f800
190701091557,SOLO_SUCCESS,0103f800
190701091627,TAG_ARRIVED_B,01da8200
190701091627,STARTCOOP_SUCCESS,0103f800_01da8200
190701091630,ENDCOOP_SUCCESS,01da8200_0103f800
190701091630,TAG_DEPARTED_B,01da8200
190701091646,TAG_DEPARTED_A,0103f800
190701091648,TAG_ARRIVED_A,0103f800
190701091648,SOLO_SUCCESS,0103f800
190701091650,TAG_DEPARTED_A,0103f800
190701091652,TAG_ARRIVED_A,0103f800
190701091652,SOLO_SUCCESS,0103f800
190701091654,TAG_ARRIVED_B,01037b00
190701091655,STARTCOOP_FAIL,0103f800_01037b00
190701091655,TAG_DEPARTED_A,0103f800
190701091659,ENDCOOP_FAIL,01037b00_
190701091659,TAG_DEPARTED_B,01037b00
190701091700,TAG_ARRIVED_B,01037b00
190701091701,SOLO_FAIL,01037b00
190701091703,TAG_ARRIVED_A,0103f800
190701091703,STARTCOOP_FAIL,01037b00_0103f800
190701091709,ENDCOOP_FAIL,01037b00_0103f800
190701091709,TAG_DEPARTED_B,01037b00
190701091710,TAG_ARRIVED_B,01037b00
190701091711,STARTCOOP_FAIL,0103f800_01037b00
190701091711,TAG_DEPARTED_A,0103f800
190701091711,TAG_ARRIVED_A,0103f800
190701091712,STARTCOOP_FAIL,01037b00_0103f800
190701091719,ENDCOOP_FAIL,01037b00_0103f800
190701091719,TAG_DEPARTED_B,01037b00
190701091720,TAG_DEPARTED_A,0103f800
190701091728,TAG_ARRIVED_A,0103f800
190701091728,SOLO_FAIL,0103f800
190701091730,TAG_ARRIVED_B,0103f800
190701091730,SOLO_FAIL,0103f800
190701091730,TAG_DEPARTED_A,0103f800
190701091739,TAG_ARRIVED_A,01da8200
190701091740,STARTCOOP_SUCCESS,0103f800_01da8200
190701091741,TAG_DEPARTED_A,01da8200
190701091743,ENDCOOP_SUCCESS,0103f800_
190701091743,TAG_DEPARTED_B,0103f800
190701091744,TAG_ARRIVED_B,0103f800
190701091745,SOLO_FAIL,0103f800
190701091746,ENDCOOP_FAIL,0103f800_
190701091746,TAG_DEPARTED_B,0103f800
190701091835,TAG_ARRIVED_A,01da8200
190701091835,SOLO_FAIL,01da8200
190701091838,TAG_DEPARTED_A,01da8200
190701091911,LOCKOUT_ENDED,
190701091935,TAG_ARRIVED_A,0103f800
190701091935,SOLO_SUCCESS,0103f800
190701091937,TAG_DEPARTED_A,0103f800
190701092918,TAG_ARRIVED_B,01e01400
190701092919,SOLO_SUCCESS,01e01400
190701092930,TAG_DEPARTED_B,01e01400
190701092931,TAG_ARRIVED_A,01e01400
190701092932,SOLO_SUCCESS,01e01400
190701092936,TAG_DEPARTED_A,01e01400
190701092938,TAG_ARRIVED_A,01e01400
190701092939,SOLO_SUCCESS,01e01400
190701092943,TAG_DEPARTED_A,01e01400
190701092953,TAG_ARRIVED_A,01e01400
190701092954,SOLO_SUCCESS,01e01400
190701092957,TAG_DEPARTED_A,01e01400
190701092958,TAG_ARRIVED_A,01e01400
190701092959,SOLO_SUCCESS,01e01400
190701093008,TAG_DEPARTED_A,01e01400
190701093024,TAG_ARRIVED_B,01e01400
190701093025,SOLO_SUCCESS,01e01400
190701093028,TAG_DEPARTED_B,01e01400
190701093033,TAG_ARRIVED_A,01da8200
190701093033,SOLO_SUCCESS,01da8200
190701093035,TAG_ARRIVED_B,01e01400
190701093036,STARTCOOP_FAIL,01da8200_01e01400
190701093037,ENDCOOP_FAIL,01e01400_01da8200
190701093037,TAG_DEPARTED_B,01e01400
190701093037,TAG_ARRIVED_B,01e01400
190701093038,STARTCOOP_FAIL,01da8200_01e01400
190701093039,TAG_DEPARTED_A,01da8200
190701093039,TAG_ARRIVED_A,01da8200
190701093039,STARTCOOP_FAIL,01e01400_01da8200
190701093041,TAG_DEPARTED_A,01da8200
190701093045,TAG_ARRIVED_A,01e01400
190701093045,SOLO_FAIL,01e01400
190701093046,ENDCOOP_FAIL,01e01400_01e01400
190701093046,TAG_DEPARTED_B,01e01400
190701093047,TAG_DEPARTED_A,01e01400
190701093211,TAG_ARRIVED_B,01e01400
190701093212,SOLO_FAIL,01e01400
190701093218,ENDCOOP_FAIL,01e01400_
190701093219,TAG_DEPARTED_B,01e01400
190701093221,TAG_ARRIVED_B,01e01400
190701093222,SOLO_FAIL,01e01400
190701093226,ENDCOOP_FAIL,01e01400_
190701093226,TAG_DEPARTED_B,01e01400
190701093229,TAG_ARRIVED_A,01e01400
190701093229,SOLO_FAIL,01e01400
190701093232,TAG_ARRIVED_B,0103f800
190701093233,STARTCOOP_FAIL,01e01400_0103f800
190701093233,TAG_DEPARTED_A,01e01400
190701093233,TAG_ARRIVED_A,01e01400
190701093234,STARTCOOP_FAIL,0103f800_01e01400
190701093238,TAG_DEPARTED_A,01e01400
190701093248,TAG_ARRIVED_B,01da8200
190701093249,SOLO_FAIL,01da8200
190701093254,ENDCOOP_FAIL,01da8200_
190701093254,TAG_DEPARTED_B,01da8200
190701093257,TAG_ARRIVED_A,0103f800
190701093257,SOLO_FAIL,0103f800
190701093304,TAG_DEPARTED_A,0103f800
190701093434,LOCKOUT_ENDED,
190701100716,TAG_ARRIVED_B,01c4ca00
190701100717,SOLO_SUCCESS,01c4ca00
190701100718,TAG_DEPARTED_B,01c4ca00
190701100744,TAG_ARRIVED_B,01c4ca00
190701100745,SOLO_SUCCESS,01c4ca00
190701100747,TAG_DEPARTED_B,01c4ca00
190701100827,TAG_ARRIVED_B,01c4ca00
190701100828,SOLO_SUCCESS,01c4ca00
190701100830,TAG_DEPARTED_B,01c4ca00
190701100856,TAG_ARRIVED_B,01017e00
190701100856,SOLO_SUCCESS,01017e00
190701100901,TAG_DEPARTED_B,01017e00
190701101318,TAG_ARRIVED_B,01038800
190701101319,SOLO_SUCCESS,01038800
190701101343,TAG_DEPARTED_B,01038800
190701101346,TAG_ARRIVED_B,0102d900
190701101347,SOLO_SUCCESS,0102d900
190701101348,TAG_DEPARTED_B,0102d900
190701101350,TAG_ARRIVED_B,0102d900
190701101351,SOLO_SUCCESS,0102d900
190701101355,TAG_DEPARTED_B,0102d900
190701101356,TAG_ARRIVED_B,0102d900
190701101357,SOLO_SUCCESS,0102d900
190701101359,TAG_DEPARTED_B,0102d900
190701101420,TAG_ARRIVED_B,0102d900
190701101421,SOLO_SUCCESS,0102d900
190701101422,TAG_DEPARTED_B,0102d900
190701101509,TAG_ARRIVED_A,01038800
190701101510,SOLO_SUCCESS,01038800
190701101542,TAG_ARRIVED_B,018feb00
190701101543,STARTCOOP_FAIL,01038800_018feb00
190701101544,ENDCOOP_FAIL,018feb00_01038800
190701101544,TAG_DEPARTED_B,018feb00
190701101547,TAG_ARRIVED_B,01038800
190701101548,SOLO_FAIL,01038800
190701101548,TAG_DEPARTED_A,01038800
190701101551,ENDCOOP_FAIL,01038800_
190701101551,TAG_DEPARTED_B,01038800
190701101554,TAG_ARRIVED_B,018feb00
190701101554,SOLO_FAIL,018feb00
190701101557,ENDCOOP_FAIL,018feb00_
190701101557,TAG_DEPARTED_B,018feb00
190701101559,TAG_ARRIVED_B,018feb00
190701101559,SOLO_FAIL,018feb00
190701101601,ENDCOOP_FAIL,018feb00_
190701101601,TAG_DEPARTED_B,018feb00
190701101743,LOCKOUT_ENDED,
