190425050756,START_EXPERIMENT,
190425063850,TAG_ARRIVED_B,01d40600
190425063851,SOLO_SUCCESS,01d40600
190425063852,TAG_DEPARTED_B,01d40600
190425063859,TAG_ARRIVED_B,01da8200
190425063900,SOLO_SUCCESS,01da8200
190425063901,TAG_DEPARTED_B,01da8200
190425063916,TAG_ARRIVED_B,01e01400
190425063917,SOLO_SUCCESS,01e01400
190425063921,TAG_DEPARTED_B,01e01400
190425063923,TAG_ARRIVED_B,01e01400
190425063924,SOLO_SUCCESS,01e01400
190425063925,TAG_DEPARTED_B,01e01400
190425063959,TAG_ARRIVED_B,01d40600
190425064001,SOLO_SUCCESS,01d40600
190425064004,TAG_DEPARTED_B,01d40600
190425064005,TAG_ARRIVED_B,01d40600
190425064006,SOLO_SUCCESS,01d40600
190425064011,TAG_DEPARTED_B,01d40600
190425064012,TAG_ARRIVED_B,01d40600
190425064013,SOLO_SUCCESS,01d40600
190425064014,TAG_DEPARTED_B,01d40600
190425064015,TAG_ARRIVED_B,01d40600
190425064016,SOLO_SUCCESS,01d40600
190425064017,TAG_DEPARTED_B,01d40600
190425064112,TAG_ARRIVED_A,01d40600
190425064113,SOLO_SUCCESS,01d40600
190425064114,TAG_DEPARTED_A,01d40600
190425064209,TAG_ARRIVED_A,018feb00
190425064209,SOLO_SUCCESS,018feb00
190425064217,TAG_DEPARTED_A,018feb00
190425064448,TAG_ARRIVED_B,01da8200
190425064448,SOLO_SUCCESS,01da8200
190425064451,TAG_DEPARTED_B,01da8200
190425064453,TAG_ARRIVED_B,01da8200
190425064454,SOLO_SUCCESS,01da8200
190425064456,TAG_DEPARTED_B,01da8200
190425064458,TAG_ARRIVED_B,01da8200
190425064458,SOLO_SUCCESS,01da8200
190425064501,TAG_DEPARTED_B,01da8200
190425064502,TAG_ARRIVED_B,01da8200
190425064502,SOLO_SUCCESS,01da8200
190425064504,TAG_DEPARTED_B,01da8200
190425064515,TAG_ARRIVED_B,01da8200
190425064516,SOLO_SUCCESS,01da8200
190425064517,TAG_DEPARTED_B,01da8200
190425064545,TAG_ARRIVED_B,01da8200
190425064546,SOLO_SUCCESS,01da8200
190425064547,TAG_DEPARTED_B,01da8200
190425064556,TAG_ARRIVED_B,01da8200
190425064556,SOLO_SUCCESS,01da8200
190425064600,TAG_DEPARTED_B,01da8200
190425065336,TAG_ARRIVED_A,01e01400
190425065337,SOLO_SUCCESS,01e01400
190425065338,TAG_ARRIVED_B,01e01400
190425065339,SOLO_SUCCESS,01e01400
190425065340,TAG_DEPARTED_A,01e01400
190425065340,TAG_DEPARTED_B,01e01400
190425065341,TAG_ARRIVED_B,01e01400
190425065342,SOLO_SUCCESS,01e01400
190425065343,TAG_DEPARTED_B,01e01400
190425071111,TAG_ARRIVED_A,01e01400
190425071112,SOLO_SUCCESS,01e01400
190425071125,TAG_DEPARTED_A,01e01400
190425071127,TAG_ARRIVED_A,01e01400
190425071128,SOLO_SUCCESS,01e01400
190425071129,TAG_DEPARTED_A,01e01400
190425073222,TAG_ARRIVED_B,01e01400
190425073223,SOLO_SUCCESS,01e01400
190425073232,TAG_DEPARTED_B,01e01400
190425074847,TAG_ARRIVED_A,018feb00
190425074848,SOLO_SUCCESS,018feb00
190425074849,TAG_DEPARTED_A,018feb00
190425080309,TAG_ARRIVED_B,01e01400
190425080310,SOLO_SUCCESS,01e01400
190425080314,TAG_DEPARTED_B,01e01400
190425082341,TAG_ARRIVED_A,01e01400
190425082342,SOLO_SUCCESS,01e01400
190425082344,TAG_DEPARTED_A,01e01400
190425082344,TAG_ARRIVED_A,01e01400
190425082345,SOLO_SUCCESS,01e01400
190425082346,TAG_DEPARTED_A,01e01400
190425084046,TAG_ARRIVED_B,018feb00
190425084046,SOLO_SUCCESS,018feb00
190425084048,TAG_DEPARTED_B,018feb00
190425084154,TAG_ARRIVED_B,018feb00
190425084155,SOLO_SUCCESS,018feb00
190425084201,TAG_DEPARTED_B,018feb00
190425084836,TAG_ARRIVED_B,01da8200
190425084836,SOLO_SUCCESS,01da8200
190425084838,TAG_DEPARTED_B,01da8200
190425084842,TAG_ARRIVED_B,01da8200
190425084843,SOLO_SUCCESS,01da8200
190425084844,TAG_DEPARTED_B,01da8200
190425084847,TAG_ARRIVED_B,01da8200
190425084847,SOLO_SUCCESS,01da8200
190425084849,TAG_DEPARTED_B,01da8200
190425084911,TAG_ARRIVED_B,01da8200
190425084911,SOLO_SUCCESS,01da8200
190425084913,TAG_DEPARTED_B,01da8200
190425085342,TAG_ARRIVED_A,01da8200
190425085343,SOLO_SUCCESS,01da8200
190425085346,TAG_DEPARTED_A,01da8200
190425085446,TAG_ARRIVED_A,01da8200
190425085446,SOLO_SUCCESS,01da8200
190425085452,TAG_DEPARTED_A,01da8200
190425085458,TAG_ARRIVED_A,01da8200
190425085458,SOLO_SUCCESS,01da8200
190425085500,TAG_DEPARTED_A,01da8200
190425085504,TAG_ARRIVED_A,01da8200
190425085504,SOLO_SUCCESS,01da8200
190425085507,TAG_DEPARTED_A,01da8200