190529074802,START_EXPERIMENT,
190529074815,TAG_ARRIVED_B,0139d100
190529074816,SOLO_FAIL,0139d100
190529074819,TAG_ARRIVED_A,1783900
190529074820,STARTCOOP_SUCCESS,0139d100_01783900
190529074823,TAG_DEPARTED_A,1783900
190529074823,ENDCOOP_SUCCESS,0139d100_
190529074823,TAG_DEPARTED_B,0139d100
190529075000,LOCKOUT_ENDED,
190529081108,TAG_ARRIVED_A,017e1f00
190529081109,SOLO_SUCCESS,017e1f00
190529081110,TAG_DEPARTED_A,017e1f00
190529081112,TAG_ARRIVED_A,01037b00
190529081113,SOLO_SUCCESS,01037b00
190529081132,TAG_DEPARTED_A,01037b00
190529081140,TAG_ARRIVED_A,01037b00
190529081141,SOLO_SUCCESS,01037b00
190529081142,TAG_DEPARTED_A,01037b00
190529081147,TAG_ARRIVED_A,01037b00
190529081147,SOLO_SUCCESS,01037b00
190529081148,TAG_ARRIVED_B,01037b00
190529081149,SOLO_SUCCESS,01037b00
190529081149,TAG_DEPARTED_A,01037b00
190529081151,TAG_ARRIVED_A,01da8200
190529081151,STARTCOOP_FAIL,01037b00_01da8200
190529081152,ENDCOOP_FAIL,01037b00_01da8200
190529081152,TAG_DEPARTED_B,01037b00
190529081152,TAG_ARRIVED_B,01037b00
190529081153,STARTCOOP_FAIL,01da8200_01037b00
190529081156,TAG_DEPARTED_B,01037b00
190529081157,TAG_DEPARTED_A,01da8200
190529081205,TAG_ARRIVED_B,01037b00
190529081206,SOLO_FAIL,01037b00
190529081213,TAG_ARRIVED_A,01da8200
190529081214,STARTCOOP_FAIL,01037b00_01da8200
190529081217,TAG_DEPARTED_A,01da8200
190529081219,TAG_ARRIVED_A,01da8200
190529081219,STARTCOOP_FAIL,01037b00_01da8200
190529081221,TAG_DEPARTED_A,01da8200
190529081226,ENDCOOP_FAIL,01037b00_
190529081226,TAG_DEPARTED_B,01037b00
190529081228,TAG_ARRIVED_B,01037b00
190529081229,SOLO_FAIL,01037b00
190529081238,ENDCOOP_FAIL,01037b00_
190529081238,TAG_DEPARTED_B,01037b00
190529081238,TAG_ARRIVED_A,01da8200
190529081239,SOLO_FAIL,01da8200
190529081252,TAG_ARRIVED_B,01da8200
190529081252,SOLO_FAIL,01da8200
190529081253,TAG_DEPARTED_A,01da8200
190529081302,ENDCOOP_FAIL,01da8200_
190529081302,TAG_DEPARTED_B,01da8200
190529081320,TAG_ARRIVED_A,0103f300
190529081320,SOLO_FAIL,0103f300
190529081323,TAG_ARRIVED_B,0103f300
190529081323,SOLO_FAIL,0103f300
190529081324,TAG_DEPARTED_A,0103f300
190529081329,ENDCOOP_FAIL,0103f300_
190529081330,TAG_DEPARTED_B,0103f300
190529081342,TAG_ARRIVED_B,0103f300
190529081343,SOLO_FAIL,0103f300
190529081345,ENDCOOP_FAIL,0103f300_
190529081346,TAG_DEPARTED_B,0103f300
190529081403,TAG_ARRIVED_B,0103f300
190529081404,SOLO_FAIL,0103f300
190529081414,ENDCOOP_FAIL,0103f300_
190529081415,TAG_DEPARTED_B,0103f300
190529081419,LOCKOUT_ENDED,
190529081421,TAG_ARRIVED_B,0103f300
190529081421,SOLO_SUCCESS,0103f300
190529081423,TAG_DEPARTED_B,0103f300
190529081506,TAG_ARRIVED_B,0103f300
190529081506,SOLO_SUCCESS,0103f300
190529081508,TAG_DEPARTED_B,0103f300
190529081517,TAG_ARRIVED_B,0103f300
190529081517,SOLO_SUCCESS,0103f300
190529081519,TAG_DEPARTED_B,0103f300
190529081523,TAG_ARRIVED_B,0103f300
190529081523,SOLO_SUCCESS,0103f300
190529081525,TAG_DEPARTED_B,0103f300
190529081533,TAG_ARRIVED_B,0103f300
190529081533,SOLO_SUCCESS,0103f300
190529081537,TAG_DEPARTED_B,0103f300
190529081555,TAG_ARRIVED_B,0103f300
190529081555,SOLO_SUCCESS,0103f300
190529081628,TAG_DEPARTED_B,0103f300
190529081829,TAG_ARRIVED_B,0103f300
190529081829,SOLO_SUCCESS,0103f300
190529081839,TAG_DEPARTED_B,0103f300
190529081858,TAG_ARRIVED_B,0103f300
190529081859,SOLO_SUCCESS,0103f300
190529081907,TAG_DEPARTED_B,0103f300
190529081909,TAG_ARRIVED_B,0103f300
190529081910,SOLO_SUCCESS,0103f300
190529081925,TAG_DEPARTED_B,0103f300
190529081941,TAG_ARRIVED_B,01e01400
190529081942,SOLO_SUCCESS,01e01400
190529081956,TAG_DEPARTED_B,01e01400
190529082339,TAG_ARRIVED_A,01d40600
190529082340,SOLO_SUCCESS,01d40600
190529082341,TAG_DEPARTED_A,01d40600
190529082354,TAG_ARRIVED_A,01d40600
190529082355,SOLO_SUCCESS,01d40600
190529082356,TAG_DEPARTED_A,01d40600
190529082400,TAG_ARRIVED_A,01d40600
190529082401,SOLO_SUCCESS,01d40600
190529082404,TAG_ARRIVED_B,01df6400
190529082405,STARTCOOP_SUCCESS,01d40600_01df6400
190529082406,ENDCOOP_SUCCESS,01df6400_01d40600
190529082407,TAG_DEPARTED_B,01df6400
190529082407,TAG_DEPARTED_A,01d40600
190529082512,TAG_ARRIVED_A,01df6400
190529082513,SOLO_SUCCESS,01df6400
190529082519,TAG_DEPARTED_A,01df6400
190529082520,TAG_ARRIVED_A,01df6400
190529082521,SOLO_SUCCESS,01df6400
190529082522,TAG_DEPARTED_A,01df6400
190529082523,TAG_ARRIVED_A,01df6400
190529082524,SOLO_SUCCESS,01df6400
190529082526,TAG_DEPARTED_A,01df6400
190529082611,TAG_ARRIVED_A,01da8200
190529082612,SOLO_SUCCESS,01da8200
190529082617,TAG_DEPARTED_A,01da8200
190529082623,TAG_ARRIVED_A,01da8200
190529082623,SOLO_SUCCESS,01da8200
190529082628,TAG_DEPARTED_A,01da8200
190529082635,TAG_ARRIVED_A,01da8200
190529082635,SOLO_SUCCESS,01da8200
190529082638,TAG_DEPARTED_A,01da8200
190529082640,TAG_ARRIVED_A,01da8200
190529082640,SOLO_SUCCESS,01da8200
190529082642,TAG_DEPARTED_A,01da8200
190529082739,TAG_ARRIVED_A,1048700
190529082740,SOLO_SUCCESS,1048700
190529082754,TAG_ARRIVED_B,1048700
190529082755,SOLO_SUCCESS,1048700
190529082756,TAG_DEPARTED_A,1048700
190529082756,TAG_DEPARTED_B,1048700
190529082759,TAG_ARRIVED_A,1048700
190529082800,SOLO_SUCCESS,1048700
190529082812,TAG_DEPARTED_A,1048700
190529082812,TAG_ARRIVED_A,1048700
190529082813,SOLO_SUCCESS,1048700
190529082815,TAG_DEPARTED_A,1048700
190529082816,TAG_ARRIVED_A,1048700
190529082816,SOLO_SUCCESS,1048700
190529082818,TAG_DEPARTED_A,1048700
190529082822,TAG_ARRIVED_A,1048700
190529082823,SOLO_SUCCESS,1048700
190529082830,TAG_DEPARTED_A,1048700
190529082830,TAG_ARRIVED_B,1048700
190529082831,SOLO_SUCCESS,1048700
190529082833,TAG_ARRIVED_A,1048700
190529082834,SOLO_SUCCESS,1048700
190529082834,TAG_DEPARTED_B,1048700
190529082854,TAG_DEPARTED_A,1048700
190529083135,TAG_ARRIVED_A,01df6400
190529083136,SOLO_SUCCESS,01df6400
190529083143,TAG_DEPARTED_A,01df6400
190529083207,TAG_ARRIVED_A,01df6400
190529083208,SOLO_SUCCESS,01df6400
190529083212,TAG_DEPARTED_A,01df6400
190529083212,TAG_ARRIVED_A,01df6400
190529083213,SOLO_SUCCESS,01df6400
190529083220,TAG_DEPARTED_A,01df6400
190529083220,TAG_ARRIVED_A,01df6400
190529083221,SOLO_SUCCESS,01df6400
190529083232,TAG_DEPARTED_A,01df6400
190529083234,TAG_ARRIVED_A,01df6400
190529083235,SOLO_SUCCESS,01df6400
190529083237,TAG_DEPARTED_A,01df6400
190529083241,TAG_ARRIVED_A,01df6400
190529083242,SOLO_SUCCESS,01df6400
190529083244,TAG_DEPARTED_A,01df6400
190529083249,TAG_ARRIVED_A,01df6400
190529083250,SOLO_SUCCESS,01df6400
190529083253,TAG_DEPARTED_A,01df6400
190529083255,TAG_ARRIVED_A,01df6400
190529083256,SOLO_SUCCESS,01df6400
190529083259,TAG_DEPARTED_A,01df6400
190529083319,TAG_ARRIVED_A,01e14200
190529083319,SOLO_SUCCESS,01e14200
190529083322,TAG_DEPARTED_A,01e14200
190529083323,TAG_ARRIVED_A,01e14200
190529083324,SOLO_SUCCESS,01e14200
190529083330,TAG_ARRIVED_B,1048700
190529083331,STARTCOOP_FAIL,01e14200_01048700
190529083332,ENDCOOP_FAIL,01048700_01e14200
190529083332,TAG_DEPARTED_B,1048700
190529083341,TAG_ARRIVED_B,1048700
190529083342,STARTCOOP_FAIL,01e14200_01048700
190529083345,ENDCOOP_FAIL,01048700_01e14200
190529083346,TAG_DEPARTED_B,1048700
190529083346,TAG_DEPARTED_A,01e14200
190529083350,TAG_ARRIVED_A,01e14200
190529083351,SOLO_FAIL,01e14200
190529083353,TAG_ARRIVED_A,01df6400
190529083354,SOLO_FAIL,01df6400
190529083404,TAG_DEPARTED_A,01df6400
190529083407,TAG_ARRIVED_A,01df6400
190529083408,SOLO_FAIL,01df6400
190529083414,TAG_ARRIVED_B,01e14200
190529083415,STARTCOOP_FAIL,01df6400_01e14200
190529083415,TAG_DEPARTED_A,01df6400
190529083420,ENDCOOP_FAIL,01e14200_
190529083420,TAG_DEPARTED_B,01e14200
190529083421,TAG_ARRIVED_A,01e14200
190529083421,SOLO_FAIL,01e14200
190529083422,TAG_ARRIVED_B,01e14200
190529083422,SOLO_FAIL,01e14200
190529083423,TAG_DEPARTED_A,01e14200
190529083424,ENDCOOP_FAIL,01e14200_
190529083424,TAG_DEPARTED_B,01e14200
190529083425,TAG_ARRIVED_A,01e14200
190529083425,SOLO_FAIL,01e14200
190529083426,TAG_ARRIVED_B,01e14200
190529083427,SOLO_FAIL,01e14200
190529083427,TAG_DEPARTED_A,01e14200
190529083428,ENDCOOP_FAIL,01e14200_
190529083428,TAG_DEPARTED_B,01e14200
190529083429,TAG_ARRIVED_A,01e14200
190529083430,SOLO_FAIL,01e14200
190529083430,TAG_DEPARTED_A,01e14200
190529083432,TAG_ARRIVED_A,01e14200
190529083433,SOLO_FAIL,01e14200
190529083443,TAG_DEPARTED_A,01e14200
190529083444,TAG_ARRIVED_B,01e14200
190529083445,SOLO_FAIL,01e14200
190529083448,ENDCOOP_FAIL,01e14200_
190529083448,TAG_DEPARTED_B,01e14200
190529083518,TAG_ARRIVED_B,01e14200
190529083519,SOLO_FAIL,01e14200
190529083520,TAG_ARRIVED_A,01e14200
190529083521,SOLO_FAIL,01e14200
190529083521,ENDCOOP_FAIL,01e14200_01e14200
190529083522,TAG_DEPARTED_B,01e14200
190529083534,TAG_DEPARTED_A,01e14200
190529083550,TAG_ARRIVED_A,01e14200
190529083551,SOLO_FAIL,01e14200
190529083557,TAG_ARRIVED_A,1048700
190529083558,SOLO_FAIL,1048700
190529083604,TAG_DEPARTED_A,1048700
190529083605,TAG_ARRIVED_A,1048700
190529083606,SOLO_FAIL,1048700
190529083614,TAG_DEPARTED_A,1048700
190529083615,LOCKOUT_ENDED,
190529083615,TAG_ARRIVED_B,1048700
190529083616,SOLO_SUCCESS,1048700
190529083623,TAG_DEPARTED_B,1048700
190529083639,TAG_ARRIVED_B,1048700
190529083640,SOLO_SUCCESS,1048700
190529083642,TAG_DEPARTED_B,1048700
190529083642,TAG_ARRIVED_B,1048700
190529083643,SOLO_SUCCESS,1048700
190529083645,TAG_DEPARTED_B,1048700
190529083729,TAG_ARRIVED_A,01037b00
190529083730,SOLO_SUCCESS,01037b00
190529083733,TAG_DEPARTED_A,01037b00
190529083742,TAG_ARRIVED_A,01037b00
190529083742,SOLO_SUCCESS,01037b00
190529083743,TAG_ARRIVED_B,01037b00
190529083744,SOLO_SUCCESS,01037b00
190529083745,TAG_DEPARTED_A,01037b00
190529083745,TAG_DEPARTED_B,01037b00
190529083751,TAG_ARRIVED_B,01037b00
190529083752,SOLO_SUCCESS,01037b00
190529083753,TAG_DEPARTED_B,01037b00
190529083755,TAG_ARRIVED_A,01037b00
190529083755,SOLO_SUCCESS,01037b00
190529083801,TAG_DEPARTED_A,01037b00
190529083803,TAG_ARRIVED_A,01037b00
190529083804,SOLO_SUCCESS,01037b00
190529083806,TAG_DEPARTED_A,01037b00
190529083817,TAG_ARRIVED_A,01037b00
190529083817,SOLO_SUCCESS,01037b00
190529083822,TAG_DEPARTED_A,01037b00
190529083831,TAG_ARRIVED_A,01037b00
190529083832,SOLO_SUCCESS,01037b00
190529083838,TAG_DEPARTED_A,01037b00
190529083903,TAG_ARRIVED_A,01037b00
190529083904,SOLO_SUCCESS,01037b00
190529083909,TAG_DEPARTED_A,01037b00
190529083910,TAG_ARRIVED_A,01037b00
190529083911,SOLO_SUCCESS,01037b00
190529083912,TAG_ARRIVED_B,01a45a00
190529083913,STARTCOOP_SUCCESS,01037b00_01a45a00
190529083913,TAG_DEPARTED_A,01037b00
190529083916,ENDCOOP_SUCCESS,01a45a00_
190529083916,TAG_DEPARTED_B,01a45a00
190529083940,TAG_ARRIVED_A,1048700
190529083941,SOLO_SUCCESS,1048700
190529083947,TAG_DEPARTED_A,1048700
190529084102,TAG_ARRIVED_B,01e01400
190529084103,SOLO_SUCCESS,01e01400
190529084115,TAG_DEPARTED_B,01e01400
190529084115,TAG_ARRIVED_A,01e01400
190529084116,SOLO_SUCCESS,01e01400
190529084119,TAG_DEPARTED_A,01e01400
190529084222,TAG_ARRIVED_A,01e01400
190529084222,SOLO_SUCCESS,01e01400
190529084226,TAG_DEPARTED_A,01e01400
190529084239,TAG_ARRIVED_A,01e01400
190529084240,SOLO_SUCCESS,01e01400
190529084243,TAG_DEPARTED_A,01e01400
190529084252,TAG_ARRIVED_A,01e14200
190529084253,SOLO_SUCCESS,01e14200
190529084310,TAG_DEPARTED_A,01e14200
190529084320,TAG_ARRIVED_A,01e14200
190529084321,SOLO_SUCCESS,01e14200
190529084323,TAG_DEPARTED_A,01e14200
190529084323,TAG_ARRIVED_A,01e14200
190529084324,SOLO_SUCCESS,01e14200
190529084325,TAG_DEPARTED_A,01e14200
190529084348,TAG_ARRIVED_A,01e14200
190529084349,SOLO_SUCCESS,01e14200
190529084404,TAG_DEPARTED_A,01e14200
190529084423,TAG_ARRIVED_A,01d18f00
190529084423,SOLO_SUCCESS,01d18f00
190529084426,TAG_DEPARTED_A,01d18f00
190529084536,TAG_ARRIVED_A,01e01400
190529084537,SOLO_SUCCESS,01e01400
190529084601,TAG_DEPARTED_A,01e01400
190529085538,TAG_ARRIVED_B,013d7200
190529085539,SOLO_SUCCESS,013d7200
190529085540,TAG_ARRIVED_A,013d7200
190529085540,SOLO_SUCCESS,013d7200
190529085541,TAG_DEPARTED_B,013d7200
190529085543,TAG_DEPARTED_A,013d7200
190529085603,TAG_ARRIVED_B,013d7200
190529085604,SOLO_SUCCESS,013d7200
190529085610,TAG_DEPARTED_B,013d7200
190529085612,TAG_ARRIVED_B,013d7200
190529085613,SOLO_SUCCESS,013d7200
190529085616,TAG_DEPARTED_B,013d7200
190529090345,TAG_ARRIVED_B,01037b00
190529090346,SOLO_SUCCESS,01037b00
190529090348,TAG_DEPARTED_B,01037b00
190529090352,TAG_ARRIVED_A,01037b00
190529090352,SOLO_SUCCESS,01037b00
190529090356,TAG_ARRIVED_B,01037b00
190529090356,SOLO_SUCCESS,01037b00
190529090357,TAG_DEPARTED_A,01037b00
190529090358,TAG_DEPARTED_B,01037b00
190529090400,TAG_ARRIVED_A,01045c00
190529090401,SOLO_SUCCESS,01045c00
190529090414,TAG_ARRIVED_B,01037b00
190529090415,STARTCOOP_SUCCESS,01045c00_01037b00
190529090418,TAG_DEPARTED_A,01045c00
190529090418,TAG_ARRIVED_A,01045c00
190529090419,STARTCOOP_SUCCESS,01037b00_01045c00
190529090423,TAG_DEPARTED_A,01045c00
190529090424,TAG_ARRIVED_A,01045c00
190529090425,STARTCOOP_SUCCESS,01037b00_01045c00
190529090429,ENDCOOP_SUCCESS,01037b00_01045c00
190529090429,TAG_DEPARTED_B,01037b00
190529090430,TAG_ARRIVED_B,01037b00
190529090431,STARTCOOP_SUCCESS,01045c00_01037b00
190529090432,ENDCOOP_SUCCESS,01037b00_01045c00
190529090433,TAG_DEPARTED_B,01037b00
190529090433,TAG_ARRIVED_B,01037b00
190529090434,STARTCOOP_SUCCESS,01045c00_01037b00
190529090434,TAG_DEPARTED_A,01045c00
190529090435,TAG_ARRIVED_A,01045c00
190529090436,STARTCOOP_SUCCESS,01037b00_01045c00
190529090436,ENDCOOP_SUCCESS,01037b00_01045c00
190529090437,TAG_DEPARTED_B,01037b00
190529090452,TAG_ARRIVED_B,01037b00
190529090453,STARTCOOP_SUCCESS,01045c00_01037b00
190529090454,ENDCOOP_SUCCESS,01037b00_01045c00
190529090454,TAG_DEPARTED_B,01037b00
190529090457,TAG_ARRIVED_B,01037b00
190529090458,STARTCOOP_SUCCESS,01045c00_01037b00
190529090512,ENDCOOP_SUCCESS,01037b00_01045c00
190529090512,TAG_DEPARTED_B,01037b00
190529090520,TAG_ARRIVED_B,01037b00
190529090521,STARTCOOP_SUCCESS,01045c00_01037b00
190529090524,ENDCOOP_SUCCESS,01037b00_01045c00
190529090524,TAG_DEPARTED_B,01037b00
190529090524,TAG_DEPARTED_A,01045c00
190529090528,TAG_ARRIVED_A,01045c00
190529090529,SOLO_SUCCESS,01045c00
190529090530,TAG_ARRIVED_B,01037b00
190529090530,STARTCOOP_SUCCESS,01045c00_01037b00
190529090531,ENDCOOP_SUCCESS,01037b00_01045c00
190529090531,TAG_DEPARTED_B,01037b00
190529090533,TAG_ARRIVED_B,0103f300
190529090533,STARTCOOP_FAIL,01045c00_0103f300
190529090535,ENDCOOP_FAIL,0103f300_01045c00
190529090535,TAG_DEPARTED_B,0103f300
190529090537,TAG_ARRIVED_B,01037b00
190529090538,STARTCOOP_SUCCESS,01045c00_01037b00
190529090541,ENDCOOP_SUCCESS,01037b00_01045c00
190529090541,TAG_DEPARTED_B,01037b00
190529090541,TAG_DEPARTED_A,01045c00
190529090542,TAG_ARRIVED_B,01037b00
190529090543,SOLO_FAIL,01037b00
190529090546,ENDCOOP_FAIL,01037b00_
190529090546,TAG_DEPARTED_B,01037b00
190529090548,TAG_ARRIVED_A,01037b00
190529090549,SOLO_FAIL,01037b00
190529090551,TAG_DEPARTED_A,01037b00
190529090553,TAG_ARRIVED_B,01037b00
190529090554,SOLO_FAIL,01037b00
190529090602,ENDCOOP_FAIL,01037b00_
190529090603,TAG_DEPARTED_B,01037b00
190529090723,TAG_ARRIVED_B,0103f300
190529090723,SOLO_FAIL,0103f300
190529090728,ENDCOOP_FAIL,0103f300_
190529090728,TAG_DEPARTED_B,0103f300
190529090728,TAG_ARRIVED_B,0103f300
190529090729,SOLO_FAIL,0103f300
190529090734,LOCKOUT_ENDED,
190529090737,TAG_DEPARTED_B,0103f300
190529090832,TAG_ARRIVED_B,0103f300
190529090833,SOLO_SUCCESS,0103f300
190529090836,TAG_DEPARTED_B,0103f300
190529090836,TAG_ARRIVED_A,0103f300
190529090836,SOLO_SUCCESS,0103f300
190529090849,TAG_DEPARTED_A,0103f300
190529090852,TAG_ARRIVED_A,0103f300
190529090853,SOLO_SUCCESS,0103f300
190529090903,TAG_DEPARTED_A,0103f300
190529091016,TAG_ARRIVED_A,0103f300
190529091016,SOLO_SUCCESS,0103f300
190529091049,TAG_DEPARTED_A,0103f300
190529091050,TAG_ARRIVED_A,0103f300
190529091050,SOLO_SUCCESS,0103f300
190529091246,TAG_DEPARTED_A,0103f300
190529091248,TAG_ARRIVED_A,0103f300
190529091249,SOLO_SUCCESS,0103f300
190529091323,TAG_DEPARTED_A,0103f300
190529091325,TAG_ARRIVED_A,0103f300
190529091325,SOLO_SUCCESS,0103f300
190529091507,TAG_DEPARTED_A,0103f300
190529092332,TAG_ARRIVED_B,01037b00
190529092333,SOLO_SUCCESS,01037b00
190529092340,TAG_DEPARTED_B,01037b00
190529092343,TAG_ARRIVED_A,01037b00
190529092344,SOLO_SUCCESS,01037b00
190529092345,TAG_DEPARTED_A,01037b00
190529092350,TAG_ARRIVED_B,01037b00
190529092351,SOLO_SUCCESS,01037b00
190529092352,TAG_DEPARTED_B,01037b00
190529092356,TAG_ARRIVED_B,01037b00
190529092357,SOLO_SUCCESS,01037b00
190529092405,TAG_DEPARTED_B,01037b00
190529092426,TAG_ARRIVED_B,01037b00
190529092427,SOLO_SUCCESS,01037b00
190529092436,TAG_DEPARTED_B,01037b00
190529092445,TAG_ARRIVED_B,01037b00
190529092446,SOLO_SUCCESS,01037b00
190529092447,TAG_DEPARTED_B,01037b00
190529092454,TAG_ARRIVED_B,01037b00
190529092455,SOLO_SUCCESS,01037b00
190529092458,TAG_DEPARTED_B,01037b00
190529092504,TAG_ARRIVED_B,018feb00
190529092504,SOLO_SUCCESS,018feb00
190529092506,TAG_DEPARTED_B,018feb00
190529092832,TAG_ARRIVED_B,01471d00
190529092832,SOLO_SUCCESS,01471d00
190529092852,TAG_DEPARTED_B,01471d00
190529092858,TAG_ARRIVED_B,01471d00
190529092858,SOLO_SUCCESS,01471d00
190529092908,TAG_DEPARTED_B,01471d00
190529092929,TAG_ARRIVED_B,01471d00
190529092929,SOLO_SUCCESS,01471d00
190529092934,TAG_DEPARTED_B,01471d00
190529092935,TAG_ARRIVED_B,01471d00
190529092935,SOLO_SUCCESS,01471d00
190529092950,TAG_DEPARTED_B,01471d00
190529092951,TAG_ARRIVED_B,01471d00
190529092952,SOLO_SUCCESS,01471d00
190529093036,TAG_DEPARTED_B,01471d00
190529093122,TAG_ARRIVED_B,01471d00
190529093123,SOLO_SUCCESS,01471d00
190529093131,TAG_DEPARTED_B,01471d00
190529093144,TAG_ARRIVED_B,01471d00
190529093144,SOLO_SUCCESS,01471d00
190529093151,TAG_DEPARTED_B,01471d00
190529093152,TAG_ARRIVED_B,01471d00
190529093152,SOLO_SUCCESS,01471d00
190529093154,TAG_DEPARTED_B,01471d00
190529093155,TAG_ARRIVED_B,01471d00
190529093155,SOLO_SUCCESS,01471d00
190529093202,TAG_DEPARTED_B,01471d00
190529093203,TAG_ARRIVED_B,01471d00
190529093203,SOLO_SUCCESS,01471d00
190529093225,TAG_DEPARTED_B,01471d00
190529094432,TAG_ARRIVED_B,01037b00
190529094433,SOLO_SUCCESS,01037b00
190529094438,TAG_DEPARTED_B,01037b00
190529094522,TAG_ARRIVED_B,01037b00
190529094523,SOLO_SUCCESS,01037b00
190529094532,TAG_DEPARTED_B,01037b00
190529094536,TAG_ARRIVED_B,01037b00
190529094537,SOLO_SUCCESS,01037b00
190529094544,TAG_ARRIVED_A,01e14200
190529094545,STARTCOOP_FAIL,01037b00_01e14200
190529094546,ENDCOOP_FAIL,01037b00_01e14200
190529094546,TAG_DEPARTED_B,01037b00
190529094605,TAG_DEPARTED_A,01e14200
190529094606,TAG_ARRIVED_A,01e14200
190529094606,SOLO_FAIL,01e14200
190529094622,TAG_DEPARTED_A,01e14200
190529094703,TAG_ARRIVED_B,012b1400
190529094704,SOLO_FAIL,012b1400
190529094709,ENDCOOP_FAIL,012b1400_
190529094709,TAG_DEPARTED_B,012b1400
190529094709,TAG_ARRIVED_A,01c4ca00
190529094710,SOLO_FAIL,01c4ca00
190529094725,TAG_ARRIVED_B,01037b00
190529094726,STARTCOOP_SUCCESS,01c4ca00_01037b00
190529094729,ENDCOOP_SUCCESS,01037b00_01c4ca00
190529094729,TAG_DEPARTED_B,01037b00
190529094731,TAG_ARRIVED_B,01037b00
190529094732,STARTCOOP_SUCCESS,01c4ca00_01037b00
190529094732,TAG_DEPARTED_A,01c4ca00
190529094734,ENDCOOP_SUCCESS,01037b00_
190529094734,TAG_DEPARTED_B,01037b00
190529094737,TAG_ARRIVED_B,01037b00
190529094738,SOLO_FAIL,01037b00
190529094739,TAG_ARRIVED_A,01d40600
190529094740,STARTCOOP_SUCCESS,01037b00_01d40600
190529094741,ENDCOOP_SUCCESS,01037b00_01d40600
190529094741,TAG_DEPARTED_B,01037b00
190529094747,TAG_DEPARTED_A,01d40600
190529094805,TAG_ARRIVED_B,01037b00
190529094806,SOLO_SUCCESS,01037b00
190529094807,TAG_DEPARTED_B,01037b00
190529094844,TAG_ARRIVED_B,01d40600
190529094845,SOLO_SUCCESS,01d40600
190529094848,TAG_ARRIVED_A,01d40600
190529094849,SOLO_SUCCESS,01d40600
190529094849,TAG_DEPARTED_B,01d40600
190529094850,TAG_DEPARTED_A,01d40600
190529094906,TAG_ARRIVED_A,01c4ca00
190529094907,SOLO_SUCCESS,01c4ca00
190529094916,TAG_DEPARTED_A,01c4ca00
190529094916,TAG_ARRIVED_A,01c4ca00
190529094917,SOLO_SUCCESS,01c4ca00
190529094920,TAG_DEPARTED_A,01c4ca00
190529094925,TAG_ARRIVED_A,01037b00
190529094926,SOLO_SUCCESS,01037b00
190529094928,TAG_DEPARTED_A,01037b00
190529094930,TAG_ARRIVED_B,01037b00
190529094931,SOLO_SUCCESS,01037b00
190529094938,TAG_DEPARTED_B,01037b00
190529094938,TAG_ARRIVED_B,01037b00
190529094939,SOLO_SUCCESS,01037b00
190529094942,TAG_DEPARTED_B,01037b00
190529094944,TAG_ARRIVED_B,01037b00
190529094945,SOLO_SUCCESS,01037b00
190529094947,TAG_ARRIVED_A,01037b00
190529094948,SOLO_SUCCESS,01037b00
190529094948,TAG_DEPARTED_B,01037b00
190529094949,TAG_DEPARTED_A,01037b00
190529094952,TAG_ARRIVED_B,01037b00
190529094953,SOLO_SUCCESS,01037b00
190529094956,TAG_DEPARTED_B,01037b00
190529094956,TAG_ARRIVED_B,01037b00
190529094957,SOLO_SUCCESS,01037b00
190529095001,TAG_DEPARTED_B,01037b00
190529095002,TAG_ARRIVED_B,01037b00
190529095003,SOLO_SUCCESS,01037b00
190529095008,TAG_DEPARTED_B,01037b00
190529095010,TAG_ARRIVED_B,01037b00
190529095011,SOLO_SUCCESS,01037b00
190529095019,TAG_DEPARTED_B,01037b00
190529095022,TAG_ARRIVED_B,01037b00
190529095023,SOLO_SUCCESS,01037b00
190529095029,TAG_DEPARTED_B,01037b00
190529095335,TAG_ARRIVED_B,01d18f00
190529095336,SOLO_SUCCESS,01d18f00
190529095337,TAG_DEPARTED_B,01d18f00
190529095349,TAG_ARRIVED_B,01d40600
190529095350,SOLO_SUCCESS,01d40600
190529095354,TAG_DEPARTED_B,01d40600
190529095358,TAG_ARRIVED_B,01d40600
190529095359,SOLO_SUCCESS,01d40600
190529095407,TAG_DEPARTED_B,01d40600
190529095414,TAG_ARRIVED_B,01d40600
190529095415,SOLO_SUCCESS,01d40600
190529095417,TAG_DEPARTED_B,01d40600
190529095420,TAG_ARRIVED_A,01d40600
190529095421,SOLO_SUCCESS,01d40600
190529095428,TAG_DEPARTED_A,01d40600
190529095441,TAG_ARRIVED_B,01d40600
190529095442,SOLO_SUCCESS,01d40600
190529095443,TAG_DEPARTED_B,01d40600
190529100018,TAG_ARRIVED_A,013d7200
190529100019,SOLO_SUCCESS,013d7200
190529100037,TAG_DEPARTED_A,013d7200
190529100038,TAG_ARRIVED_B,013d7200
190529100039,SOLO_SUCCESS,013d7200
190529100045,TAG_DEPARTED_B,013d7200
190529100706,TAG_ARRIVED_A,01da8200
190529100706,SOLO_SUCCESS,01da8200
190529100710,TAG_DEPARTED_A,01da8200
190529100717,TAG_ARRIVED_B,01037b00
190529100718,SOLO_SUCCESS,01037b00
190529100736,TAG_DEPARTED_B,01037b00
190529101041,TAG_ARRIVED_A,012b1400
190529101042,SOLO_SUCCESS,012b1400
190529101054,TAG_DEPARTED_A,012b1400
190529101058,TAG_ARRIVED_A,012b1400
190529101059,SOLO_SUCCESS,012b1400
190529101108,TAG_DEPARTED_A,012b1400
190529101112,TAG_ARRIVED_A,012b1400
190529101113,SOLO_SUCCESS,012b1400
190529101135,TAG_DEPARTED_A,012b1400
190529101140,TAG_ARRIVED_A,012b1400
190529101141,SOLO_SUCCESS,012b1400
190529101154,TAG_DEPARTED_A,012b1400
190529101156,TAG_ARRIVED_A,01d40600
190529101157,SOLO_SUCCESS,01d40600
190529101205,TAG_DEPARTED_A,01d40600
190529101209,TAG_ARRIVED_A,01d40600
190529101210,SOLO_SUCCESS,01d40600
190529101217,TAG_DEPARTED_A,01d40600
190529101218,TAG_ARRIVED_B,01d40600
190529101218,SOLO_SUCCESS,01d40600
190529101222,TAG_ARRIVED_A,01d40600
190529101223,SOLO_SUCCESS,01d40600
190529101223,TAG_DEPARTED_B,01d40600
190529101230,TAG_DEPARTED_A,01d40600
190529101240,TAG_ARRIVED_B,01d40600
190529101241,SOLO_SUCCESS,01d40600
190529101243,TAG_DEPARTED_B,01d40600
190529101244,TAG_ARRIVED_B,01d40600
190529101245,SOLO_SUCCESS,01d40600
190529101247,TAG_DEPARTED_B,01d40600
190529101249,TAG_ARRIVED_A,01d40600
190529101250,SOLO_SUCCESS,01d40600
190529101253,TAG_DEPARTED_A,01d40600
190529101256,TAG_ARRIVED_A,01d40600
190529101257,SOLO_SUCCESS,01d40600
190529101302,TAG_DEPARTED_A,01d40600
190529101303,TAG_ARRIVED_A,01d40600
190529101304,SOLO_SUCCESS,01d40600
190529101309,TAG_DEPARTED_A,01d40600
190529101348,TAG_ARRIVED_A,01df6400
190529101349,SOLO_SUCCESS,01df6400
190529101352,TAG_DEPARTED_A,01df6400
190529101358,TAG_ARRIVED_A,01df6400
190529101359,SOLO_SUCCESS,01df6400
190529101400,TAG_DEPARTED_A,01df6400
190529101416,TAG_ARRIVED_B,01df6400
190529101417,SOLO_SUCCESS,01df6400
190529101420,TAG_DEPARTED_B,01df6400
190529101422,TAG_ARRIVED_A,01df6400
190529101423,SOLO_SUCCESS,01df6400
190529101426,TAG_DEPARTED_A,01df6400
190529101427,TAG_ARRIVED_A,01df6400
190529101428,SOLO_SUCCESS,01df6400
190529101435,TAG_DEPARTED_A,01df6400
190529101436,TAG_ARRIVED_A,01df6400
190529101437,SOLO_SUCCESS,01df6400
190529101449,TAG_DEPARTED_A,01df6400
190529101450,TAG_ARRIVED_A,01df6400
190529101450,SOLO_SUCCESS,01df6400
190529101457,TAG_DEPARTED_A,01df6400
190529101641,TAG_ARRIVED_A,01df6400
190529101642,SOLO_SUCCESS,01df6400
190529101646,TAG_DEPARTED_A,01df6400
190529101646,TAG_ARRIVED_A,01df6400
190529101647,SOLO_SUCCESS,01df6400
190529101657,TAG_DEPARTED_A,01df6400
190529101657,TAG_ARRIVED_B,013d7200
190529101658,SOLO_SUCCESS,013d7200
190529101700,TAG_ARRIVED_A,01df6400
190529101701,STARTCOOP_FAIL,013d7200_01df6400
190529101703,ENDCOOP_FAIL,013d7200_01df6400
190529101703,TAG_DEPARTED_B,013d7200
190529101704,TAG_DEPARTED_A,01df6400
190529101849,TAG_ARRIVED_A,01037b00
190529101850,SOLO_FAIL,01037b00
190529101853,TAG_ARRIVED_B,01037b00
190529101854,SOLO_FAIL,01037b00
190529101854,TAG_DEPARTED_A,01037b00
190529101856,ENDCOOP_FAIL,01037b00_
190529101856,TAG_DEPARTED_B,01037b00
190529101901,TAG_ARRIVED_B,01037b00
190529101902,SOLO_SUCCESS,01037b00
190529101906,TAG_DEPARTED_B,01037b00
190529101907,TAG_ARRIVED_B,01037b00
190529101907,SOLO_SUCCESS,01037b00
190529101910,TAG_DEPARTED_B,01037b00
190529101911,TAG_ARRIVED_B,01037b00
190529101912,SOLO_SUCCESS,01037b00
190529101913,TAG_DEPARTED_B,01037b00
190529101930,TAG_ARRIVED_A,01037b00
190529101931,SOLO_SUCCESS,01037b00
190529101934,TAG_DEPARTED_A,01037b00
190529101951,TAG_ARRIVED_A,01037b00
190529101952,SOLO_SUCCESS,01037b00
190529101956,TAG_DEPARTED_A,01037b00
190529102004,TAG_ARRIVED_A,01037b00
190529102005,SOLO_SUCCESS,01037b00
190529102005,TAG_ARRIVED_B,01037b00
190529102006,SOLO_SUCCESS,01037b00
190529102006,TAG_DEPARTED_A,01037b00
190529102008,TAG_DEPARTED_B,01037b00
190529102009,TAG_ARRIVED_A,01037b00
190529102010,SOLO_SUCCESS,01037b00
190529102010,TAG_DEPARTED_A,01037b00
190529102013,TAG_ARRIVED_A,01037b00
190529102014,SOLO_SUCCESS,01037b00
190529102016,TAG_DEPARTED_A,01037b00
190529102016,TAG_ARRIVED_A,01037b00
190529102017,SOLO_SUCCESS,01037b00
190529102019,TAG_DEPARTED_A,01037b00
190529102021,TAG_ARRIVED_A,01037b00
190529102022,SOLO_SUCCESS,01037b00
190529102029,TAG_DEPARTED_A,01037b00
190529102029,TAG_ARRIVED_A,01037b00
190529102030,SOLO_SUCCESS,01037b00
190529102039,TAG_DEPARTED_A,01037b00
190529103922,TAG_ARRIVED_A,017e1f00
190529103923,SOLO_SUCCESS,017e1f00
190529103926,TAG_DEPARTED_A,017e1f00
190529103940,TAG_ARRIVED_A,017e1f00
190529103941,SOLO_SUCCESS,017e1f00
190529103942,TAG_DEPARTED_A,017e1f00
190529104538,TAG_ARRIVED_A,01037b00
190529104539,SOLO_SUCCESS,01037b00
190529104540,TAG_DEPARTED_A,01037b00
190529104545,TAG_ARRIVED_A,01037b00
190529104546,SOLO_SUCCESS,01037b00
190529104547,TAG_ARRIVED_B,01037b00
190529104548,SOLO_SUCCESS,01037b00
190529104548,TAG_DEPARTED_A,01037b00
190529104551,TAG_DEPARTED_B,01037b00
190529104552,TAG_ARRIVED_B,01037b00
190529104553,SOLO_SUCCESS,01037b00
190529104557,TAG_DEPARTED_B,01037b00
190529104601,TAG_ARRIVED_B,01037b00
190529104602,SOLO_SUCCESS,01037b00
190529104603,TAG_DEPARTED_B,01037b00
190529105748,TAG_ARRIVED_A,018feb00
190529105748,SOLO_SUCCESS,018feb00
190529105749,TAG_DEPARTED_A,018feb00
190529105937,TAG_ARRIVED_A,018feb00
190529105938,SOLO_SUCCESS,018feb00
190529105939,TAG_DEPARTED_A,018feb00
190529110023,TAG_ARRIVED_A,01d40600
190529110024,SOLO_SUCCESS,01d40600
190529110025,TAG_DEPARTED_A,01d40600
190529110042,TAG_ARRIVED_A,01d40600
190529110043,SOLO_SUCCESS,01d40600
190529110045,TAG_DEPARTED_A,01d40600
190529110049,TAG_ARRIVED_B,01d40600
190529110050,SOLO_SUCCESS,01d40600
190529110051,TAG_DEPARTED_B,01d40600
190529110052,TAG_ARRIVED_A,01d40600
190529110053,SOLO_SUCCESS,01d40600
190529110101,TAG_DEPARTED_A,01d40600
190529110103,TAG_ARRIVED_A,01d40600
190529110103,SOLO_SUCCESS,01d40600
190529110107,TAG_DEPARTED_A,01d40600
190529110107,TAG_ARRIVED_B,01d40600
190529110108,SOLO_SUCCESS,01d40600
190529110109,TAG_DEPARTED_B,01d40600
190529110112,TAG_ARRIVED_A,01d40600
190529110113,SOLO_SUCCESS,01d40600
190529110114,TAG_DEPARTED_A,01d40600
190529110125,TAG_ARRIVED_A,01d40600
190529110125,SOLO_SUCCESS,01d40600
190529110130,TAG_DEPARTED_A,01d40600
190529110149,TAG_ARRIVED_A,018feb00
190529110150,SOLO_SUCCESS,018feb00
190529110151,TAG_DEPARTED_A,018feb00
190529110218,TAG_ARRIVED_A,018feb00
190529110219,SOLO_SUCCESS,018feb00
190529110220,TAG_DEPARTED_A,018feb00
190529110915,TAG_ARRIVED_A,0139d100
190529110916,SOLO_SUCCESS,0139d100
190529110921,TAG_ARRIVED_B,1783900
190529110922,STARTCOOP_SUCCESS,0139d100_01783900
190529110926,TAG_DEPARTED_A,0139d100
190529110926,ENDCOOP_SUCCESS,01783900_
190529110926,TAG_DEPARTED_B,1783900
190529111005,TAG_ARRIVED_B,018e8200
190529111006,SOLO_SUCCESS,018e8200
190529111009,TAG_DEPARTED_B,018e8200
190529111009,TAG_ARRIVED_B,1783900
190529111010,SOLO_SUCCESS,1783900
190529111011,TAG_ARRIVED_A,018e8200
190529111012,STARTCOOP_FAIL,01783900_018e8200
190529111013,TAG_DEPARTED_A,018e8200
190529111013,TAG_ARRIVED_A,018e8200
190529111015,STARTCOOP_FAIL,01783900_018e8200
190529111015,ENDCOOP_FAIL,01783900_018e8200
190529111015,TAG_DEPARTED_B,1783900
190529111016,TAG_DEPARTED_A,018e8200
