190606061147,START_EXPERIMENT,
190606062458,TAG_ARRIVED_A,018feb00
190606062459,SOLO_SUCCESS,018feb00
190606062500,TAG_DEPARTED_A,018feb00
190606064144,TAG_ARRIVED_A,01471d00
190606064144,SOLO_SUCCESS,01471d00
190606064146,TAG_DEPARTED_A,01471d00
190606064159,TAG_ARRIVED_A,01471d00
190606064159,SOLO_SUCCESS,01471d00
190606064205,TAG_DEPARTED_A,01471d00
190606064219,TAG_ARRIVED_A,01471d00
190606064220,SOLO_SUCCESS,01471d00
190606064223,TAG_DEPARTED_A,01471d00
190606064231,TAG_ARRIVED_A,01471d00
190606064231,SOLO_SUCCESS,01471d00
190606064407,TAG_DEPARTED_A,01471d00
190606064413,TAG_ARRIVED_A,01471d00
190606064414,SOLO_SUCCESS,01471d00
190606064448,TAG_DEPARTED_A,01471d00
190606064524,TAG_ARRIVED_B,01471d00
190606064524,SOLO_SUCCESS,01471d00
190606064527,TAG_DEPARTED_B,01471d00
190606071453,TAG_ARRIVED_B,017e1f00
190606071453,SOLO_SUCCESS,017e1f00
190606071459,TAG_DEPARTED_B,017e1f00
190606073524,TAG_ARRIVED_A,01fdbd00
190606073525,SOLO_SUCCESS,01fdbd00
190606073526,TAG_DEPARTED_A,01fdbd00
190606073534,TAG_ARRIVED_A,01fdbd00
190606073535,SOLO_SUCCESS,01fdbd00
190606073539,TAG_DEPARTED_A,01fdbd00
190606073542,TAG_ARRIVED_A,01fdbd00
190606073543,SOLO_SUCCESS,01fdbd00
190606073551,TAG_DEPARTED_A,01fdbd00
190606073554,TAG_ARRIVED_A,01fdbd00
190606073555,SOLO_SUCCESS,01fdbd00
190606073559,TAG_DEPARTED_A,01fdbd00
190606073559,TAG_ARRIVED_A,01fdbd00
190606073600,SOLO_SUCCESS,01fdbd00
190606073602,TAG_DEPARTED_A,01fdbd00
190606075036,TAG_ARRIVED_A,01471d00
190606075036,SOLO_SUCCESS,01471d00
190606075039,TAG_DEPARTED_A,01471d00
190606075103,TAG_ARRIVED_B,01471d00
190606075104,SOLO_SUCCESS,01471d00
190606075106,TAG_DEPARTED_B,01471d00
190606075109,TAG_ARRIVED_B,01471d00
190606075110,SOLO_SUCCESS,01471d00
190606075111,TAG_DEPARTED_B,01471d00
190606075130,TAG_ARRIVED_B,01471d00
190606075130,SOLO_SUCCESS,01471d00
190606075136,TAG_DEPARTED_B,01471d00
190606075142,TAG_ARRIVED_B,01471d00
190606075142,SOLO_SUCCESS,01471d00
190606075147,TAG_DEPARTED_B,01471d00
190606075147,TAG_ARRIVED_B,01471d00
190606075147,SOLO_SUCCESS,01471d00
190606075150,TAG_DEPARTED_B,01471d00
190606075157,TAG_ARRIVED_B,01471d00
190606075157,SOLO_SUCCESS,01471d00
190606075203,TAG_DEPARTED_B,01471d00
190606075204,TAG_ARRIVED_B,01471d00
190606075204,SOLO_SUCCESS,01471d00
190606075211,TAG_DEPARTED_B,01471d00
190606075233,TAG_ARRIVED_B,01471d00
190606075233,SOLO_SUCCESS,01471d00
190606075237,TAG_DEPARTED_B,01471d00
190606075238,TAG_ARRIVED_B,01471d00
190606075238,SOLO_SUCCESS,01471d00
190606075241,TAG_DEPARTED_B,01471d00
190606075259,TAG_ARRIVED_B,01471d00
190606075300,SOLO_SUCCESS,01471d00
190606075301,TAG_DEPARTED_B,01471d00
190606075302,TAG_ARRIVED_B,01471d00
190606075302,SOLO_SUCCESS,01471d00
190606075304,TAG_DEPARTED_B,01471d00
190606075330,TAG_ARRIVED_B,01471d00
190606075331,SOLO_SUCCESS,01471d00
190606075333,TAG_DEPARTED_B,01471d00
190606083734,TAG_ARRIVED_A,018feb00
190606083735,SOLO_SUCCESS,018feb00
190606083739,TAG_DEPARTED_A,018feb00
190606083910,TAG_ARRIVED_A,018feb00
190606083910,SOLO_SUCCESS,018feb00
190606083914,TAG_DEPARTED_A,018feb00
190606084000,TAG_ARRIVED_A,018feb00
190606084000,SOLO_SUCCESS,018feb00
190606084002,TAG_DEPARTED_A,018feb00
190606084052,TAG_ARRIVED_A,018feb00
190606084053,SOLO_SUCCESS,018feb00
190606084055,TAG_DEPARTED_A,018feb00
190606084057,TAG_ARRIVED_A,018feb00
190606084057,SOLO_SUCCESS,018feb00
190606084100,TAG_DEPARTED_A,018feb00
190606084104,TAG_ARRIVED_A,018feb00
190606084105,SOLO_SUCCESS,018feb00
190606084110,TAG_DEPARTED_A,018feb00
190606084136,TAG_ARRIVED_B,018feb00
190606084137,SOLO_SUCCESS,018feb00
190606084138,TAG_DEPARTED_B,018feb00
190606084204,TAG_ARRIVED_B,018feb00
190606084205,SOLO_SUCCESS,018feb00
190606084210,TAG_DEPARTED_B,018feb00
190606084211,TAG_ARRIVED_B,018feb00
190606084212,SOLO_SUCCESS,018feb00
190606084215,TAG_DEPARTED_B,018feb00
