190515062242,START_EXPERIMENT,
190515063312,TAG_ARRIVED_A,013d7300
190515063313,SOLO_SUCCESS,013d7300
190515063319,TAG_DEPARTED_A,013d7300
190515063333,TAG_ARRIVED_A,013d7300
190515063334,SOLO_SUCCESS,013d7300
190515063336,TAG_DEPARTED_A,013d7300
190515063337,TAG_ARRIVED_A,013d7300
190515063338,SOLO_SUCCESS,013d7300
190515063346,TAG_DEPARTED_A,013d7300
190515063639,TAG_ARRIVED_B,018feb00
190515063640,SOLO_SUCCESS,018feb00
190515063642,TAG_DEPARTED_B,018feb00
190515063947,TAG_ARRIVED_B,018feb00
190515063948,SOLO_SUCCESS,018feb00
190515063951,TAG_DEPARTED_B,018feb00
190515064002,TAG_ARRIVED_B,018feb00
190515064003,SOLO_SUCCESS,018feb00
190515064005,TAG_DEPARTED_B,018feb00
190515064332,TAG_ARRIVED_B,01d40600
190515064333,SOLO_SUCCESS,01d40600
190515064334,TAG_DEPARTED_B,01d40600
190515064351,TAG_ARRIVED_B,01d40600
190515064352,SOLO_SUCCESS,01d40600
190515064356,TAG_DEPARTED_B,01d40600
190515064403,TAG_ARRIVED_B,01d40600
190515064405,SOLO_SUCCESS,01d40600
190515064406,TAG_DEPARTED_B,01d40600
190515064414,TAG_ARRIVED_B,01d40600
190515064415,SOLO_SUCCESS,01d40600
190515064416,TAG_DEPARTED_B,01d40600
190515064429,TAG_ARRIVED_B,01d40600
190515064430,SOLO_SUCCESS,01d40600
190515064436,TAG_DEPARTED_B,01d40600
190515064443,TAG_ARRIVED_B,01d40600
190515064444,SOLO_SUCCESS,01d40600
190515064446,TAG_DEPARTED_B,01d40600
190515064450,TAG_ARRIVED_B,01d40600
190515064451,SOLO_SUCCESS,01d40600
190515064452,TAG_DEPARTED_B,01d40600
190515064455,TAG_ARRIVED_B,01d40600
190515064456,SOLO_SUCCESS,01d40600
190515064459,TAG_DEPARTED_B,01d40600
190515064509,TAG_ARRIVED_B,01d40600
190515064510,SOLO_SUCCESS,01d40600
190515064512,TAG_DEPARTED_B,01d40600
190515064658,TAG_ARRIVED_B,01d40600
190515064659,SOLO_SUCCESS,01d40600
190515064702,TAG_DEPARTED_B,01d40600
190515064707,TAG_ARRIVED_B,01d40600
190515064708,SOLO_SUCCESS,01d40600
190515064709,TAG_DEPARTED_B,01d40600
190515064711,TAG_ARRIVED_B,01d40600
190515064712,SOLO_SUCCESS,01d40600
190515064713,TAG_DEPARTED_B,01d40600
190515064719,TAG_ARRIVED_B,01d40600
190515064720,SOLO_SUCCESS,01d40600
190515064723,TAG_DEPARTED_B,01d40600
190515064736,TAG_ARRIVED_B,01d40600
190515064737,SOLO_SUCCESS,01d40600
190515064742,TAG_DEPARTED_B,01d40600
190515064744,TAG_ARRIVED_B,01d40600
190515064745,SOLO_SUCCESS,01d40600
190515064746,TAG_DEPARTED_B,01d40600
190515064804,TAG_ARRIVED_B,01d40600
190515064805,SOLO_SUCCESS,01d40600
190515064806,TAG_DEPARTED_B,01d40600
190515064822,TAG_ARRIVED_B,01d40600
190515064823,SOLO_SUCCESS,01d40600
190515064827,TAG_DEPARTED_B,01d40600
190515064828,TAG_ARRIVED_A,01d40600
190515064829,SOLO_SUCCESS,01d40600
190515064830,TAG_DEPARTED_A,01d40600
190515070753,TAG_ARRIVED_A,017e1f00
190515070755,SOLO_SUCCESS,017e1f00
190515070755,TAG_DEPARTED_A,017e1f00
190515070800,TAG_ARRIVED_B,017e1f00
190515070801,SOLO_SUCCESS,017e1f00
190515070802,TAG_DEPARTED_B,017e1f00
190515070815,TAG_ARRIVED_B,017e1f00
190515070816,SOLO_SUCCESS,017e1f00
190515070817,TAG_DEPARTED_B,017e1f00
190515070836,TAG_ARRIVED_A,017e1f00
190515070837,SOLO_SUCCESS,017e1f00
190515070838,TAG_DEPARTED_A,017e1f00
190515070855,TAG_ARRIVED_B,017e1f00
190515070857,SOLO_SUCCESS,017e1f00
190515070900,TAG_DEPARTED_B,017e1f00
190515072510,TAG_ARRIVED_A,01d40600
190515072511,SOLO_SUCCESS,01d40600
190515072512,TAG_DEPARTED_A,01d40600
190515072515,TAG_ARRIVED_B,01d40600
190515072516,SOLO_SUCCESS,01d40600
190515072517,TAG_DEPARTED_B,01d40600
190515072522,TAG_ARRIVED_B,01d40600
190515072523,SOLO_SUCCESS,01d40600
190515072525,TAG_DEPARTED_B,01d40600
190515081005,TAG_ARRIVED_B,018feb00
190515081006,SOLO_SUCCESS,018feb00
190515081007,TAG_DEPARTED_B,018feb00
190515081143,TAG_ARRIVED_B,018feb00
190515081143,SOLO_SUCCESS,018feb00
190515081145,TAG_DEPARTED_B,018feb00
190515081228,TAG_ARRIVED_B,018feb00
190515081229,SOLO_SUCCESS,018feb00
190515081238,TAG_DEPARTED_B,018feb00
190515081312,TAG_ARRIVED_B,018feb00
190515081313,SOLO_SUCCESS,018feb00
190515081314,TAG_DEPARTED_B,018feb00
190515084527,TAG_ARRIVED_B,018feb00
190515084528,SOLO_SUCCESS,018feb00
190515084530,TAG_DEPARTED_B,018feb00
190515085111,TAG_ARRIVED_A,01d40600
190515085112,SOLO_SUCCESS,01d40600
190515085120,TAG_DEPARTED_A,01d40600
190515090919,TAG_ARRIVED_A,013d7200
190515090920,SOLO_SUCCESS,013d7200
190515090921,TAG_DEPARTED_A,013d7200
190515090924,TAG_ARRIVED_A,013d7200
190515090925,SOLO_SUCCESS,013d7200
190515090926,TAG_DEPARTED_A,013d7200
190515090951,TAG_ARRIVED_A,013d7200
190515090951,SOLO_SUCCESS,013d7200
190515090954,TAG_DEPARTED_A,013d7200
190515090958,TAG_ARRIVED_A,013d7200
190515090959,SOLO_SUCCESS,013d7200
190515091000,TAG_DEPARTED_A,013d7200
190515091032,TAG_ARRIVED_A,013d7200
190515091032,SOLO_SUCCESS,013d7200
190515091034,TAG_DEPARTED_A,013d7200
190515091037,TAG_ARRIVED_A,013d7200
190515091037,SOLO_SUCCESS,013d7200
190515091039,TAG_DEPARTED_A,013d7200
190515091042,TAG_ARRIVED_A,013d7200
190515091043,SOLO_SUCCESS,013d7200
190515091044,TAG_DEPARTED_A,013d7200
190515091045,TAG_ARRIVED_A,013d7200
190515091046,SOLO_SUCCESS,013d7200
190515091047,TAG_DEPARTED_A,013d7200
190515091054,TAG_ARRIVED_A,013d7200
190515091055,SOLO_SUCCESS,013d7200
190515091059,TAG_DEPARTED_A,013d7200
190515091115,TAG_ARRIVED_A,013d7200
190515091115,SOLO_SUCCESS,013d7200
190515091118,TAG_DEPARTED_A,013d7200
190515091120,TAG_ARRIVED_A,013d7200
190515091121,SOLO_SUCCESS,013d7200
190515091122,TAG_DEPARTED_A,013d7200
190515091124,TAG_ARRIVED_A,013d7200
190515091125,SOLO_SUCCESS,013d7200
190515091126,TAG_DEPARTED_A,013d7200
190515091128,TAG_ARRIVED_A,013d7200
190515091129,SOLO_SUCCESS,013d7200
190515091130,TAG_DEPARTED_A,013d7200
190515093319,TAG_ARRIVED_A,01da8200
190515093319,SOLO_SUCCESS,01da8200
190515093324,TAG_DEPARTED_A,01da8200
190515100100,TAG_ARRIVED_A,018feb00
190515100100,SOLO_SUCCESS,018feb00
190515100102,TAG_DEPARTED_A,018feb00
190515100112,TAG_ARRIVED_A,018feb00
190515100113,SOLO_SUCCESS,018feb00
190515100117,TAG_DEPARTED_A,018feb00
190515100119,TAG_ARRIVED_A,018feb00
190515100120,SOLO_SUCCESS,018feb00
190515100123,TAG_DEPARTED_A,018feb00
190515100256,TAG_ARRIVED_A,018feb00
190515100257,SOLO_SUCCESS,018feb00
190515100258,TAG_DEPARTED_A,018feb00
190515100259,TAG_ARRIVED_A,018feb00
190515100300,SOLO_SUCCESS,018feb00
190515100301,TAG_DEPARTED_A,018feb00
190515100303,TAG_ARRIVED_B,018feb00
190515100303,SOLO_SUCCESS,018feb00
190515100306,TAG_DEPARTED_B,018feb00
190515100336,TAG_ARRIVED_B,018feb00
190515100337,SOLO_SUCCESS,018feb00
190515100341,TAG_DEPARTED_B,018feb00
190515100348,TAG_ARRIVED_B,018feb00
190515100349,SOLO_SUCCESS,018feb00
190515100351,TAG_DEPARTED_B,018feb00
190515100434,TAG_ARRIVED_A,017e1f00
190515100435,SOLO_SUCCESS,017e1f00
190515100436,TAG_DEPARTED_A,017e1f00
190515100842,TAG_ARRIVED_B,017e1f00
190515100843,SOLO_SUCCESS,017e1f00
190515100845,TAG_DEPARTED_B,017e1f00
190515100900,TAG_ARRIVED_B,017e1f00
190515100901,SOLO_SUCCESS,017e1f00
190515100902,TAG_DEPARTED_B,017e1f00
190515101025,TAG_ARRIVED_B,017e1f00
190515101026,SOLO_SUCCESS,017e1f00
190515101027,TAG_DEPARTED_B,017e1f00
190515101045,TAG_ARRIVED_B,017e1f00
190515101046,SOLO_SUCCESS,017e1f00
190515101047,TAG_DEPARTED_B,017e1f00
190515101219,TAG_ARRIVED_A,01d40600
190515101220,SOLO_SUCCESS,01d40600
190515101221,TAG_DEPARTED_A,01d40600
190515101234,TAG_ARRIVED_B,01d40600
190515101235,SOLO_SUCCESS,01d40600
190515101236,TAG_DEPARTED_B,01d40600
190515102350,TAG_ARRIVED_A,01fdbd00
190515102352,SOLO_SUCCESS,01fdbd00
190515102358,TAG_DEPARTED_A,01fdbd00
190515102400,TAG_ARRIVED_A,01fdbd00
190515102401,SOLO_SUCCESS,01fdbd00
190515102404,TAG_DEPARTED_A,01fdbd00
190515102404,TAG_ARRIVED_A,01fdbd00
190515102406,SOLO_SUCCESS,01fdbd00
190515102418,TAG_DEPARTED_A,01fdbd00
