190429052800,START_EXPERIMENT,
190429053113,TAG_ARRIVED_A,01da8200
190429053113,SOLO_SUCCESS,01da8200
190429053115,TAG_DEPARTED_A,01da8200
190429053306,TAG_ARRIVED_A,01da8200
190429053306,SOLO_SUCCESS,01da8200
190429053308,TAG_DEPARTED_A,01da8200
190429053420,TAG_ARRIVED_A,01da8200
190429053421,SOLO_SUCCESS,01da8200
190429053422,TAG_DEPARTED_A,01da8200
190429053423,TAG_ARRIVED_B,01d40600
190429053424,SOLO_SUCCESS,01d40600
190429053442,TAG_ARRIVED_A,018d9900
190429053443,STARTCOOP_FAIL,01d40600_018d9900
190429053443,ENDCOOP_FAIL,01d40600_018d9900
190429053443,TAG_DEPARTED_B,01d40600
190429053447,TAG_DEPARTED_A,018d9900
190429053542,TAG_ARRIVED_A,018d9900
190429053542,SOLO_FAIL,018d9900
190429053545,TAG_DEPARTED_A,018d9900
190429053550,TAG_ARRIVED_A,018d9900
190429053551,SOLO_FAIL,018d9900
190429053557,TAG_DEPARTED_A,018d9900
190429053558,TAG_ARRIVED_B,018d9900
190429053558,SOLO_FAIL,018d9900
190429053600,TAG_ARRIVED_A,018d9900
190429053601,SOLO_FAIL,018d9900
190429053601,ENDCOOP_FAIL,018d9900_018d9900
190429053601,TAG_DEPARTED_B,018d9900
190429053602,TAG_DEPARTED_A,018d9900
190429053605,TAG_ARRIVED_A,018d9900
190429053606,SOLO_FAIL,018d9900
190429053608,TAG_DEPARTED_A,018d9900
190429053622,TAG_ARRIVED_A,018d9900
190429053622,SOLO_FAIL,018d9900
190429053631,TAG_DEPARTED_A,018d9900
190429053642,LOCKOUT_ENDED,
190429053653,TAG_ARRIVED_A,01da8200
190429053653,SOLO_SUCCESS,01da8200
190429053656,TAG_DEPARTED_A,01da8200
190429053657,TAG_ARRIVED_A,01da8200
190429053657,SOLO_SUCCESS,01da8200
190429053659,TAG_DEPARTED_A,01da8200
190429054143,TAG_ARRIVED_B,018d9900
190429054144,SOLO_SUCCESS,018d9900
190429054146,TAG_DEPARTED_B,018d9900
190429054148,TAG_ARRIVED_B,018d9900
190429054149,SOLO_SUCCESS,018d9900
190429054214,TAG_DEPARTED_B,018d9900
190429060519,TAG_ARRIVED_A,01da8200
190429060519,SOLO_SUCCESS,01da8200
190429060522,TAG_DEPARTED_A,01da8200
190429060643,TAG_ARRIVED_A,01da8200
190429060643,SOLO_SUCCESS,01da8200
190429060646,TAG_DEPARTED_A,01da8200
190429060907,TAG_ARRIVED_B,01e01400
190429060908,SOLO_SUCCESS,01e01400
190429060909,TAG_DEPARTED_B,01e01400
190429060910,TAG_ARRIVED_B,01e01400
190429060911,SOLO_SUCCESS,01e01400
190429060912,TAG_DEPARTED_B,01e01400
190429060915,TAG_ARRIVED_B,01e01400
190429060916,SOLO_SUCCESS,01e01400
190429060922,TAG_DEPARTED_B,01e01400
190429061122,TAG_ARRIVED_B,01da8200
190429061123,SOLO_SUCCESS,01da8200
190429061124,TAG_DEPARTED_B,01da8200
190429061130,TAG_ARRIVED_B,01da8200
190429061130,SOLO_SUCCESS,01da8200
190429061132,TAG_DEPARTED_B,01da8200
190429061313,TAG_ARRIVED_B,01da8200
190429061314,SOLO_SUCCESS,01da8200
190429061315,TAG_DEPARTED_B,01da8200
190429061324,TAG_ARRIVED_B,01da8200
190429061325,SOLO_SUCCESS,01da8200
190429061326,TAG_DEPARTED_B,01da8200
190429061522,TAG_ARRIVED_B,01b47d00
190429061523,SOLO_SUCCESS,01b47d00
190429061527,TAG_DEPARTED_B,01b47d00
190429061927,TAG_ARRIVED_A,01da8200
190429061927,SOLO_SUCCESS,01da8200
190429061929,TAG_DEPARTED_A,01da8200
190429061954,TAG_ARRIVED_B,01e01400
190429061955,SOLO_SUCCESS,01e01400
190429062057,TAG_DEPARTED_B,01e01400
190429065229,TAG_ARRIVED_B,1181900
190429065229,SOLO_SUCCESS,1181900
190429065231,TAG_DEPARTED_B,1181900
190429065233,TAG_ARRIVED_B,1181900
190429065233,SOLO_SUCCESS,1181900
190429065242,TAG_ARRIVED_A,01da8200
190429065242,STARTCOOP_SUCCESS,01181900_01da8200
190429065244,TAG_DEPARTED_A,01da8200
190429065255,TAG_DEPARTED_B,1181900
190429065301,TAG_ARRIVED_B,01da8200
190429065301,SOLO_SUCCESS,01da8200
190429065304,TAG_DEPARTED_B,01da8200
190429065312,TAG_ARRIVED_B,1181900
190429065312,SOLO_SUCCESS,1181900
190429065316,TAG_DEPARTED_B,1181900
190429065321,TAG_ARRIVED_B,1181900
190429065321,SOLO_SUCCESS,1181900
190429065323,TAG_DEPARTED_B,1181900
190429065410,TAG_ARRIVED_A,1181900
190429065410,SOLO_SUCCESS,1181900
190429065412,TAG_DEPARTED_A,1181900
190429065421,TAG_ARRIVED_B,1181900
190429065422,SOLO_SUCCESS,1181900
190429065429,TAG_DEPARTED_B,1181900
190429065429,TAG_ARRIVED_B,1181900
190429065430,SOLO_SUCCESS,1181900
190429065436,TAG_DEPARTED_B,1181900
190429065440,TAG_ARRIVED_B,1181900
190429065440,SOLO_SUCCESS,1181900
190429065445,TAG_DEPARTED_B,1181900
190429065457,TAG_ARRIVED_A,01da8200
190429065457,SOLO_SUCCESS,01da8200
190429065459,TAG_DEPARTED_A,01da8200
190429065519,TAG_ARRIVED_A,01da8200
190429065519,SOLO_SUCCESS,01da8200
190429065521,TAG_DEPARTED_A,01da8200
190429065924,TAG_ARRIVED_A,01e01400
190429065925,SOLO_SUCCESS,01e01400
190429065926,TAG_DEPARTED_A,01e01400
190429065937,TAG_ARRIVED_B,01da8200
190429065938,SOLO_SUCCESS,01da8200
190429065939,TAG_DEPARTED_B,01da8200
190429065944,TAG_ARRIVED_B,01da8200
190429065944,SOLO_SUCCESS,01da8200
190429065952,TAG_DEPARTED_B,01da8200
190429070735,TAG_ARRIVED_B,01da8200
190429070735,SOLO_SUCCESS,01da8200
190429070738,TAG_DEPARTED_B,01da8200
190429070741,TAG_ARRIVED_B,01da8200
190429070742,SOLO_SUCCESS,01da8200
190429070743,TAG_DEPARTED_B,01da8200
190429071247,TAG_ARRIVED_A,018d9900
190429071248,SOLO_SUCCESS,018d9900
190429071253,TAG_DEPARTED_A,018d9900
190429071256,TAG_ARRIVED_A,018d9900
190429071257,SOLO_SUCCESS,018d9900
190429071258,TAG_DEPARTED_A,018d9900
190429071259,TAG_ARRIVED_A,018d9900
190429071300,SOLO_SUCCESS,018d9900
190429071303,TAG_DEPARTED_A,018d9900
190429071306,TAG_ARRIVED_A,018d9900
190429071306,SOLO_SUCCESS,018d9900
190429071312,TAG_DEPARTED_A,018d9900
190429071319,TAG_ARRIVED_A,018d9900
190429071320,SOLO_SUCCESS,018d9900
190429071321,TAG_DEPARTED_A,018d9900
190429071322,TAG_ARRIVED_A,018d9900
190429071323,SOLO_SUCCESS,018d9900
190429071327,TAG_DEPARTED_A,018d9900
190429071614,TAG_ARRIVED_B,01e01400
190429071615,SOLO_SUCCESS,01e01400
190429071616,TAG_DEPARTED_B,01e01400
190429071617,TAG_ARRIVED_B,01e01400
190429071618,SOLO_SUCCESS,01e01400
190429071624,TAG_DEPARTED_B,01e01400
190429071625,TAG_ARRIVED_B,01e01400
190429071626,SOLO_SUCCESS,01e01400
190429071632,TAG_DEPARTED_B,01e01400
190429073620,TAG_ARRIVED_A,01da8200
190429073621,SOLO_SUCCESS,01da8200
190429073622,TAG_DEPARTED_A,01da8200
190429073739,TAG_ARRIVED_A,1181900
190429073740,SOLO_SUCCESS,1181900
190429073747,TAG_ARRIVED_B,1181900
190429073747,SOLO_SUCCESS,1181900
190429073747,TAG_DEPARTED_A,1181900
190429073751,TAG_DEPARTED_B,1181900
190429073752,TAG_ARRIVED_B,1181900
190429073753,SOLO_SUCCESS,1181900
190429073841,TAG_DEPARTED_B,1181900
190429073857,TAG_ARRIVED_B,1181900
190429073858,SOLO_SUCCESS,1181900
190429073903,TAG_DEPARTED_B,1181900
190429074438,TAG_ARRIVED_A,01e01400
190429074439,SOLO_SUCCESS,01e01400
190429074501,TAG_DEPARTED_A,01e01400
190429075824,TAG_ARRIVED_B,1181900
190429075825,SOLO_SUCCESS,1181900
190429075828,TAG_DEPARTED_B,1181900
190429075829,TAG_ARRIVED_B,1181900
190429075829,SOLO_SUCCESS,1181900
190429075831,TAG_DEPARTED_B,1181900
190429075841,TAG_ARRIVED_B,01e01400
190429075843,SOLO_SUCCESS,01e01400
190429075845,TAG_DEPARTED_B,01e01400
190429075856,TAG_ARRIVED_B,1181900
190429075857,SOLO_SUCCESS,1181900
190429075859,TAG_DEPARTED_B,1181900
190429075905,TAG_ARRIVED_B,1181900
190429075905,SOLO_SUCCESS,1181900
190429075929,TAG_DEPARTED_B,1181900
190429075930,TAG_ARRIVED_B,1181900
190429075930,SOLO_SUCCESS,1181900
190429075947,TAG_ARRIVED_A,01e01400
190429075948,STARTCOOP_FAIL,01181900_01e01400
190429075948,ENDCOOP_FAIL,01181900_01e01400
190429075948,TAG_DEPARTED_B,1181900
190429075949,TAG_DEPARTED_A,01e01400
190429075955,TAG_ARRIVED_B,1181900
190429075955,SOLO_FAIL,1181900
190429080003,ENDCOOP_FAIL,01181900_
190429080003,TAG_DEPARTED_B,1181900
190429080013,TAG_ARRIVED_B,1181900
190429080013,SOLO_FAIL,1181900
190429080019,ENDCOOP_FAIL,01181900_
190429080019,TAG_DEPARTED_B,1181900
190429080032,TAG_ARRIVED_B,1181900
190429080032,SOLO_FAIL,1181900
190429080037,ENDCOOP_FAIL,01181900_
190429080037,TAG_DEPARTED_B,1181900
190429080147,LOCKOUT_ENDED,
190429080341,TAG_ARRIVED_A,017e1f00
190429080342,SOLO_SUCCESS,017e1f00
190429080347,TAG_DEPARTED_A,017e1f00
190429080354,TAG_ARRIVED_A,017e1f00
190429080355,SOLO_SUCCESS,017e1f00
190429080401,TAG_DEPARTED_A,017e1f00
190429080407,TAG_ARRIVED_A,017e1f00
190429080408,SOLO_SUCCESS,017e1f00
190429080411,TAG_DEPARTED_A,017e1f00
190429080414,TAG_ARRIVED_B,017e1f00
190429080415,SOLO_SUCCESS,017e1f00
190429080416,TAG_DEPARTED_B,017e1f00
190429080510,TAG_ARRIVED_B,017e1f00
190429080511,SOLO_SUCCESS,017e1f00
190429080514,TAG_DEPARTED_B,017e1f00
190429080514,TAG_ARRIVED_B,017e1f00
190429080515,SOLO_SUCCESS,017e1f00
190429080517,TAG_DEPARTED_B,017e1f00
190429080517,TAG_ARRIVED_A,017e1f00
190429080518,SOLO_SUCCESS,017e1f00
190429080519,TAG_DEPARTED_A,017e1f00
190429083902,TAG_ARRIVED_B,018feb00
190429083903,SOLO_SUCCESS,018feb00
190429083904,TAG_DEPARTED_B,018feb00
190429085339,TAG_ARRIVED_A,01da8200
190429085339,SOLO_SUCCESS,01da8200
190429085346,TAG_DEPARTED_A,01da8200
190429090659,TAG_ARRIVED_A,1181900
190429090700,SOLO_SUCCESS,1181900
190429090703,TAG_DEPARTED_A,1181900
190429090712,TAG_ARRIVED_A,1181900
190429090712,SOLO_SUCCESS,1181900
190429090719,TAG_DEPARTED_A,1181900
190429090937,TAG_ARRIVED_A,017e1f00
190429090938,SOLO_SUCCESS,017e1f00
190429090939,TAG_DEPARTED_A,017e1f00
190429091014,TAG_ARRIVED_A,017e1f00
190429091015,SOLO_SUCCESS,017e1f00
190429091016,TAG_DEPARTED_A,017e1f00
190429091020,TAG_ARRIVED_A,017e1f00
190429091021,SOLO_SUCCESS,017e1f00
190429091022,TAG_DEPARTED_A,017e1f00
190429091024,TAG_ARRIVED_A,017e1f00
190429091025,SOLO_SUCCESS,017e1f00
190429091027,TAG_DEPARTED_A,017e1f00
