190528061348,START_EXPERIMENT,
190528062641,TAG_ARRIVED_A,01471d00
190528062642,TAG_MISSING_A,01471d00
190528062642,SOLO_SUCCESS,01471d00
190528062645,TAG_DEPARTED_A,01471d00
190528062741,TAG_ARRIVED_A,01471d00
190528062742,TAG_MISSING_A,01471d00
190528062743,SOLO_SUCCESS,01471d00
190528062745,TAG_DEPARTED_A,01471d00
190528062746,TAG_ARRIVED_A,01471d00
190528062747,TAG_MISSING_A,01471d00
190528062747,SOLO_SUCCESS,01471d00
190528062748,TAG_DEPARTED_A,01471d00
190528062807,TAG_ARRIVED_A,01471d00
190528062808,TAG_MISSING_A,01471d00
190528062808,SOLO_SUCCESS,01471d00
190528062811,TAG_DEPARTED_A,01471d00
190528062812,TAG_ARRIVED_A,01471d00
190528062813,TAG_MISSING_A,01471d00
190528062813,SOLO_SUCCESS,01471d00
190528062814,TAG_DEPARTED_A,01471d00
190528062820,TAG_ARRIVED_A,01471d00
190528062821,TAG_MISSING_A,01471d00
190528062822,SOLO_SUCCESS,01471d00
190528062823,TAG_DEPARTED_A,01471d00
190528062823,TAG_ARRIVED_A,01471d00
190528062825,TAG_MISSING_A,01471d00
190528062825,SOLO_SUCCESS,01471d00
190528062826,TAG_DEPARTED_A,01471d00
190528062949,TAG_ARRIVED_A,01df6400
190528062950,SOLO_SUCCESS,01df6400
190528062956,TAG_DEPARTED_A,01df6400
190528062957,TAG_ARRIVED_A,01df6400
190528062958,SOLO_SUCCESS,01df6400
190528063002,TAG_DEPARTED_A,01df6400
190528063003,TAG_ARRIVED_A,01df6400
190528063004,SOLO_SUCCESS,01df6400
190528063005,TAG_DEPARTED_A,01df6400
190528063006,TAG_ARRIVED_A,01df6400
190528063006,SOLO_SUCCESS,01df6400
190528063010,TAG_DEPARTED_A,01df6400
190528063017,TAG_ARRIVED_A,01df6400
190528063018,SOLO_SUCCESS,01df6400
190528063019,TAG_DEPARTED_A,01df6400
190528063032,TAG_ARRIVED_B,01c00300
190528063033,SOLO_SUCCESS,01c00300
190528063034,TAG_DEPARTED_B,01c00300
190528063036,TAG_ARRIVED_B,01c00300
190528063037,SOLO_SUCCESS,01c00300
190528063038,TAG_DEPARTED_B,01c00300
190528063131,TAG_ARRIVED_B,01c00300
190528063131,SOLO_SUCCESS,01c00300
190528063134,TAG_DEPARTED_B,01c00300
190528063150,TAG_ARRIVED_B,01c00300
190528063151,SOLO_SUCCESS,01c00300
190528063154,TAG_DEPARTED_B,01c00300
190528063205,TAG_ARRIVED_B,01c00300
190528063206,SOLO_SUCCESS,01c00300
190528063207,TAG_DEPARTED_B,01c00300
190528063227,TAG_ARRIVED_A,01c00300
190528063228,SOLO_SUCCESS,01c00300
190528063230,TAG_DEPARTED_A,01c00300
190528063313,TAG_ARRIVED_A,01c00300
190528063314,SOLO_SUCCESS,01c00300
190528063317,TAG_DEPARTED_A,01c00300
190528063348,TAG_ARRIVED_A,01753200
190528063349,SOLO_SUCCESS,01753200
190528063354,TAG_DEPARTED_A,01753200
190528063521,TAG_ARRIVED_B,01753200
190528063522,SOLO_SUCCESS,01753200
190528063529,TAG_DEPARTED_B,01753200
190528063530,TAG_ARRIVED_B,01753200
190528063531,SOLO_SUCCESS,01753200
190528063533,TAG_DEPARTED_B,01753200
190528063549,TAG_ARRIVED_B,01753200
190528063549,SOLO_SUCCESS,01753200
190528063552,TAG_DEPARTED_B,01753200
190528063557,TAG_ARRIVED_B,01753200
190528063558,SOLO_SUCCESS,01753200
190528063600,TAG_DEPARTED_B,01753200
190528063600,TAG_ARRIVED_B,01753200
190528063601,SOLO_SUCCESS,01753200
190528063604,TAG_DEPARTED_B,01753200
190528065318,TAG_ARRIVED_B,01471d00
190528065319,TAG_MISSING_B,01471d00
190528065320,SOLO_SUCCESS,01471d00
190528065321,TAG_DEPARTED_B,01471d00
190528065351,TAG_ARRIVED_A,01c4ca00
190528065353,TAG_MISSING_A,01c4ca00
190528065353,SOLO_SUCCESS,01c4ca00
190528065358,TAG_DEPARTED_A,01c4ca00
190528065441,TAG_ARRIVED_A,01c4ca00
190528065442,TAG_MISSING_A,01c4ca00
190528065442,SOLO_SUCCESS,01c4ca00
190528065444,TAG_DEPARTED_A,01c4ca00
190528065940,TAG_ARRIVED_A,013d7200
190528065940,SOLO_SUCCESS,013d7200
190528065942,TAG_DEPARTED_A,013d7200
190528065944,TAG_ARRIVED_B,013d7200
190528065944,SOLO_SUCCESS,013d7200
190528065951,TAG_DEPARTED_B,013d7200
190528065951,TAG_ARRIVED_B,013d7200
190528065952,SOLO_SUCCESS,013d7200
190528065954,TAG_DEPARTED_B,013d7200
190528065954,TAG_ARRIVED_B,013d7200
190528065955,SOLO_SUCCESS,013d7200
190528070005,TAG_DEPARTED_B,013d7200
190528070005,TAG_ARRIVED_B,013d7200
190528070006,SOLO_SUCCESS,013d7200
190528070007,TAG_DEPARTED_B,013d7200
190528070011,TAG_ARRIVED_B,013d7200
190528070011,SOLO_SUCCESS,013d7200
190528070014,TAG_DEPARTED_B,013d7200
190528070014,TAG_ARRIVED_B,013d7200
190528070014,SOLO_SUCCESS,013d7200
190528070019,TAG_DEPARTED_B,013d7200
190528070028,TAG_ARRIVED_A,013d7200
190528070028,SOLO_SUCCESS,013d7200
190528070030,TAG_DEPARTED_A,013d7200
190528072338,TAG_ARRIVED_B,01471d00
190528072340,TAG_MISSING_B,01471d00
190528072340,SOLO_SUCCESS,01471d00
190528072341,TAG_DEPARTED_B,01471d00
190528073454,TAG_ARRIVED_B,01d40600
190528073455,SOLO_SUCCESS,01d40600
190528073456,TAG_DEPARTED_B,01d40600
190528073545,TAG_ARRIVED_B,01d40600
190528073546,SOLO_SUCCESS,01d40600
190528073550,TAG_DEPARTED_B,01d40600
190528073939,TAG_ARRIVED_A,01fdbd00
190528073940,SOLO_SUCCESS,01fdbd00
190528073942,TAG_DEPARTED_A,01fdbd00
190528073943,TAG_ARRIVED_A,01fdbd00
190528073944,SOLO_SUCCESS,01fdbd00
190528073948,TAG_DEPARTED_A,01fdbd00
190528073949,TAG_ARRIVED_A,01fdbd00
190528073950,SOLO_SUCCESS,01fdbd00
190528073956,TAG_DEPARTED_A,01fdbd00
190528074028,TAG_ARRIVED_B,01fdbd00
190528074029,SOLO_SUCCESS,01fdbd00
190528074030,TAG_DEPARTED_B,01fdbd00
190528074045,TAG_ARRIVED_B,01fdbd00
190528074047,SOLO_SUCCESS,01fdbd00
190528074050,TAG_DEPARTED_B,01fdbd00
190528074157,TAG_ARRIVED_B,01fdbd00
190528074159,SOLO_SUCCESS,01fdbd00
190528074204,TAG_DEPARTED_B,01fdbd00
190528074212,TAG_ARRIVED_A,01fdbd00
190528074214,SOLO_SUCCESS,01fdbd00
190528074215,TAG_DEPARTED_A,01fdbd00
190528074218,TAG_ARRIVED_A,01fdbd00
190528074219,SOLO_SUCCESS,01fdbd00
190528074220,TAG_DEPARTED_A,01fdbd00
190528074230,TAG_ARRIVED_A,01fdbd00
190528074231,SOLO_SUCCESS,01fdbd00
190528074237,TAG_DEPARTED_A,01fdbd00
190528074241,TAG_ARRIVED_A,01fdbd00
190528074242,SOLO_SUCCESS,01fdbd00
190528074243,TAG_DEPARTED_A,01fdbd00
190528074253,TAG_ARRIVED_A,01fdbd00
190528074254,SOLO_SUCCESS,01fdbd00
190528074255,TAG_DEPARTED_A,01fdbd00
190528074257,TAG_ARRIVED_A,01fdbd00
190528074258,SOLO_SUCCESS,01fdbd00
190528074314,TAG_DEPARTED_A,01fdbd00
190528074318,TAG_ARRIVED_A,01fdbd00
190528074319,SOLO_SUCCESS,01fdbd00
190528074320,TAG_DEPARTED_A,01fdbd00
190528074325,TAG_ARRIVED_A,01fdbd00
190528074326,SOLO_SUCCESS,01fdbd00
190528074327,TAG_DEPARTED_A,01fdbd00
190528074331,TAG_ARRIVED_A,01fdbd00
190528074332,SOLO_SUCCESS,01fdbd00
190528074333,TAG_DEPARTED_A,01fdbd00
190528074336,TAG_ARRIVED_A,01fdbd00
190528074337,SOLO_SUCCESS,01fdbd00
190528074346,TAG_DEPARTED_A,01fdbd00
190528075020,TAG_ARRIVED_A,0103f300
190528075021,TAG_MISSING_A,0103f300
190528075021,SOLO_SUCCESS,0103f300
190528075022,TAG_DEPARTED_A,0103f300
190528075030,TAG_ARRIVED_A,0103f300
190528075031,TAG_MISSING_A,0103f300
190528075031,SOLO_SUCCESS,0103f300
190528075110,TAG_DEPARTED_A,0103f300
190528075114,TAG_ARRIVED_B,0103f300
190528075115,TAG_MISSING_B,0103f300
190528075115,SOLO_SUCCESS,0103f300
190528075116,TAG_DEPARTED_B,0103f300
190528075210,TAG_ARRIVED_B,0103f300
190528075212,TAG_MISSING_B,0103f300
190528075212,SOLO_SUCCESS,0103f300
190528075213,TAG_DEPARTED_B,0103f300
190528075327,TAG_ARRIVED_B,01d18f00
190528075328,TAG_MISSING_B,01d18f00
190528075328,SOLO_SUCCESS,01d18f00
190528075329,TAG_DEPARTED_B,01d18f00
190528075342,TAG_ARRIVED_A,0103f300
190528075343,TAG_MISSING_A,0103f300
190528075343,SOLO_SUCCESS,0103f300
190528075345,TAG_DEPARTED_A,0103f300
190528075346,TAG_ARRIVED_A,0103f300
190528075347,TAG_MISSING_A,0103f300
190528075347,SOLO_SUCCESS,0103f300
190528075350,TAG_DEPARTED_A,0103f300
190528075649,TAG_ARRIVED_A,0103f300
190528075651,TAG_MISSING_A,0103f300
190528075651,SOLO_SUCCESS,0103f300
190528075656,TAG_DEPARTED_A,0103f300
190528075657,TAG_ARRIVED_A,0103f300
190528075658,TAG_MISSING_A,0103f300
190528075658,SOLO_SUCCESS,0103f300
190528075659,TAG_DEPARTED_A,0103f300
190528075659,TAG_ARRIVED_A,0103f300
190528075701,TAG_MISSING_A,0103f300
190528075701,SOLO_SUCCESS,0103f300
190528075701,TAG_DEPARTED_A,0103f300
190528075706,TAG_ARRIVED_A,0103f300
190528075707,TAG_MISSING_A,0103f300
190528075708,SOLO_SUCCESS,0103f300
190528075711,TAG_DEPARTED_A,0103f300
190528075720,TAG_ARRIVED_A,0103f300
190528075721,TAG_MISSING_A,0103f300
190528075721,SOLO_SUCCESS,0103f300
190528075723,TAG_DEPARTED_A,0103f300
190528075723,TAG_ARRIVED_A,0103f300
190528075724,TAG_MISSING_A,0103f300
190528075724,SOLO_SUCCESS,0103f300
190528075726,TAG_DEPARTED_A,0103f300
190528075735,TAG_ARRIVED_A,0103f300
190528075736,TAG_MISSING_A,0103f300
190528075736,SOLO_SUCCESS,0103f300
190528075741,TAG_DEPARTED_A,0103f300
190528080110,TAG_ARRIVED_B,01e01400
190528080111,SOLO_SUCCESS,01e01400
190528080134,TAG_DEPARTED_B,01e01400
190528080449,TAG_ARRIVED_A,0102ae00
190528080450,TAG_MISSING_A,0102ae00
190528080450,SOLO_SUCCESS,0102ae00
190528080456,TAG_DEPARTED_A,0102ae00
190528084947,TAG_ARRIVED_A,0103f300
190528084948,TAG_MISSING_A,0103f300
190528084948,SOLO_SUCCESS,0103f300
190528085015,TAG_DEPARTED_A,0103f300
190528085041,TAG_ARRIVED_B,0103f300
190528085042,TAG_MISSING_B,0103f300
190528085042,SOLO_SUCCESS,0103f300
190528085051,TAG_DEPARTED_B,0103f300
190528085137,TAG_ARRIVED_B,0103f300
190528085139,TAG_MISSING_B,0103f300
190528085139,SOLO_SUCCESS,0103f300
190528085143,TAG_DEPARTED_B,0103f300
190528085311,TAG_ARRIVED_B,0103f300
190528085312,TAG_MISSING_B,0103f300
190528085312,SOLO_SUCCESS,0103f300
190528085313,TAG_DEPARTED_B,0103f300
190528090229,TAG_ARRIVED_B,01471d00
190528090230,TAG_MISSING_B,01471d00
190528090230,SOLO_SUCCESS,01471d00
190528090231,TAG_DEPARTED_B,01471d00
190528090259,TAG_ARRIVED_A,01471d00
190528090300,TAG_MISSING_A,01471d00
190528090301,SOLO_SUCCESS,01471d00
190528090301,TAG_DEPARTED_A,01471d00
190528090604,TAG_ARRIVED_A,01fe7600
190528090604,SOLO_SUCCESS,01fe7600
190528090607,TAG_DEPARTED_A,01fe7600
190528090754,TAG_ARRIVED_A,01fe7600
190528090754,SOLO_SUCCESS,01fe7600
190528090757,TAG_DEPARTED_A,01fe7600
190528091749,TAG_ARRIVED_B,01e01400
190528091750,SOLO_SUCCESS,01e01400
190528091806,TAG_DEPARTED_B,01e01400
190528091916,TAG_ARRIVED_A,01df6400
190528091917,SOLO_SUCCESS,01df6400
190528091923,TAG_DEPARTED_A,01df6400
190528091927,TAG_ARRIVED_A,01df6400
190528091928,SOLO_SUCCESS,01df6400
190528091930,TAG_DEPARTED_A,01df6400
190528091937,TAG_ARRIVED_A,01df6400
190528091938,SOLO_SUCCESS,01df6400
190528091946,TAG_DEPARTED_A,01df6400
190528091947,TAG_ARRIVED_A,01df6400
190528091948,SOLO_SUCCESS,01df6400
190528091950,TAG_DEPARTED_A,01df6400
190528091950,TAG_ARRIVED_A,01df6400
190528091951,SOLO_SUCCESS,01df6400
190528091959,TAG_DEPARTED_A,01df6400
190528092044,TAG_ARRIVED_B,017e1f00
190528092045,SOLO_SUCCESS,017e1f00
190528092046,TAG_DEPARTED_B,017e1f00
190528101418,TAG_ARRIVED_A,01e01400
190528101419,SOLO_SUCCESS,01e01400
190528101439,TAG_DEPARTED_A,01e01400
190528101743,TAG_ARRIVED_B,01471d00
190528101744,TAG_MISSING_B,01471d00
190528101745,SOLO_SUCCESS,01471d00
190528101747,TAG_DEPARTED_B,01471d00
190528101851,TAG_ARRIVED_B,01471d00
190528101853,TAG_MISSING_B,01471d00
190528101853,SOLO_SUCCESS,01471d00
190528101904,TAG_DEPARTED_B,01471d00
190528101928,TAG_ARRIVED_B,01471d00
190528101929,TAG_MISSING_B,01471d00
190528101929,SOLO_SUCCESS,01471d00
190528101937,TAG_DEPARTED_B,01471d00
190528101938,TAG_ARRIVED_B,01471d00
190528101939,TAG_MISSING_B,01471d00
190528101939,SOLO_SUCCESS,01471d00
190528101940,TAG_DEPARTED_B,01471d00
190528101951,TAG_ARRIVED_A,01fdbd00
190528101952,SOLO_SUCCESS,01fdbd00
190528101954,TAG_DEPARTED_A,01fdbd00
190528101957,TAG_ARRIVED_A,01fdbd00
190528101958,SOLO_SUCCESS,01fdbd00
190528101959,TAG_DEPARTED_A,01fdbd00
190528102002,TAG_ARRIVED_A,01fdbd00
190528102003,SOLO_SUCCESS,01fdbd00
190528102004,TAG_DEPARTED_A,01fdbd00
190528102005,TAG_ARRIVED_A,01fdbd00
190528102006,SOLO_SUCCESS,01fdbd00
190528102007,TAG_DEPARTED_A,01fdbd00
190528102010,TAG_ARRIVED_A,01fdbd00
190528102011,SOLO_SUCCESS,01fdbd00
190528102012,TAG_DEPARTED_A,01fdbd00
190528102018,TAG_ARRIVED_A,01fdbd00
190528102019,SOLO_SUCCESS,01fdbd00
190528102025,TAG_DEPARTED_A,01fdbd00
190528102307,TAG_ARRIVED_A,01df6400
190528102308,SOLO_SUCCESS,01df6400
190528102309,TAG_DEPARTED_A,01df6400
190528102310,TAG_ARRIVED_A,01df6400
190528102311,SOLO_SUCCESS,01df6400
190528102312,TAG_DEPARTED_A,01df6400
190528102317,TAG_ARRIVED_A,01df6400
190528102318,SOLO_SUCCESS,01df6400
190528102321,TAG_DEPARTED_A,01df6400
190528102430,TAG_ARRIVED_A,01df6400
190528102431,SOLO_SUCCESS,01df6400
190528102432,TAG_DEPARTED_A,01df6400
190528102433,TAG_ARRIVED_A,01df6400
190528102433,SOLO_SUCCESS,01df6400
190528102435,TAG_DEPARTED_A,01df6400
190528102436,TAG_ARRIVED_A,01df6400
190528102436,SOLO_SUCCESS,01df6400
190528102439,TAG_DEPARTED_A,01df6400
190528102443,TAG_ARRIVED_A,01df6400
190528102444,SOLO_SUCCESS,01df6400
190528102447,TAG_DEPARTED_A,01df6400
190528102447,TAG_ARRIVED_A,01df6400
190528102448,SOLO_SUCCESS,01df6400
190528102452,TAG_DEPARTED_A,01df6400
190528102718,TAG_ARRIVED_A,01df6400
190528102719,SOLO_SUCCESS,01df6400
190528102720,TAG_DEPARTED_A,01df6400
190528102721,TAG_ARRIVED_A,01df6400
190528102722,SOLO_SUCCESS,01df6400
190528102723,TAG_DEPARTED_A,01df6400
190528103012,TAG_ARRIVED_B,018feb00
190528103013,SOLO_SUCCESS,018feb00
190528103014,TAG_DEPARTED_B,018feb00
190528103404,TAG_ARRIVED_A,0102ae00
190528103405,TAG_MISSING_A,0102ae00
190528103405,SOLO_SUCCESS,0102ae00
190528103407,TAG_DEPARTED_A,0102ae00
190528103408,TAG_ARRIVED_A,0102ae00
190528103410,TAG_MISSING_A,0102ae00
190528103410,SOLO_SUCCESS,0102ae00
190528103410,TAG_DEPARTED_A,0102ae00
190528103828,TAG_ARRIVED_A,018e8200
190528103829,SOLO_SUCCESS,018e8200
190528103830,TAG_DEPARTED_A,018e8200
