190523054346,START_EXPERIMENT,
190523054838,TAG_ARRIVED_A,01e01400
190523054838,SOLO_SUCCESS,01e01400
190523054849,TAG_DEPARTED_A,01e01400
190523060526,TAG_ARRIVED_A,017e1f00
190523060527,SOLO_SUCCESS,017e1f00
190523060528,TAG_DEPARTED_A,017e1f00
190523060529,TAG_ARRIVED_A,017e1f00
190523060530,SOLO_SUCCESS,017e1f00
190523060531,TAG_DEPARTED_A,017e1f00
190523060533,TAG_ARRIVED_A,017e1f00
190523060534,SOLO_SUCCESS,017e1f00
190523060535,TAG_DEPARTED_A,017e1f00
190523060550,TAG_ARRIVED_A,017e1f00
190523060551,SOLO_SUCCESS,017e1f00
190523060552,TAG_DEPARTED_A,017e1f00
190523060600,TAG_ARRIVED_A,017e1f00
190523060601,SOLO_SUCCESS,017e1f00
190523060603,TAG_DEPARTED_A,017e1f00
190523060615,TAG_ARRIVED_A,017e1f00
190523060615,SOLO_SUCCESS,017e1f00
190523060618,TAG_DEPARTED_A,017e1f00
190523060839,TAG_ARRIVED_A,017e1f00
190523060840,SOLO_SUCCESS,017e1f00
190523060843,TAG_DEPARTED_A,017e1f00
190523060907,TAG_ARRIVED_B,017e1f00
190523060908,SOLO_SUCCESS,017e1f00
190523060910,TAG_DEPARTED_B,017e1f00
190523064014,TAG_ARRIVED_A,013d7200
190523064015,SOLO_SUCCESS,013d7200
190523064019,TAG_DEPARTED_A,013d7200
190523064024,TAG_ARRIVED_A,013d7200
190523064025,SOLO_SUCCESS,013d7200
190523064032,TAG_DEPARTED_A,013d7200
190523065119,TAG_ARRIVED_A,01e01400
190523065120,SOLO_SUCCESS,01e01400
190523065121,TAG_DEPARTED_A,01e01400
190523065211,TAG_ARRIVED_A,01e01400
190523065212,SOLO_SUCCESS,01e01400
190523065220,TAG_DEPARTED_A,01e01400
190523065221,TAG_ARRIVED_A,01e01400
190523065222,SOLO_SUCCESS,01e01400
190523065234,TAG_DEPARTED_A,01e01400
190523065234,TAG_ARRIVED_A,01fe7600
190523065235,SOLO_SUCCESS,01fe7600
190523065236,TAG_DEPARTED_A,01fe7600
190523065910,TAG_ARRIVED_A,01d40600
190523065911,SOLO_SUCCESS,01d40600
190523065912,TAG_DEPARTED_A,01d40600
190523065915,TAG_ARRIVED_B,01d40600
190523065915,SOLO_SUCCESS,01d40600
190523065933,TAG_DEPARTED_B,01d40600
190523072355,TAG_ARRIVED_B,017e1f00
190523072356,SOLO_SUCCESS,017e1f00
190523072357,TAG_DEPARTED_B,017e1f00
190523072450,TAG_ARRIVED_B,017e1f00
190523072451,SOLO_SUCCESS,017e1f00
190523072454,TAG_DEPARTED_B,017e1f00
190523072505,TAG_ARRIVED_B,017e1f00
190523072506,SOLO_SUCCESS,017e1f00
190523072512,TAG_DEPARTED_B,017e1f00
190523072526,TAG_ARRIVED_B,017e1f00
190523072527,SOLO_SUCCESS,017e1f00
190523072531,TAG_DEPARTED_B,017e1f00
190523072537,TAG_ARRIVED_B,017e1f00
190523072538,SOLO_SUCCESS,017e1f00
190523072544,TAG_DEPARTED_B,017e1f00
190523072607,TAG_ARRIVED_B,017e1f00
190523072608,SOLO_SUCCESS,017e1f00
190523072609,TAG_DEPARTED_B,017e1f00
190523072617,TAG_ARRIVED_B,017e1f00
190523072618,SOLO_SUCCESS,017e1f00
190523072628,TAG_DEPARTED_B,017e1f00
190523072637,TAG_ARRIVED_B,017e1f00
190523072638,SOLO_SUCCESS,017e1f00
190523072644,TAG_DEPARTED_B,017e1f00
190523072703,TAG_ARRIVED_B,017e1f00
190523072704,SOLO_SUCCESS,017e1f00
190523072708,TAG_DEPARTED_B,017e1f00
190523074056,TAG_ARRIVED_A,013d7200
190523074056,SOLO_SUCCESS,013d7200
190523074058,TAG_DEPARTED_A,013d7200
190523074103,TAG_ARRIVED_A,013d7200
190523074103,SOLO_SUCCESS,013d7200
190523074105,TAG_DEPARTED_A,013d7200
190523074109,TAG_ARRIVED_A,013d7200
190523074109,SOLO_SUCCESS,013d7200
190523074113,TAG_DEPARTED_A,013d7200
190523080212,TAG_ARRIVED_A,013d7200
190523080213,SOLO_SUCCESS,013d7200
190523080214,TAG_DEPARTED_A,013d7200
190523080216,TAG_ARRIVED_A,013d7200
190523080217,SOLO_SUCCESS,013d7200
190523080221,TAG_DEPARTED_A,013d7200
190523080227,TAG_ARRIVED_A,013d7200
190523080227,SOLO_SUCCESS,013d7200
190523080234,TAG_DEPARTED_A,013d7200
190523080236,TAG_ARRIVED_A,013d7200
190523080236,SOLO_SUCCESS,013d7200
190523080238,TAG_DEPARTED_A,013d7200
190523080325,TAG_ARRIVED_B,01d40600
190523080325,SOLO_SUCCESS,01d40600
190523080329,TAG_DEPARTED_B,01d40600
