190503061325,START_EXPERIMENT,
190503064953,TAG_ARRIVED_B,018feb00
190503064954,SOLO_SUCCESS,018feb00
190503064955,TAG_DEPARTED_B,018feb00
190503065007,TAG_ARRIVED_B,018feb00
190503065008,SOLO_SUCCESS,018feb00
190503065010,TAG_DEPARTED_B,018feb00
190503065200,TAG_ARRIVED_B,018feb00
190503065201,SOLO_SUCCESS,018feb00
190503065203,TAG_DEPARTED_B,018feb00
190503065204,TAG_ARRIVED_B,018feb00
190503065204,SOLO_SUCCESS,018feb00
190503065217,TAG_DEPARTED_B,018feb00
190503071512,TAG_ARRIVED_A,01da8200
190503071512,SOLO_SUCCESS,01da8200
190503071515,TAG_DEPARTED_A,01da8200
190503071526,TAG_ARRIVED_A,01da8200
190503071527,SOLO_SUCCESS,01da8200
190503071528,TAG_DEPARTED_A,01da8200
190503071710,TAG_ARRIVED_B,01da8200
190503071710,SOLO_SUCCESS,01da8200
190503071714,TAG_DEPARTED_B,01da8200
190503071716,TAG_ARRIVED_A,01da8200
190503071716,SOLO_SUCCESS,01da8200
190503071718,TAG_DEPARTED_A,01da8200
190503071719,TAG_ARRIVED_A,01da8200
190503071719,SOLO_SUCCESS,01da8200
190503071721,TAG_DEPARTED_A,01da8200
190503072202,TAG_ARRIVED_B,01d40600
190503072203,SOLO_SUCCESS,01d40600
190503072207,TAG_DEPARTED_B,01d40600
190503080240,TAG_ARRIVED_B,018feb00
190503080241,SOLO_SUCCESS,018feb00
190503080242,TAG_DEPARTED_B,018feb00
190503092134,TAG_ARRIVED_B,01181900
190503092135,SOLO_SUCCESS,01181900
190503092136,TAG_DEPARTED_B,01181900
190503092136,TAG_ARRIVED_B,01181900
190503092137,SOLO_SUCCESS,01181900
190503092138,TAG_DEPARTED_B,01181900
190503092145,TAG_ARRIVED_B,01181900
190503092145,SOLO_SUCCESS,01181900
190503092147,TAG_DEPARTED_B,01181900
190503092147,TAG_ARRIVED_B,01181900
190503092148,SOLO_SUCCESS,01181900
190503092149,TAG_DEPARTED_B,01181900
190503092150,TAG_ARRIVED_B,01181900
190503092151,SOLO_SUCCESS,01181900
190503092152,TAG_DEPARTED_B,01181900
190503092157,TAG_ARRIVED_B,01181900
190503092157,SOLO_SUCCESS,01181900
190503092202,TAG_DEPARTED_B,01181900
190503092219,TAG_ARRIVED_B,01181900
190503092219,SOLO_SUCCESS,01181900
190503092221,TAG_DEPARTED_B,01181900
190503092353,TAG_ARRIVED_A,018feb00
190503092353,SOLO_SUCCESS,018feb00
190503092355,TAG_DEPARTED_A,018feb00
190503092404,TAG_ARRIVED_B,018feb00
190503092405,SOLO_SUCCESS,018feb00
190503092407,TAG_DEPARTED_B,018feb00
190503092449,TAG_ARRIVED_B,01e01400
190503092450,SOLO_SUCCESS,01e01400
190503092451,TAG_DEPARTED_B,01e01400
190503092509,TAG_ARRIVED_A,018feb00
190503092509,SOLO_SUCCESS,018feb00
190503092511,TAG_DEPARTED_A,018feb00
190503092511,TAG_ARRIVED_A,018feb00
190503092512,SOLO_SUCCESS,018feb00
190503092513,TAG_DEPARTED_A,018feb00
190503092531,TAG_ARRIVED_B,018feb00
190503092532,SOLO_SUCCESS,018feb00
190503092533,TAG_DEPARTED_B,018feb00
190503092801,TAG_ARRIVED_B,018feb00
190503092801,SOLO_SUCCESS,018feb00
190503092803,TAG_DEPARTED_B,018feb00
190503102048,TAG_ARRIVED_A,018feb00
190503102049,SOLO_SUCCESS,018feb00
190503102054,TAG_DEPARTED_A,018feb00
190503102124,TAG_ARRIVED_A,018feb00
190503102125,SOLO_SUCCESS,018feb00
190503102126,TAG_DEPARTED_A,018feb00
190503104216,TAG_ARRIVED_A,017e1f00
190503104217,SOLO_SUCCESS,017e1f00
190503104221,TAG_DEPARTED_A,017e1f00
