190509060603,START_EXPERIMENT,
190509063133,TAG_ARRIVED_A,018feb00
190509063133,SOLO_SUCCESS,018feb00
190509063135,TAG_DEPARTED_A,018feb00
190509064440,TAG_ARRIVED_B,01181900
190509064440,SOLO_SUCCESS,01181900
190509064442,TAG_DEPARTED_B,01181900
190509064443,TAG_ARRIVED_B,01181900
190509064444,SOLO_SUCCESS,01181900
190509064445,TAG_DEPARTED_B,01181900
190509064448,TAG_ARRIVED_B,01181900
190509064448,SOLO_SUCCESS,01181900
190509064450,TAG_DEPARTED_B,01181900
190509064450,TAG_ARRIVED_B,01181900
190509064451,SOLO_SUCCESS,01181900
190509064452,TAG_DEPARTED_B,01181900
190509064456,TAG_ARRIVED_B,01181900
190509064456,SOLO_SUCCESS,01181900
190509064459,TAG_DEPARTED_B,01181900
190509064501,TAG_ARRIVED_B,01181900
190509064501,SOLO_SUCCESS,01181900
190509064503,TAG_DEPARTED_B,01181900
190509064508,TAG_ARRIVED_B,01181900
190509064508,SOLO_SUCCESS,01181900
190509064510,TAG_DEPARTED_B,01181900
190509064514,TAG_ARRIVED_B,01181900
190509064514,SOLO_SUCCESS,01181900
190509064515,TAG_DEPARTED_B,01181900
190509064518,TAG_ARRIVED_B,01181900
190509064518,SOLO_SUCCESS,01181900
190509064520,TAG_DEPARTED_B,01181900
190509064524,TAG_ARRIVED_B,01181900
190509064525,SOLO_SUCCESS,01181900
190509064528,TAG_DEPARTED_B,01181900
190509064539,TAG_ARRIVED_B,01181900
190509064540,SOLO_SUCCESS,01181900
190509064548,TAG_DEPARTED_B,01181900
190509064554,TAG_ARRIVED_B,01181900
190509064554,SOLO_SUCCESS,01181900
190509064602,TAG_DEPARTED_B,01181900
190509064603,TAG_ARRIVED_B,01181900
190509064603,SOLO_SUCCESS,01181900
190509064609,TAG_DEPARTED_B,01181900
190509064611,TAG_ARRIVED_B,01181900
190509064611,SOLO_SUCCESS,01181900
190509064619,TAG_DEPARTED_B,01181900
190509064637,TAG_ARRIVED_A,017e1f00
190509064638,SOLO_SUCCESS,017e1f00
190509064639,TAG_DEPARTED_A,017e1f00
190509064710,TAG_ARRIVED_A,017e1f00
190509064711,SOLO_SUCCESS,017e1f00
190509064712,TAG_DEPARTED_A,017e1f00
190509064723,TAG_ARRIVED_A,017e1f00
190509064724,SOLO_SUCCESS,017e1f00
190509064726,TAG_DEPARTED_A,017e1f00
190509065235,TAG_ARRIVED_A,017e1f00
190509065236,SOLO_SUCCESS,017e1f00
190509065237,TAG_DEPARTED_A,017e1f00
190509065818,TAG_ARRIVED_B,017e1f00
190509065819,SOLO_SUCCESS,017e1f00
190509065820,TAG_DEPARTED_B,017e1f00
190509065823,TAG_ARRIVED_B,017e1f00
190509065824,SOLO_SUCCESS,017e1f00
190509065827,TAG_DEPARTED_B,017e1f00
190509065829,TAG_ARRIVED_B,017e1f00
190509065830,SOLO_SUCCESS,017e1f00
190509065834,TAG_DEPARTED_B,017e1f00
190509065838,TAG_ARRIVED_A,017e1f00
190509065839,SOLO_SUCCESS,017e1f00
190509065840,TAG_DEPARTED_A,017e1f00
190509071453,TAG_ARRIVED_B,018feb00
190509071453,SOLO_SUCCESS,018feb00
190509071455,TAG_DEPARTED_B,018feb00
190509071738,TAG_ARRIVED_B,018feb00
190509071739,SOLO_SUCCESS,018feb00
190509071740,TAG_DEPARTED_B,018feb00
190509071744,TAG_ARRIVED_B,018feb00
190509071745,SOLO_SUCCESS,018feb00
190509071746,TAG_DEPARTED_B,018feb00
190509071954,TAG_ARRIVED_A,01d40600
190509071955,SOLO_SUCCESS,01d40600
190509072000,TAG_DEPARTED_A,01d40600
190509072340,TAG_ARRIVED_B,017e1f00
190509072341,SOLO_SUCCESS,017e1f00
190509072342,TAG_DEPARTED_B,017e1f00
190509072342,TAG_ARRIVED_B,017e1f00
190509072343,SOLO_SUCCESS,017e1f00
190509072344,TAG_DEPARTED_B,017e1f00
190509072411,TAG_ARRIVED_A,017e1f00
190509072413,SOLO_SUCCESS,017e1f00
190509072413,TAG_DEPARTED_A,017e1f00
190509072425,TAG_ARRIVED_A,017e1f00
190509072426,SOLO_SUCCESS,017e1f00
190509072438,TAG_DEPARTED_A,017e1f00
190509072439,TAG_ARRIVED_A,017e1f00
190509072440,SOLO_SUCCESS,017e1f00
190509072443,TAG_DEPARTED_A,017e1f00
190509072444,TAG_ARRIVED_A,017e1f00
190509072445,SOLO_SUCCESS,017e1f00
190509072449,TAG_DEPARTED_A,017e1f00
190509072517,TAG_ARRIVED_B,017e1f00
190509072518,SOLO_SUCCESS,017e1f00
190509072519,TAG_DEPARTED_B,017e1f00
190509072525,TAG_ARRIVED_B,017e1f00
190509072526,SOLO_SUCCESS,017e1f00
190509072528,TAG_DEPARTED_B,017e1f00
190509072534,TAG_ARRIVED_B,017e1f00
190509072536,SOLO_SUCCESS,017e1f00
190509072540,TAG_DEPARTED_B,017e1f00
190509073418,TAG_ARRIVED_A,07991800
190509073418,SOLO_SUCCESS,07991800
190509073420,TAG_DEPARTED_A,07991800
190509073435,TAG_ARRIVED_A,07991800
190509073435,SOLO_SUCCESS,07991800
190509073438,TAG_DEPARTED_A,07991800
190509073440,TAG_ARRIVED_A,07991800
190509073441,SOLO_SUCCESS,07991800
190509073444,TAG_DEPARTED_A,07991800
190509082738,TAG_ARRIVED_B,018feb00
190509082739,SOLO_SUCCESS,018feb00
190509082740,TAG_DEPARTED_B,018feb00
190509090947,TAG_ARRIVED_B,017e1f00
190509090948,SOLO_SUCCESS,017e1f00
190509090952,TAG_DEPARTED_B,017e1f00
190509090955,TAG_ARRIVED_B,017e1f00
190509090956,SOLO_SUCCESS,017e1f00
190509090957,TAG_DEPARTED_B,017e1f00
190509091025,TAG_ARRIVED_A,017e1f00
190509091026,SOLO_SUCCESS,017e1f00
190509091027,TAG_DEPARTED_A,017e1f00
190509091028,TAG_ARRIVED_A,017e1f00
190509091029,SOLO_SUCCESS,017e1f00
190509091037,TAG_DEPARTED_A,017e1f00
190509091038,TAG_ARRIVED_A,017e1f00
190509091039,SOLO_SUCCESS,017e1f00
190509091043,TAG_DEPARTED_A,017e1f00
190509094720,TAG_ARRIVED_B,018feb00
190509094720,SOLO_SUCCESS,018feb00
190509094722,TAG_DEPARTED_B,018feb00
190509094752,TAG_ARRIVED_A,018feb00
190509094753,SOLO_SUCCESS,018feb00
190509094754,TAG_DEPARTED_A,018feb00
190509095359,TAG_ARRIVED_A,017e1f00
190509095400,SOLO_SUCCESS,017e1f00
190509095404,TAG_DEPARTED_A,017e1f00
190509095411,TAG_ARRIVED_A,017e1f00
190509095413,SOLO_SUCCESS,017e1f00
190509095413,TAG_DEPARTED_A,017e1f00
190509095416,TAG_ARRIVED_A,017e1f00
190509095417,SOLO_SUCCESS,017e1f00
190509095430,TAG_DEPARTED_A,017e1f00
190509095433,TAG_ARRIVED_A,017e1f00
190509095435,SOLO_SUCCESS,017e1f00
190509095439,TAG_DEPARTED_A,017e1f00
190509095448,TAG_ARRIVED_A,017e1f00
190509095449,SOLO_SUCCESS,017e1f00
190509095450,TAG_DEPARTED_A,017e1f00
190509095453,TAG_ARRIVED_A,017e1f00
190509095454,SOLO_SUCCESS,017e1f00
190509095508,TAG_DEPARTED_A,017e1f00
190509095509,TAG_ARRIVED_A,017e1f00
190509095510,SOLO_SUCCESS,017e1f00
190509095526,TAG_DEPARTED_A,017e1f00
190509100731,TAG_ARRIVED_A,018feb00
190509100732,SOLO_SUCCESS,018feb00
190509100734,TAG_DEPARTED_A,018feb00
