190530062636,START_EXPERIMENT,
190530063639,TAG_ARRIVED_A,0103f300
190530063640,SOLO_SUCCESS,0103f300
190530063642,TAG_DEPARTED_A,0103f300
190530063651,TAG_ARRIVED_A,0103f300
190530063652,SOLO_SUCCESS,0103f300
190530063807,TAG_DEPARTED_A,0103f300
190530063811,TAG_ARRIVED_A,0103f300
190530063812,SOLO_SUCCESS,0103f300
190530063815,TAG_DEPARTED_A,0103f300
190530063822,TAG_ARRIVED_A,0103f300
190530063822,SOLO_SUCCESS,0103f300
190530063830,TAG_DEPARTED_A,0103f300
190530063840,TAG_ARRIVED_A,0103f300
190530063840,SOLO_SUCCESS,0103f300
190530063856,TAG_DEPARTED_A,0103f300
190530063857,TAG_ARRIVED_A,0103f300
190530063857,SOLO_SUCCESS,0103f300
190530063929,TAG_DEPARTED_A,0103f300
190530063931,TAG_ARRIVED_B,0103f300
190530063932,SOLO_SUCCESS,0103f300
190530063935,TAG_DEPARTED_B,0103f300
190530063942,TAG_ARRIVED_B,0103f300
190530063943,SOLO_SUCCESS,0103f300
190530063945,TAG_DEPARTED_B,0103f300
190530064000,TAG_ARRIVED_B,0103f300
190530064000,SOLO_SUCCESS,0103f300
190530064048,TAG_DEPARTED_B,0103f300
190530064115,TAG_ARRIVED_B,0103f300
190530064116,SOLO_SUCCESS,0103f300
190530064144,TAG_DEPARTED_B,0103f300
190530064153,TAG_ARRIVED_B,0103f300
190530064153,SOLO_SUCCESS,0103f300
190530064201,TAG_DEPARTED_B,0103f300
190530064207,TAG_ARRIVED_B,0103f300
190530064207,SOLO_SUCCESS,0103f300
190530064229,TAG_DEPARTED_B,0103f300
190530064539,TAG_ARRIVED_A,01d40600
190530064540,SOLO_SUCCESS,01d40600
190530064541,TAG_DEPARTED_A,01d40600
190530064705,TAG_ARRIVED_B,01037b00
190530064706,SOLO_SUCCESS,01037b00
190530064710,TAG_DEPARTED_B,01037b00
190530064711,TAG_ARRIVED_B,01037b00
190530064712,SOLO_SUCCESS,01037b00
190530064720,TAG_DEPARTED_B,01037b00
190530064725,TAG_ARRIVED_B,01037b00
190530064725,SOLO_SUCCESS,01037b00
190530064730,TAG_DEPARTED_B,01037b00
190530064733,TAG_ARRIVED_B,01037b00
190530064734,SOLO_SUCCESS,01037b00
190530064737,TAG_DEPARTED_B,01037b00
190530064738,TAG_ARRIVED_B,01037b00
190530064739,SOLO_SUCCESS,01037b00
190530064745,TAG_DEPARTED_B,01037b00
190530064752,TAG_ARRIVED_B,01037b00
190530064753,SOLO_SUCCESS,01037b00
190530064801,TAG_DEPARTED_B,01037b00
190530064802,TAG_ARRIVED_B,01037b00
190530064802,SOLO_SUCCESS,01037b00
190530064804,TAG_DEPARTED_B,01037b00
190530064805,TAG_ARRIVED_B,01037b00
190530064805,SOLO_SUCCESS,01037b00
190530064806,TAG_DEPARTED_B,01037b00
190530064813,TAG_ARRIVED_B,01037b00
190530064814,SOLO_SUCCESS,01037b00
190530064816,TAG_DEPARTED_B,01037b00
190530064825,TAG_ARRIVED_A,01037b00
190530064826,SOLO_SUCCESS,01037b00
190530064827,TAG_DEPARTED_A,01037b00
190530064829,TAG_ARRIVED_A,01037b00
190530064830,SOLO_SUCCESS,01037b00
190530064832,TAG_DEPARTED_A,01037b00
190530064833,TAG_ARRIVED_B,01037b00
190530064834,SOLO_SUCCESS,01037b00
190530064838,TAG_DEPARTED_B,01037b00
190530064839,TAG_ARRIVED_B,01037b00
190530064840,SOLO_SUCCESS,01037b00
190530064845,TAG_DEPARTED_B,01037b00
190530064853,TAG_ARRIVED_A,018feb00
190530064854,SOLO_SUCCESS,018feb00
190530064855,TAG_DEPARTED_A,018feb00
190530064918,TAG_ARRIVED_B,018feb00
190530064918,SOLO_SUCCESS,018feb00
190530064920,TAG_DEPARTED_B,018feb00
190530065041,TAG_ARRIVED_A,018feb00
190530065042,SOLO_SUCCESS,018feb00
190530065044,TAG_DEPARTED_A,018feb00
190530065107,TAG_ARRIVED_A,018feb00
190530065108,SOLO_SUCCESS,018feb00
190530065109,TAG_DEPARTED_A,018feb00
190530065122,TAG_ARRIVED_A,018feb00
190530065123,SOLO_SUCCESS,018feb00
190530065127,TAG_DEPARTED_A,018feb00
190530065642,TAG_ARRIVED_A,01471d00
190530065642,SOLO_SUCCESS,01471d00
190530065702,TAG_DEPARTED_A,01471d00
190530065951,TAG_ARRIVED_A,01471d00
190530065951,SOLO_SUCCESS,01471d00
190530065958,TAG_DEPARTED_A,01471d00
190530070002,TAG_ARRIVED_A,01471d00
190530070003,SOLO_SUCCESS,01471d00
190530070006,TAG_DEPARTED_A,01471d00
190530070007,TAG_ARRIVED_A,01471d00
190530070007,SOLO_SUCCESS,01471d00
190530070013,TAG_DEPARTED_A,01471d00
190530070020,TAG_ARRIVED_A,01471d00
190530070020,SOLO_SUCCESS,01471d00
190530070028,TAG_DEPARTED_A,01471d00
190530070031,TAG_ARRIVED_A,01471d00
190530070031,SOLO_SUCCESS,01471d00
190530070045,TAG_DEPARTED_A,01471d00
190530070048,TAG_ARRIVED_A,01471d00
190530070048,SOLO_SUCCESS,01471d00
190530070050,TAG_DEPARTED_A,01471d00
190530070054,TAG_ARRIVED_A,01471d00
190530070054,SOLO_SUCCESS,01471d00
190530070100,TAG_DEPARTED_A,01471d00
190530074207,TAG_ARRIVED_A,0103f300
190530074208,SOLO_SUCCESS,0103f300
190530074209,TAG_DEPARTED_A,0103f300
190530074210,TAG_ARRIVED_A,0103f300
190530074211,SOLO_SUCCESS,0103f300
190530074213,TAG_DEPARTED_A,0103f300
190530074231,TAG_ARRIVED_A,01037b00
190530074232,SOLO_SUCCESS,01037b00
190530074233,TAG_DEPARTED_A,01037b00
190530074246,TAG_ARRIVED_A,01037b00
190530074247,SOLO_SUCCESS,01037b00
190530074248,TAG_DEPARTED_A,01037b00
190530074249,TAG_ARRIVED_A,01037b00
190530074249,SOLO_SUCCESS,01037b00
190530074252,TAG_DEPARTED_A,01037b00
190530074302,TAG_ARRIVED_A,01037b00
190530074303,SOLO_SUCCESS,01037b00
190530074304,TAG_DEPARTED_A,01037b00
190530074307,TAG_ARRIVED_A,01037b00
190530074307,SOLO_SUCCESS,01037b00
190530074309,TAG_DEPARTED_A,01037b00
190530074310,TAG_ARRIVED_A,01037b00
190530074310,SOLO_SUCCESS,01037b00
190530074312,TAG_DEPARTED_A,01037b00
190530074313,TAG_ARRIVED_A,01037b00
190530074314,SOLO_SUCCESS,01037b00
190530074330,TAG_DEPARTED_A,01037b00
190530074333,TAG_ARRIVED_A,01037b00
190530074334,SOLO_SUCCESS,01037b00
190530074343,TAG_DEPARTED_A,01037b00
190530074436,TAG_ARRIVED_A,0103f300
190530074436,SOLO_SUCCESS,0103f300
190530074507,TAG_DEPARTED_A,0103f300
190530074538,TAG_ARRIVED_A,0103f300
190530074538,SOLO_SUCCESS,0103f300
190530074540,TAG_DEPARTED_A,0103f300
190530074558,TAG_ARRIVED_A,0103f300
190530074558,SOLO_SUCCESS,0103f300
190530074606,TAG_DEPARTED_A,0103f300
190530074623,TAG_ARRIVED_A,0103f300
190530074623,SOLO_SUCCESS,0103f300
190530074633,TAG_DEPARTED_A,0103f300
190530074841,TAG_ARRIVED_A,018feb00
190530074841,SOLO_SUCCESS,018feb00
190530074843,TAG_DEPARTED_A,018feb00
190530074850,TAG_ARRIVED_A,018feb00
190530074851,SOLO_SUCCESS,018feb00
190530074854,TAG_DEPARTED_A,018feb00
190530075002,TAG_ARRIVED_A,018feb00
190530075003,SOLO_SUCCESS,018feb00
190530075010,TAG_DEPARTED_A,018feb00
190530075051,TAG_ARRIVED_A,018feb00
190530075052,SOLO_SUCCESS,018feb00
190530075056,TAG_DEPARTED_A,018feb00
190530075152,TAG_ARRIVED_A,01167700
190530075152,SOLO_SUCCESS,01167700
190530075155,TAG_DEPARTED_A,01167700
190530075155,TAG_ARRIVED_A,01167700
190530075156,SOLO_SUCCESS,01167700
190530075212,TAG_DEPARTED_A,01167700
190530075215,TAG_ARRIVED_B,018feb00
190530075215,SOLO_SUCCESS,018feb00
190530075217,TAG_DEPARTED_B,018feb00
190530082627,TAG_ARRIVED_A,01037b00
190530082628,SOLO_SUCCESS,01037b00
190530082630,TAG_DEPARTED_A,01037b00
190530082632,TAG_ARRIVED_A,01037b00
190530082633,SOLO_SUCCESS,01037b00
190530082635,TAG_DEPARTED_A,01037b00
190530082659,TAG_ARRIVED_A,01037b00
190530082700,SOLO_SUCCESS,01037b00
190530082711,TAG_DEPARTED_A,01037b00
190530083648,TAG_ARRIVED_A,01471d00
190530083648,SOLO_SUCCESS,01471d00
190530083650,TAG_DEPARTED_A,01471d00
190530083652,TAG_ARRIVED_A,01471d00
190530083653,SOLO_SUCCESS,01471d00
190530083656,TAG_DEPARTED_A,01471d00
190530083710,TAG_ARRIVED_A,01471d00
190530083711,SOLO_SUCCESS,01471d00
190530083728,TAG_DEPARTED_A,01471d00
190530083734,TAG_ARRIVED_A,01471d00
190530083734,SOLO_SUCCESS,01471d00
190530083738,TAG_DEPARTED_A,01471d00
190530083806,TAG_ARRIVED_A,018feb00
190530083806,SOLO_SUCCESS,018feb00
190530083808,TAG_DEPARTED_A,018feb00
190530083932,TAG_ARRIVED_A,018feb00
190530083933,SOLO_SUCCESS,018feb00
190530083937,TAG_DEPARTED_A,018feb00
190530083943,TAG_ARRIVED_A,018feb00
190530083944,SOLO_SUCCESS,018feb00
190530083948,TAG_DEPARTED_A,018feb00
190530083953,TAG_ARRIVED_A,018feb00
190530083953,SOLO_SUCCESS,018feb00
190530083955,TAG_ARRIVED_B,018feb00
190530083956,SOLO_SUCCESS,018feb00
190530083956,TAG_DEPARTED_A,018feb00
190530083957,TAG_DEPARTED_B,018feb00
190530084020,TAG_ARRIVED_A,018feb00
190530084021,SOLO_SUCCESS,018feb00
190530084024,TAG_DEPARTED_A,018feb00
190530084029,TAG_ARRIVED_A,018feb00
190530084030,SOLO_SUCCESS,018feb00
190530084031,TAG_DEPARTED_A,018feb00
190530084034,TAG_ARRIVED_A,018feb00
190530084035,SOLO_SUCCESS,018feb00
190530084038,TAG_DEPARTED_A,018feb00
190530084041,TAG_ARRIVED_A,018feb00
190530084042,SOLO_SUCCESS,018feb00
190530084043,TAG_DEPARTED_A,018feb00
190530084052,TAG_ARRIVED_A,018feb00
190530084052,SOLO_SUCCESS,018feb00
190530084110,TAG_DEPARTED_A,018feb00
190530084322,TAG_ARRIVED_A,012b1400
190530084323,SOLO_SUCCESS,012b1400
190530084327,TAG_DEPARTED_A,012b1400
190530084627,TAG_ARRIVED_A,01332600
190530084627,SOLO_SUCCESS,01332600
190530084629,TAG_DEPARTED_A,01332600
190530084631,TAG_ARRIVED_A,01332600
190530084631,SOLO_SUCCESS,01332600
190530084633,TAG_DEPARTED_A,01332600
190530084647,TAG_ARRIVED_A,01332600
190530084648,SOLO_SUCCESS,01332600
190530084649,TAG_DEPARTED_A,01332600
190530085747,TAG_ARRIVED_B,0103f300
190530085748,SOLO_SUCCESS,0103f300
190530085751,TAG_DEPARTED_B,0103f300
190530085757,TAG_ARRIVED_B,0103f300
190530085757,SOLO_SUCCESS,0103f300
190530085801,TAG_DEPARTED_B,0103f300
190530085802,TAG_ARRIVED_B,0103f300
190530085802,SOLO_SUCCESS,0103f300
190530085804,TAG_DEPARTED_B,0103f300
190530085806,TAG_ARRIVED_B,0103f300
190530085807,SOLO_SUCCESS,0103f300
190530085817,TAG_DEPARTED_B,0103f300
190530085823,TAG_ARRIVED_B,0103f300
190530085823,SOLO_SUCCESS,0103f300
190530085850,TAG_DEPARTED_B,0103f300
190530085851,TAG_ARRIVED_B,0103f300
190530085852,SOLO_SUCCESS,0103f300
190530085853,TAG_DEPARTED_B,0103f300
190530085854,TAG_ARRIVED_B,0103f300
190530085854,SOLO_SUCCESS,0103f300
190530085856,TAG_DEPARTED_B,0103f300
190530085901,TAG_ARRIVED_B,0103f300
190530085901,SOLO_SUCCESS,0103f300
190530085904,TAG_DEPARTED_B,0103f300
190530085919,TAG_ARRIVED_A,0103f300
190530085920,SOLO_SUCCESS,0103f300
190530085922,TAG_DEPARTED_A,0103f300
190530085924,TAG_ARRIVED_A,0103f300
190530085924,SOLO_SUCCESS,0103f300
190530085926,TAG_DEPARTED_A,0103f300
190530092601,TAG_ARRIVED_A,018feb00
190530092602,SOLO_SUCCESS,018feb00
190530092604,TAG_DEPARTED_A,018feb00
190530093729,TAG_ARRIVED_A,01037b00
190530093729,SOLO_SUCCESS,01037b00
190530093732,TAG_DEPARTED_A,01037b00
190530093733,TAG_ARRIVED_A,01037b00
190530093734,SOLO_SUCCESS,01037b00
190530093735,TAG_DEPARTED_A,01037b00
190530093750,TAG_ARRIVED_A,01037b00
190530093751,SOLO_SUCCESS,01037b00
190530093753,TAG_DEPARTED_A,01037b00
190530093755,TAG_ARRIVED_A,01037b00
190530093756,SOLO_SUCCESS,01037b00
190530093805,TAG_DEPARTED_A,01037b00
190530093825,TAG_ARRIVED_A,01037b00
190530093826,SOLO_SUCCESS,01037b00
190530093827,TAG_DEPARTED_A,01037b00
190530093828,TAG_ARRIVED_A,01037b00
190530093829,SOLO_SUCCESS,01037b00
190530093831,TAG_DEPARTED_A,01037b00
190530093839,TAG_ARRIVED_A,01037b00
190530093840,SOLO_SUCCESS,01037b00
190530093841,TAG_ARRIVED_B,01037b00
190530093842,SOLO_SUCCESS,01037b00
190530093842,TAG_DEPARTED_A,01037b00
190530093848,TAG_DEPARTED_B,01037b00
190530093848,TAG_ARRIVED_A,01037b00
190530093849,SOLO_SUCCESS,01037b00
190530093850,TAG_ARRIVED_B,01037b00
190530093851,SOLO_SUCCESS,01037b00
190530093851,TAG_DEPARTED_A,01037b00
190530093853,TAG_DEPARTED_B,01037b00
190530093854,TAG_ARRIVED_B,01037b00
190530093855,SOLO_SUCCESS,01037b00
190530093856,TAG_DEPARTED_B,01037b00
190530093857,TAG_ARRIVED_B,01037b00
190530093858,SOLO_SUCCESS,01037b00
190530093901,TAG_DEPARTED_B,01037b00
190530093921,TAG_ARRIVED_B,01037b00
190530093922,SOLO_SUCCESS,01037b00
190530093925,TAG_DEPARTED_B,01037b00
190530094033,TAG_ARRIVED_A,01471d00
190530094033,SOLO_SUCCESS,01471d00
190530094036,TAG_DEPARTED_A,01471d00
190530094037,TAG_ARRIVED_B,01471d00
190530094037,SOLO_SUCCESS,01471d00
190530094039,TAG_DEPARTED_B,01471d00
190530094048,TAG_ARRIVED_B,01471d00
190530094048,SOLO_SUCCESS,01471d00
190530094058,TAG_DEPARTED_B,01471d00
190530094137,TAG_ARRIVED_B,01d18f00
190530094138,SOLO_SUCCESS,01d18f00
190530094139,TAG_DEPARTED_B,01d18f00
190530094148,TAG_ARRIVED_A,0102d600
190530094149,TAG_MISSING_A,0102d600
190530094150,SOLO_SUCCESS,0102d600
190530094212,TAG_DEPARTED_A,0102d600
190530094301,TAG_ARRIVED_B,01471d00
190530094301,SOLO_SUCCESS,01471d00
190530094351,TAG_DEPARTED_B,01471d00
190530094353,TAG_ARRIVED_B,01471d00
190530094354,SOLO_SUCCESS,01471d00
190530094456,TAG_DEPARTED_B,01471d00
190530094515,TAG_ARRIVED_A,01e01400
190530094516,SOLO_SUCCESS,01e01400
190530094549,TAG_DEPARTED_A,01e01400
190530094623,TAG_ARRIVED_A,0102d600
190530094624,TAG_MISSING_A,0102d600
190530094624,SOLO_SUCCESS,0102d600
190530094649,TAG_DEPARTED_A,0102d600
190530094708,TAG_ARRIVED_A,0102d600
190530094709,TAG_MISSING_A,0102d600
190530094709,SOLO_SUCCESS,0102d600
190530094920,TAG_DEPARTED_A,0102d600
190530094926,TAG_ARRIVED_A,0103f300
190530094927,SOLO_SUCCESS,0103f300
190530094947,TAG_DEPARTED_A,0103f300
190530094948,TAG_ARRIVED_A,0103f300
190530094948,SOLO_SUCCESS,0103f300
190530094952,TAG_DEPARTED_A,0103f300
190530094954,TAG_ARRIVED_A,0103f300
190530094954,SOLO_SUCCESS,0103f300
190530094958,TAG_ARRIVED_B,0103f300
190530094959,SOLO_SUCCESS,0103f300
190530094959,TAG_DEPARTED_A,0103f300
190530095000,TAG_DEPARTED_B,0103f300
190530095153,TAG_ARRIVED_A,0103f300
190530095153,SOLO_SUCCESS,0103f300
190530095217,TAG_DEPARTED_A,0103f300
190530095226,TAG_ARRIVED_A,0103f300
190530095227,SOLO_SUCCESS,0103f300
190530095230,TAG_DEPARTED_A,0103f300
190530095236,TAG_ARRIVED_A,0103f300
190530095237,SOLO_SUCCESS,0103f300
190530095239,TAG_DEPARTED_A,0103f300
190530095241,TAG_ARRIVED_A,0103f300
190530095241,SOLO_SUCCESS,0103f300
190530095243,TAG_DEPARTED_A,0103f300
190530095247,TAG_ARRIVED_A,0103f300
190530095247,SOLO_SUCCESS,0103f300
190530095249,TAG_DEPARTED_A,0103f300
190530095302,TAG_ARRIVED_B,01d40600
190530095303,SOLO_SUCCESS,01d40600
190530095304,TAG_ARRIVED_A,01d40600
190530095305,SOLO_SUCCESS,01d40600
190530095305,TAG_DEPARTED_B,01d40600
190530095306,TAG_DEPARTED_A,01d40600
190530095309,TAG_ARRIVED_B,0103f300
190530095310,SOLO_SUCCESS,0103f300
190530095311,TAG_DEPARTED_B,0103f300
190530095319,TAG_ARRIVED_A,01d40600
190530095320,SOLO_SUCCESS,01d40600
190530095323,TAG_DEPARTED_A,01d40600
190530095323,TAG_ARRIVED_B,01d40600
190530095324,SOLO_SUCCESS,01d40600
190530095325,TAG_DEPARTED_B,01d40600
190530095340,TAG_ARRIVED_A,0103f300
190530095341,SOLO_SUCCESS,0103f300
190530095344,TAG_ARRIVED_A,01d40600
190530095345,SOLO_SUCCESS,01d40600
190530095351,TAG_DEPARTED_A,01d40600
