190612060614,START_EXPERIMENT,
190612061741,TAG_ARRIVED_B,0102d900
190612061742,SOLO_SUCCESS,0102d900
190612061745,TAG_DEPARTED_B,0102d900
190612061751,TAG_ARRIVED_B,0102d900
190612061752,SOLO_SUCCESS,0102d900
190612061755,TAG_DEPARTED_B,0102d900
190612061755,TAG_ARRIVED_B,0102d900
190612061756,SOLO_SUCCESS,0102d900
190612061800,TAG_DEPARTED_B,0102d900
190612061807,TAG_ARRIVED_B,0102d900
190612061807,SOLO_SUCCESS,0102d900
190612061810,TAG_DEPARTED_B,0102d900
190612061810,TAG_ARRIVED_B,0102d900
190612061811,SOLO_SUCCESS,0102d900
190612061814,TAG_ARRIVED_A,0102d900
190612061815,SOLO_SUCCESS,0102d900
190612061815,TAG_DEPARTED_B,0102d900
190612061859,TAG_DEPARTED_A,0102d900
190612061900,TAG_ARRIVED_A,0102d900
190612061901,SOLO_SUCCESS,0102d900
190612061909,TAG_DEPARTED_A,0102d900
190612063346,TAG_ARRIVED_A,018feb00
190612063347,SOLO_SUCCESS,018feb00
190612063349,TAG_ARRIVED_A,0102d400
190612063350,SOLO_SUCCESS,0102d400
190612063351,TAG_DEPARTED_A,0102d400
190612063402,TAG_ARRIVED_B,018feb00
190612063402,SOLO_SUCCESS,018feb00
190612063404,TAG_DEPARTED_B,018feb00
190612063434,TAG_ARRIVED_A,0102d400
190612063435,SOLO_SUCCESS,0102d400
190612063436,TAG_DEPARTED_A,0102d400
190612063445,TAG_ARRIVED_A,0102d400
190612063446,SOLO_SUCCESS,0102d400
190612063447,TAG_DEPARTED_A,0102d400
190612063455,TAG_ARRIVED_A,0102d400
190612063456,SOLO_SUCCESS,0102d400
190612063457,TAG_DEPARTED_A,0102d400
190612063503,TAG_ARRIVED_A,0102d400
190612063504,SOLO_SUCCESS,0102d400
190612063508,TAG_DEPARTED_A,0102d400
190612063517,TAG_ARRIVED_A,01037b00
190612063518,SOLO_SUCCESS,01037b00
190612063523,TAG_DEPARTED_A,01037b00
190612063530,TAG_ARRIVED_A,01037b00
190612063531,SOLO_SUCCESS,01037b00
190612063534,TAG_DEPARTED_A,01037b00
190612063537,TAG_ARRIVED_A,01037b00
190612063538,SOLO_SUCCESS,01037b00
190612063540,TAG_DEPARTED_A,01037b00
190612063543,TAG_ARRIVED_A,01037b00
190612063544,SOLO_SUCCESS,01037b00
190612063547,TAG_DEPARTED_A,01037b00
190612063547,TAG_ARRIVED_A,01037b00
190612063548,SOLO_SUCCESS,01037b00
190612063549,TAG_DEPARTED_A,01037b00
190612063552,TAG_ARRIVED_B,01037b00
190612063553,SOLO_SUCCESS,01037b00
190612063555,TAG_DEPARTED_B,01037b00
190612063604,TAG_ARRIVED_B,01037b00
190612063605,SOLO_SUCCESS,01037b00
190612063625,TAG_DEPARTED_B,01037b00
190612063626,TAG_ARRIVED_A,01037b00
190612063627,SOLO_SUCCESS,01037b00
190612063630,TAG_DEPARTED_A,01037b00
190612063630,TAG_ARRIVED_A,01037b00
190612063631,SOLO_SUCCESS,01037b00
190612063632,TAG_DEPARTED_A,01037b00
190612063640,TAG_ARRIVED_A,01037b00
190612063641,SOLO_SUCCESS,01037b00
190612063645,TAG_DEPARTED_A,01037b00
190612063659,TAG_ARRIVED_A,01037b00
190612063700,SOLO_SUCCESS,01037b00
190612063702,TAG_ARRIVED_B,01037b00
190612063702,SOLO_SUCCESS,01037b00
190612063703,TAG_DEPARTED_A,01037b00
190612063704,TAG_DEPARTED_B,01037b00
190612073805,TAG_ARRIVED_A,013d7200
190612073805,SOLO_SUCCESS,013d7200
190612073808,TAG_DEPARTED_A,013d7200
190612074125,TAG_ARRIVED_B,013d7200
190612074126,SOLO_SUCCESS,013d7200
190612074127,TAG_DEPARTED_B,013d7200
190612074138,TAG_ARRIVED_B,013d7200
190612074139,SOLO_SUCCESS,013d7200
190612074147,TAG_DEPARTED_B,013d7200
190612074147,TAG_ARRIVED_B,013d7200
190612074147,SOLO_SUCCESS,013d7200
190612074153,TAG_DEPARTED_B,013d7200
190612074202,TAG_ARRIVED_A,013d7200
190612074203,SOLO_SUCCESS,013d7200
190612074204,TAG_ARRIVED_B,013d7200
190612074204,SOLO_SUCCESS,013d7200
190612074204,TAG_DEPARTED_A,013d7200
190612074210,TAG_DEPARTED_B,013d7200
190612074322,TAG_ARRIVED_B,013d7200
190612074322,SOLO_SUCCESS,013d7200
190612074325,TAG_DEPARTED_B,013d7200
190612074330,TAG_ARRIVED_B,013d7200
190612074330,SOLO_SUCCESS,013d7200
190612074332,TAG_DEPARTED_B,013d7200
190612074338,TAG_ARRIVED_B,013d7200
190612074339,SOLO_SUCCESS,013d7200
190612074340,TAG_DEPARTED_B,013d7200
190612083841,TAG_ARRIVED_B,018ef600
190612083842,SOLO_SUCCESS,018ef600
190612083852,TAG_DEPARTED_B,018ef600
190612083859,TAG_ARRIVED_B,018ef600
190612083900,SOLO_SUCCESS,018ef600
190612083923,TAG_DEPARTED_B,018ef600
190612083926,TAG_ARRIVED_B,018ef600
190612083927,SOLO_SUCCESS,018ef600
190612083941,TAG_DEPARTED_B,018ef600
190612083950,TAG_ARRIVED_B,01471d00
190612083950,SOLO_SUCCESS,01471d00
190612084008,TAG_DEPARTED_B,01471d00
190612084009,TAG_ARRIVED_B,01037b00
190612084010,SOLO_SUCCESS,01037b00
190612084011,TAG_DEPARTED_B,01037b00
190612084013,TAG_ARRIVED_B,01037b00
190612084014,SOLO_SUCCESS,01037b00
190612084019,TAG_DEPARTED_B,01037b00
190612084024,TAG_ARRIVED_B,01037b00
190612084024,SOLO_SUCCESS,01037b00
190612084026,TAG_DEPARTED_B,01037b00
190612084032,TAG_ARRIVED_B,01037b00
190612084032,SOLO_SUCCESS,01037b00
190612084044,TAG_DEPARTED_B,01037b00
190612084050,TAG_ARRIVED_B,01037b00
190612084051,SOLO_SUCCESS,01037b00
190612084053,TAG_DEPARTED_B,01037b00
190612084056,TAG_ARRIVED_B,01037b00
190612084057,SOLO_SUCCESS,01037b00
190612084102,TAG_DEPARTED_B,01037b00
190612084102,TAG_ARRIVED_B,01037b00
190612084103,SOLO_SUCCESS,01037b00
190612084105,TAG_DEPARTED_B,01037b00
190612084106,TAG_ARRIVED_B,01037b00
190612084107,SOLO_SUCCESS,01037b00
190612084108,TAG_DEPARTED_B,01037b00
190612084111,TAG_ARRIVED_B,01471d00
190612084112,SOLO_SUCCESS,01471d00
190612084139,TAG_DEPARTED_B,01471d00
190612084145,TAG_ARRIVED_B,01471d00
190612084145,SOLO_SUCCESS,01471d00
190612084150,TAG_DEPARTED_B,01471d00
190612084150,TAG_ARRIVED_B,01471d00
190612084151,SOLO_SUCCESS,01471d00
190612084153,TAG_DEPARTED_B,01471d00
190612084154,TAG_ARRIVED_B,01471d00
190612084154,SOLO_SUCCESS,01471d00
190612084158,TAG_DEPARTED_B,01471d00
190612084205,TAG_ARRIVED_A,013d7200
190612084205,SOLO_SUCCESS,013d7200
190612084207,TAG_DEPARTED_A,013d7200
190612084209,TAG_ARRIVED_B,01471d00
190612084209,SOLO_SUCCESS,01471d00
190612084211,TAG_DEPARTED_B,01471d00
190612084226,TAG_ARRIVED_B,01471d00
190612084226,SOLO_SUCCESS,01471d00
190612084230,TAG_DEPARTED_B,01471d00
190612084230,TAG_ARRIVED_B,01471d00
190612084231,SOLO_SUCCESS,01471d00
190612084233,TAG_DEPARTED_B,01471d00
190612090834,TAG_ARRIVED_B,0103f300
190612090834,SOLO_SUCCESS,0103f300
190612090845,TAG_DEPARTED_B,0103f300
190612090846,TAG_ARRIVED_B,0103f300
190612090846,SOLO_SUCCESS,0103f300
190612090848,TAG_DEPARTED_B,0103f300
190612090857,TAG_ARRIVED_B,0103f300
190612090857,SOLO_SUCCESS,0103f300
190612090859,TAG_DEPARTED_B,0103f300
190612090901,TAG_ARRIVED_B,0103f300
190612090901,SOLO_SUCCESS,0103f300
190612090903,TAG_DEPARTED_B,0103f300
190612090903,TAG_ARRIVED_B,0103f300
190612090903,SOLO_SUCCESS,0103f300
190612090916,TAG_ARRIVED_A,0103f300
190612090917,SOLO_SUCCESS,0103f300
190612090917,TAG_DEPARTED_B,0103f300
190612090932,TAG_DEPARTED_A,0103f300
190612090933,TAG_ARRIVED_A,0103f300
190612090933,SOLO_SUCCESS,0103f300
190612090951,TAG_DEPARTED_A,0103f300
190612090951,TAG_ARRIVED_B,0103f300
190612090951,SOLO_SUCCESS,0103f300
190612090954,TAG_DEPARTED_B,0103f300
190612090954,TAG_ARRIVED_B,0103f300
190612090955,SOLO_SUCCESS,0103f300
190612090956,TAG_DEPARTED_B,0103f300
190612090957,TAG_ARRIVED_B,0103f300
190612090958,SOLO_SUCCESS,0103f300
190612091001,TAG_DEPARTED_B,0103f300
190612091008,TAG_ARRIVED_B,0103f300
190612091008,SOLO_SUCCESS,0103f300
190612091010,TAG_DEPARTED_B,0103f300
190612091010,TAG_ARRIVED_B,0103f300
190612091010,SOLO_SUCCESS,0103f300
190612091012,TAG_DEPARTED_B,0103f300
190612091015,TAG_ARRIVED_B,0103f300
190612091015,SOLO_SUCCESS,0103f300
190612091018,TAG_DEPARTED_B,0103f300
190612091128,TAG_ARRIVED_A,01e01400
190612091129,SOLO_SUCCESS,01e01400
190612091134,TAG_DEPARTED_A,01e01400
190612091830,TAG_ARRIVED_A,013d7200
190612091831,SOLO_SUCCESS,013d7200
190612091832,TAG_DEPARTED_A,013d7200
190612091835,TAG_ARRIVED_A,013d7200
190612091835,SOLO_SUCCESS,013d7200
190612091838,TAG_DEPARTED_A,013d7200
190612091841,TAG_ARRIVED_A,013d7200
190612091842,SOLO_SUCCESS,013d7200
190612091844,TAG_DEPARTED_A,013d7200
