190506060549,START_EXPERIMENT,
190506061255,TAG_ARRIVED_B,01d40600
190506061256,SOLO_SUCCESS,01d40600
190506061257,TAG_DEPARTED_B,01d40600
190506062655,TAG_ARRIVED_A,01d40600
190506062656,SOLO_SUCCESS,01d40600
190506062659,TAG_DEPARTED_A,01d40600
190506062703,TAG_ARRIVED_A,01d40600
190506062705,SOLO_SUCCESS,01d40600
190506062705,TAG_DEPARTED_A,01d40600
190506064700,TAG_ARRIVED_A,01181900
190506064700,SOLO_SUCCESS,01181900
190506064702,TAG_DEPARTED_A,01181900
190506064713,TAG_ARRIVED_A,01181900
190506064713,SOLO_SUCCESS,01181900
190506064715,TAG_DEPARTED_A,01181900
190506064750,TAG_ARRIVED_A,01181900
190506064750,SOLO_SUCCESS,01181900
190506064803,TAG_DEPARTED_A,01181900
190506070903,TAG_ARRIVED_B,017e1f00
190506070905,SOLO_SUCCESS,017e1f00
190506070906,TAG_DEPARTED_B,017e1f00
190506070908,TAG_ARRIVED_B,017e1f00
190506070909,SOLO_SUCCESS,017e1f00
190506070910,TAG_DEPARTED_B,017e1f00
190506070918,TAG_ARRIVED_A,017e1f00
190506070919,SOLO_SUCCESS,017e1f00
190506070921,TAG_DEPARTED_A,017e1f00
190506070927,TAG_ARRIVED_A,017e1f00
190506070928,SOLO_SUCCESS,017e1f00
190506070929,TAG_DEPARTED_A,017e1f00
190506070934,TAG_ARRIVED_A,017e1f00
190506070935,SOLO_SUCCESS,017e1f00
190506070938,TAG_DEPARTED_A,017e1f00
190506070956,TAG_ARRIVED_A,017e1f00
190506070957,SOLO_SUCCESS,017e1f00
190506070958,TAG_DEPARTED_A,017e1f00
190506071001,TAG_ARRIVED_A,017e1f00
190506071002,SOLO_SUCCESS,017e1f00
190506071004,TAG_DEPARTED_A,017e1f00
190506071008,TAG_ARRIVED_A,017e1f00
190506071009,SOLO_SUCCESS,017e1f00
190506071010,TAG_DEPARTED_A,017e1f00
190506071024,TAG_ARRIVED_A,017e1f00
190506071025,SOLO_SUCCESS,017e1f00
190506071028,TAG_DEPARTED_A,017e1f00
190506071031,TAG_ARRIVED_A,017e1f00
190506071032,SOLO_SUCCESS,017e1f00
190506071038,TAG_DEPARTED_A,017e1f00
190506071043,TAG_ARRIVED_A,017e1f00
190506071044,SOLO_SUCCESS,017e1f00
190506071045,TAG_DEPARTED_A,017e1f00
190506071049,TAG_ARRIVED_A,017e1f00
190506071050,SOLO_SUCCESS,017e1f00
190506071051,TAG_DEPARTED_A,017e1f00
190506071053,TAG_ARRIVED_A,017e1f00
190506071054,SOLO_SUCCESS,017e1f00
190506071055,TAG_DEPARTED_A,017e1f00
190506071104,TAG_ARRIVED_A,017e1f00
190506071105,SOLO_SUCCESS,017e1f00
190506071107,TAG_DEPARTED_A,017e1f00
190506071119,TAG_ARRIVED_A,017e1f00
190506071120,SOLO_SUCCESS,017e1f00
190506071128,TAG_DEPARTED_A,017e1f00
190506071132,TAG_ARRIVED_A,017e1f00
190506071133,SOLO_SUCCESS,017e1f00
190506071135,TAG_DEPARTED_A,017e1f00
190506080750,TAG_ARRIVED_A,01da8200
190506080750,SOLO_SUCCESS,01da8200
190506080752,TAG_DEPARTED_A,01da8200
190506082339,TAG_ARRIVED_A,01181900
190506082340,SOLO_SUCCESS,01181900
190506082341,TAG_DEPARTED_A,01181900
190506082343,TAG_ARRIVED_A,01181900
190506082344,SOLO_SUCCESS,01181900
190506082405,TAG_DEPARTED_A,01181900
190506082406,TAG_ARRIVED_A,01181900
190506082406,SOLO_SUCCESS,01181900
190506082410,TAG_DEPARTED_A,01181900
190506082411,TAG_ARRIVED_A,01181900
190506082411,SOLO_SUCCESS,01181900
190506082416,TAG_DEPARTED_A,01181900
190506082425,TAG_ARRIVED_A,01181900
190506082425,SOLO_SUCCESS,01181900
190506082430,TAG_DEPARTED_A,01181900
190506082431,TAG_ARRIVED_A,01181900
190506082431,SOLO_SUCCESS,01181900
190506082437,TAG_DEPARTED_A,01181900
190506082439,TAG_ARRIVED_A,01181900
190506082439,SOLO_SUCCESS,01181900
190506082441,TAG_DEPARTED_A,01181900
190506082441,TAG_ARRIVED_A,01181900
190506082442,SOLO_SUCCESS,01181900
190506082451,TAG_DEPARTED_A,01181900
190506082455,TAG_ARRIVED_A,01181900
190506082455,SOLO_SUCCESS,01181900
190506082458,TAG_DEPARTED_A,01181900
190506082508,TAG_ARRIVED_A,01181900
190506082509,SOLO_SUCCESS,01181900
190506082524,TAG_DEPARTED_A,01181900
190506082608,TAG_ARRIVED_A,01e01400
190506082609,SOLO_SUCCESS,01e01400
190506082611,TAG_DEPARTED_A,01e01400
190506084936,TAG_ARRIVED_B,01e01400
190506084937,SOLO_SUCCESS,01e01400
190506084942,TAG_DEPARTED_B,01e01400
190506085710,TAG_ARRIVED_B,018feb00
190506085710,SOLO_SUCCESS,018feb00
190506085712,TAG_DEPARTED_B,018feb00
190506090132,TAG_ARRIVED_A,018feb00
190506090132,SOLO_SUCCESS,018feb00
190506090140,TAG_DEPARTED_A,018feb00
190506090141,TAG_ARRIVED_A,018feb00
190506090142,SOLO_SUCCESS,018feb00
190506090152,TAG_DEPARTED_A,018feb00
190506092908,TAG_ARRIVED_B,017e1f00
190506092909,SOLO_SUCCESS,017e1f00
190506092910,TAG_DEPARTED_B,017e1f00
190506092926,TAG_ARRIVED_B,017e1f00
190506092927,SOLO_SUCCESS,017e1f00
190506092928,TAG_DEPARTED_B,017e1f00
190506093220,TAG_ARRIVED_A,017e1f00
190506093222,SOLO_SUCCESS,017e1f00
190506093222,TAG_DEPARTED_A,017e1f00
190506093244,TAG_ARRIVED_A,017e1f00
190506093245,SOLO_SUCCESS,017e1f00
190506093246,TAG_DEPARTED_A,017e1f00
190506094940,TAG_ARRIVED_A,01e01400
190506094941,SOLO_SUCCESS,01e01400
190506094946,TAG_DEPARTED_A,01e01400
190506095053,TAG_ARRIVED_A,01e01400
190506095054,SOLO_SUCCESS,01e01400
190506095055,TAG_DEPARTED_A,01e01400
190506095626,TAG_ARRIVED_A,013d7200
190506095626,SOLO_SUCCESS,013d7200
190506095630,TAG_DEPARTED_A,013d7200
190506095820,TAG_ARRIVED_B,018feb00
190506095820,SOLO_SUCCESS,018feb00
190506095822,TAG_DEPARTED_B,018feb00
