190607045555,START_EXPERIMENT,
190607054905,TAG_ARRIVED_A,01471d00
190607054905,SOLO_SUCCESS,01471d00
190607054911,TAG_DEPARTED_A,01471d00
190607055054,TAG_ARRIVED_A,01023300
190607055055,TAG_MISSING_A,01023300
190607055056,SOLO_SUCCESS,01023300
190607055110,TAG_DEPARTED_A,01023300
190607055719,TAG_ARRIVED_A,018feb00
190607055720,SOLO_SUCCESS,018feb00
190607055722,TAG_DEPARTED_A,018feb00
190607055724,TAG_ARRIVED_A,018feb00
190607055724,SOLO_SUCCESS,018feb00
190607055726,TAG_DEPARTED_A,018feb00
190607055727,TAG_ARRIVED_A,018feb00
190607055727,SOLO_SUCCESS,018feb00
190607055729,TAG_DEPARTED_A,018feb00
190607055930,TAG_ARRIVED_B,018feb00
190607055931,SOLO_SUCCESS,018feb00
190607055932,TAG_DEPARTED_B,018feb00
190607060119,TAG_ARRIVED_A,018feb00
190607060120,SOLO_SUCCESS,018feb00
190607060128,TAG_DEPARTED_A,018feb00
190607060140,TAG_ARRIVED_A,018feb00
190607060141,SOLO_SUCCESS,018feb00
190607060143,TAG_DEPARTED_A,018feb00
190607061937,TAG_ARRIVED_A,013d7200
190607061938,SOLO_SUCCESS,013d7200
190607061939,TAG_DEPARTED_A,013d7200
190607061943,TAG_ARRIVED_A,013d7200
190607061943,SOLO_SUCCESS,013d7200
190607061948,TAG_DEPARTED_A,013d7200
190607062009,TAG_ARRIVED_A,013d7200
190607062010,SOLO_SUCCESS,013d7200
190607062011,TAG_DEPARTED_A,013d7200
190607062012,TAG_ARRIVED_A,013d7200
190607062012,SOLO_SUCCESS,013d7200
190607062014,TAG_DEPARTED_A,013d7200
190607062026,TAG_ARRIVED_A,013d7200
190607062026,SOLO_SUCCESS,013d7200
190607062028,TAG_DEPARTED_A,013d7200
190607062204,TAG_ARRIVED_A,01cbb800
190607062205,TAG_MISSING_A,01cbb800
190607062205,SOLO_SUCCESS,01cbb800
190607062225,TAG_DEPARTED_A,01cbb800
190607063408,TAG_ARRIVED_B,01041100
190607063409,TAG_MISSING_B,01041100
190607063409,SOLO_SUCCESS,01041100
190607063421,TAG_ARRIVED_A,01041100
190607063422,TAG_MISSING_A,01041100
190607063422,SOLO_SUCCESS,01041100
190607063423,TAG_DEPARTED_B,01041100
190607063425,TAG_ARRIVED_A,01045c00
190607063425,SOLO_SUCCESS,01045c00
190607063434,TAG_DEPARTED_A,01045c00
190607063434,TAG_ARRIVED_A,01041100
190607063435,TAG_MISSING_A,01041100
190607063436,SOLO_SUCCESS,01041100
190607063445,TAG_DEPARTED_A,01041100
190607063446,TAG_ARRIVED_A,01041100
190607063448,TAG_MISSING_A,01041100
190607063448,SOLO_SUCCESS,01041100
190607063506,TAG_DEPARTED_A,01041100
190607063509,TAG_ARRIVED_A,01041100
190607063510,TAG_MISSING_A,01041100
190607063510,SOLO_SUCCESS,01041100
190607063517,TAG_DEPARTED_A,01041100
190607063518,TAG_ARRIVED_B,01041100
190607063519,TAG_MISSING_B,01041100
190607063519,SOLO_SUCCESS,01041100
190607063520,TAG_DEPARTED_B,01041100
190607063520,TAG_ARRIVED_A,01045c00
190607063521,SOLO_SUCCESS,01045c00
190607063521,TAG_ARRIVED_B,01041100
190607063523,TAG_MISSING_B,01041100
190607063523,STARTCOOP_FAIL,01045c00_01041100
190607063523,TAG_DEPARTED_A,01045c00
190607063523,TAG_ARRIVED_A,01045c00
190607063524,STARTCOOP_FAIL,01041100_01045c00
190607063524,ENDCOOP_FAIL,01041100_01045c00
190607063525,TAG_DEPARTED_B,01041100
190607063525,TAG_ARRIVED_B,01041100
190607063526,TAG_MISSING_B,01041100
190607063526,STARTCOOP_FAIL,01045c00_01041100
190607063527,ENDCOOP_FAIL,01041100_01045c00
190607063527,TAG_DEPARTED_B,01041100
190607063527,TAG_DEPARTED_A,01045c00
190607063528,TAG_ARRIVED_B,01041100
190607063529,TAG_MISSING_B,01041100
190607063529,SOLO_FAIL,01041100
190607063529,TAG_ARRIVED_A,01045c00
190607063530,SOLO_FAIL,01045c00
190607063530,TAG_DEPARTED_B,01041100
190607063531,TAG_ARRIVED_A,01041100
190607063532,TAG_MISSING_A,01041100
190607063532,SOLO_FAIL,01041100
190607063535,TAG_DEPARTED_A,01041100
190607063540,TAG_ARRIVED_A,01041100
190607063541,TAG_MISSING_A,01041100
190607063541,SOLO_FAIL,01041100
190607063547,TAG_DEPARTED_A,01041100
190607063608,TAG_ARRIVED_B,01e14200
190607063609,SOLO_FAIL,01e14200
190607063614,ENDCOOP_FAIL,01e14200_
190607063614,TAG_DEPARTED_B,01e14200
190607063615,TAG_ARRIVED_B,01e14200
190607063616,SOLO_FAIL,01e14200
190607063624,ENDCOOP_FAIL,01e14200_
190607063624,TAG_DEPARTED_B,01e14200
190607063726,LOCKOUT_ENDED,
190607064038,TAG_ARRIVED_B,01023300
190607064039,TAG_MISSING_B,01023300
190607064039,SOLO_SUCCESS,01023300
190607064040,TAG_DEPARTED_B,01023300
190607064402,TAG_ARRIVED_B,01023300
190607064403,TAG_MISSING_B,01023300
190607064404,SOLO_SUCCESS,01023300
190607064405,TAG_DEPARTED_B,01023300
190607064405,TAG_ARRIVED_A,01023300
190607064406,TAG_MISSING_A,01023300
190607064407,SOLO_SUCCESS,01023300
190607064415,TAG_DEPARTED_A,01023300
190607064415,TAG_ARRIVED_A,01023300
190607064416,TAG_MISSING_A,01023300
190607064416,SOLO_SUCCESS,01023300
190607064425,TAG_DEPARTED_A,01023300
190607064434,TAG_ARRIVED_A,01023300
190607064435,TAG_MISSING_A,01023300
190607064435,SOLO_SUCCESS,01023300
190607064442,TAG_DEPARTED_A,01023300
190607064443,TAG_ARRIVED_A,01023300
190607064445,TAG_MISSING_A,01023300
190607064445,SOLO_SUCCESS,01023300
190607064448,TAG_DEPARTED_A,01023300
190607064449,TAG_ARRIVED_A,01023300
190607064450,TAG_MISSING_A,01023300
190607064450,SOLO_SUCCESS,01023300
190607064451,TAG_DEPARTED_A,01023300
190607064451,TAG_ARRIVED_A,01023300
190607064452,TAG_MISSING_A,01023300
190607064453,SOLO_SUCCESS,01023300
190607064530,TAG_DEPARTED_A,01023300
190607064531,TAG_ARRIVED_A,01023300
190607064533,TAG_MISSING_A,01023300
190607064533,SOLO_SUCCESS,01023300
190607064543,TAG_DEPARTED_A,01023300
190607064544,TAG_ARRIVED_A,01023300
190607064545,TAG_MISSING_A,01023300
190607064545,SOLO_SUCCESS,01023300
190607064549,TAG_DEPARTED_A,01023300
190607064554,TAG_ARRIVED_A,01023300
190607064555,TAG_MISSING_A,01023300
190607064555,SOLO_SUCCESS,01023300
190607064607,TAG_DEPARTED_A,01023300
190607064609,TAG_ARRIVED_A,01023300
190607064610,TAG_MISSING_A,01023300
190607064610,SOLO_SUCCESS,01023300
190607064628,TAG_DEPARTED_A,01023300
190607064827,TAG_ARRIVED_B,01023300
190607064828,TAG_MISSING_B,01023300
190607064828,SOLO_SUCCESS,01023300
190607064829,TAG_DEPARTED_B,01023300
190607064830,TAG_ARRIVED_A,01023300
190607064831,TAG_MISSING_A,01023300
190607064831,SOLO_SUCCESS,01023300
190607064845,TAG_DEPARTED_A,01023300
190607064849,TAG_ARRIVED_A,01023300
190607064850,TAG_MISSING_A,01023300
190607064850,SOLO_SUCCESS,01023300
190607064939,TAG_DEPARTED_A,01023300
190607064944,TAG_ARRIVED_A,01023300
190607064946,TAG_MISSING_A,01023300
190607064946,SOLO_SUCCESS,01023300
190607064958,TAG_DEPARTED_A,01023300
190607065001,TAG_ARRIVED_A,01023300
190607065002,TAG_MISSING_A,01023300
190607065002,SOLO_SUCCESS,01023300
190607065003,TAG_DEPARTED_A,01023300
190607065005,TAG_ARRIVED_A,01023300
190607065006,TAG_MISSING_A,01023300
190607065006,SOLO_SUCCESS,01023300
190607065015,TAG_DEPARTED_A,01023300
190607065015,TAG_ARRIVED_A,01023300
190607065017,TAG_MISSING_A,01023300
190607065017,SOLO_SUCCESS,01023300
190607065027,TAG_DEPARTED_A,01023300
190607065038,TAG_ARRIVED_A,01023300
190607065039,TAG_MISSING_A,01023300
190607065039,SOLO_SUCCESS,01023300
190607065100,TAG_DEPARTED_A,01023300
190607065104,TAG_ARRIVED_A,01023300
190607065105,TAG_MISSING_A,01023300
190607065105,SOLO_SUCCESS,01023300
190607065122,TAG_ARRIVED_A,012b1400
190607065123,SOLO_SUCCESS,012b1400
190607065125,TAG_ARRIVED_B,01023300
190607065126,TAG_MISSING_B,01023300
190607065126,STARTCOOP_FAIL,012b1400_01023300
190607065127,ENDCOOP_FAIL,01023300_012b1400
190607065127,TAG_DEPARTED_B,01023300
190607065128,TAG_DEPARTED_A,012b1400
190607065326,LOCKOUT_ENDED,
190607065723,TAG_ARRIVED_B,01026c00
190607065724,TAG_MISSING_B,01026c00
190607065724,SOLO_SUCCESS,01026c00
190607065832,TAG_DEPARTED_B,01026c00
190607065833,TAG_ARRIVED_B,01fc3500
190607065834,SOLO_SUCCESS,01fc3500
190607065836,TAG_DEPARTED_B,01fc3500
190607065836,TAG_ARRIVED_B,01fc3500
190607065837,SOLO_SUCCESS,01fc3500
190607065838,TAG_DEPARTED_B,01fc3500
190607065839,TAG_ARRIVED_B,01fc3500
190607065840,SOLO_SUCCESS,01fc3500
190607065845,TAG_DEPARTED_B,01fc3500
190607065857,TAG_ARRIVED_B,01fc3500
190607065858,SOLO_SUCCESS,01fc3500
190607065859,TAG_DEPARTED_B,01fc3500
190607065914,TAG_ARRIVED_B,01fc3500
190607065915,SOLO_SUCCESS,01fc3500
190607065916,TAG_DEPARTED_B,01fc3500
190607065923,TAG_ARRIVED_B,01fc3500
190607065924,SOLO_SUCCESS,01fc3500
190607065926,TAG_DEPARTED_B,01fc3500
190607065942,TAG_ARRIVED_B,01fc3500
190607065943,SOLO_SUCCESS,01fc3500
190607065945,TAG_DEPARTED_B,01fc3500
190607065952,TAG_ARRIVED_B,01fc3500
190607065954,SOLO_SUCCESS,01fc3500
190607065958,TAG_DEPARTED_B,01fc3500
190607070006,TAG_ARRIVED_B,01fc3500
190607070007,SOLO_SUCCESS,01fc3500
190607070010,TAG_DEPARTED_B,01fc3500
190607070011,TAG_ARRIVED_B,01fc3500
190607070012,SOLO_SUCCESS,01fc3500
190607070015,TAG_DEPARTED_B,01fc3500
190607070016,TAG_ARRIVED_B,01fc3500
190607070018,SOLO_SUCCESS,01fc3500
190607070020,TAG_DEPARTED_B,01fc3500
190607070046,TAG_ARRIVED_B,01fc3500
190607070047,SOLO_SUCCESS,01fc3500
190607070048,TAG_DEPARTED_B,01fc3500
190607070049,TAG_ARRIVED_B,01fc3500
190607070050,SOLO_SUCCESS,01fc3500
190607070051,TAG_DEPARTED_B,01fc3500
190607070052,TAG_ARRIVED_B,01fc3500
190607070053,SOLO_SUCCESS,01fc3500
190607070100,TAG_DEPARTED_B,01fc3500
190607070642,TAG_ARRIVED_A,0126f300
190607070642,SOLO_SUCCESS,0126f300
190607070646,TAG_DEPARTED_A,0126f300
190607070653,TAG_ARRIVED_A,0126f300
190607070653,SOLO_SUCCESS,0126f300
190607070655,TAG_DEPARTED_A,0126f300
190607070712,TAG_ARRIVED_A,0126f300
190607070712,SOLO_SUCCESS,0126f300
190607070715,TAG_DEPARTED_A,0126f300
190607070716,TAG_ARRIVED_A,0126f300
190607070716,SOLO_SUCCESS,0126f300
190607070720,TAG_DEPARTED_A,0126f300
190607070822,TAG_ARRIVED_A,0126f300
190607070822,SOLO_SUCCESS,0126f300
190607070948,TAG_DEPARTED_A,0126f300
190607070949,TAG_ARRIVED_A,0126f300
190607070949,SOLO_SUCCESS,0126f300
190607070959,TAG_DEPARTED_A,0126f300
190607071005,TAG_ARRIVED_A,0126f300
190607071005,SOLO_SUCCESS,0126f300
190607071012,TAG_DEPARTED_A,0126f300
190607071018,TAG_ARRIVED_A,0126f300
190607071019,SOLO_SUCCESS,0126f300
190607071023,TAG_DEPARTED_A,0126f300
190607071026,TAG_ARRIVED_A,0126f300
190607071027,SOLO_SUCCESS,0126f300
190607071030,TAG_DEPARTED_A,0126f300
190607071036,TAG_ARRIVED_A,0126f300
190607071036,SOLO_SUCCESS,0126f300
190607071038,TAG_DEPARTED_A,0126f300
190607071040,TAG_ARRIVED_A,0126f300
190607071041,SOLO_SUCCESS,0126f300
190607071049,TAG_DEPARTED_A,0126f300
190607071051,TAG_ARRIVED_A,0126f300
190607071051,SOLO_SUCCESS,0126f300
190607071057,TAG_DEPARTED_A,0126f300
190607071112,TAG_ARRIVED_A,0126f300
190607071112,SOLO_SUCCESS,0126f300
190607071117,TAG_DEPARTED_A,0126f300
190607071122,TAG_ARRIVED_A,0126f300
190607071123,SOLO_SUCCESS,0126f300
190607071138,TAG_DEPARTED_A,0126f300
190607071703,TAG_ARRIVED_A,01c00300
190607071704,SOLO_SUCCESS,01c00300
190607071705,TAG_DEPARTED_A,01c00300
190607071715,TAG_ARRIVED_A,01c00300
190607071716,SOLO_SUCCESS,01c00300
190607071719,TAG_DEPARTED_A,01c00300
190607071938,TAG_ARRIVED_A,013d7200
190607071938,SOLO_SUCCESS,013d7200
190607071941,TAG_DEPARTED_A,013d7200
190607072357,TAG_ARRIVED_A,018feb00
190607072357,SOLO_SUCCESS,018feb00
190607072358,TAG_DEPARTED_A,018feb00
190607072359,TAG_ARRIVED_A,018feb00
190607072400,SOLO_SUCCESS,018feb00
190607072405,TAG_DEPARTED_A,018feb00
190607072406,TAG_ARRIVED_A,018feb00
190607072406,SOLO_SUCCESS,018feb00
190607072408,TAG_DEPARTED_A,018feb00
190607072441,TAG_ARRIVED_A,018feb00
190607072442,SOLO_SUCCESS,018feb00
190607072443,TAG_DEPARTED_A,018feb00
190607072908,TAG_ARRIVED_A,013d7200
190607072908,SOLO_SUCCESS,013d7200
190607072914,TAG_DEPARTED_A,013d7200
190607072918,TAG_ARRIVED_A,013d7200
190607072918,SOLO_SUCCESS,013d7200
190607072921,TAG_DEPARTED_A,013d7200
190607072922,TAG_ARRIVED_A,013d7200
190607072922,SOLO_SUCCESS,013d7200
190607072924,TAG_DEPARTED_A,013d7200
190607072928,TAG_ARRIVED_A,013d7200
190607072928,SOLO_SUCCESS,013d7200
190607072930,TAG_DEPARTED_A,013d7200
190607072935,TAG_ARRIVED_A,013d7200
190607072935,SOLO_SUCCESS,013d7200
190607072937,TAG_DEPARTED_A,013d7200
190607072951,TAG_ARRIVED_A,013d7200
190607072951,SOLO_SUCCESS,013d7200
190607072955,TAG_DEPARTED_A,013d7200
190607073002,TAG_ARRIVED_A,013d7200
190607073002,SOLO_SUCCESS,013d7200
190607073004,TAG_DEPARTED_A,013d7200
190607073016,TAG_ARRIVED_A,013d7200
190607073016,SOLO_SUCCESS,013d7200
190607073020,TAG_DEPARTED_A,013d7200
190607073711,TAG_ARRIVED_A,01041100
190607073712,TAG_MISSING_A,01041100
190607073712,SOLO_SUCCESS,01041100
190607073716,TAG_ARRIVED_B,018feb00
190607073717,STARTCOOP_FAIL,01041100_018feb00
190607073717,TAG_DEPARTED_A,01041100
190607073718,TAG_ARRIVED_A,01041100
190607073719,TAG_MISSING_A,01041100
190607073720,STARTCOOP_FAIL,018feb00_01041100
190607073720,TAG_DEPARTED_A,01041100
190607073721,ENDCOOP_FAIL,018feb00_
190607073721,TAG_DEPARTED_B,018feb00
190607073721,TAG_ARRIVED_A,01041100
190607073723,TAG_MISSING_A,01041100
190607073723,SOLO_FAIL,01041100
190607073727,TAG_ARRIVED_B,018feb00
190607073728,STARTCOOP_FAIL,01041100_018feb00
190607073732,ENDCOOP_FAIL,018feb00_01041100
190607073733,TAG_DEPARTED_B,018feb00
190607073735,TAG_DEPARTED_A,01041100
190607073735,TAG_ARRIVED_A,01041100
190607073736,TAG_MISSING_A,01041100
190607073737,SOLO_FAIL,01041100
190607073738,TAG_DEPARTED_A,01041100
190607073738,TAG_ARRIVED_B,01041100
190607073739,TAG_MISSING_B,01041100
190607073740,SOLO_FAIL,01041100
190607073741,TAG_ARRIVED_A,01041100
190607073742,TAG_MISSING_A,01041100
190607073743,SOLO_FAIL,01041100
190607073743,ENDCOOP_FAIL,01041100_01041100
190607073743,TAG_DEPARTED_B,01041100
190607073746,TAG_DEPARTED_A,01041100
190607073749,TAG_ARRIVED_A,01041100
190607073750,TAG_MISSING_A,01041100
190607073750,SOLO_FAIL,01041100
190607073757,TAG_DEPARTED_A,01041100
190607073759,TAG_ARRIVED_A,01041100
190607073800,TAG_MISSING_A,01041100
190607073800,SOLO_FAIL,01041100
190607073809,TAG_DEPARTED_A,01041100
190607073833,TAG_ARRIVED_B,018feb00
190607073834,SOLO_FAIL,018feb00
190607073844,TAG_ARRIVED_A,018feb00
190607073844,SOLO_FAIL,018feb00
190607073844,ENDCOOP_FAIL,018feb00_018feb00
190607073845,TAG_DEPARTED_B,018feb00
190607073856,TAG_DEPARTED_A,018feb00
190607073902,TAG_ARRIVED_A,018feb00
190607073903,SOLO_FAIL,018feb00
190607073911,TAG_DEPARTED_A,018feb00
190607073912,TAG_ARRIVED_B,018feb00
190607073912,SOLO_FAIL,018feb00
190607073914,ENDCOOP_FAIL,018feb00_
190607073914,TAG_DEPARTED_B,018feb00
190607073927,LOCKOUT_ENDED,
190607074156,TAG_ARRIVED_B,018feb00
190607074157,SOLO_SUCCESS,018feb00
190607074200,TAG_DEPARTED_B,018feb00
190607075823,TAG_ARRIVED_A,012b1400
190607075824,SOLO_SUCCESS,012b1400
190607075826,TAG_DEPARTED_A,012b1400
190607075835,TAG_ARRIVED_A,012b1400
190607075836,SOLO_SUCCESS,012b1400
190607075841,TAG_DEPARTED_A,012b1400
190607075914,TAG_ARRIVED_A,012b1400
190607075915,SOLO_SUCCESS,012b1400
190607075921,TAG_DEPARTED_A,012b1400
190607075942,TAG_ARRIVED_A,012b1400
190607075943,SOLO_SUCCESS,012b1400
190607075944,TAG_DEPARTED_A,012b1400
190607080310,TAG_ARRIVED_A,01026c00
190607080311,TAG_MISSING_A,01026c00
190607080312,SOLO_SUCCESS,01026c00
190607080312,TAG_DEPARTED_A,01026c00
190607080313,TAG_ARRIVED_A,01026c00
190607080314,TAG_MISSING_A,01026c00
190607080314,SOLO_SUCCESS,01026c00
190607080411,TAG_ARRIVED_A,0103ed00
190607080412,SOLO_SUCCESS,0103ed00
190607080413,TAG_DEPARTED_A,0103ed00
190607080423,TAG_ARRIVED_A,0103ed00
190607080423,SOLO_SUCCESS,0103ed00
190607080425,TAG_DEPARTED_A,0103ed00
190607080425,TAG_ARRIVED_A,0103ed00
190607080426,SOLO_SUCCESS,0103ed00
190607080428,TAG_DEPARTED_A,0103ed00
190607080430,TAG_ARRIVED_A,0103ed00
190607080430,SOLO_SUCCESS,0103ed00
190607080434,TAG_DEPARTED_A,0103ed00
190607080513,TAG_ARRIVED_A,01026c00
190607080514,TAG_MISSING_A,01026c00
190607080515,SOLO_SUCCESS,01026c00
190607080528,TAG_DEPARTED_A,01026c00
190607080530,TAG_ARRIVED_A,01026c00
190607080531,TAG_MISSING_A,01026c00
190607080532,SOLO_SUCCESS,01026c00
190607080535,TAG_DEPARTED_A,01026c00
190607080536,TAG_ARRIVED_A,01026c00
190607080537,TAG_MISSING_A,01026c00
190607080537,SOLO_SUCCESS,01026c00
190607080549,TAG_DEPARTED_A,01026c00
190607080550,TAG_ARRIVED_A,01026c00
190607080551,TAG_MISSING_A,01026c00
190607080551,SOLO_SUCCESS,01026c00
190607080555,TAG_DEPARTED_A,01026c00
190607080719,TAG_ARRIVED_A,0103ed00
190607080719,SOLO_SUCCESS,0103ed00
190607080727,TAG_DEPARTED_A,0103ed00
190607080728,TAG_ARRIVED_A,0103ed00
190607080728,SOLO_SUCCESS,0103ed00
190607080733,TAG_DEPARTED_A,0103ed00
190607085128,TAG_ARRIVED_A,013d7200
190607085129,SOLO_SUCCESS,013d7200
190607085132,TAG_DEPARTED_A,013d7200
190607085132,TAG_ARRIVED_A,013d7200
190607085133,SOLO_SUCCESS,013d7200
190607085134,TAG_DEPARTED_A,013d7200
190607085135,TAG_ARRIVED_A,013d7200
190607085136,SOLO_SUCCESS,013d7200
190607085137,TAG_DEPARTED_A,013d7200
190607085138,TAG_ARRIVED_A,013d7200
190607085138,SOLO_SUCCESS,013d7200
190607085149,TAG_DEPARTED_A,013d7200
190607085202,TAG_ARRIVED_A,013d7200
190607085202,SOLO_SUCCESS,013d7200
190607085204,TAG_DEPARTED_A,013d7200
190607085204,TAG_ARRIVED_A,013d7200
190607085205,SOLO_SUCCESS,013d7200
190607085210,TAG_DEPARTED_A,013d7200
190607085219,TAG_ARRIVED_A,013d7200
190607085219,SOLO_SUCCESS,013d7200
190607085223,TAG_DEPARTED_A,013d7200
190607085223,TAG_ARRIVED_A,013d7200
190607085224,SOLO_SUCCESS,013d7200
190607085227,TAG_DEPARTED_A,013d7200
190607085228,TAG_ARRIVED_A,013d7200
190607085229,SOLO_SUCCESS,013d7200
190607085233,TAG_DEPARTED_A,013d7200
190607085531,TAG_ARRIVED_A,01e01400
190607085532,SOLO_SUCCESS,01e01400
190607085626,TAG_ARRIVED_A,0103ed00
190607085626,SOLO_SUCCESS,0103ed00
190607085632,TAG_DEPARTED_A,0103ed00
190607085633,TAG_ARRIVED_A,0103ed00
190607085633,SOLO_SUCCESS,0103ed00
190607085635,TAG_DEPARTED_A,0103ed00
190607085642,TAG_ARRIVED_A,01471d00
190607085643,SOLO_SUCCESS,01471d00
190607085643,TAG_ARRIVED_B,01e01400
190607085644,STARTCOOP_FAIL,01471d00_01e01400
190607085644,TAG_DEPARTED_A,01471d00
190607085658,TAG_ARRIVED_A,01e01400
190607085659,SOLO_FAIL,01e01400
190607085659,TAG_ARRIVED_B,01026c00
190607085701,TAG_MISSING_B,01026c00
190607085701,STARTCOOP_FAIL,01e01400_01026c00
190607085701,ENDCOOP_FAIL,01026c00_01e01400
190607085702,TAG_DEPARTED_B,01026c00
190607085702,TAG_DEPARTED_A,01e01400
190607085702,TAG_ARRIVED_B,01026c00
190607085703,TAG_MISSING_B,01026c00
190607085704,SOLO_FAIL,01026c00
190607085705,TAG_ARRIVED_A,01026c00
190607085706,TAG_MISSING_A,01026c00
190607085707,SOLO_FAIL,01026c00
190607085707,ENDCOOP_FAIL,01026c00_01026c00
190607085707,TAG_DEPARTED_B,01026c00
190607085707,TAG_ARRIVED_B,0102ae00
190607085708,STARTCOOP_FAIL,01026c00_0102ae00
190607085708,TAG_DEPARTED_A,01026c00
190607085710,ENDCOOP_FAIL,0102ae00_
190607085710,TAG_DEPARTED_B,0102ae00
190607085712,TAG_ARRIVED_B,01026c00
190607085713,TAG_MISSING_B,01026c00
190607085713,SOLO_FAIL,01026c00
190607085719,TAG_ARRIVED_A,01026c00
190607085720,TAG_MISSING_A,01026c00
190607085720,SOLO_FAIL,01026c00
190607085720,ENDCOOP_FAIL,01026c00_01026c00
190607085720,TAG_DEPARTED_B,01026c00
190607085721,TAG_DEPARTED_A,01026c00
190607085724,TAG_ARRIVED_A,01026c00
190607085725,TAG_MISSING_A,01026c00
190607085725,SOLO_FAIL,01026c00
190607085726,TAG_DEPARTED_A,01026c00
190607085728,TAG_ARRIVED_A,01026c00
190607085729,TAG_MISSING_A,01026c00
190607085729,SOLO_FAIL,01026c00
190607085732,TAG_DEPARTED_A,01026c00
190607085738,TAG_ARRIVED_A,01026c00
190607085740,TAG_MISSING_A,01026c00
190607085740,SOLO_FAIL,01026c00
190607085740,TAG_ARRIVED_A,0103ed00
190607085740,SOLO_FAIL,0103ed00
190607085741,TAG_ARRIVED_B,01471d00
190607085741,STARTCOOP_SUCCESS,0103ed00_01471d00
190607085743,TAG_DEPARTED_A,0103ed00
190607085743,ENDCOOP_SUCCESS,01471d00_
190607085744,TAG_DEPARTED_B,01471d00
190607085908,LOCKOUT_ENDED,
