190521054951,START_EXPERIMENT,
190521070611,TAG_ARRIVED_A,01d40600
190521070612,SOLO_SUCCESS,01d40600
190521070614,TAG_DEPARTED_A,01d40600
190521073015,TAG_ARRIVED_A,01fdbd00
190521073016,SOLO_SUCCESS,01fdbd00
190521073041,TAG_DEPARTED_A,01fdbd00
190521073043,TAG_ARRIVED_A,01fdbd00
190521073044,SOLO_SUCCESS,01fdbd00
190521073101,TAG_DEPARTED_A,01fdbd00
190521073101,TAG_ARRIVED_A,01fdbd00
190521073102,SOLO_SUCCESS,01fdbd00
190521073120,TAG_DEPARTED_A,01fdbd00
190521073135,TAG_ARRIVED_A,01fdbd00
190521073136,SOLO_SUCCESS,01fdbd00
190521073137,TAG_DEPARTED_A,01fdbd00
190521073140,TAG_ARRIVED_A,01fdbd00
190521073142,SOLO_SUCCESS,01fdbd00
190521073147,TAG_DEPARTED_A,01fdbd00
190521073149,TAG_ARRIVED_A,01fdbd00
190521073150,SOLO_SUCCESS,01fdbd00
190521073156,TAG_DEPARTED_A,01fdbd00
190521073200,TAG_ARRIVED_A,01fdbd00
190521073201,SOLO_SUCCESS,01fdbd00
190521073203,TAG_DEPARTED_A,01fdbd00
190521073209,TAG_ARRIVED_A,01fdbd00
190521073210,SOLO_SUCCESS,01fdbd00
190521073211,TAG_DEPARTED_A,01fdbd00
190521073231,TAG_ARRIVED_A,01fdbd00
190521073232,SOLO_SUCCESS,01fdbd00
190521073355,TAG_DEPARTED_A,01fdbd00
