190717055514,START_EXPERIMENT,
190717055530,TAG_ARRIVED_A,1783900
190717055531,SOLO_FAIL,1783900
190717055533,TAG_ARRIVED_B,0139d100
190717055534,STARTCOOP_SUCCESS,01783900_0139d100
190717055535,ENDCOOP_SUCCESS,0139d100_01783900
190717055535,TAG_DEPARTED_B,0139d100
190717055537,TAG_DEPARTED_A,1783900
190717055712,LOCKOUT_ENDED,
190717062514,TAG_ARRIVED_A,01e01400
190717062515,SOLO_SUCCESS,01e01400
190717062516,TAG_DEPARTED_A,01e01400
190717062522,TAG_ARRIVED_A,01e01400
190717062523,SOLO_SUCCESS,01e01400
190717062525,TAG_DEPARTED_A,01e01400
190717062527,TAG_ARRIVED_A,01e01400
190717062528,SOLO_SUCCESS,01e01400
190717062529,TAG_DEPARTED_A,01e01400
190717062534,TAG_ARRIVED_A,01e01400
190717062535,SOLO_SUCCESS,01e01400
190717062536,TAG_DEPARTED_A,01e01400
190717062537,TAG_ARRIVED_A,01e01400
190717062538,SOLO_SUCCESS,01e01400
190717062539,TAG_DEPARTED_A,01e01400
190717062540,TAG_ARRIVED_A,01e01400
190717062541,SOLO_SUCCESS,01e01400
190717062542,TAG_DEPARTED_A,01e01400
190717062543,TAG_ARRIVED_A,01e01400
190717062544,SOLO_SUCCESS,01e01400
190717062554,TAG_DEPARTED_A,01e01400
190717062555,TAG_ARRIVED_B,1022600
190717062556,SOLO_SUCCESS,1022600
190717062556,TAG_ARRIVED_A,01e01400
190717062557,STARTCOOP_SUCCESS,01022600_01e01400
190717062557,TAG_DEPARTED_A,01e01400
190717062600,TAG_ARRIVED_A,01e01400
190717062601,STARTCOOP_SUCCESS,01022600_01e01400
190717062604,TAG_DEPARTED_A,01e01400
190717062605,TAG_ARRIVED_A,01e01400
190717062606,STARTCOOP_SUCCESS,01022600_01e01400
190717062606,TAG_DEPARTED_A,01e01400
190717062607,ENDCOOP_SUCCESS,01022600_
190717062607,TAG_DEPARTED_B,1022600
190717062609,TAG_ARRIVED_A,01e01400
190717062610,SOLO_SUCCESS,01e01400
190717062613,TAG_DEPARTED_A,01e01400
190717062628,TAG_ARRIVED_A,01e01400
190717062629,SOLO_SUCCESS,01e01400
190717062631,TAG_DEPARTED_A,01e01400
190717062956,TAG_ARRIVED_B,0102d400
190717062957,SOLO_SUCCESS,0102d400
190717063005,TAG_DEPARTED_B,0102d400
190717063006,TAG_ARRIVED_B,0102d400
190717063007,SOLO_SUCCESS,0102d400
190717063013,TAG_DEPARTED_B,0102d400
190717063020,TAG_ARRIVED_B,0102d400
190717063021,SOLO_SUCCESS,0102d400
190717063024,TAG_DEPARTED_B,0102d400
190717063026,TAG_ARRIVED_B,0102d400
190717063027,SOLO_SUCCESS,0102d400
190717063028,TAG_DEPARTED_B,0102d400
190717063029,TAG_ARRIVED_B,0102d400
190717063030,SOLO_SUCCESS,0102d400
190717063030,TAG_ARRIVED_A,01da4f00
190717063031,STARTCOOP_FAIL,0102d400_01da4f00
190717063031,ENDCOOP_FAIL,0102d400_01da4f00
190717063031,TAG_DEPARTED_B,0102d400
190717063033,TAG_DEPARTED_A,01da4f00
190717063033,TAG_ARRIVED_B,0102d400
190717063034,SOLO_FAIL,0102d400
190717063036,ENDCOOP_FAIL,0102d400_
190717063036,TAG_DEPARTED_B,0102d400
190717063036,TAG_ARRIVED_A,0102d400
190717063037,SOLO_FAIL,0102d400
190717063100,TAG_ARRIVED_B,0102d400
190717063101,SOLO_FAIL,0102d400
190717063101,TAG_DEPARTED_A,0102d400
190717063152,ENDCOOP_FAIL,0102d400_
190717063153,TAG_DEPARTED_B,0102d400
190717063230,LOCKOUT_ENDED,
190717063805,TAG_ARRIVED_B,1052500
190717063805,SOLO_SUCCESS,1052500
190717063815,TAG_DEPARTED_B,1052500
190717063817,TAG_ARRIVED_B,1052500
190717063818,SOLO_SUCCESS,1052500
190717064027,TAG_ARRIVED_A,01027f00
190717064028,STARTCOOP_SUCCESS,01052500_01027f00
190717064029,TAG_DEPARTED_A,01027f00
190717064029,TAG_ARRIVED_A,01027f00
190717064030,STARTCOOP_SUCCESS,01052500_01027f00
190717064042,TAG_DEPARTED_A,01027f00
190717064044,TAG_ARRIVED_A,01027f00
190717064045,STARTCOOP_SUCCESS,01052500_01027f00
190717064107,TAG_DEPARTED_A,01027f00
190717064111,TAG_ARRIVED_A,01027f00
190717064112,STARTCOOP_SUCCESS,01052500_01027f00
190717064114,TAG_DEPARTED_A,01027f00
190717064123,TAG_ARRIVED_A,01027f00
190717064124,STARTCOOP_SUCCESS,01052500_01027f00
190717064125,TAG_DEPARTED_A,01027f00
190717064127,TAG_ARRIVED_A,01027f00
190717064127,STARTCOOP_SUCCESS,01052500_01027f00
190717064133,ENDCOOP_SUCCESS,01052500_01027f00
190717064133,TAG_DEPARTED_B,1052500
190717064135,TAG_DEPARTED_A,01027f00
190717064135,TAG_ARRIVED_A,01027f00
190717064136,SOLO_SUCCESS,01027f00
190717064144,TAG_ARRIVED_B,01027f00
190717064145,SOLO_SUCCESS,01027f00
190717064145,TAG_DEPARTED_A,01027f00
190717064148,TAG_ARRIVED_A,01027f00
190717064148,SOLO_SUCCESS,01027f00
190717064149,TAG_DEPARTED_B,01027f00
190717064150,TAG_DEPARTED_A,01027f00
190717064151,TAG_ARRIVED_B,01027f00
190717064152,SOLO_SUCCESS,01027f00
190717064153,TAG_ARRIVED_A,01027f00
190717064154,SOLO_SUCCESS,01027f00
190717064154,TAG_DEPARTED_B,01027f00
190717064157,TAG_ARRIVED_B,1022600
190717064158,STARTCOOP_FAIL,01027f00_01022600
190717064201,TAG_DEPARTED_A,01027f00
190717064202,ENDCOOP_FAIL,01022600_
190717064202,TAG_DEPARTED_B,1022600
190717064204,TAG_ARRIVED_B,01027f00
190717064205,SOLO_FAIL,01027f00
190717064213,TAG_ARRIVED_A,01027f00
190717064213,SOLO_FAIL,01027f00
190717064214,ENDCOOP_FAIL,01027f00_01027f00
190717064214,TAG_DEPARTED_B,01027f00
190717064215,TAG_ARRIVED_A,01e01400
190717064216,SOLO_FAIL,01e01400
190717064228,TAG_DEPARTED_A,01e01400
190717064313,TAG_ARRIVED_A,019f7200
190717064313,SOLO_FAIL,019f7200
190717064334,TAG_ARRIVED_B,019f7200
190717064334,SOLO_FAIL,019f7200
190717064334,TAG_DEPARTED_A,019f7200
190717064358,LOCKOUT_ENDED,
190717064654,TAG_DEPARTED_B,019f7200
190717065051,TAG_ARRIVED_A,1022600
190717065052,SOLO_SUCCESS,1022600
190717065113,TAG_DEPARTED_A,1022600
190717065144,TAG_ARRIVED_A,016f8100
190717065146,TAG_MISSING_A,016f8100
190717065146,SOLO_SUCCESS,016f8100
190717065146,TAG_DEPARTED_A,016f8100
190717065156,TAG_ARRIVED_A,016f8100
190717065157,TAG_MISSING_A,016f8100
190717065157,SOLO_SUCCESS,016f8100
190717065204,TAG_DEPARTED_A,016f8100
190717065204,TAG_ARRIVED_A,016f8100
190717065206,TAG_MISSING_A,016f8100
190717065206,SOLO_SUCCESS,016f8100
190717065213,TAG_DEPARTED_A,016f8100
190717065358,TAG_ARRIVED_A,01e01400
190717065359,SOLO_SUCCESS,01e01400
190717065417,TAG_DEPARTED_A,01e01400
190717065433,TAG_ARRIVED_B,01e01400
190717065434,SOLO_SUCCESS,01e01400
190717065506,TAG_ARRIVED_A,01e01400
190717065506,SOLO_SUCCESS,01e01400
190717065507,TAG_DEPARTED_B,01e01400
190717065508,TAG_DEPARTED_A,01e01400
190717065552,TAG_ARRIVED_B,01027f00
190717065553,SOLO_SUCCESS,01027f00
190717065554,TAG_DEPARTED_B,01027f00
190717065554,TAG_ARRIVED_B,01027f00
190717065555,SOLO_SUCCESS,01027f00
190717065600,TAG_DEPARTED_B,01027f00
190717065600,TAG_ARRIVED_B,01027f00
190717065601,SOLO_SUCCESS,01027f00
190717065603,TAG_DEPARTED_B,01027f00
190717065608,TAG_ARRIVED_B,01027f00
190717065609,SOLO_SUCCESS,01027f00
190717065611,TAG_DEPARTED_B,01027f00
190717065622,TAG_ARRIVED_A,01027f00
190717065623,SOLO_SUCCESS,01027f00
190717065631,TAG_ARRIVED_B,01027f00
190717065632,SOLO_SUCCESS,01027f00
190717065632,TAG_DEPARTED_A,01027f00
190717065638,TAG_DEPARTED_B,01027f00
190717065649,TAG_ARRIVED_B,01027f00
190717065650,SOLO_SUCCESS,01027f00
190717065651,TAG_DEPARTED_B,01027f00
190717065653,TAG_ARRIVED_B,01027f00
190717065654,SOLO_SUCCESS,01027f00
190717065655,TAG_DEPARTED_B,01027f00
190717065655,TAG_ARRIVED_A,01027f00
190717065656,SOLO_SUCCESS,01027f00
190717065705,TAG_ARRIVED_B,01027f00
190717065706,SOLO_SUCCESS,01027f00
190717065706,TAG_DEPARTED_A,01027f00
190717065708,TAG_DEPARTED_B,01027f00
190717065712,TAG_ARRIVED_B,01027f00
190717065713,SOLO_SUCCESS,01027f00
190717065719,TAG_DEPARTED_B,01027f00
190717065720,TAG_ARRIVED_B,01027f00
190717065721,SOLO_SUCCESS,01027f00
190717065723,TAG_DEPARTED_B,01027f00
190717065723,TAG_ARRIVED_B,01027f00
190717065724,SOLO_SUCCESS,01027f00
190717065740,TAG_DEPARTED_B,01027f00
190717065740,TAG_ARRIVED_B,01027f00
190717065741,SOLO_SUCCESS,01027f00
190717065753,TAG_DEPARTED_B,01027f00
190717070350,TAG_ARRIVED_B,01d18f00
190717070351,SOLO_SUCCESS,01d18f00
190717070351,TAG_ARRIVED_B,01e01400
190717070352,SOLO_SUCCESS,01e01400
190717070407,TAG_DEPARTED_B,01e01400
190717070411,TAG_ARRIVED_B,01e01400
190717070412,SOLO_SUCCESS,01e01400
190717070418,TAG_DEPARTED_B,01e01400
190717070442,TAG_ARRIVED_B,01037b00
190717070443,SOLO_SUCCESS,01037b00
190717070449,TAG_DEPARTED_B,01037b00
190717070454,TAG_ARRIVED_B,01037b00
190717070455,SOLO_SUCCESS,01037b00
190717070456,TAG_DEPARTED_B,01037b00
190717070512,TAG_ARRIVED_B,01037b00
190717070513,SOLO_SUCCESS,01037b00
190717070514,TAG_DEPARTED_B,01037b00
190717070516,TAG_ARRIVED_B,01037b00
190717070517,SOLO_SUCCESS,01037b00
190717070526,TAG_DEPARTED_B,01037b00
190717070533,TAG_ARRIVED_B,01037b00
190717070534,SOLO_SUCCESS,01037b00
190717070536,TAG_DEPARTED_B,01037b00
190717070552,TAG_ARRIVED_B,01037b00
190717070553,SOLO_SUCCESS,01037b00
190717070558,TAG_DEPARTED_B,01037b00
190717070559,TAG_ARRIVED_B,01e01400
190717070600,SOLO_SUCCESS,01e01400
190717070621,TAG_DEPARTED_B,01e01400
190717070627,TAG_ARRIVED_B,01e01400
190717070628,SOLO_SUCCESS,01e01400
190717070629,TAG_DEPARTED_B,01e01400
190717070633,TAG_ARRIVED_B,01037b00
190717070634,SOLO_SUCCESS,01037b00
190717070636,TAG_DEPARTED_B,01037b00
190717070645,TAG_ARRIVED_B,01037b00
190717070645,SOLO_SUCCESS,01037b00
190717070648,TAG_DEPARTED_B,01037b00
190717070750,TAG_ARRIVED_B,01037b00
190717070751,SOLO_SUCCESS,01037b00
190717070753,TAG_ARRIVED_A,01037b00
190717070754,SOLO_SUCCESS,01037b00
190717070754,TAG_DEPARTED_B,01037b00
190717070759,TAG_DEPARTED_A,01037b00
190717070800,TAG_ARRIVED_B,01037b00
190717070801,SOLO_SUCCESS,01037b00
190717070802,TAG_DEPARTED_B,01037b00
190717070805,TAG_ARRIVED_B,01037b00
190717070806,SOLO_SUCCESS,01037b00
190717070808,TAG_ARRIVED_A,01037b00
190717070809,SOLO_SUCCESS,01037b00
190717070809,TAG_DEPARTED_B,01037b00
190717070813,TAG_ARRIVED_B,01037b00
190717070814,SOLO_SUCCESS,01037b00
190717070814,TAG_DEPARTED_A,01037b00
190717070819,TAG_ARRIVED_A,1023300
190717070820,STARTCOOP_FAIL,01037b00_01023300
190717070821,TAG_DEPARTED_A,1023300
190717070850,ENDCOOP_FAIL,01037b00_
190717070850,TAG_DEPARTED_B,01037b00
190717070857,TAG_ARRIVED_B,01037b00
190717070858,SOLO_FAIL,01037b00
190717070908,ENDCOOP_FAIL,01037b00_
190717070909,TAG_DEPARTED_B,01037b00
190717070909,TAG_ARRIVED_B,01037b00
190717070910,SOLO_FAIL,01037b00
190717070924,ENDCOOP_FAIL,01037b00_
190717070924,TAG_DEPARTED_B,01037b00
190717070925,TAG_ARRIVED_A,01037b00
190717070926,SOLO_FAIL,01037b00
190717070941,TAG_DEPARTED_A,01037b00
190717070943,TAG_ARRIVED_B,01037b00
190717070944,SOLO_FAIL,01037b00
190717070946,ENDCOOP_FAIL,01037b00_
190717070946,TAG_DEPARTED_B,01037b00
190717070947,TAG_ARRIVED_B,01037b00
190717070948,SOLO_FAIL,01037b00
190717070954,TAG_ARRIVED_A,01037b00
190717070955,SOLO_FAIL,01037b00
190717070955,ENDCOOP_FAIL,01037b00_01037b00
190717070955,TAG_DEPARTED_B,01037b00
190717071006,TAG_DEPARTED_A,01037b00
190717071020,LOCKOUT_ENDED,
190717071222,TAG_ARRIVED_A,1038800
190717071223,SOLO_SUCCESS,1038800
190717071224,TAG_DEPARTED_A,1038800
190717071225,TAG_ARRIVED_A,1038800
190717071225,SOLO_SUCCESS,1038800
190717071240,TAG_ARRIVED_B,0104d700
190717071240,STARTCOOP_FAIL,01038800_0104d700
190717071242,TAG_DEPARTED_A,1038800
190717071242,TAG_ARRIVED_A,1038800
190717071243,STARTCOOP_FAIL,0104d700_01038800
190717071258,TAG_ARRIVED_B,1038800
190717071259,SOLO_FAIL,1038800
190717071259,TAG_DEPARTED_A,1038800
190717071322,TAG_ARRIVED_A,0104d700
190717071322,STARTCOOP_FAIL,01038800_0104d700
190717071330,TAG_DEPARTED_A,0104d700
190717071446,ENDCOOP_FAIL,01038800_
190717071447,TAG_DEPARTED_B,1038800
190717071503,TAG_ARRIVED_A,01030c00
190717071503,SOLO_FAIL,01030c00
190717071507,TAG_ARRIVED_B,0104d700
190717071507,STARTCOOP_SUCCESS,01030c00_0104d700
190717071509,ENDCOOP_SUCCESS,0104d700_01030c00
190717071509,TAG_DEPARTED_B,0104d700
190717071510,TAG_ARRIVED_B,0104d700
190717071510,STARTCOOP_SUCCESS,01030c00_0104d700
190717071511,TAG_DEPARTED_A,01030c00
190717071526,TAG_DEPARTED_B,0104d700
190717071617,TAG_ARRIVED_B,01bcc000
190717071618,TAG_MISSING_B,01bcc000
190717071618,SOLO_SUCCESS,01bcc000
190717071701,TAG_DEPARTED_B,01bcc000
190717071701,TAG_ARRIVED_B,01bcc000
190717071703,TAG_MISSING_B,01bcc000
190717071703,SOLO_SUCCESS,01bcc000
190717071704,TAG_DEPARTED_B,01bcc000
190717071704,TAG_ARRIVED_B,01bcc000
190717071705,TAG_MISSING_B,01bcc000
190717071706,SOLO_SUCCESS,01bcc000
190717071742,TAG_DEPARTED_B,01bcc000
190717071745,TAG_ARRIVED_B,01bcc000
190717071747,TAG_MISSING_B,01bcc000
190717071747,SOLO_SUCCESS,01bcc000
190717071750,TAG_DEPARTED_B,01bcc000
190717071750,TAG_ARRIVED_B,01bcc000
190717071752,TAG_MISSING_B,01bcc000
190717071752,SOLO_SUCCESS,01bcc000
190717071752,TAG_DEPARTED_B,01bcc000
190717071753,TAG_ARRIVED_B,01bcc000
190717071755,TAG_MISSING_B,01bcc000
190717071755,SOLO_SUCCESS,01bcc000
190717071811,TAG_DEPARTED_B,01bcc000
190717072023,TAG_ARRIVED_A,01026c00
190717072024,SOLO_SUCCESS,01026c00
190717072028,TAG_DEPARTED_A,01026c00
190717072107,TAG_ARRIVED_B,01018f00
190717072107,SOLO_SUCCESS,01018f00
190717072109,TAG_DEPARTED_B,01018f00
190717072110,TAG_ARRIVED_B,01018f00
190717072110,SOLO_SUCCESS,01018f00
190717072120,TAG_DEPARTED_B,01018f00
190717072120,TAG_ARRIVED_B,01018f00
190717072120,SOLO_SUCCESS,01018f00
190717072123,TAG_DEPARTED_B,01018f00
190717072124,TAG_ARRIVED_B,01018f00
190717072124,SOLO_SUCCESS,01018f00
190717072131,TAG_DEPARTED_B,01018f00
190717072132,TAG_ARRIVED_B,01c4ca00
190717072133,SOLO_SUCCESS,01c4ca00
190717072145,TAG_ARRIVED_A,01027f00
190717072146,STARTCOOP_FAIL,01c4ca00_01027f00
190717072148,TAG_DEPARTED_A,01027f00
190717072148,TAG_ARRIVED_A,01027f00
190717072149,STARTCOOP_FAIL,01c4ca00_01027f00
190717072150,TAG_ARRIVED_A,01026c00
190717072151,STARTCOOP_SUCCESS,01c4ca00_01026c00
190717072152,TAG_DEPARTED_A,01026c00
190717072159,TAG_ARRIVED_A,01018f00
190717072159,STARTCOOP_FAIL,01c4ca00_01018f00
190717072201,TAG_DEPARTED_A,01018f00
190717072203,TAG_ARRIVED_A,01026c00
190717072204,STARTCOOP_SUCCESS,01c4ca00_01026c00
190717072207,TAG_DEPARTED_A,01026c00
190717072213,ENDCOOP_SUCCESS,01c4ca00_
190717072213,TAG_DEPARTED_B,01c4ca00
190717072214,TAG_ARRIVED_B,01c4ca00
190717072215,SOLO_FAIL,01c4ca00
190717072216,ENDCOOP_FAIL,01c4ca00_
190717072217,TAG_DEPARTED_B,01c4ca00
190717072226,TAG_ARRIVED_B,01c4ca00
190717072227,SOLO_FAIL,01c4ca00
190717072235,ENDCOOP_FAIL,01c4ca00_
190717072235,TAG_DEPARTED_B,01c4ca00
190717072255,TAG_ARRIVED_A,01027f00
190717072256,SOLO_FAIL,01027f00
190717072256,TAG_ARRIVED_B,01c4ca00
190717072257,STARTCOOP_FAIL,01027f00_01c4ca00
190717072257,TAG_DEPARTED_A,01027f00
190717072258,TAG_ARRIVED_A,01027f00
190717072259,STARTCOOP_FAIL,01c4ca00_01027f00
190717072305,ENDCOOP_FAIL,01c4ca00_01027f00
190717072305,TAG_DEPARTED_B,01c4ca00
190717072308,TAG_ARRIVED_B,01c4ca00
190717072309,STARTCOOP_FAIL,01027f00_01c4ca00
190717072309,TAG_DEPARTED_A,01027f00
190717072310,ENDCOOP_FAIL,01c4ca00_
190717072311,TAG_DEPARTED_B,01c4ca00
190717072314,TAG_ARRIVED_B,01027f00
190717072315,SOLO_FAIL,01027f00
190717072316,ENDCOOP_FAIL,01027f00_
190717072317,TAG_DEPARTED_B,01027f00
190717072317,TAG_ARRIVED_A,01027f00
190717072318,SOLO_FAIL,01027f00
190717072335,TAG_ARRIVED_B,01027f00
190717072336,SOLO_FAIL,01027f00
190717072336,TAG_DEPARTED_A,01027f00
190717072337,TAG_ARRIVED_A,1031800
190717072337,STARTCOOP_SUCCESS,01027f00_01031800
190717072339,TAG_DEPARTED_A,1031800
190717072345,TAG_ARRIVED_A,1031800
190717072345,STARTCOOP_SUCCESS,01027f00_01031800
190717072353,ENDCOOP_SUCCESS,01027f00_01031800
190717072353,TAG_DEPARTED_B,01027f00
190717072354,TAG_ARRIVED_B,01027f00
190717072355,STARTCOOP_SUCCESS,01031800_01027f00
190717072356,TAG_DEPARTED_A,1031800
190717072357,TAG_ARRIVED_A,1031800
190717072357,STARTCOOP_SUCCESS,01027f00_01031800
190717072357,ENDCOOP_SUCCESS,01027f00_01031800
190717072358,TAG_DEPARTED_B,01027f00
190717072359,TAG_DEPARTED_A,1031800
190717072359,TAG_ARRIVED_B,01027f00
190717072400,SOLO_FAIL,01027f00
190717072401,ENDCOOP_FAIL,01027f00_
190717072402,TAG_DEPARTED_B,01027f00
190717072509,LOCKOUT_ENDED,
190717073050,TAG_ARRIVED_A,019f7200
190717073050,SOLO_SUCCESS,019f7200
190717073103,TAG_DEPARTED_A,019f7200
190717074045,TAG_ARRIVED_B,01027f00
190717074046,SOLO_SUCCESS,01027f00
190717074049,TAG_DEPARTED_B,01027f00
190717074051,TAG_ARRIVED_B,01027f00
190717074052,SOLO_SUCCESS,01027f00
190717074055,TAG_DEPARTED_B,01027f00
190717074111,TAG_ARRIVED_B,01027f00
190717074111,SOLO_SUCCESS,01027f00
190717074114,TAG_DEPARTED_B,01027f00
190717074125,TAG_ARRIVED_A,01027f00
190717074125,SOLO_SUCCESS,01027f00
190717074127,TAG_DEPARTED_A,01027f00
190717074143,TAG_ARRIVED_B,01037b00
190717074144,SOLO_SUCCESS,01037b00
190717074145,TAG_DEPARTED_B,01037b00
190717074221,TAG_ARRIVED_B,01037b00
190717074222,SOLO_SUCCESS,01037b00
190717074225,TAG_ARRIVED_B,01036a00
190717074225,SOLO_SUCCESS,01036a00
190717074242,TAG_ARRIVED_B,01037b00
190717074243,SOLO_SUCCESS,01037b00
190717074253,TAG_DEPARTED_B,01037b00
190717074257,TAG_ARRIVED_B,01037b00
190717074258,SOLO_SUCCESS,01037b00
190717074301,TAG_ARRIVED_B,01e01400
190717074302,SOLO_SUCCESS,01e01400
190717074305,TAG_DEPARTED_B,01e01400
190717074309,TAG_ARRIVED_B,01037b00
190717074310,SOLO_SUCCESS,01037b00
190717074312,TAG_DEPARTED_B,01037b00
190717074335,TAG_ARRIVED_B,01e01400
190717074336,SOLO_SUCCESS,01e01400
190717074338,TAG_DEPARTED_B,01e01400
190717074339,TAG_ARRIVED_B,01e01400
190717074340,SOLO_SUCCESS,01e01400
190717074353,TAG_DEPARTED_B,01e01400
190717074353,TAG_ARRIVED_B,01e01400
190717074354,SOLO_SUCCESS,01e01400
190717074356,TAG_DEPARTED_B,01e01400
190717074359,TAG_ARRIVED_B,01e01400
190717074400,SOLO_SUCCESS,01e01400
190717074403,TAG_DEPARTED_B,01e01400
190717074413,TAG_ARRIVED_B,0102d400
190717074414,SOLO_SUCCESS,0102d400
190717074415,TAG_DEPARTED_B,0102d400
190717074420,TAG_ARRIVED_A,0102d400
190717074421,SOLO_SUCCESS,0102d400
190717074422,TAG_DEPARTED_A,0102d400
190717074426,TAG_ARRIVED_A,0102d400
190717074427,SOLO_SUCCESS,0102d400
190717074429,TAG_DEPARTED_A,0102d400
190717074429,TAG_ARRIVED_A,0102d400
190717074430,SOLO_SUCCESS,0102d400
190717074435,TAG_DEPARTED_A,0102d400
190717074438,TAG_ARRIVED_A,0102d400
190717074439,SOLO_SUCCESS,0102d400
190717074440,TAG_DEPARTED_A,0102d400
190717074447,TAG_ARRIVED_A,0102d400
190717074448,SOLO_SUCCESS,0102d400
190717074457,TAG_DEPARTED_A,0102d400
190717074546,TAG_ARRIVED_A,0102d400
190717074547,SOLO_SUCCESS,0102d400
190717074549,TAG_DEPARTED_A,0102d400
190717074605,TAG_ARRIVED_A,0102d400
190717074606,SOLO_SUCCESS,0102d400
190717074618,TAG_DEPARTED_A,0102d400
190717074651,TAG_ARRIVED_A,0102d400
190717074652,SOLO_SUCCESS,0102d400
190717074653,TAG_DEPARTED_A,0102d400
190717074737,TAG_ARRIVED_B,019f7200
190717074737,SOLO_SUCCESS,019f7200
190717074831,TAG_DEPARTED_B,019f7200
190717075116,TAG_ARRIVED_B,01029a00
190717075116,SOLO_SUCCESS,01029a00
190717075118,TAG_DEPARTED_B,01029a00
190717075120,TAG_ARRIVED_B,01029a00
190717075121,SOLO_SUCCESS,01029a00
190717075126,TAG_DEPARTED_B,01029a00
190717075215,TAG_ARRIVED_B,01027f00
190717075215,SOLO_SUCCESS,01027f00
190717075217,TAG_DEPARTED_B,01027f00
190717075217,TAG_ARRIVED_B,01027f00
190717075218,SOLO_SUCCESS,01027f00
190717075223,TAG_DEPARTED_B,01027f00
190717075224,TAG_ARRIVED_B,01027f00
190717075225,SOLO_SUCCESS,01027f00
190717075228,TAG_DEPARTED_B,01027f00
190717075228,TAG_ARRIVED_B,01027f00
190717075229,SOLO_SUCCESS,01027f00
190717075230,TAG_DEPARTED_B,01027f00
190717075253,TAG_ARRIVED_A,01027f00
190717075254,SOLO_SUCCESS,01027f00
190717075255,TAG_ARRIVED_B,1031800
190717075255,STARTCOOP_SUCCESS,01027f00_01031800
190717075257,ENDCOOP_SUCCESS,01031800_01027f00
190717075258,TAG_DEPARTED_B,1031800
190717075258,TAG_ARRIVED_B,1031800
190717075258,STARTCOOP_SUCCESS,01027f00_01031800
190717075259,TAG_DEPARTED_A,01027f00
190717075303,TAG_ARRIVED_A,01027f00
190717075304,STARTCOOP_SUCCESS,01031800_01027f00
190717075304,ENDCOOP_SUCCESS,01031800_01027f00
190717075305,TAG_DEPARTED_B,1031800
190717075306,TAG_ARRIVED_B,1031800
190717075307,STARTCOOP_SUCCESS,01027f00_01031800
190717075307,TAG_DEPARTED_A,01027f00
190717075308,ENDCOOP_SUCCESS,01031800_
190717075309,TAG_DEPARTED_B,1031800
190717075309,TAG_ARRIVED_A,01027f00
190717075310,SOLO_SUCCESS,01027f00
190717075312,TAG_DEPARTED_A,01027f00
190717075313,TAG_ARRIVED_A,01027f00
190717075313,SOLO_SUCCESS,01027f00
190717075314,TAG_ARRIVED_B,1031800
190717075315,STARTCOOP_SUCCESS,01027f00_01031800
190717075317,TAG_DEPARTED_A,01027f00
190717075318,ENDCOOP_SUCCESS,01031800_
190717075318,TAG_DEPARTED_B,1031800
190717075323,TAG_ARRIVED_B,1031800
190717075323,SOLO_SUCCESS,1031800
190717075331,TAG_DEPARTED_B,1031800
190717075356,TAG_ARRIVED_A,01027f00
190717075356,SOLO_SUCCESS,01027f00
190717075358,TAG_ARRIVED_B,1031800
190717075359,STARTCOOP_SUCCESS,01027f00_01031800
190717075403,TAG_DEPARTED_A,01027f00
190717075404,TAG_ARRIVED_A,01027f00
190717075405,STARTCOOP_SUCCESS,01031800_01027f00
190717075406,ENDCOOP_SUCCESS,01031800_01027f00
190717075406,TAG_DEPARTED_B,1031800
190717075413,TAG_ARRIVED_B,1031800
190717075413,STARTCOOP_SUCCESS,01027f00_01031800
190717075414,TAG_DEPARTED_A,01027f00
190717075415,ENDCOOP_SUCCESS,01031800_
190717075415,TAG_DEPARTED_B,1031800
190717075420,TAG_ARRIVED_B,1031800
190717075420,SOLO_SUCCESS,1031800
190717075423,TAG_ARRIVED_A,01027f00
190717075424,STARTCOOP_SUCCESS,01031800_01027f00
190717075425,ENDCOOP_SUCCESS,01031800_01027f00
190717075425,TAG_DEPARTED_B,1031800
190717075426,TAG_DEPARTED_A,01027f00
190717075426,TAG_ARRIVED_B,1031800
190717075427,SOLO_SUCCESS,1031800
190717075427,TAG_ARRIVED_A,01027f00
190717075428,STARTCOOP_SUCCESS,01031800_01027f00
190717075429,TAG_DEPARTED_A,01027f00
190717075429,ENDCOOP_SUCCESS,01031800_
190717075430,TAG_DEPARTED_B,1031800
190717075430,TAG_ARRIVED_A,01027f00
190717075431,SOLO_SUCCESS,01027f00
190717075433,TAG_DEPARTED_A,01027f00
190717075435,TAG_ARRIVED_A,01027f00
190717075436,SOLO_SUCCESS,01027f00
190717075436,TAG_ARRIVED_B,1031800
190717075437,STARTCOOP_SUCCESS,01027f00_01031800
190717075438,ENDCOOP_SUCCESS,01031800_01027f00
190717075438,TAG_DEPARTED_B,1031800
190717075440,TAG_ARRIVED_B,1031800
190717075440,STARTCOOP_SUCCESS,01027f00_01031800
190717075453,ENDCOOP_SUCCESS,01031800_01027f00
190717075453,TAG_DEPARTED_B,1031800
190717075454,TAG_ARRIVED_B,1031800
190717075454,STARTCOOP_SUCCESS,01027f00_01031800
190717075458,ENDCOOP_SUCCESS,01031800_01027f00
190717075458,TAG_DEPARTED_B,1031800
190717075459,TAG_ARRIVED_B,1031800
190717075500,STARTCOOP_SUCCESS,01027f00_01031800
190717075501,ENDCOOP_SUCCESS,01031800_01027f00
190717075501,TAG_DEPARTED_B,1031800
190717075502,TAG_ARRIVED_B,1031800
190717075503,STARTCOOP_SUCCESS,01027f00_01031800
190717075506,ENDCOOP_SUCCESS,01031800_01027f00
190717075506,TAG_DEPARTED_B,1031800
190717075509,TAG_ARRIVED_B,1031800
190717075510,STARTCOOP_SUCCESS,01027f00_01031800
190717075511,ENDCOOP_SUCCESS,01031800_01027f00
190717075511,TAG_DEPARTED_B,1031800
190717075512,TAG_ARRIVED_B,1031800
190717075512,STARTCOOP_SUCCESS,01027f00_01031800
190717075514,ENDCOOP_SUCCESS,01031800_01027f00
190717075514,TAG_DEPARTED_B,1031800
190717075521,TAG_DEPARTED_A,01027f00
190717075522,TAG_ARRIVED_B,1031800
190717075522,SOLO_SUCCESS,1031800
190717075527,TAG_ARRIVED_A,01027f00
190717075528,STARTCOOP_SUCCESS,01031800_01027f00
190717075529,TAG_DEPARTED_A,01027f00
190717075529,TAG_ARRIVED_A,01027f00
190717075530,STARTCOOP_SUCCESS,01031800_01027f00
190717075531,TAG_DEPARTED_A,01027f00
190717075532,TAG_ARRIVED_A,01027f00
190717075532,STARTCOOP_SUCCESS,01031800_01027f00
190717075533,TAG_DEPARTED_A,01027f00
190717075545,TAG_ARRIVED_A,01027f00
190717075546,STARTCOOP_SUCCESS,01031800_01027f00
190717075552,ENDCOOP_SUCCESS,01031800_01027f00
190717075552,TAG_DEPARTED_B,1031800
190717075552,TAG_ARRIVED_B,1031800
190717075553,STARTCOOP_SUCCESS,01027f00_01031800
190717075553,TAG_DEPARTED_A,01027f00
190717075554,TAG_ARRIVED_A,01027f00
190717075554,STARTCOOP_SUCCESS,01031800_01027f00
190717075555,ENDCOOP_SUCCESS,01031800_01027f00
190717075555,TAG_DEPARTED_B,1031800
190717075558,TAG_ARRIVED_B,01c4ca00
190717075559,STARTCOOP_FAIL,01027f00_01c4ca00
190717075600,ENDCOOP_FAIL,01c4ca00_01027f00
190717075600,TAG_DEPARTED_B,01c4ca00
190717075605,TAG_DEPARTED_A,01027f00
190717075606,TAG_ARRIVED_B,01c4ca00
190717075607,SOLO_FAIL,01c4ca00
190717075611,ENDCOOP_FAIL,01c4ca00_
190717075612,TAG_DEPARTED_B,01c4ca00
190717075612,TAG_ARRIVED_B,01c4ca00
190717075613,SOLO_FAIL,01c4ca00
190717075613,TAG_ARRIVED_B,1031800
190717075614,SOLO_FAIL,1031800
190717075614,ENDCOOP_FAIL,01031800_
190717075615,TAG_DEPARTED_B,1031800
190717075639,TAG_ARRIVED_B,0104dd00
190717075640,SOLO_FAIL,0104dd00
190717075650,TAG_ARRIVED_A,01e01400
190717075651,STARTCOOP_SUCCESS,0104dd00_01e01400
190717075652,ENDCOOP_SUCCESS,0104dd00_01e01400
190717075653,TAG_DEPARTED_B,0104dd00
190717075658,TAG_ARRIVED_B,01d18f00
190717075659,STARTCOOP_SUCCESS,01e01400_01d18f00
190717075701,TAG_DEPARTED_A,01e01400
190717075703,TAG_ARRIVED_B,01e01400
190717075704,SOLO_FAIL,01e01400
190717075706,ENDCOOP_FAIL,01e01400_
190717075706,TAG_DEPARTED_B,01e01400
190717075754,TAG_ARRIVED_A,01e01400
190717075755,SOLO_FAIL,01e01400
190717075759,LOCKOUT_ENDED,
190717075803,TAG_DEPARTED_A,01e01400
190717075822,TAG_ARRIVED_A,01e01400
190717075822,SOLO_SUCCESS,01e01400
190717075849,TAG_DEPARTED_A,01e01400
190717075852,TAG_ARRIVED_A,01e01400
190717075853,SOLO_SUCCESS,01e01400
190717075947,TAG_DEPARTED_A,01e01400
190717075959,TAG_ARRIVED_A,01e01400
190717080000,SOLO_SUCCESS,01e01400
190717080006,TAG_DEPARTED_A,01e01400
190717080007,TAG_ARRIVED_B,01e01400
190717080008,SOLO_SUCCESS,01e01400
190717080009,TAG_DEPARTED_B,01e01400
190717080012,TAG_ARRIVED_B,01e01400
190717080013,SOLO_SUCCESS,01e01400
190717080017,TAG_DEPARTED_B,01e01400
190717080020,TAG_ARRIVED_B,01e01400
190717080021,SOLO_SUCCESS,01e01400
190717080033,TAG_DEPARTED_B,01e01400
190717080034,TAG_ARRIVED_B,01e01400
190717080035,SOLO_SUCCESS,01e01400
190717080043,TAG_DEPARTED_B,01e01400
190717080051,TAG_ARRIVED_B,01e01400
190717080052,SOLO_SUCCESS,01e01400
190717080105,TAG_DEPARTED_B,01e01400
190717080106,TAG_ARRIVED_B,01e01400
190717080107,SOLO_SUCCESS,01e01400
190717080121,TAG_DEPARTED_B,01e01400
190717080126,TAG_ARRIVED_B,01e01400
190717080127,SOLO_SUCCESS,01e01400
190717080130,TAG_DEPARTED_B,01e01400
190717080132,TAG_ARRIVED_B,01e01400
190717080133,SOLO_SUCCESS,01e01400
190717080135,TAG_DEPARTED_B,01e01400
190717080137,TAG_ARRIVED_A,01e01400
190717080138,SOLO_SUCCESS,01e01400
190717080206,TAG_ARRIVED_B,01c4ca00
190717080207,STARTCOOP_SUCCESS,01e01400_01c4ca00
190717080210,ENDCOOP_SUCCESS,01c4ca00_01e01400
190717080210,TAG_DEPARTED_B,01c4ca00
190717080210,TAG_ARRIVED_B,01037b00
190717080211,STARTCOOP_SUCCESS,01e01400_01037b00
190717080212,ENDCOOP_SUCCESS,01037b00_01e01400
190717080213,TAG_DEPARTED_B,01037b00
190717080213,TAG_ARRIVED_B,01037b00
190717080214,STARTCOOP_SUCCESS,01e01400_01037b00
190717080214,ENDCOOP_SUCCESS,01037b00_01e01400
190717080215,TAG_DEPARTED_B,01037b00
190717080215,TAG_ARRIVED_B,01037b00
190717080216,STARTCOOP_SUCCESS,01e01400_01037b00
190717080217,ENDCOOP_SUCCESS,01037b00_01e01400
190717080217,TAG_DEPARTED_B,01037b00
190717080233,TAG_ARRIVED_B,01037b00
190717080234,STARTCOOP_SUCCESS,01e01400_01037b00
190717080235,TAG_ARRIVED_B,01e01400
190717080235,SOLO_SUCCESS,01e01400
190717080236,TAG_DEPARTED_A,01e01400
190717080237,TAG_ARRIVED_A,01e01400
190717080238,SOLO_SUCCESS,01e01400
190717080238,TAG_DEPARTED_B,01e01400
190717080240,TAG_DEPARTED_A,01e01400
190717080245,TAG_ARRIVED_A,01e01400
190717080246,SOLO_SUCCESS,01e01400
190717080247,TAG_DEPARTED_A,01e01400
190717080250,TAG_ARRIVED_A,01e01400
190717080251,SOLO_SUCCESS,01e01400
190717080253,TAG_ARRIVED_B,01c4ca00
190717080254,STARTCOOP_SUCCESS,01e01400_01c4ca00
190717080255,ENDCOOP_SUCCESS,01c4ca00_01e01400
190717080255,TAG_DEPARTED_B,01c4ca00
190717080256,TAG_ARRIVED_B,01c4ca00
190717080257,STARTCOOP_SUCCESS,01e01400_01c4ca00
190717080303,ENDCOOP_SUCCESS,01c4ca00_01e01400
190717080303,TAG_DEPARTED_B,01c4ca00
190717080317,TAG_ARRIVED_B,01e01400
190717080318,SOLO_SUCCESS,01e01400
190717080318,TAG_DEPARTED_A,01e01400
190717080321,TAG_ARRIVED_A,01e01400
190717080322,SOLO_SUCCESS,01e01400
190717080322,TAG_DEPARTED_B,01e01400
190717080335,TAG_DEPARTED_A,01e01400
190717080336,TAG_ARRIVED_A,01e01400
190717080337,SOLO_SUCCESS,01e01400
190717080340,TAG_DEPARTED_A,01e01400
190717080344,TAG_ARRIVED_A,01e01400
190717080345,SOLO_SUCCESS,01e01400
190717080349,TAG_DEPARTED_A,01e01400
190717080350,TAG_ARRIVED_B,01e01400
190717080351,SOLO_SUCCESS,01e01400
190717080410,TAG_ARRIVED_A,01e01400
190717080411,SOLO_SUCCESS,01e01400
190717080411,TAG_DEPARTED_B,01e01400
190717080421,TAG_ARRIVED_B,01e01400
190717080422,SOLO_SUCCESS,01e01400
190717080422,TAG_DEPARTED_A,01e01400
190717080434,TAG_ARRIVED_A,01e01400
190717080435,SOLO_SUCCESS,01e01400
190717080435,TAG_DEPARTED_B,01e01400
190717080451,TAG_DEPARTED_A,01e01400
190717080456,TAG_ARRIVED_A,01e01400
190717080457,SOLO_SUCCESS,01e01400
190717080513,TAG_DEPARTED_A,01e01400
190717080524,TAG_ARRIVED_B,01037b00
190717080525,SOLO_SUCCESS,01037b00
190717080526,TAG_DEPARTED_B,01037b00
190717080534,TAG_ARRIVED_B,01037b00
190717080535,SOLO_SUCCESS,01037b00
190717080537,TAG_ARRIVED_A,01029a00
190717080538,STARTCOOP_SUCCESS,01037b00_01029a00
190717080539,ENDCOOP_SUCCESS,01037b00_01029a00
190717080539,TAG_DEPARTED_B,01037b00
190717080547,TAG_DEPARTED_A,01029a00
190717080549,TAG_ARRIVED_A,01029a00
190717080550,SOLO_SUCCESS,01029a00
190717080551,TAG_ARRIVED_B,01037b00
190717080552,STARTCOOP_SUCCESS,01029a00_01037b00
190717080553,ENDCOOP_SUCCESS,01037b00_01029a00
190717080553,TAG_DEPARTED_B,01037b00
190717080556,TAG_DEPARTED_A,01029a00
190717080557,TAG_ARRIVED_A,01029a00
190717080558,SOLO_SUCCESS,01029a00
190717080603,TAG_ARRIVED_B,01037b00
190717080604,STARTCOOP_SUCCESS,01029a00_01037b00
190717080604,TAG_DEPARTED_A,01029a00
190717080605,ENDCOOP_SUCCESS,01037b00_
190717080605,TAG_DEPARTED_B,01037b00
190717080606,TAG_ARRIVED_B,01037b00
190717080607,SOLO_SUCCESS,01037b00
190717080608,TAG_ARRIVED_A,01029a00
190717080609,STARTCOOP_SUCCESS,01037b00_01029a00
190717080609,ENDCOOP_SUCCESS,01037b00_01029a00
190717080609,TAG_DEPARTED_B,01037b00
190717080610,TAG_ARRIVED_B,01037b00
190717080611,STARTCOOP_SUCCESS,01029a00_01037b00
190717080611,TAG_DEPARTED_A,01029a00
190717080620,TAG_ARRIVED_A,01029a00
190717080621,STARTCOOP_SUCCESS,01037b00_01029a00
190717080621,ENDCOOP_SUCCESS,01037b00_01029a00
190717080622,TAG_DEPARTED_B,01037b00
190717080628,TAG_DEPARTED_A,01029a00
190717080629,TAG_ARRIVED_A,01029a00
190717080630,SOLO_SUCCESS,01029a00
190717080631,TAG_DEPARTED_A,01029a00
190717080632,TAG_ARRIVED_A,01029a00
190717080633,SOLO_SUCCESS,01029a00
190717080635,TAG_ARRIVED_B,0101c700
190717080636,STARTCOOP_SUCCESS,01029a00_0101c700
190717080637,TAG_ARRIVED_B,01037b00
190717080638,STARTCOOP_SUCCESS,01029a00_01037b00
190717080639,ENDCOOP_SUCCESS,01037b00_01029a00
190717080639,TAG_DEPARTED_B,01037b00
190717080639,TAG_ARRIVED_B,01037b00
190717080640,STARTCOOP_SUCCESS,01029a00_01037b00
190717080644,TAG_DEPARTED_A,01029a00
190717080651,ENDCOOP_SUCCESS,01037b00_
190717080652,TAG_DEPARTED_B,01037b00
190717080657,TAG_ARRIVED_A,01029a00
190717080658,SOLO_SUCCESS,01029a00
190717080701,TAG_ARRIVED_B,01037b00
190717080702,STARTCOOP_SUCCESS,01029a00_01037b00
190717080703,ENDCOOP_SUCCESS,01037b00_01029a00
190717080703,TAG_DEPARTED_B,01037b00
190717080707,TAG_DEPARTED_A,01029a00
190717080710,TAG_ARRIVED_B,01037b00
190717080711,SOLO_SUCCESS,01037b00
190717080712,TAG_DEPARTED_B,01037b00
190717080716,TAG_ARRIVED_A,01029a00
190717080717,SOLO_SUCCESS,01029a00
190717080720,TAG_ARRIVED_B,01037b00
190717080721,STARTCOOP_SUCCESS,01029a00_01037b00
190717080722,TAG_DEPARTED_A,01029a00
190717080723,TAG_ARRIVED_A,01029a00
190717080724,STARTCOOP_SUCCESS,01037b00_01029a00
190717080727,ENDCOOP_SUCCESS,01037b00_01029a00
190717080727,TAG_DEPARTED_B,01037b00
190717080731,TAG_ARRIVED_B,01037b00
190717080732,STARTCOOP_SUCCESS,01029a00_01037b00
190717080733,ENDCOOP_SUCCESS,01037b00_01029a00
190717080734,TAG_DEPARTED_B,01037b00
190717080747,TAG_ARRIVED_B,01037b00
190717080748,STARTCOOP_SUCCESS,01029a00_01037b00
190717080750,ENDCOOP_SUCCESS,01037b00_01029a00
190717080751,TAG_DEPARTED_B,01037b00
190717080751,TAG_ARRIVED_B,01037b00
190717080752,STARTCOOP_SUCCESS,01029a00_01037b00
190717080753,TAG_DEPARTED_A,01029a00
190717080753,TAG_ARRIVED_A,01029a00
190717080754,STARTCOOP_SUCCESS,01037b00_01029a00
190717080757,TAG_DEPARTED_B,01037b00
190717080757,REPLACEMENT,01018f00_01037b00
190717080757,TAG_ARRIVED_B,01018f00
190717080757,STARTCOOP_FAIL,01029a00_01018f00
190717080759,ENDCOOP_FAIL,01018f00_01029a00
190717080759,TAG_DEPARTED_B,01018f00
190717080804,TAG_ARRIVED_B,01018f00
190717080804,STARTCOOP_FAIL,01029a00_01018f00
190717080809,ENDCOOP_FAIL,01018f00_01029a00
190717080810,TAG_DEPARTED_B,01018f00
190717080813,TAG_ARRIVED_B,0104a800
190717080814,STARTCOOP_SUCCESS,01029a00_0104a800
190717080823,ENDCOOP_SUCCESS,0104a800_01029a00
190717080823,TAG_DEPARTED_B,0104a800
190717080824,TAG_ARRIVED_B,0104a800
190717080825,STARTCOOP_SUCCESS,01029a00_0104a800
190717080827,TAG_DEPARTED_A,01029a00
190717080828,TAG_ARRIVED_A,01029a00
190717080829,STARTCOOP_SUCCESS,0104a800_01029a00
190717080830,TAG_DEPARTED_A,01029a00
190717080833,ENDCOOP_SUCCESS,0104a800_
190717080834,TAG_DEPARTED_B,0104a800
190717080834,TAG_ARRIVED_A,01029a00
190717080835,SOLO_FAIL,01029a00
190717080836,TAG_DEPARTED_A,01029a00
190717080836,TAG_ARRIVED_A,01029a00
190717080837,SOLO_FAIL,01029a00
190717081005,LOCKOUT_ENDED,
190717081008,TAG_DEPARTED_A,01029a00
190717081009,TAG_ARRIVED_A,01029a00
190717081009,SOLO_SUCCESS,01029a00
190717081030,TAG_DEPARTED_A,01029a00
190717081033,TAG_ARRIVED_A,01029a00
190717081034,SOLO_SUCCESS,01029a00
190717081035,TAG_DEPARTED_A,01029a00
190717081050,TAG_ARRIVED_A,01029a00
190717081051,SOLO_SUCCESS,01029a00
190717081055,TAG_DEPARTED_A,01029a00
190717081058,TAG_ARRIVED_A,01029a00
190717081058,SOLO_SUCCESS,01029a00
190717081104,TAG_DEPARTED_A,01029a00
190717081104,TAG_ARRIVED_A,01029a00
190717081105,SOLO_SUCCESS,01029a00
190717081106,TAG_DEPARTED_A,01029a00
190717081124,TAG_ARRIVED_A,01029a00
190717081124,SOLO_SUCCESS,01029a00
190717081127,TAG_DEPARTED_A,01029a00
190717081130,TAG_ARRIVED_A,01029a00
190717081130,SOLO_SUCCESS,01029a00
190717081155,TAG_DEPARTED_A,01029a00
190717081156,TAG_ARRIVED_B,01029a00
190717081157,SOLO_SUCCESS,01029a00
190717081158,TAG_ARRIVED_A,1054400
190717081159,STARTCOOP_SUCCESS,01029a00_01054400
190717081200,ENDCOOP_SUCCESS,01029a00_01054400
190717081200,TAG_DEPARTED_B,01029a00
190717081202,TAG_DEPARTED_A,1054400
190717081209,TAG_ARRIVED_B,01029a00
190717081210,SOLO_SUCCESS,01029a00
190717081211,TAG_DEPARTED_B,01029a00
190717081215,TAG_ARRIVED_B,01029a00
190717081216,SOLO_SUCCESS,01029a00
190717081230,TAG_DEPARTED_B,01029a00
190717081237,TAG_ARRIVED_B,01029a00
190717081238,SOLO_SUCCESS,01029a00
190717081247,TAG_DEPARTED_B,01029a00
190717081247,TAG_ARRIVED_B,01029a00
190717081248,SOLO_SUCCESS,01029a00
190717081249,TAG_ARRIVED_A,1054400
190717081250,STARTCOOP_SUCCESS,01029a00_01054400
190717081251,TAG_DEPARTED_A,1054400
190717081319,TAG_ARRIVED_A,1054400
190717081320,STARTCOOP_SUCCESS,01029a00_01054400
190717081321,TAG_DEPARTED_A,1054400
190717081409,TAG_DEPARTED_B,01029a00
190717081419,TAG_ARRIVED_B,019f7200
190717081420,SOLO_SUCCESS,019f7200
190717081443,TAG_DEPARTED_B,019f7200
190717081444,TAG_ARRIVED_B,1031800
190717081445,SOLO_SUCCESS,1031800
190717081447,TAG_DEPARTED_B,1031800
190717081448,TAG_ARRIVED_B,1031800
190717081448,SOLO_SUCCESS,1031800
190717081452,TAG_DEPARTED_B,1031800
190717081453,TAG_ARRIVED_B,1031800
190717081453,SOLO_SUCCESS,1031800
190717081503,TAG_DEPARTED_B,1031800
190717081510,TAG_ARRIVED_B,1031800
190717081511,SOLO_SUCCESS,1031800
190717081526,TAG_DEPARTED_B,1031800
190717081535,TAG_ARRIVED_B,1031800
190717081535,SOLO_SUCCESS,1031800
190717081545,TAG_DEPARTED_B,1031800
190717081732,TAG_ARRIVED_B,01c4ca00
190717081733,SOLO_SUCCESS,01c4ca00
190717081736,TAG_DEPARTED_B,01c4ca00
190717081830,TAG_ARRIVED_B,01c4ca00
190717081831,SOLO_SUCCESS,01c4ca00
190717081832,TAG_DEPARTED_B,01c4ca00
190717081857,TAG_ARRIVED_B,01c4ca00
190717081858,SOLO_SUCCESS,01c4ca00
190717081901,TAG_DEPARTED_B,01c4ca00
190717082012,TAG_ARRIVED_B,01c4ca00
190717082013,SOLO_SUCCESS,01c4ca00
190717082016,TAG_DEPARTED_B,01c4ca00
190717082039,TAG_ARRIVED_B,01c4ca00
190717082040,SOLO_SUCCESS,01c4ca00
190717082053,TAG_DEPARTED_B,01c4ca00
190717082103,TAG_ARRIVED_B,01c4ca00
190717082104,SOLO_SUCCESS,01c4ca00
190717082109,TAG_DEPARTED_B,01c4ca00
190717082109,TAG_ARRIVED_B,01c4ca00
190717082110,SOLO_SUCCESS,01c4ca00
190717082119,TAG_DEPARTED_B,01c4ca00
190717082133,TAG_ARRIVED_B,01c4ca00
190717082134,SOLO_SUCCESS,01c4ca00
190717082136,TAG_DEPARTED_B,01c4ca00
190717082451,TAG_ARRIVED_B,01bcc000
190717082452,TAG_MISSING_B,01bcc000
190717082452,SOLO_SUCCESS,01bcc000
190717082504,TAG_DEPARTED_B,01bcc000
190717082505,TAG_ARRIVED_B,01bcc000
190717082506,TAG_MISSING_B,01bcc000
190717082506,SOLO_SUCCESS,01bcc000
190717082507,TAG_DEPARTED_B,01bcc000
190717082509,TAG_ARRIVED_B,01bcc000
190717082511,TAG_MISSING_B,01bcc000
190717082511,SOLO_SUCCESS,01bcc000
190717082512,TAG_ARRIVED_A,013d7200
190717082512,SOLO_SUCCESS,013d7200
190717082515,TAG_DEPARTED_A,013d7200
190717082518,TAG_DEPARTED_B,01bcc000
190717082518,TAG_ARRIVED_B,01bcc000
190717082520,TAG_MISSING_B,01bcc000
190717082520,SOLO_SUCCESS,01bcc000
190717082522,TAG_DEPARTED_B,01bcc000
190717082523,TAG_ARRIVED_B,01bcc000
190717082524,TAG_MISSING_B,01bcc000
190717082525,SOLO_SUCCESS,01bcc000
190717082525,TAG_DEPARTED_B,01bcc000
190717082529,TAG_ARRIVED_A,013d7200
190717082529,SOLO_SUCCESS,013d7200
190717082529,TAG_ARRIVED_B,01bcc000
190717082531,TAG_MISSING_B,01bcc000
190717082531,SOLO_SUCCESS,01bcc000
190717082531,TAG_DEPARTED_A,013d7200
190717082532,TAG_DEPARTED_B,01bcc000
190717082533,TAG_ARRIVED_B,01bcc000
190717082534,TAG_MISSING_B,01bcc000
190717082534,SOLO_SUCCESS,01bcc000
190717082535,TAG_ARRIVED_A,013d7200
190717082535,SOLO_SUCCESS,013d7200
190717082535,TAG_DEPARTED_B,01bcc000
190717082536,TAG_DEPARTED_A,013d7200
190717082536,TAG_ARRIVED_B,01bcc000
190717082538,TAG_MISSING_B,01bcc000
190717082538,SOLO_SUCCESS,01bcc000
190717082538,TAG_DEPARTED_B,01bcc000
190717082539,TAG_ARRIVED_B,01bcc000
190717082540,TAG_MISSING_B,01bcc000
190717082541,SOLO_SUCCESS,01bcc000
190717082545,TAG_DEPARTED_B,01bcc000
190717082551,TAG_ARRIVED_B,01bcc000
190717082553,TAG_MISSING_B,01bcc000
190717082553,SOLO_SUCCESS,01bcc000
190717082553,TAG_DEPARTED_B,01bcc000
190717082554,TAG_ARRIVED_B,01bcc000
190717082555,TAG_MISSING_B,01bcc000
190717082556,SOLO_SUCCESS,01bcc000
190717082556,TAG_ARRIVED_A,013d7200
190717082557,SOLO_SUCCESS,013d7200
190717082601,TAG_DEPARTED_A,013d7200
190717082609,TAG_DEPARTED_B,01bcc000
190717082741,TAG_ARRIVED_B,1.02E+03
190717082742,SOLO_SUCCESS,1.02E+03
190717082752,TAG_DEPARTED_B,1.02E+03
190717082755,TAG_ARRIVED_B,1.02E+03
190717082756,SOLO_SUCCESS,1.02E+03
190717082803,TAG_DEPARTED_B,1.02E+03
190717082900,TAG_ARRIVED_B,0102b600
190717082901,SOLO_SUCCESS,0102b600
190717082907,TAG_DEPARTED_B,0102b600
190717082910,TAG_ARRIVED_B,0102b600
190717082911,SOLO_SUCCESS,0102b600
190717082912,TAG_DEPARTED_B,0102b600
190717082923,TAG_ARRIVED_B,0102b600
190717082924,SOLO_SUCCESS,0102b600
190717082935,TAG_DEPARTED_B,0102b600
190717082938,TAG_ARRIVED_B,0102b600
190717082939,SOLO_SUCCESS,0102b600
190717082940,TAG_DEPARTED_B,0102b600
190717082958,TAG_ARRIVED_B,0102b600
190717082959,SOLO_SUCCESS,0102b600
190717083003,TAG_DEPARTED_B,0102b600
190717083023,TAG_ARRIVED_B,0102b600
190717083024,SOLO_SUCCESS,0102b600
190717083031,TAG_DEPARTED_B,0102b600
190717083031,TAG_ARRIVED_B,0102b600
190717083032,SOLO_SUCCESS,0102b600
190717083036,TAG_DEPARTED_B,0102b600
190717083043,TAG_ARRIVED_B,0102b600
190717083044,SOLO_SUCCESS,0102b600
190717083049,TAG_DEPARTED_B,0102b600
190717083105,TAG_ARRIVED_B,0102b600
190717083106,SOLO_SUCCESS,0102b600
190717083107,TAG_DEPARTED_B,0102b600
190717083118,TAG_ARRIVED_A,0102b600
190717083119,SOLO_SUCCESS,0102b600
190717083122,TAG_DEPARTED_A,0102b600
190717083129,TAG_ARRIVED_A,0102b600
190717083130,SOLO_SUCCESS,0102b600
190717083133,TAG_DEPARTED_A,0102b600
190717083138,TAG_ARRIVED_A,0102b600
190717083139,SOLO_SUCCESS,0102b600
190717083147,TAG_DEPARTED_A,0102b600
190717083151,TAG_ARRIVED_A,0102b600
190717083152,SOLO_SUCCESS,0102b600
190717083238,TAG_ARRIVED_B,0102b600
190717083238,SOLO_SUCCESS,0102b600
190717083239,TAG_DEPARTED_A,0102b600
190717083243,TAG_ARRIVED_A,0102b600
190717083244,SOLO_SUCCESS,0102b600
190717083244,TAG_DEPARTED_B,0102b600
190717083252,TAG_DEPARTED_A,0102b600
190717083257,TAG_ARRIVED_A,0103f300
190717083257,SOLO_SUCCESS,0103f300
190717083259,TAG_DEPARTED_A,0103f300
190717083300,TAG_ARRIVED_A,0103f300
190717083300,SOLO_SUCCESS,0103f300
190717083305,TAG_DEPARTED_A,0103f300
190717083308,TAG_ARRIVED_A,0103f300
190717083309,SOLO_SUCCESS,0103f300
190717083312,TAG_DEPARTED_A,0103f300
190717083316,TAG_ARRIVED_A,0103f300
190717083316,SOLO_SUCCESS,0103f300
190717083322,TAG_DEPARTED_A,0103f300
190717083323,TAG_ARRIVED_B,0195af00
190717083324,SOLO_SUCCESS,0195af00
190717083324,TAG_ARRIVED_A,0103f300
190717083325,STARTCOOP_FAIL,0195af00_0103f300
190717083325,ENDCOOP_FAIL,0195af00_0103f300
190717083325,TAG_DEPARTED_B,0195af00
190717083326,TAG_ARRIVED_B,0195af00
190717083327,STARTCOOP_FAIL,0103f300_0195af00
190717083327,ENDCOOP_FAIL,0195af00_0103f300
190717083328,TAG_DEPARTED_B,0195af00
190717083328,TAG_DEPARTED_A,0103f300
190717083328,TAG_ARRIVED_B,0195af00
190717083330,SOLO_FAIL,0195af00
190717083330,ENDCOOP_FAIL,0195af00_
190717083330,TAG_DEPARTED_B,0195af00
190717083527,LOCKOUT_ENDED,
190717083657,TAG_ARRIVED_A,01018f00
190717083658,SOLO_SUCCESS,01018f00
190717083700,TAG_DEPARTED_A,01018f00
190717083700,TAG_ARRIVED_A,01018f00
190717083701,SOLO_SUCCESS,01018f00
190717083725,TAG_DEPARTED_A,01018f00
190717083726,TAG_ARRIVED_A,01018f00
190717083726,SOLO_SUCCESS,01018f00
190717083734,TAG_DEPARTED_A,01018f00
190717083740,TAG_ARRIVED_A,01037b00
190717083741,SOLO_SUCCESS,01037b00
190717083751,TAG_ARRIVED_B,01037b00
190717083752,SOLO_SUCCESS,01037b00
190717083753,TAG_DEPARTED_A,01037b00
190717083753,TAG_DEPARTED_B,01037b00
190717083754,TAG_ARRIVED_A,01037b00
190717083755,SOLO_SUCCESS,01037b00
190717083801,TAG_DEPARTED_A,01037b00
190717083801,TAG_ARRIVED_A,01037b00
190717083802,SOLO_SUCCESS,01037b00
190717083808,TAG_DEPARTED_A,01037b00
190717083810,TAG_ARRIVED_A,01037b00
190717083811,SOLO_SUCCESS,01037b00
190717083812,TAG_ARRIVED_B,01018f00
190717083813,STARTCOOP_FAIL,01037b00_01018f00
190717083813,TAG_DEPARTED_A,01037b00
190717083814,ENDCOOP_FAIL,01018f00_
190717083815,TAG_DEPARTED_B,01018f00
190717083821,TAG_ARRIVED_B,01037b00
190717083822,SOLO_FAIL,01037b00
190717083823,ENDCOOP_FAIL,01037b00_
190717083823,TAG_DEPARTED_B,01037b00
190717083825,TAG_ARRIVED_B,01037b00
190717083826,SOLO_FAIL,01037b00
190717083829,ENDCOOP_FAIL,01037b00_
190717083829,TAG_DEPARTED_B,01037b00
190717083832,TAG_ARRIVED_B,01037b00
190717083834,SOLO_FAIL,01037b00
190717083837,ENDCOOP_FAIL,01037b00_
190717083837,TAG_DEPARTED_B,01037b00
190717083838,TAG_ARRIVED_A,01037b00
190717083839,SOLO_FAIL,01037b00
190717083840,TAG_ARRIVED_B,01018f00
190717083841,STARTCOOP_FAIL,01037b00_01018f00
190717083846,ENDCOOP_FAIL,01018f00_01037b00
190717083846,TAG_DEPARTED_B,01018f00
190717083846,TAG_ARRIVED_B,01018f00
190717083847,STARTCOOP_FAIL,01037b00_01018f00
190717083847,TAG_DEPARTED_B,01018f00
190717083847,REPLACEMENT,01037b00_01018f00
190717083847,TAG_ARRIVED_B,01037b00
190717083848,SOLO_FAIL,01037b00
190717083848,TAG_DEPARTED_A,01037b00
190717083849,ENDCOOP_FAIL,01037b00_
190717083849,TAG_DEPARTED_B,01037b00
190717083851,TAG_ARRIVED_B,01037b00
190717083852,SOLO_FAIL,01037b00
190717083856,TAG_ARRIVED_A,01037b00
190717083857,SOLO_FAIL,01037b00
190717083857,ENDCOOP_FAIL,01037b00_01037b00
190717083857,TAG_DEPARTED_B,01037b00
190717083907,TAG_DEPARTED_A,01037b00
190717083909,TAG_ARRIVED_A,01d18f00
190717083910,SOLO_FAIL,01d18f00
190717083916,TAG_ARRIVED_B,01037b00
190717083917,STARTCOOP_SUCCESS,01d18f00_01037b00
190717083918,ENDCOOP_SUCCESS,01037b00_01d18f00
190717083918,TAG_DEPARTED_B,01037b00
190717083919,TAG_ARRIVED_B,01037b00
190717083920,STARTCOOP_SUCCESS,01d18f00_01037b00
190717083920,TAG_DEPARTED_A,01d18f00
190717083921,ENDCOOP_SUCCESS,01037b00_
190717083921,TAG_DEPARTED_B,01037b00
190717083922,TAG_ARRIVED_B,01037b00
190717083923,SOLO_FAIL,01037b00
190717083937,ENDCOOP_FAIL,01037b00_
190717083937,TAG_DEPARTED_B,01037b00
190717083938,TAG_ARRIVED_A,01037b00
190717083939,SOLO_FAIL,01037b00
190717083950,TAG_ARRIVED_B,01037b00
190717083951,SOLO_FAIL,01037b00
190717083951,TAG_DEPARTED_A,01037b00
190717084006,ENDCOOP_FAIL,01037b00_
190717084006,TAG_DEPARTED_B,01037b00
190717084047,LOCKOUT_ENDED,
190717084057,TAG_ARRIVED_B,01da4f00
190717084057,SOLO_SUCCESS,01da4f00
190717084135,TAG_DEPARTED_B,01da4f00
190717084149,TAG_ARRIVED_B,01da4f00
190717084149,SOLO_SUCCESS,01da4f00
190717084201,TAG_DEPARTED_B,01da4f00
190717084204,TAG_ARRIVED_B,01da4f00
190717084204,SOLO_SUCCESS,01da4f00
190717084227,TAG_ARRIVED_A,1816200
190717084228,STARTCOOP_SUCCESS,01da4f00_01816200
190717084229,TAG_DEPARTED_A,1816200
190717084238,ENDCOOP_SUCCESS,01da4f00_
190717084238,TAG_DEPARTED_B,01da4f00
190717084245,TAG_ARRIVED_B,01da4f00
190717084245,SOLO_SUCCESS,01da4f00
190717084247,TAG_DEPARTED_B,01da4f00
190717084250,TAG_ARRIVED_B,01da4f00
190717084250,SOLO_SUCCESS,01da4f00
190717084416,TAG_DEPARTED_B,01da4f00
190717084420,TAG_ARRIVED_B,01da4f00
190717084421,SOLO_SUCCESS,01da4f00
190717084521,TAG_DEPARTED_B,01da4f00
190717084601,TAG_ARRIVED_B,01da4f00
190717084602,SOLO_SUCCESS,01da4f00
190717084623,TAG_DEPARTED_B,01da4f00
190717084639,TAG_ARRIVED_B,01da4f00
190717084640,SOLO_SUCCESS,01da4f00
190717084650,TAG_DEPARTED_B,01da4f00
190717084701,TAG_ARRIVED_B,01da4f00
190717084701,SOLO_SUCCESS,01da4f00
190717084743,TAG_ARRIVED_A,01da4f00
190717084744,SOLO_SUCCESS,01da4f00
190717084744,TAG_DEPARTED_B,01da4f00
190717084758,TAG_DEPARTED_A,01da4f00
190717090451,TAG_ARRIVED_B,019f7200
190717090452,SOLO_SUCCESS,019f7200
190717090653,TAG_ARRIVED_A,01027f00
190717090654,STARTCOOP_SUCCESS,019f7200_01027f00
190717090655,TAG_DEPARTED_A,01027f00
190717090656,TAG_ARRIVED_A,01027f00
190717090656,STARTCOOP_SUCCESS,019f7200_01027f00
190717090707,ENDCOOP_SUCCESS,019f7200_01027f00
190717090707,TAG_DEPARTED_B,019f7200
190717090709,TAG_DEPARTED_A,01027f00
190717090710,TAG_ARRIVED_A,01027f00
190717090711,SOLO_SUCCESS,01027f00
190717090717,TAG_DEPARTED_A,01027f00
190717090718,TAG_ARRIVED_A,01027f00
190717090719,SOLO_SUCCESS,01027f00
190717090723,TAG_DEPARTED_A,01027f00
190717090750,TAG_ARRIVED_B,01037b00
190717090751,SOLO_SUCCESS,01037b00
190717090752,TAG_DEPARTED_B,01037b00
190717090755,TAG_ARRIVED_B,01037b00
190717090756,SOLO_SUCCESS,01037b00
190717090802,TAG_DEPARTED_B,01037b00
190717090807,TAG_ARRIVED_A,01027f00
190717090807,SOLO_SUCCESS,01027f00
190717090808,TAG_ARRIVED_A,01037b00
190717090809,SOLO_SUCCESS,01037b00
190717090857,TAG_DEPARTED_A,01037b00
190717090902,TAG_ARRIVED_A,01037b00
190717090903,SOLO_SUCCESS,01037b00
190717090910,TAG_DEPARTED_A,01037b00
190717090927,TAG_ARRIVED_B,01037b00
190717090928,SOLO_SUCCESS,01037b00
190717090936,TAG_DEPARTED_B,01037b00
190717090937,TAG_ARRIVED_B,01037b00
190717090938,SOLO_SUCCESS,01037b00
190717090954,TAG_ARRIVED_A,01027f00
190717090955,STARTCOOP_FAIL,01037b00_01027f00
190717091005,ENDCOOP_FAIL,01037b00_01027f00
190717091005,TAG_DEPARTED_B,01037b00
190717091007,TAG_ARRIVED_B,01037b00
190717091009,STARTCOOP_FAIL,01027f00_01037b00
190717091014,TAG_ARRIVED_A,01037b00
190717091015,SOLO_FAIL,01037b00
190717091016,ENDCOOP_FAIL,01037b00_01037b00
190717091016,TAG_DEPARTED_B,01037b00
190717091023,TAG_ARRIVED_B,01037b00
190717091024,SOLO_FAIL,01037b00
190717091024,TAG_DEPARTED_A,01037b00
190717091027,ENDCOOP_FAIL,01037b00_
190717091027,TAG_DEPARTED_B,01037b00
190717091033,TAG_ARRIVED_B,01027f00
190717091033,SOLO_FAIL,01027f00
190717091038,ENDCOOP_FAIL,01027f00_
190717091039,TAG_DEPARTED_B,01027f00
190717091044,TAG_ARRIVED_B,01027f00
190717091045,SOLO_FAIL,01027f00
190717091046,ENDCOOP_FAIL,01027f00_
190717091047,TAG_DEPARTED_B,01027f00
190717091058,TAG_ARRIVED_B,01027f00
190717091059,SOLO_FAIL,01027f00
190717091104,ENDCOOP_FAIL,01027f00_
190717091104,TAG_DEPARTED_B,01027f00
190717091108,TAG_ARRIVED_B,01027f00
190717091109,SOLO_FAIL,01027f00
190717091111,ENDCOOP_FAIL,01027f00_
190717091111,TAG_DEPARTED_B,01027f00
190717091128,TAG_ARRIVED_A,01027f00
190717091128,SOLO_FAIL,01027f00
190717091130,TAG_DEPARTED_A,01027f00
190717091209,LOCKOUT_ENDED,
190717091330,TAG_ARRIVED_A,01027f00
190717091331,SOLO_SUCCESS,01027f00
190717091335,TAG_DEPARTED_A,01027f00
190717091336,TAG_ARRIVED_A,01027f00
190717091337,SOLO_SUCCESS,01027f00
190717091341,TAG_DEPARTED_A,01027f00
190717091346,TAG_ARRIVED_A,01027f00
190717091347,SOLO_SUCCESS,01027f00
190717091352,TAG_ARRIVED_B,1031800
190717091353,STARTCOOP_SUCCESS,01027f00_01031800
190717091353,TAG_DEPARTED_A,01027f00
190717091354,ENDCOOP_SUCCESS,01031800_
190717091354,TAG_DEPARTED_B,1031800
190717091355,TAG_ARRIVED_A,01027f00
190717091356,SOLO_SUCCESS,01027f00
190717091403,TAG_ARRIVED_B,1031800
190717091404,STARTCOOP_SUCCESS,01027f00_01031800
190717091405,TAG_DEPARTED_A,01027f00
190717091407,ENDCOOP_SUCCESS,01031800_
190717091407,TAG_DEPARTED_B,1031800
190717091407,TAG_ARRIVED_B,1031800
190717091408,SOLO_SUCCESS,1031800
190717091412,TAG_DEPARTED_B,1031800
190717091414,TAG_ARRIVED_B,1031800
190717091415,SOLO_SUCCESS,1031800
190717091415,TAG_ARRIVED_A,01027f00
190717091416,STARTCOOP_SUCCESS,01031800_01027f00
190717091416,ENDCOOP_SUCCESS,01031800_01027f00
190717091416,TAG_DEPARTED_B,1031800
190717091417,TAG_ARRIVED_B,1031800
190717091417,STARTCOOP_SUCCESS,01027f00_01031800
190717091418,TAG_DEPARTED_A,01027f00
190717091421,TAG_ARRIVED_A,01027f00
190717091422,STARTCOOP_SUCCESS,01031800_01027f00
190717091423,ENDCOOP_SUCCESS,01031800_01027f00
190717091423,TAG_DEPARTED_B,1031800
190717091425,TAG_ARRIVED_B,1031800
190717091426,STARTCOOP_SUCCESS,01027f00_01031800
190717091440,ENDCOOP_SUCCESS,01031800_01027f00
190717091440,TAG_DEPARTED_B,1031800
190717091441,TAG_ARRIVED_B,1031800
190717091442,STARTCOOP_SUCCESS,01027f00_01031800
190717091443,ENDCOOP_SUCCESS,01031800_01027f00
190717091444,TAG_DEPARTED_B,1031800
190717091444,TAG_ARRIVED_B,1031800
190717091445,STARTCOOP_SUCCESS,01027f00_01031800
190717091445,TAG_DEPARTED_A,01027f00
190717091445,TAG_ARRIVED_A,01027f00
190717091446,STARTCOOP_SUCCESS,01031800_01027f00
190717091447,ENDCOOP_SUCCESS,01031800_01027f00
190717091447,TAG_DEPARTED_B,1031800
190717091452,TAG_ARRIVED_B,1031800
190717091453,STARTCOOP_SUCCESS,01027f00_01031800
190717091454,TAG_DEPARTED_A,01027f00
190717091455,TAG_ARRIVED_A,01027f00
190717091456,STARTCOOP_SUCCESS,01031800_01027f00
190717091456,ENDCOOP_SUCCESS,01031800_01027f00
190717091457,TAG_DEPARTED_B,1031800
190717091459,TAG_ARRIVED_B,1031800
190717091500,STARTCOOP_SUCCESS,01027f00_01031800
190717091507,TAG_DEPARTED_A,01027f00
190717091511,ENDCOOP_SUCCESS,01031800_
190717091511,TAG_DEPARTED_B,1031800
190717091511,TAG_ARRIVED_B,1031800
190717091512,SOLO_SUCCESS,1031800
190717091515,TAG_ARRIVED_A,01027f00
190717091516,STARTCOOP_SUCCESS,01031800_01027f00
190717091518,TAG_DEPARTED_A,01027f00
190717091519,ENDCOOP_SUCCESS,01031800_
190717091519,TAG_DEPARTED_B,1031800
190717091519,TAG_ARRIVED_A,01027f00
190717091520,SOLO_SUCCESS,01027f00
190717091521,TAG_ARRIVED_B,1031800
190717091521,STARTCOOP_SUCCESS,01027f00_01031800
190717091528,ENDCOOP_SUCCESS,01031800_01027f00
190717091528,TAG_DEPARTED_B,1031800
190717091532,TAG_ARRIVED_B,1031800
190717091533,STARTCOOP_SUCCESS,01027f00_01031800
190717091535,TAG_DEPARTED_A,01027f00
190717091536,ENDCOOP_SUCCESS,01031800_
190717091536,TAG_DEPARTED_B,1031800
190717091537,TAG_ARRIVED_B,1031800
190717091537,SOLO_SUCCESS,1031800
190717091538,TAG_ARRIVED_A,01027f00
190717091538,STARTCOOP_SUCCESS,01031800_01027f00
190717091539,ENDCOOP_SUCCESS,01031800_01027f00
190717091539,TAG_DEPARTED_B,1031800
190717091546,TAG_DEPARTED_A,01027f00
190717091552,TAG_ARRIVED_B,1031800
190717091553,SOLO_SUCCESS,1031800
190717091553,TAG_ARRIVED_A,01027f00
190717091554,STARTCOOP_SUCCESS,01031800_01027f00
190717091554,ENDCOOP_SUCCESS,01031800_01027f00
190717091555,TAG_DEPARTED_B,1031800
190717091604,TAG_ARRIVED_B,1031800
190717091604,STARTCOOP_SUCCESS,01027f00_01031800
190717091609,ENDCOOP_SUCCESS,01031800_01027f00
190717091610,TAG_DEPARTED_B,1031800
190717091611,TAG_ARRIVED_B,1031800
190717091612,STARTCOOP_SUCCESS,01027f00_01031800
190717091613,ENDCOOP_SUCCESS,01031800_01027f00
190717091614,TAG_DEPARTED_B,1031800
190717091623,TAG_ARRIVED_B,1031800
190717091624,STARTCOOP_SUCCESS,01027f00_01031800
190717091625,ENDCOOP_SUCCESS,01031800_01027f00
190717091625,TAG_DEPARTED_B,1031800
190717091626,TAG_DEPARTED_A,01027f00
190717091701,TAG_ARRIVED_A,01027f00
190717091702,SOLO_SUCCESS,01027f00
190717091703,TAG_ARRIVED_B,1031800
190717091703,STARTCOOP_SUCCESS,01027f00_01031800
190717091705,ENDCOOP_SUCCESS,01031800_01027f00
190717091705,TAG_DEPARTED_B,1031800
190717091706,TAG_ARRIVED_B,1031800
190717091706,STARTCOOP_SUCCESS,01027f00_01031800
190717091713,ENDCOOP_SUCCESS,01031800_01027f00
190717091713,TAG_DEPARTED_B,1031800
190717091717,TAG_ARRIVED_B,1031800
190717091718,STARTCOOP_SUCCESS,01027f00_01031800
190717091718,TAG_DEPARTED_A,01027f00
190717091725,ENDCOOP_SUCCESS,01031800_
190717091725,TAG_DEPARTED_B,1031800
190717091727,TAG_ARRIVED_A,01027f00
190717091728,SOLO_SUCCESS,01027f00
190717091729,TAG_ARRIVED_B,1031800
190717091729,STARTCOOP_SUCCESS,01027f00_01031800
190717091729,TAG_DEPARTED_A,01027f00
190717091730,TAG_ARRIVED_A,01027f00
190717091731,STARTCOOP_SUCCESS,01031800_01027f00
190717091732,TAG_DEPARTED_A,01027f00
190717091734,TAG_ARRIVED_A,01027f00
190717091735,STARTCOOP_SUCCESS,01031800_01027f00
190717091735,ENDCOOP_SUCCESS,01031800_01027f00
190717091736,TAG_DEPARTED_B,1031800
190717091736,TAG_DEPARTED_A,01027f00
190717091737,TAG_ARRIVED_B,01027f00
190717091737,SOLO_SUCCESS,01027f00
190717091739,TAG_DEPARTED_B,01027f00
190717091740,TAG_ARRIVED_B,01027f00
190717091741,SOLO_SUCCESS,01027f00
190717091741,TAG_ARRIVED_A,1031800
190717091742,STARTCOOP_SUCCESS,01027f00_01031800
190717091745,TAG_DEPARTED_A,1031800
190717091747,TAG_ARRIVED_A,1031800
190717091748,STARTCOOP_SUCCESS,01027f00_01031800
190717091749,TAG_DEPARTED_A,1031800
190717091751,TAG_ARRIVED_A,1031800
190717091751,STARTCOOP_SUCCESS,01027f00_01031800
190717091753,TAG_DEPARTED_A,1031800
190717091753,TAG_ARRIVED_A,1031800
190717091754,STARTCOOP_SUCCESS,01027f00_01031800
190717091755,TAG_DEPARTED_A,1031800
190717091755,TAG_ARRIVED_A,01bcc000
190717091757,TAG_MISSING_A,01bcc000
190717091757,SOLO_SUCCESS,01bcc000
190717091757,TAG_DEPARTED_A,01bcc000
190717091758,TAG_ARRIVED_A,01bcc000
190717091759,TAG_MISSING_A,01bcc000
190717091759,SOLO_SUCCESS,01bcc000
190717091800,TAG_DEPARTED_A,01bcc000
190717091800,TAG_ARRIVED_A,01bcc000
190717091802,TAG_MISSING_A,01bcc000
190717091802,SOLO_SUCCESS,01bcc000
190717091802,TAG_DEPARTED_B,01027f00
190717091803,TAG_DEPARTED_A,01bcc000
190717091803,TAG_ARRIVED_B,01027f00
190717091804,SOLO_SUCCESS,01027f00
190717091804,TAG_ARRIVED_A,01bcc000
190717091805,TAG_MISSING_A,01bcc000
190717091806,SOLO_SUCCESS,01bcc000
190717091806,TAG_DEPARTED_B,01027f00
190717091806,TAG_DEPARTED_A,01bcc000
190717091807,TAG_ARRIVED_B,01027f00
190717091808,SOLO_SUCCESS,01027f00
190717091808,TAG_ARRIVED_A,01bcc000
190717091809,TAG_MISSING_A,01bcc000
190717091809,SOLO_SUCCESS,01bcc000
190717091810,TAG_DEPARTED_A,01bcc000
190717091810,TAG_ARRIVED_A,01bcc000
190717091812,TAG_MISSING_A,01bcc000
190717091812,SOLO_SUCCESS,01bcc000
190717091812,TAG_DEPARTED_B,01027f00
190717091813,TAG_DEPARTED_A,01bcc000
190717091813,TAG_ARRIVED_B,01027f00
190717091814,SOLO_SUCCESS,01027f00
190717091814,TAG_ARRIVED_A,01bcc000
190717091815,TAG_MISSING_A,01bcc000
190717091816,SOLO_SUCCESS,01bcc000
190717091816,TAG_DEPARTED_B,01027f00
190717091816,TAG_DEPARTED_A,01bcc000
190717091817,TAG_ARRIVED_B,01027f00
190717091818,SOLO_SUCCESS,01027f00
190717091818,TAG_ARRIVED_A,01bcc000
190717091819,TAG_MISSING_A,01bcc000
190717091820,SOLO_SUCCESS,01bcc000
190717091820,TAG_DEPARTED_A,01bcc000
190717091824,TAG_DEPARTED_B,01027f00
190717091833,TAG_ARRIVED_B,01bcc000
190717091834,TAG_MISSING_B,01bcc000
190717091834,SOLO_SUCCESS,01bcc000
190717091842,TAG_DEPARTED_B,01bcc000
190717091842,TAG_ARRIVED_B,01bcc000
190717091843,TAG_MISSING_B,01bcc000
190717091844,SOLO_SUCCESS,01bcc000
190717091850,TAG_DEPARTED_B,01bcc000
190717091851,TAG_ARRIVED_B,01bcc000
190717091853,TAG_MISSING_B,01bcc000
190717091853,SOLO_SUCCESS,01bcc000
190717091854,TAG_DEPARTED_B,01bcc000
190717091858,TAG_ARRIVED_B,01bcc000
190717091900,TAG_MISSING_B,01bcc000
190717091900,SOLO_SUCCESS,01bcc000
190717091901,TAG_DEPARTED_B,01bcc000
190717091901,TAG_ARRIVED_B,01bcc000
190717091903,TAG_MISSING_B,01bcc000
190717091903,SOLO_SUCCESS,01bcc000
190717091904,TAG_DEPARTED_B,01bcc000
190717091904,TAG_ARRIVED_B,01bcc000
190717091906,TAG_MISSING_B,01bcc000
190717091906,SOLO_SUCCESS,01bcc000
190717091926,TAG_DEPARTED_B,01bcc000
190717091926,TAG_ARRIVED_B,01bcc000
190717091927,TAG_MISSING_B,01bcc000
190717091928,SOLO_SUCCESS,01bcc000
190717091928,TAG_DEPARTED_B,01bcc000
190717091931,TAG_ARRIVED_B,01bcc000
190717091932,TAG_MISSING_B,01bcc000
190717091932,SOLO_SUCCESS,01bcc000
190717091933,TAG_DEPARTED_B,01bcc000
190717091939,TAG_ARRIVED_B,01bcc000
190717091940,TAG_MISSING_B,01bcc000
190717091940,SOLO_SUCCESS,01bcc000
190717091942,TAG_DEPARTED_B,01bcc000
190717091947,TAG_ARRIVED_B,01bcc000
190717091949,TAG_MISSING_B,01bcc000
190717091949,SOLO_SUCCESS,01bcc000
190717091949,TAG_DEPARTED_B,01bcc000
190717091957,TAG_ARRIVED_B,01bcc000
190717091959,TAG_MISSING_B,01bcc000
190717091959,SOLO_SUCCESS,01bcc000
190717092001,TAG_DEPARTED_B,01bcc000
190717092006,TAG_ARRIVED_B,01bcc000
190717092007,TAG_MISSING_B,01bcc000
190717092008,SOLO_SUCCESS,01bcc000
190717092013,TAG_DEPARTED_B,01bcc000
190717092020,TAG_ARRIVED_B,013d7200
190717092021,SOLO_SUCCESS,013d7200
190717092025,TAG_DEPARTED_B,013d7200
190717092027,TAG_ARRIVED_B,013d7200
190717092027,SOLO_SUCCESS,013d7200
190717092029,TAG_DEPARTED_B,013d7200
190717092037,TAG_ARRIVED_B,013d7200
190717092038,SOLO_SUCCESS,013d7200
190717092042,TAG_DEPARTED_B,013d7200
190717092043,TAG_ARRIVED_B,013d7200
190717092043,SOLO_SUCCESS,013d7200
190717092045,TAG_DEPARTED_B,013d7200
190717092208,TAG_ARRIVED_A,01e01400
190717092209,SOLO_SUCCESS,01e01400
190717092210,TAG_DEPARTED_A,01e01400
190717092214,TAG_ARRIVED_A,01e01400
190717092215,SOLO_SUCCESS,01e01400
190717092216,TAG_DEPARTED_A,01e01400
190717092253,TAG_ARRIVED_A,01e01400
190717092254,SOLO_SUCCESS,01e01400
190717092257,TAG_DEPARTED_A,01e01400
190717092258,TAG_ARRIVED_A,01e01400
190717092259,SOLO_SUCCESS,01e01400
190717092337,TAG_DEPARTED_A,01e01400
190717092402,TAG_ARRIVED_B,01e01400
190717092403,SOLO_SUCCESS,01e01400
190717092416,TAG_ARRIVED_A,01e01400
190717092417,SOLO_SUCCESS,01e01400
190717092417,TAG_DEPARTED_B,01e01400
190717092448,TAG_ARRIVED_B,01018f00
190717092448,STARTCOOP_FAIL,01e01400_01018f00
190717092449,TAG_DEPARTED_A,01e01400
190717092450,ENDCOOP_FAIL,01018f00_
190717092450,TAG_DEPARTED_B,01018f00
190717092549,TAG_ARRIVED_A,1026800
190717092549,SOLO_FAIL,1026800
190717092553,TAG_ARRIVED_B,1052500
190717092554,STARTCOOP_SUCCESS,01026800_01052500
190717092555,ENDCOOP_SUCCESS,01052500_01026800
190717092555,TAG_DEPARTED_B,1052500
190717092614,TAG_DEPARTED_A,1026800
190717092614,TAG_ARRIVED_A,1026800
190717092615,SOLO_FAIL,1026800
190717092648,LOCKOUT_ENDED,
190717092704,TAG_DEPARTED_A,1026800
190717092708,TAG_ARRIVED_A,1026800
190717092709,SOLO_SUCCESS,1026800
190717092719,TAG_DEPARTED_A,1026800
190717092730,TAG_ARRIVED_A,1026800
190717092731,SOLO_SUCCESS,1026800
190717092743,TAG_DEPARTED_A,1026800
190717092744,TAG_ARRIVED_A,1026800
190717092744,SOLO_SUCCESS,1026800
190717092754,TAG_DEPARTED_A,1026800
190717092800,TAG_ARRIVED_A,1026800
190717092800,SOLO_SUCCESS,1026800
190717092806,TAG_DEPARTED_A,1026800
190717092809,TAG_ARRIVED_A,1026800
190717092809,SOLO_SUCCESS,1026800
190717092814,TAG_DEPARTED_A,1026800
190717092817,TAG_ARRIVED_A,1026800
190717092817,SOLO_SUCCESS,1026800
190717092826,TAG_DEPARTED_A,1026800
190717092827,TAG_ARRIVED_A,1026800
190717092827,SOLO_SUCCESS,1026800
190717092855,TAG_DEPARTED_A,1026800
190717092857,TAG_ARRIVED_A,1026800
190717092858,SOLO_SUCCESS,1026800
190717092902,TAG_DEPARTED_A,1026800
190717092903,TAG_ARRIVED_A,1026800
190717092903,SOLO_SUCCESS,1026800
190717092918,TAG_DEPARTED_A,1026800
190717092921,TAG_ARRIVED_A,1026800
190717092922,SOLO_SUCCESS,1026800
190717092927,TAG_DEPARTED_A,1026800
190717092927,TAG_ARRIVED_A,1026800
190717092928,SOLO_SUCCESS,1026800
190717092943,TAG_DEPARTED_A,1026800
190717092944,TAG_ARRIVED_A,1026800
190717092944,SOLO_SUCCESS,1026800
190717092946,TAG_DEPARTED_A,1026800
190717092950,TAG_ARRIVED_B,1031800
190717092951,SOLO_SUCCESS,1031800
190717092953,TAG_DEPARTED_B,1031800
190717092953,TAG_ARRIVED_A,1045100
190717092954,SOLO_SUCCESS,1045100
190717092954,TAG_ARRIVED_B,1031800
190717092955,STARTCOOP_SUCCESS,01045100_01031800
190717092958,ENDCOOP_SUCCESS,01031800_01045100
190717092958,TAG_DEPARTED_B,1031800
190717092958,TAG_DEPARTED_A,1045100
190717092959,TAG_ARRIVED_A,1045100
190717092959,SOLO_SUCCESS,1045100
190717093004,TAG_ARRIVED_B,1031800
190717093004,STARTCOOP_SUCCESS,01045100_01031800
190717093009,ENDCOOP_SUCCESS,01031800_01045100
190717093009,TAG_DEPARTED_B,1031800
190717093014,TAG_ARRIVED_B,1031800
190717093014,STARTCOOP_SUCCESS,01045100_01031800
190717093016,TAG_DEPARTED_A,1045100
190717093017,TAG_ARRIVED_A,1031800
190717093018,SOLO_SUCCESS,1031800
190717093018,TAG_DEPARTED_B,1031800
190717093028,TAG_DEPARTED_A,1031800
190717093029,TAG_ARRIVED_B,1031800
190717093030,SOLO_SUCCESS,1031800
190717093033,TAG_ARRIVED_A,1031800
190717093034,SOLO_SUCCESS,1031800
190717093034,TAG_DEPARTED_B,1031800
190717093042,TAG_DEPARTED_A,1031800
190717093043,TAG_ARRIVED_B,01031b00
190717093044,TAG_MISSING_B,01031b00
190717093044,SOLO_SUCCESS,01031b00
190717093045,TAG_ARRIVED_B,1031800
190717093046,SOLO_SUCCESS,1031800
190717093054,TAG_ARRIVED_A,1031800
190717093054,SOLO_SUCCESS,1031800
190717093055,TAG_DEPARTED_B,1031800
190717093056,TAG_DEPARTED_A,1031800
190717093056,TAG_ARRIVED_A,1031800
190717093057,SOLO_SUCCESS,1031800
190717093103,TAG_DEPARTED_A,1031800
190717093106,TAG_ARRIVED_B,1031800
190717093107,SOLO_SUCCESS,1031800
190717093113,TAG_DEPARTED_B,1031800
190717093119,TAG_ARRIVED_A,1031800
190717093119,SOLO_SUCCESS,1031800
190717093121,TAG_DEPARTED_A,1031800
190717093129,TAG_ARRIVED_B,1027300
190717093130,SOLO_SUCCESS,1027300
190717093130,TAG_ARRIVED_A,1031800
190717093131,STARTCOOP_FAIL,01027300_01031800
190717093131,ENDCOOP_FAIL,01027300_01031800
190717093131,TAG_DEPARTED_B,1027300
190717093132,TAG_DEPARTED_A,1031800
190717093132,TAG_ARRIVED_B,1027300
190717093133,SOLO_FAIL,1027300
190717093134,TAG_ARRIVED_A,1031800
190717093135,STARTCOOP_FAIL,01027300_01031800
190717093141,TAG_DEPARTED_A,1031800
190717093142,TAG_ARRIVED_A,1031800
190717093142,STARTCOOP_FAIL,01027300_01031800
190717093144,ENDCOOP_FAIL,01027300_01031800
190717093144,TAG_DEPARTED_B,1027300
190717093145,TAG_ARRIVED_B,1027300
190717093146,STARTCOOP_FAIL,01031800_01027300
190717093146,TAG_DEPARTED_A,1031800
190717093151,TAG_ARRIVED_A,1031800
190717093151,STARTCOOP_FAIL,01027300_01031800
190717093152,TAG_DEPARTED_A,1031800
190717093153,ENDCOOP_FAIL,01027300_
190717093154,TAG_DEPARTED_B,1027300
190717093324,TAG_ARRIVED_A,1045100
190717093324,SOLO_FAIL,1045100
190717093328,TAG_DEPARTED_A,1045100
190717093330,TAG_ARRIVED_A,1045100
190717093330,SOLO_FAIL,1045100
190717093337,TAG_DEPARTED_A,1045100
190717093343,TAG_ARRIVED_A,1045100
190717093343,SOLO_FAIL,1045100
190717093351,LOCKOUT_ENDED,
190717093354,TAG_DEPARTED_A,1045100
190717093419,TAG_ARRIVED_A,01029a00
190717093419,SOLO_SUCCESS,01029a00
190717093424,TAG_DEPARTED_A,01029a00
190717093425,TAG_ARRIVED_B,01037b00
190717093426,SOLO_SUCCESS,01037b00
190717093431,TAG_ARRIVED_A,01029a00
190717093432,STARTCOOP_SUCCESS,01037b00_01029a00
190717093432,ENDCOOP_SUCCESS,01037b00_01029a00
190717093432,TAG_DEPARTED_B,01037b00
190717093433,TAG_DEPARTED_A,01029a00
190717093434,TAG_ARRIVED_B,01037b00
190717093435,SOLO_SUCCESS,01037b00
190717093435,TAG_ARRIVED_A,01029a00
190717093436,STARTCOOP_SUCCESS,01037b00_01029a00
190717093437,ENDCOOP_SUCCESS,01037b00_01029a00
190717093437,TAG_DEPARTED_B,01037b00
190717093515,TAG_ARRIVED_B,01037b00
190717093516,STARTCOOP_SUCCESS,01029a00_01037b00
190717093518,ENDCOOP_SUCCESS,01037b00_01029a00
190717093518,TAG_DEPARTED_B,01037b00
190717093537,TAG_ARRIVED_B,01037b00
190717093538,STARTCOOP_SUCCESS,01029a00_01037b00
190717093539,TAG_DEPARTED_A,01029a00
190717093540,TAG_ARRIVED_A,01029a00
190717093541,STARTCOOP_SUCCESS,01037b00_01029a00
190717093541,ENDCOOP_SUCCESS,01037b00_01029a00
190717093541,TAG_DEPARTED_B,01037b00
190717093551,TAG_DEPARTED_A,01029a00
190717093552,TAG_ARRIVED_A,01029a00
190717093553,SOLO_SUCCESS,01029a00
190717093612,TAG_ARRIVED_B,01037b00
190717093613,STARTCOOP_SUCCESS,01029a00_01037b00
190717093614,ENDCOOP_SUCCESS,01037b00_01029a00
190717093614,TAG_DEPARTED_B,01037b00
190717093614,TAG_DEPARTED_A,01029a00
190717093618,TAG_ARRIVED_A,01029a00
190717093619,SOLO_SUCCESS,01029a00
190717093619,TAG_ARRIVED_B,01037b00
190717093620,STARTCOOP_SUCCESS,01029a00_01037b00
190717093620,TAG_DEPARTED_A,01029a00
190717093621,ENDCOOP_SUCCESS,01037b00_
190717093622,TAG_DEPARTED_B,01037b00
190717093628,TAG_ARRIVED_B,01029a00
190717093628,SOLO_SUCCESS,01029a00
190717093633,TAG_ARRIVED_A,01037b00
190717093634,STARTCOOP_SUCCESS,01029a00_01037b00
190717093634,ENDCOOP_SUCCESS,01029a00_01037b00
190717093635,TAG_DEPARTED_B,01029a00
190717093636,TAG_ARRIVED_B,01029a00
190717093637,STARTCOOP_SUCCESS,01037b00_01029a00
190717093638,TAG_DEPARTED_A,01037b00
190717093649,ENDCOOP_SUCCESS,01029a00_
190717093650,TAG_DEPARTED_B,01029a00
190717093651,TAG_ARRIVED_A,01037b00
190717093653,SOLO_SUCCESS,01037b00
190717093655,TAG_DEPARTED_A,01037b00
190717093719,TAG_ARRIVED_B,01029a00
190717093720,SOLO_SUCCESS,01029a00
190717093722,TAG_DEPARTED_B,01029a00
190717093726,TAG_ARRIVED_A,016f8100
190717093728,TAG_MISSING_A,016f8100
190717093728,SOLO_SUCCESS,016f8100
190717093729,TAG_DEPARTED_A,016f8100
190717093731,TAG_ARRIVED_A,016f8100
190717093733,TAG_MISSING_A,016f8100
190717093733,SOLO_SUCCESS,016f8100
190717093733,TAG_DEPARTED_A,016f8100
190717093735,TAG_ARRIVED_A,016f8100
190717093736,TAG_MISSING_A,016f8100
190717093737,SOLO_SUCCESS,016f8100
190717093737,TAG_DEPARTED_A,016f8100
190717093738,TAG_ARRIVED_A,016f8100
190717093739,TAG_MISSING_A,016f8100
190717093740,SOLO_SUCCESS,016f8100
190717093758,TAG_DEPARTED_A,016f8100
190717093801,TAG_ARRIVED_A,016f8100
190717093803,TAG_MISSING_A,016f8100
190717093803,SOLO_SUCCESS,016f8100
190717093808,TAG_DEPARTED_A,016f8100
190717093816,TAG_ARRIVED_A,016f8100
190717093817,TAG_MISSING_A,016f8100
190717093817,SOLO_SUCCESS,016f8100
190717093820,TAG_DEPARTED_A,016f8100
190717093820,TAG_ARRIVED_A,016f8100
190717093822,TAG_MISSING_A,016f8100
190717093822,SOLO_SUCCESS,016f8100
190717093828,TAG_ARRIVED_B,01037b00
190717093829,SOLO_SUCCESS,01037b00
190717093829,TAG_DEPARTED_A,016f8100
190717093844,TAG_DEPARTED_B,01037b00
190717093845,TAG_ARRIVED_A,01e01400
190717093846,SOLO_SUCCESS,01e01400
190717093847,TAG_DEPARTED_A,01e01400
190717093852,TAG_ARRIVED_A,01e01400
190717093853,SOLO_SUCCESS,01e01400
190717093854,TAG_DEPARTED_A,01e01400
190717093856,TAG_ARRIVED_A,01e01400
190717093857,SOLO_SUCCESS,01e01400
190717093859,TAG_DEPARTED_A,01e01400
190717093900,TAG_ARRIVED_A,01e01400
190717093901,SOLO_SUCCESS,01e01400
190717093937,TAG_DEPARTED_A,01e01400
190717093942,TAG_ARRIVED_A,01e01400
190717093943,SOLO_SUCCESS,01e01400
190717093947,TAG_ARRIVED_B,0102d400
190717093948,STARTCOOP_SUCCESS,01e01400_0102d400
190717093956,TAG_DEPARTED_A,01e01400
190717094007,TAG_DEPARTED_B,0102d400
190717094007,TAG_ARRIVED_B,0102d400
190717094008,SOLO_SUCCESS,0102d400
190717094009,TAG_ARRIVED_A,01e01400
190717094010,STARTCOOP_SUCCESS,0102d400_01e01400
190717094010,ENDCOOP_SUCCESS,0102d400_01e01400
190717094010,TAG_DEPARTED_B,0102d400
190717094013,TAG_ARRIVED_B,0102d400
190717094014,STARTCOOP_SUCCESS,01e01400_0102d400
190717094014,TAG_DEPARTED_A,01e01400
190717094015,ENDCOOP_SUCCESS,0102d400_
190717094015,TAG_DEPARTED_B,0102d400
190717094024,TAG_ARRIVED_A,01e01400
190717094025,SOLO_SUCCESS,01e01400
190717094029,TAG_DEPARTED_A,01e01400
190717094039,TAG_ARRIVED_A,01e01400
190717094040,SOLO_SUCCESS,01e01400
190717094043,TAG_ARRIVED_B,0102d400
190717094044,STARTCOOP_SUCCESS,01e01400_0102d400
190717094045,ENDCOOP_SUCCESS,0102d400_01e01400
190717094045,TAG_DEPARTED_B,0102d400
190717094047,TAG_DEPARTED_A,01e01400
190717094113,TAG_ARRIVED_A,01e01400
190717094114,SOLO_SUCCESS,01e01400
190717094122,TAG_DEPARTED_A,01e01400
190717094132,TAG_ARRIVED_A,01e01400
190717094133,SOLO_SUCCESS,01e01400
190717094141,TAG_DEPARTED_A,01e01400
190717094218,TAG_ARRIVED_A,01e01400
190717094219,SOLO_SUCCESS,01e01400
190717094220,TAG_ARRIVED_B,0102d400
190717094221,STARTCOOP_SUCCESS,01e01400_0102d400
190717094221,TAG_DEPARTED_A,01e01400
190717094222,TAG_ARRIVED_A,01e01400
190717094223,STARTCOOP_SUCCESS,0102d400_01e01400
190717094223,ENDCOOP_SUCCESS,0102d400_01e01400
190717094223,TAG_DEPARTED_B,0102d400
190717094224,TAG_DEPARTED_A,01e01400
190717094237,TAG_ARRIVED_B,0102d400
190717094238,SOLO_SUCCESS,0102d400
190717094247,TAG_DEPARTED_B,0102d400
190717094248,TAG_ARRIVED_B,0102d400
190717094249,SOLO_SUCCESS,0102d400
190717094252,TAG_DEPARTED_B,0102d400
190717094252,TAG_ARRIVED_A,01e01400
190717094253,SOLO_SUCCESS,01e01400
190717094258,TAG_ARRIVED_B,0102d400
190717094259,STARTCOOP_SUCCESS,01e01400_0102d400
190717094300,TAG_DEPARTED_A,01e01400
190717094301,TAG_ARRIVED_A,01e01400
190717094302,STARTCOOP_SUCCESS,0102d400_01e01400
190717094302,TAG_DEPARTED_A,01e01400
190717094310,TAG_ARRIVED_A,01e01400
190717094311,STARTCOOP_SUCCESS,0102d400_01e01400
190717094312,TAG_DEPARTED_A,01e01400
190717094349,TAG_ARRIVED_A,0102d400
190717094350,SOLO_SUCCESS,0102d400
190717094350,TAG_DEPARTED_B,0102d400
190717094419,TAG_DEPARTED_A,0102d400
190717094428,TAG_ARRIVED_B,1031800
190717094429,SOLO_SUCCESS,1031800
190717094430,TAG_DEPARTED_B,1031800
190717094432,TAG_ARRIVED_B,1031800
190717094433,SOLO_SUCCESS,1031800
190717094436,TAG_DEPARTED_B,1031800
190717094443,TAG_ARRIVED_A,1031800
190717094443,SOLO_SUCCESS,1031800
190717094454,TAG_DEPARTED_A,1031800
190717094457,TAG_ARRIVED_B,1031800
190717094458,SOLO_SUCCESS,1031800
190717094505,TAG_DEPARTED_B,1031800
190717094511,TAG_ARRIVED_B,1031800
190717094511,SOLO_SUCCESS,1031800
190717094514,TAG_DEPARTED_B,1031800
190717094523,TAG_ARRIVED_B,1031800
190717094524,SOLO_SUCCESS,1031800
190717094533,TAG_DEPARTED_B,1031800
190717094534,TAG_ARRIVED_B,1031800
190717094534,SOLO_SUCCESS,1031800
190717094547,TAG_ARRIVED_B,01026c00
190717094548,SOLO_SUCCESS,01026c00
190717094556,TAG_DEPARTED_B,01026c00
190717094826,TAG_ARRIVED_B,1052500
190717094827,SOLO_SUCCESS,1052500
190717094900,TAG_DEPARTED_B,1052500
190717094920,TAG_ARRIVED_B,1052500
190717094920,SOLO_SUCCESS,1052500
190717094922,TAG_DEPARTED_B,1052500
190717094946,TAG_ARRIVED_B,1052500
190717094947,SOLO_SUCCESS,1052500
190717094950,TAG_DEPARTED_B,1052500
190717094953,TAG_ARRIVED_B,1052500
190717094954,SOLO_SUCCESS,1052500
190717095021,TAG_DEPARTED_B,1052500
190717095445,TAG_ARRIVED_A,0102ac00
190717095445,SOLO_SUCCESS,0102ac00
190717095448,TAG_DEPARTED_A,0102ac00
190717095454,TAG_ARRIVED_A,0102ac00
190717095454,SOLO_SUCCESS,0102ac00
190717095505,TAG_DEPARTED_A,0102ac00
190717095552,TAG_ARRIVED_A,1045100
190717095553,SOLO_SUCCESS,1045100
190717095556,TAG_DEPARTED_A,1045100
190717095620,TAG_ARRIVED_A,07a0b700
190717095621,SOLO_SUCCESS,07a0b700
190717095631,TAG_ARRIVED_A,0102ac00
190717095631,SOLO_SUCCESS,0102ac00
190717095634,TAG_ARRIVED_B,0101e800
190717095635,TAG_MISSING_B,0101e800
190717095635,SOLO_SUCCESS,0101e800
190717095636,TAG_DEPARTED_A,0102ac00
190717095636,TAG_ARRIVED_A,07a0b700
190717095637,SOLO_SUCCESS,07a0b700
190717095640,TAG_DEPARTED_B,0101e800
190717095655,TAG_DEPARTED_A,07a0b700
190717095655,TAG_ARRIVED_A,07a0b700
190717095656,SOLO_SUCCESS,07a0b700
190717095657,TAG_DEPARTED_A,07a0b700
190717095659,TAG_ARRIVED_A,07a0b700
190717095659,SOLO_SUCCESS,07a0b700
190717095704,TAG_ARRIVED_B,07a0b700
190717095704,SOLO_SUCCESS,07a0b700
190717095705,TAG_DEPARTED_A,07a0b700
190717095708,TAG_DEPARTED_B,07a0b700
190717095712,TAG_ARRIVED_B,07a0b700
190717095713,SOLO_SUCCESS,07a0b700
190717095718,TAG_DEPARTED_B,07a0b700
190717095720,TAG_ARRIVED_B,07a0b700
190717095721,SOLO_SUCCESS,07a0b700
190717095722,TAG_ARRIVED_A,0103f300
190717095723,STARTCOOP_SUCCESS,07a0b700_0103f300
190717095724,ENDCOOP_SUCCESS,07a0b700_0103f300
190717095724,TAG_DEPARTED_B,07a0b700
190717095726,TAG_ARRIVED_B,0101c700
190717095727,STARTCOOP_FAIL,0103f300_0101c700
190717095728,TAG_DEPARTED_A,0103f300
190717095728,TAG_ARRIVED_A,0103f300
190717095729,STARTCOOP_FAIL,0101c700_0103f300
190717095738,TAG_DEPARTED_A,0103f300
190717095738,TAG_ARRIVED_A,0103f300
190717095739,STARTCOOP_FAIL,0101c700_0103f300
190717095740,TAG_DEPARTED_A,0103f300
190717095741,ENDCOOP_FAIL,0101c700_
190717095741,TAG_DEPARTED_B,0101c700
190717095741,TAG_ARRIVED_A,0103f300
190717095742,SOLO_FAIL,0103f300
190717095743,TAG_DEPARTED_A,0103f300
190717095744,TAG_ARRIVED_B,1038800
190717095744,SOLO_FAIL,1038800
190717095746,ENDCOOP_FAIL,01038800_
190717095746,TAG_DEPARTED_B,1038800
190717095746,TAG_ARRIVED_A,1038800
190717095747,SOLO_FAIL,1038800
190717095748,TAG_ARRIVED_B,0101c700
190717095749,STARTCOOP_SUCCESS,01038800_0101c700
190717095750,ENDCOOP_SUCCESS,0101c700_01038800
190717095750,TAG_DEPARTED_B,0101c700
190717095750,TAG_ARRIVED_B,0101c700
190717095751,STARTCOOP_SUCCESS,01038800_0101c700
190717095752,TAG_DEPARTED_A,1038800
190717095752,TAG_ARRIVED_A,1038800
190717095753,STARTCOOP_SUCCESS,0101c700_01038800
190717095753,ENDCOOP_SUCCESS,0101c700_01038800
190717095754,TAG_DEPARTED_B,0101c700
190717095754,TAG_ARRIVED_B,0101c700
190717095755,STARTCOOP_SUCCESS,01038800_0101c700
190717095755,TAG_DEPARTED_A,1038800
190717095755,TAG_ARRIVED_A,1038800
190717095756,STARTCOOP_SUCCESS,0101c700_01038800
190717095757,TAG_DEPARTED_A,1038800
190717095800,TAG_ARRIVED_A,1038800
190717095801,STARTCOOP_SUCCESS,0101c700_01038800
190717095802,TAG_DEPARTED_A,1038800
190717095802,ENDCOOP_SUCCESS,0101c700_
190717095802,TAG_DEPARTED_B,0101c700
190717095804,TAG_ARRIVED_B,0101c700
190717095805,SOLO_FAIL,0101c700
190717095806,TAG_ARRIVED_A,1038800
190717095807,STARTCOOP_SUCCESS,0101c700_01038800
190717095807,ENDCOOP_SUCCESS,0101c700_01038800
190717095808,TAG_DEPARTED_B,0101c700
190717095812,TAG_DEPARTED_A,1038800
190717095813,TAG_ARRIVED_A,1038800
190717095814,SOLO_FAIL,1038800
190717095817,TAG_DEPARTED_A,1038800
190717095819,TAG_ARRIVED_A,1038800
190717095820,SOLO_FAIL,1038800
190717095820,TAG_ARRIVED_B,0101c700
190717095821,STARTCOOP_SUCCESS,01038800_0101c700
190717095821,ENDCOOP_SUCCESS,0101c700_01038800
190717095821,TAG_DEPARTED_B,0101c700
190717095822,TAG_ARRIVED_B,0101c700
190717095823,STARTCOOP_SUCCESS,01038800_0101c700
190717095823,ENDCOOP_SUCCESS,0101c700_01038800
190717095823,TAG_DEPARTED_B,0101c700
190717095824,TAG_ARRIVED_B,0101c700
190717095825,STARTCOOP_SUCCESS,01038800_0101c700
190717095825,TAG_DEPARTED_A,1038800
190717095826,TAG_ARRIVED_A,1038800
190717095827,STARTCOOP_SUCCESS,0101c700_01038800
190717095827,ENDCOOP_SUCCESS,0101c700_01038800
190717095827,TAG_DEPARTED_B,0101c700
190717095828,TAG_ARRIVED_B,0101c700
190717095829,STARTCOOP_SUCCESS,01038800_0101c700
190717095830,TAG_DEPARTED_A,1038800
190717095831,TAG_ARRIVED_A,1038800
190717095832,STARTCOOP_SUCCESS,0101c700_01038800
190717095832,ENDCOOP_SUCCESS,0101c700_01038800
190717095832,TAG_DEPARTED_B,0101c700
190717095842,TAG_ARRIVED_B,0101c700
190717095843,STARTCOOP_SUCCESS,01038800_0101c700
190717095844,ENDCOOP_SUCCESS,0101c700_01038800
190717095844,TAG_DEPARTED_B,0101c700
190717095845,TAG_ARRIVED_B,0101c700
190717095846,STARTCOOP_SUCCESS,01038800_0101c700
190717095850,TAG_DEPARTED_A,1038800
190717095851,TAG_ARRIVED_A,1038800
190717095852,STARTCOOP_SUCCESS,0101c700_01038800
190717095859,TAG_DEPARTED_A,1038800
190717095859,TAG_ARRIVED_A,1038800
190717095900,STARTCOOP_SUCCESS,0101c700_01038800
190717095901,TAG_DEPARTED_A,1038800
190717095902,TAG_ARRIVED_A,1038800
190717095903,STARTCOOP_SUCCESS,0101c700_01038800
190717095903,ENDCOOP_SUCCESS,0101c700_01038800
190717095903,TAG_DEPARTED_B,0101c700
190717095904,TAG_ARRIVED_B,0101c700
190717095905,STARTCOOP_SUCCESS,01038800_0101c700
190717095905,TAG_DEPARTED_A,1038800
190717095906,ENDCOOP_SUCCESS,0101c700_
190717095906,TAG_DEPARTED_B,0101c700
190717095907,TAG_ARRIVED_A,1038800
190717095908,SOLO_FAIL,1038800
190717095908,TAG_DEPARTED_A,1038800
190717095909,TAG_ARRIVED_A,1038800
190717095910,SOLO_FAIL,1038800
190717095912,TAG_ARRIVED_B,0101c700
190717095913,STARTCOOP_SUCCESS,01038800_0101c700
190717095914,ENDCOOP_SUCCESS,0101c700_01038800
190717095914,TAG_DEPARTED_B,0101c700
190717095917,TAG_ARRIVED_B,0101c700
190717095918,STARTCOOP_SUCCESS,01038800_0101c700
190717095923,ENDCOOP_SUCCESS,0101c700_01038800
190717095923,TAG_DEPARTED_B,0101c700
190717095923,TAG_ARRIVED_B,0101c700
190717095924,STARTCOOP_SUCCESS,01038800_0101c700
190717095925,ENDCOOP_SUCCESS,0101c700_01038800
190717095925,TAG_DEPARTED_B,0101c700
190717095926,TAG_ARRIVED_B,0101c700
190717095927,STARTCOOP_SUCCESS,01038800_0101c700
190717095929,ENDCOOP_SUCCESS,0101c700_01038800
190717095929,TAG_DEPARTED_B,0101c700
190717095931,TAG_DEPARTED_A,1038800
190717095933,TAG_ARRIVED_B,1038800
190717095934,SOLO_FAIL,1038800
190717095935,ENDCOOP_FAIL,01038800_
190717095935,TAG_DEPARTED_B,1038800
190717095939,LOCKOUT_ENDED,
190717095940,TAG_ARRIVED_B,1038800
190717095941,SOLO_SUCCESS,1038800
190717100010,TAG_DEPARTED_B,1038800
190717100010,TAG_ARRIVED_B,1038800
190717100011,SOLO_SUCCESS,1038800
190717100013,TAG_DEPARTED_B,1038800
