190627055622,START_EXPERIMENT,
190627065217,TAG_ARRIVED_A,018ef600
190627065218,SOLO_SUCCESS,018ef600
190627065223,TAG_DEPARTED_A,018ef600
190627065225,TAG_ARRIVED_B,018ef600
190627065226,SOLO_SUCCESS,018ef600
190627065230,TAG_ARRIVED_A,018ef600
190627065231,SOLO_SUCCESS,018ef600
190627065231,TAG_DEPARTED_B,018ef600
190627065232,TAG_DEPARTED_A,018ef600
190627065241,TAG_ARRIVED_A,018ef600
190627065242,SOLO_SUCCESS,018ef600
190627065244,TAG_ARRIVED_B,018ef600
190627065245,SOLO_SUCCESS,018ef600
190627065245,TAG_DEPARTED_A,018ef600
190627065305,TAG_DEPARTED_B,018ef600
190627065306,TAG_ARRIVED_A,018ef600
190627065307,SOLO_SUCCESS,018ef600
190627065309,TAG_DEPARTED_A,018ef600
190627065309,TAG_ARRIVED_A,018ef600
190627065310,SOLO_SUCCESS,018ef600
190627065313,TAG_DEPARTED_A,018ef600
190627065358,TAG_ARRIVED_A,018ef600
190627065359,SOLO_SUCCESS,018ef600
190627065401,TAG_DEPARTED_A,018ef600
190627065401,TAG_ARRIVED_A,018ef600
190627065402,SOLO_SUCCESS,018ef600
190627065413,TAG_DEPARTED_A,018ef600
190627074634,TAG_ARRIVED_A,018ef600
190627074635,SOLO_SUCCESS,018ef600
190627074636,TAG_DEPARTED_A,018ef600
190627074637,TAG_ARRIVED_A,018ef600
190627074638,SOLO_SUCCESS,018ef600
190627074646,TAG_DEPARTED_A,018ef600
190627074652,TAG_ARRIVED_A,018ef600
190627074653,SOLO_SUCCESS,018ef600
190627074656,TAG_DEPARTED_A,018ef600
190627074657,TAG_ARRIVED_A,018ef600
190627074658,SOLO_SUCCESS,018ef600
190627074701,TAG_DEPARTED_A,018ef600
190627074702,TAG_ARRIVED_A,018ef600
190627074703,SOLO_SUCCESS,018ef600
190627074709,TAG_DEPARTED_A,018ef600
190627074713,TAG_ARRIVED_A,018ef600
190627074714,SOLO_SUCCESS,018ef600
190627074727,TAG_DEPARTED_A,018ef600
190627074757,TAG_ARRIVED_A,018ef600
190627074758,SOLO_SUCCESS,018ef600
190627074812,TAG_DEPARTED_A,018ef600
190627074813,TAG_ARRIVED_A,01e01400
190627074814,SOLO_SUCCESS,01e01400
190627074827,TAG_DEPARTED_A,01e01400
190627074832,TAG_ARRIVED_A,01e01400
190627074833,SOLO_SUCCESS,01e01400
190627074849,TAG_DEPARTED_A,01e01400
190627074858,TAG_ARRIVED_A,018ef600
190627074859,SOLO_SUCCESS,018ef600
190627074923,TAG_DEPARTED_A,018ef600
190627074938,TAG_ARRIVED_A,01df6400
190627074939,SOLO_SUCCESS,01df6400
190627074943,TAG_DEPARTED_A,01df6400
190627074950,TAG_ARRIVED_A,01df6400
190627074951,SOLO_SUCCESS,01df6400
190627074955,TAG_DEPARTED_A,01df6400
190627075001,TAG_ARRIVED_A,018ef600
190627075002,SOLO_SUCCESS,018ef600
190627075003,TAG_DEPARTED_A,018ef600
190627075004,TAG_ARRIVED_B,018ef600
190627075005,SOLO_SUCCESS,018ef600
190627075007,TAG_DEPARTED_B,018ef600
190627075016,TAG_ARRIVED_B,018ef600
190627075017,SOLO_SUCCESS,018ef600
190627075018,TAG_DEPARTED_B,018ef600
190627075023,TAG_ARRIVED_B,018ef600
190627075024,SOLO_SUCCESS,018ef600
190627075026,TAG_DEPARTED_B,018ef600
190627075028,TAG_ARRIVED_B,018ef600
190627075029,SOLO_SUCCESS,018ef600
190627075030,TAG_DEPARTED_B,018ef600
190627075032,TAG_ARRIVED_B,01e01400
190627075033,SOLO_SUCCESS,01e01400
190627075112,TAG_ARRIVED_A,01e01400
190627075113,SOLO_SUCCESS,01e01400
190627075113,TAG_DEPARTED_B,01e01400
190627075132,TAG_DEPARTED_A,01e01400
190627075242,TAG_ARRIVED_A,018ef600
190627075243,SOLO_SUCCESS,018ef600
190627075256,TAG_DEPARTED_A,018ef600
190627075256,TAG_ARRIVED_B,018ef600
190627075257,SOLO_SUCCESS,018ef600
190627075258,TAG_DEPARTED_B,018ef600
190627075302,TAG_ARRIVED_A,018ef600
190627075303,SOLO_SUCCESS,018ef600
190627075304,TAG_DEPARTED_A,018ef600
190627075314,TAG_ARRIVED_A,018ef600
190627075315,SOLO_SUCCESS,018ef600
190627075321,TAG_DEPARTED_A,018ef600
190627075325,TAG_ARRIVED_B,018ef600
190627075326,SOLO_SUCCESS,018ef600
190627075328,TAG_DEPARTED_B,018ef600
190627075335,TAG_ARRIVED_B,018ef600
190627075336,SOLO_SUCCESS,018ef600
190627075337,TAG_DEPARTED_B,018ef600
190627075340,TAG_ARRIVED_B,018ef600
190627075341,SOLO_SUCCESS,018ef600
190627075344,TAG_DEPARTED_B,018ef600
190627075346,TAG_ARRIVED_A,018ef600
190627075347,SOLO_SUCCESS,018ef600
190627075348,TAG_DEPARTED_A,018ef600
190627075349,TAG_ARRIVED_A,018ef600
190627075350,SOLO_SUCCESS,018ef600
190627075355,TAG_DEPARTED_A,018ef600
190627075355,TAG_ARRIVED_B,018ef600
190627075356,SOLO_SUCCESS,018ef600
190627075406,TAG_DEPARTED_B,018ef600
190627093227,TAG_ARRIVED_A,01e01400
190627093228,SOLO_SUCCESS,01e01400
190627093236,TAG_DEPARTED_A,01e01400
190627093238,TAG_ARRIVED_A,01e01400
190627093239,SOLO_SUCCESS,01e01400
190627093240,TAG_DEPARTED_A,01e01400
190627095423,TAG_ARRIVED_A,01e01400
190627095423,SOLO_SUCCESS,01e01400
190627095429,TAG_DEPARTED_A,01e01400
190627095527,TAG_ARRIVED_A,0102d400
190627095528,SOLO_SUCCESS,0102d400
190627095532,TAG_DEPARTED_A,0102d400
190627095533,TAG_ARRIVED_A,0102d400
190627095533,SOLO_SUCCESS,0102d400
190627095541,TAG_DEPARTED_A,0102d400
190627095544,TAG_ARRIVED_A,0102d400
190627095545,SOLO_SUCCESS,0102d400
190627095546,TAG_DEPARTED_A,0102d400
190627095605,TAG_ARRIVED_A,0102d400
190627095605,SOLO_SUCCESS,0102d400
190627095611,TAG_DEPARTED_A,0102d400
190627095638,TAG_ARRIVED_A,0102d400
190627095638,SOLO_SUCCESS,0102d400
190627095700,TAG_DEPARTED_A,0102d400
190627095700,TAG_ARRIVED_A,0102d400
190627095701,SOLO_SUCCESS,0102d400
190627095736,TAG_DEPARTED_A,0102d400
190627095803,TAG_ARRIVED_A,0102d400
190627095804,SOLO_SUCCESS,0102d400
190627095814,TAG_DEPARTED_A,0102d400
190627101053,TAG_ARRIVED_A,01026c00
190627101054,SOLO_SUCCESS,01026c00
190627101059,TAG_DEPARTED_A,01026c00
190627101059,TAG_ARRIVED_B,01026c00
190627101100,SOLO_SUCCESS,01026c00
190627101102,TAG_DEPARTED_B,01026c00
190627101102,TAG_ARRIVED_A,01026c00
190627101103,SOLO_SUCCESS,01026c00
190627101106,TAG_DEPARTED_A,01026c00
190627101111,TAG_ARRIVED_A,01026c00
190627101112,SOLO_SUCCESS,01026c00
190627101119,TAG_ARRIVED_B,01026c00
190627101120,SOLO_SUCCESS,01026c00
190627101120,TAG_DEPARTED_A,01026c00
190627101124,TAG_DEPARTED_B,01026c00
190627101128,TAG_ARRIVED_B,01026c00
190627101129,SOLO_SUCCESS,01026c00
190627101133,TAG_DEPARTED_B,01026c00
190627101134,TAG_ARRIVED_B,01026c00
190627101135,SOLO_SUCCESS,01026c00
190627101139,TAG_DEPARTED_B,01026c00
190627101140,TAG_ARRIVED_A,01026c00
190627101141,SOLO_SUCCESS,01026c00
190627101156,TAG_DEPARTED_A,01026c00
190627101159,TAG_ARRIVED_A,01026c00
190627101200,SOLO_SUCCESS,01026c00
190627101206,TAG_DEPARTED_A,01026c00
190627101206,TAG_ARRIVED_A,01026c00
190627101207,SOLO_SUCCESS,01026c00
190627101210,TAG_DEPARTED_A,01026c00
190627101211,TAG_ARRIVED_A,01026c00
190627101212,SOLO_SUCCESS,01026c00
190627101217,TAG_DEPARTED_A,01026c00
