190710060222,START_EXPERIMENT,
190710061847,TAG_ARRIVED_A,01e01400
190710061848,SOLO_SUCCESS,01e01400
190710061854,TAG_DEPARTED_A,01e01400
190710061859,TAG_ARRIVED_A,01e01400
190710061900,SOLO_SUCCESS,01e01400
190710061902,TAG_DEPARTED_A,01e01400
190710061903,TAG_ARRIVED_B,01e01400
190710061904,SOLO_SUCCESS,01e01400
190710061907,TAG_DEPARTED_B,01e01400
190710061918,TAG_ARRIVED_B,01e01400
190710061919,SOLO_SUCCESS,01e01400
190710061925,TAG_DEPARTED_B,01e01400
190710061927,TAG_ARRIVED_B,01e01400
190710061927,SOLO_SUCCESS,01e01400
190710061928,TAG_DEPARTED_B,01e01400
190710061959,TAG_ARRIVED_B,01037b00
190710062000,SOLO_SUCCESS,01037b00
190710062003,TAG_ARRIVED_B,01e01400
190710062004,SOLO_SUCCESS,01e01400
190710062007,TAG_ARRIVED_A,01026800
190710062008,STARTCOOP_FAIL,01e01400_01026800
190710062011,TAG_ARRIVED_A,01e01400
190710062012,SOLO_FAIL,01e01400
190710062012,ENDCOOP_FAIL,01e01400_01e01400
190710062013,TAG_DEPARTED_B,01e01400
190710062022,TAG_DEPARTED_A,01e01400
190710062022,TAG_ARRIVED_A,0102d400
190710062023,SOLO_FAIL,0102d400
190710062029,TAG_DEPARTED_A,0102d400
190710062030,TAG_ARRIVED_B,01026800
190710062030,SOLO_FAIL,01026800
190710062032,TAG_ARRIVED_A,01026800
190710062033,SOLO_FAIL,01026800
190710062033,ENDCOOP_FAIL,01026800_01026800
190710062033,TAG_DEPARTED_B,01026800
190710062049,TAG_DEPARTED_A,01026800
190710062208,LOCKOUT_ENDED,
190710062303,TAG_ARRIVED_A,01037b00
190710062304,SOLO_SUCCESS,01037b00
190710062307,TAG_DEPARTED_A,01037b00
190710062308,TAG_ARRIVED_A,01037b00
190710062309,SOLO_SUCCESS,01037b00
190710062332,TAG_DEPARTED_A,01037b00
190710062341,TAG_ARRIVED_A,01037b00
190710062342,SOLO_SUCCESS,01037b00
190710062347,TAG_DEPARTED_A,01037b00
190710062352,TAG_ARRIVED_A,01037b00
190710062353,SOLO_SUCCESS,01037b00
190710062400,TAG_DEPARTED_A,01037b00
190710062400,TAG_ARRIVED_A,01037b00
190710062401,SOLO_SUCCESS,01037b00
190710062402,TAG_DEPARTED_A,01037b00
190710062404,TAG_ARRIVED_A,01037b00
190710062405,SOLO_SUCCESS,01037b00
190710062406,TAG_DEPARTED_A,01037b00
190710062407,TAG_ARRIVED_A,01037b00
190710062408,SOLO_SUCCESS,01037b00
190710062420,TAG_ARRIVED_B,01037b00
190710062421,SOLO_SUCCESS,01037b00
190710062422,TAG_DEPARTED_A,01037b00
190710062431,TAG_DEPARTED_B,01037b00
190710062537,TAG_ARRIVED_B,01031800
190710062538,SOLO_SUCCESS,01031800
190710062539,TAG_DEPARTED_B,01031800
190710062548,TAG_ARRIVED_A,01031800
190710062548,SOLO_SUCCESS,01031800
190710062550,TAG_DEPARTED_A,01031800
190710062612,TAG_ARRIVED_B,01026c00
190710062613,SOLO_SUCCESS,01026c00
190710062635,TAG_DEPARTED_B,01026c00
190710062636,TAG_ARRIVED_B,01026c00
190710062637,SOLO_SUCCESS,01026c00
190710062640,TAG_DEPARTED_B,01026c00
190710062659,TAG_ARRIVED_B,01026c00
190710062659,SOLO_SUCCESS,01026c00
190710062735,TAG_DEPARTED_B,01026c00
190710062735,TAG_ARRIVED_B,01026c00
190710062736,SOLO_SUCCESS,01026c00
190710062755,TAG_DEPARTED_B,01026c00
190710062905,TAG_ARRIVED_A,01024200
190710062905,SOLO_SUCCESS,01024200
190710062908,TAG_DEPARTED_A,01024200
190710062915,TAG_ARRIVED_B,01024200
190710062915,SOLO_SUCCESS,01024200
190710063017,TAG_DEPARTED_B,01024200
190710063019,TAG_ARRIVED_A,01024200
190710063019,SOLO_SUCCESS,01024200
190710063032,TAG_DEPARTED_A,01024200
190710063036,TAG_ARRIVED_A,01024200
190710063036,SOLO_SUCCESS,01024200
190710063049,TAG_ARRIVED_B,0101fb00
190710063050,STARTCOOP_SUCCESS,01024200_0101fb00
190710063100,TAG_DEPARTED_A,01024200
190710063128,TAG_DEPARTED_B,0101fb00
190710063132,TAG_ARRIVED_B,01037b00
190710063133,SOLO_SUCCESS,01037b00
190710063134,TAG_DEPARTED_B,01037b00
190710063208,TAG_ARRIVED_B,01037b00
190710063209,SOLO_SUCCESS,01037b00
190710063210,TAG_DEPARTED_B,01037b00
190710063211,TAG_ARRIVED_B,01037b00
190710063211,SOLO_SUCCESS,01037b00
190710063212,TAG_DEPARTED_B,01037b00
190710063215,TAG_ARRIVED_B,01037b00
190710063215,SOLO_SUCCESS,01037b00
190710063217,TAG_DEPARTED_B,01037b00
190710063219,TAG_ARRIVED_B,01037b00
190710063220,SOLO_SUCCESS,01037b00
190710063227,TAG_DEPARTED_B,01037b00
190710063234,TAG_ARRIVED_B,01037b00
190710063235,SOLO_SUCCESS,01037b00
190710063236,TAG_DEPARTED_B,01037b00
190710063356,TAG_ARRIVED_B,01026800
190710063357,SOLO_SUCCESS,01026800
190710063403,TAG_DEPARTED_B,01026800
190710063405,TAG_ARRIVED_B,01026800
190710063405,SOLO_SUCCESS,01026800
190710063408,TAG_DEPARTED_B,01026800
190710063410,TAG_ARRIVED_B,01026800
190710063410,SOLO_SUCCESS,01026800
190710063420,TAG_DEPARTED_B,01026800
190710063425,TAG_ARRIVED_B,01026800
190710063425,SOLO_SUCCESS,01026800
190710063427,TAG_DEPARTED_B,01026800
190710063446,TAG_ARRIVED_B,01026800
190710063447,SOLO_SUCCESS,01026800
190710063449,TAG_DEPARTED_B,01026800
190710063457,TAG_ARRIVED_B,01026800
190710063457,SOLO_SUCCESS,01026800
190710063504,TAG_DEPARTED_B,01026800
190710063508,TAG_ARRIVED_B,01026800
190710063508,SOLO_SUCCESS,01026800
190710063514,TAG_DEPARTED_B,01026800
190710063522,TAG_ARRIVED_B,01026800
190710063522,SOLO_SUCCESS,01026800
190710063524,TAG_DEPARTED_B,01026800
190710063526,TAG_ARRIVED_B,01026800
190710063526,SOLO_SUCCESS,01026800
190710063528,TAG_DEPARTED_B,01026800
190710063531,TAG_ARRIVED_B,01026800
190710063531,SOLO_SUCCESS,01026800
190710063535,TAG_DEPARTED_B,01026800
190710063601,TAG_ARRIVED_B,01026800
190710063601,SOLO_SUCCESS,01026800
190710063602,TAG_ARRIVED_A,01026800
190710063602,SOLO_SUCCESS,01026800
190710063603,TAG_ARRIVED_B,01031800
190710063603,STARTCOOP_SUCCESS,01026800_01031800
190710063605,ENDCOOP_SUCCESS,01031800_01026800
190710063605,TAG_DEPARTED_B,01031800
190710063607,TAG_DEPARTED_A,01026800
190710063615,TAG_ARRIVED_A,01026800
190710063615,SOLO_SUCCESS,01026800
190710063628,TAG_DEPARTED_A,01026800
190710063640,TAG_ARRIVED_A,01026800
190710063640,SOLO_SUCCESS,01026800
190710063654,TAG_ARRIVED_B,01026800
190710063655,SOLO_SUCCESS,01026800
190710063655,TAG_DEPARTED_A,01026800
190710063657,TAG_DEPARTED_B,01026800
190710063702,TAG_ARRIVED_B,01026800
190710063703,SOLO_SUCCESS,01026800
190710063704,TAG_DEPARTED_B,01026800
190710063709,TAG_ARRIVED_A,01026800
190710063709,SOLO_SUCCESS,01026800
190710063738,TAG_DEPARTED_A,01026800
190710063738,TAG_ARRIVED_B,01026800
190710063738,SOLO_SUCCESS,01026800
190710063740,TAG_DEPARTED_B,01026800
190710063744,TAG_ARRIVED_B,01026800
190710063745,SOLO_SUCCESS,01026800
190710063750,TAG_DEPARTED_B,01026800
190710063755,TAG_ARRIVED_B,01026800
190710063755,SOLO_SUCCESS,01026800
190710063804,TAG_DEPARTED_B,01026800
190710063805,TAG_ARRIVED_B,01026800
190710063805,SOLO_SUCCESS,01026800
190710063807,TAG_DEPARTED_B,01026800
190710063940,TAG_ARRIVED_B,01971100
190710063941,TAG_MISSING_B,01971100
190710063941,SOLO_SUCCESS,01971100
190710064002,TAG_DEPARTED_B,01971100
190710064202,TAG_ARRIVED_B,01971100
190710064204,TAG_MISSING_B,01971100
190710064204,SOLO_SUCCESS,01971100
190710064204,TAG_DEPARTED_B,01971100
190710064205,TAG_ARRIVED_B,01971100
190710064207,TAG_MISSING_B,01971100
190710064207,SOLO_SUCCESS,01971100
190710064303,TAG_DEPARTED_B,01971100
190710064752,TAG_ARRIVED_B,01971100
190710064753,TAG_MISSING_B,01971100
190710064753,SOLO_SUCCESS,01971100
190710064814,TAG_DEPARTED_B,01971100
190710064814,TAG_ARRIVED_B,01971100
190710064816,TAG_MISSING_B,01971100
190710064816,SOLO_SUCCESS,01971100
190710064842,TAG_DEPARTED_B,01971100
190710064847,TAG_ARRIVED_B,01971100
190710064849,TAG_MISSING_B,01971100
190710064849,SOLO_SUCCESS,01971100
190710064849,TAG_DEPARTED_B,01971100
190710064857,TAG_ARRIVED_B,01971100
190710064858,TAG_MISSING_B,01971100
190710064859,SOLO_SUCCESS,01971100
190710064901,TAG_DEPARTED_B,01971100
190710065356,TAG_ARRIVED_A,01037b00
190710065357,SOLO_SUCCESS,01037b00
190710065358,TAG_DEPARTED_A,01037b00
190710065407,TAG_ARRIVED_B,01037b00
190710065408,SOLO_SUCCESS,01037b00
190710065409,TAG_DEPARTED_B,01037b00
190710065414,TAG_ARRIVED_A,01c4ca00
190710065415,SOLO_SUCCESS,01c4ca00
190710065415,TAG_ARRIVED_A,01037b00
190710065416,SOLO_SUCCESS,01037b00
190710065417,TAG_DEPARTED_A,01037b00
190710065418,TAG_ARRIVED_A,01037b00
190710065418,SOLO_SUCCESS,01037b00
190710065425,TAG_DEPARTED_A,01037b00
190710065429,TAG_ARRIVED_B,01037b00
190710065430,SOLO_SUCCESS,01037b00
190710065434,TAG_DEPARTED_B,01037b00
190710065504,TAG_ARRIVED_A,01c4ca00
190710065505,SOLO_SUCCESS,01c4ca00
190710065509,TAG_ARRIVED_A,01037b00
190710065510,SOLO_SUCCESS,01037b00
190710065521,TAG_DEPARTED_A,01037b00
190710065521,TAG_ARRIVED_A,01037b00
190710065522,SOLO_SUCCESS,01037b00
190710065523,TAG_DEPARTED_A,01037b00
190710065524,TAG_ARRIVED_A,01037b00
190710065525,SOLO_SUCCESS,01037b00
190710065526,TAG_DEPARTED_A,01037b00
190710065539,TAG_ARRIVED_A,01037b00
190710065540,SOLO_SUCCESS,01037b00
190710065542,TAG_DEPARTED_A,01037b00
190710065542,TAG_ARRIVED_A,01037b00
190710065543,SOLO_SUCCESS,01037b00
190710065545,TAG_DEPARTED_A,01037b00
190710065545,TAG_ARRIVED_A,01037b00
190710065546,SOLO_SUCCESS,01037b00
190710065552,TAG_ARRIVED_B,01037b00
190710065553,SOLO_SUCCESS,01037b00
190710065553,TAG_DEPARTED_A,01037b00
190710065553,TAG_ARRIVED_A,01029a00
190710065554,STARTCOOP_SUCCESS,01037b00_01029a00
190710065554,ENDCOOP_SUCCESS,01037b00_01029a00
190710065555,TAG_DEPARTED_B,01037b00
190710065559,TAG_ARRIVED_B,01037b00
190710065600,STARTCOOP_SUCCESS,01029a00_01037b00
190710065601,ENDCOOP_SUCCESS,01037b00_01029a00
190710065601,TAG_DEPARTED_B,01037b00
190710065602,TAG_DEPARTED_A,01029a00
190710065603,TAG_ARRIVED_A,01029a00
190710065603,SOLO_SUCCESS,01029a00
190710065606,TAG_DEPARTED_A,01029a00
190710065607,TAG_ARRIVED_A,01029a00
190710065608,SOLO_SUCCESS,01029a00
190710065609,TAG_ARRIVED_B,01037b00
190710065610,STARTCOOP_SUCCESS,01029a00_01037b00
190710065616,ENDCOOP_SUCCESS,01037b00_01029a00
190710065616,TAG_DEPARTED_B,01037b00
190710065616,TAG_ARRIVED_B,01037b00
190710065617,STARTCOOP_SUCCESS,01029a00_01037b00
190710065618,ENDCOOP_SUCCESS,01037b00_01029a00
190710065618,TAG_DEPARTED_B,01037b00
190710065623,TAG_ARRIVED_B,01037b00
190710065624,STARTCOOP_SUCCESS,01029a00_01037b00
190710065625,TAG_DEPARTED_A,01029a00
190710065625,ENDCOOP_SUCCESS,01037b00_
190710065625,TAG_DEPARTED_B,01037b00
190710065626,TAG_ARRIVED_A,01029a00
190710065627,SOLO_SUCCESS,01029a00
190710065629,TAG_DEPARTED_A,01029a00
190710065629,TAG_ARRIVED_A,01029a00
190710065630,SOLO_SUCCESS,01029a00
190710065630,TAG_ARRIVED_B,01037b00
190710065631,STARTCOOP_SUCCESS,01029a00_01037b00
190710065631,ENDCOOP_SUCCESS,01037b00_01029a00
190710065632,TAG_DEPARTED_B,01037b00
190710065632,TAG_ARRIVED_B,01037b00
190710065633,STARTCOOP_SUCCESS,01029a00_01037b00
190710065633,ENDCOOP_SUCCESS,01037b00_01029a00
190710065634,TAG_DEPARTED_B,01037b00
190710065634,TAG_ARRIVED_B,01037b00
190710065635,STARTCOOP_SUCCESS,01029a00_01037b00
190710065635,TAG_ARRIVED_B,9a130e00
190710065637,TAG_MISSING_B,9a130e00
190710065637,SOLO_SUCCESS,9a130e00
190710065637,TAG_DEPARTED_B,9a130e00
190710065637,TAG_DEPARTED_A,01029a00
190710065640,TAG_ARRIVED_A,01029a00
190710065641,SOLO_SUCCESS,01029a00
190710065642,TAG_ARRIVED_B,01037b00
190710065643,STARTCOOP_SUCCESS,01029a00_01037b00
190710065644,ENDCOOP_SUCCESS,01037b00_01029a00
190710065644,TAG_DEPARTED_B,01037b00
190710065651,TAG_DEPARTED_A,01029a00
190710065652,TAG_ARRIVED_B,01037b00
190710065653,SOLO_SUCCESS,01037b00
190710065653,TAG_ARRIVED_A,01029a00
190710065654,STARTCOOP_SUCCESS,01037b00_01029a00
190710065654,ENDCOOP_SUCCESS,01037b00_01029a00
190710065654,TAG_DEPARTED_B,01037b00
190710065657,TAG_DEPARTED_A,01029a00
190710065658,TAG_ARRIVED_A,01029a00
190710065658,SOLO_SUCCESS,01029a00
190710065706,TAG_ARRIVED_B,01037b00
190710065707,STARTCOOP_SUCCESS,01029a00_01037b00
190710065711,TAG_DEPARTED_A,01029a00
190710065712,TAG_ARRIVED_A,01029a00
190710065713,STARTCOOP_SUCCESS,01037b00_01029a00
190710065722,ENDCOOP_SUCCESS,01037b00_01029a00
190710065722,TAG_DEPARTED_B,01037b00
190710065722,TAG_ARRIVED_B,01037b00
190710065723,STARTCOOP_SUCCESS,01029a00_01037b00
190710065724,ENDCOOP_SUCCESS,01037b00_01029a00
190710065724,TAG_DEPARTED_B,01037b00
190710065725,TAG_ARRIVED_B,01037b00
190710065726,STARTCOOP_SUCCESS,01029a00_01037b00
190710065727,ENDCOOP_SUCCESS,01037b00_01029a00
190710065727,TAG_DEPARTED_B,01037b00
190710065746,TAG_ARRIVED_B,01037b00
190710065747,STARTCOOP_SUCCESS,01029a00_01037b00
190710065748,ENDCOOP_SUCCESS,01037b00_01029a00
190710065749,TAG_DEPARTED_B,01037b00
190710065751,TAG_DEPARTED_A,01029a00
190710065751,TAG_ARRIVED_A,01037b00
190710065752,SOLO_SUCCESS,01037b00
190710065818,TAG_ARRIVED_B,01029a00
190710065819,STARTCOOP_SUCCESS,01037b00_01029a00
190710065824,ENDCOOP_SUCCESS,01029a00_01037b00
190710065824,TAG_DEPARTED_B,01029a00
190710065826,TAG_ARRIVED_B,07a0b700
190710065826,STARTCOOP_FAIL,01037b00_07a0b700
190710065828,ENDCOOP_FAIL,07a0b700_01037b00
190710065828,TAG_DEPARTED_B,07a0b700
190710065834,TAG_ARRIVED_B,01037b00
190710065835,SOLO_FAIL,01037b00
190710065835,TAG_DEPARTED_A,01037b00
190710065837,ENDCOOP_FAIL,01037b00_
190710065838,TAG_DEPARTED_B,01037b00
190710065842,TAG_ARRIVED_A,01029a00
190710065843,SOLO_FAIL,01029a00
190710065852,TAG_DEPARTED_A,01029a00
190710065855,TAG_ARRIVED_A,01029a00
190710065856,SOLO_FAIL,01029a00
190710065901,TAG_ARRIVED_B,01029a00
190710065902,SOLO_FAIL,01029a00
190710065903,TAG_DEPARTED_A,01029a00
190710065909,ENDCOOP_FAIL,01029a00_
190710065909,TAG_DEPARTED_B,01029a00
190710065913,TAG_ARRIVED_B,01029a00
190710065914,SOLO_FAIL,01029a00
190710065919,ENDCOOP_FAIL,01029a00_
190710065919,TAG_DEPARTED_B,01029a00
190710065920,TAG_ARRIVED_B,01029a00
190710065921,SOLO_FAIL,01029a00
190710065923,TAG_ARRIVED_A,01029a00
190710065924,SOLO_FAIL,01029a00
190710065924,TAG_ARRIVED_B,07a0b700
190710065925,STARTCOOP_FAIL,01029a00_07a0b700
190710065925,TAG_DEPARTED_A,01029a00
190710065925,TAG_ARRIVED_A,01029a00
190710065926,STARTCOOP_FAIL,07a0b700_01029a00
190710065927,ENDCOOP_FAIL,07a0b700_01029a00
190710065928,TAG_DEPARTED_B,07a0b700
190710065928,TAG_ARRIVED_B,07a0b700
190710065929,STARTCOOP_FAIL,01029a00_07a0b700
190710065932,ENDCOOP_FAIL,07a0b700_01029a00
190710065932,TAG_DEPARTED_B,07a0b700
190710065939,TAG_ARRIVED_B,07a0b700
190710065940,STARTCOOP_FAIL,01029a00_07a0b700
190710065941,ENDCOOP_FAIL,07a0b700_01029a00
190710065942,TAG_DEPARTED_B,07a0b700
190710065943,TAG_ARRIVED_B,07a0b700
190710065943,STARTCOOP_FAIL,01029a00_07a0b700
190710065946,TAG_DEPARTED_A,01029a00
190710065950,TAG_ARRIVED_A,01022600
190710065951,STARTCOOP_FAIL,07a0b700_01022600
190710065954,ENDCOOP_FAIL,07a0b700_01022600
190710065954,TAG_DEPARTED_B,07a0b700
190710070012,TAG_ARRIVED_A,013d7200
190710070013,SOLO_FAIL,013d7200
190710070018,TAG_DEPARTED_A,013d7200
190710070022,TAG_ARRIVED_A,01045100
190710070022,SOLO_FAIL,01045100
190710070025,TAG_DEPARTED_A,01045100
190710070103,TAG_ARRIVED_A,013d7200
190710070104,SOLO_FAIL,013d7200
190710070112,TAG_DEPARTED_A,013d7200
190710070112,TAG_ARRIVED_B,013d7200
190710070113,SOLO_FAIL,013d7200
190710070120,ENDCOOP_FAIL,013d7200_
190710070120,TAG_DEPARTED_B,013d7200
190710070151,LOCKOUT_ENDED,
190710070208,TAG_ARRIVED_B,01022600
190710070209,SOLO_SUCCESS,01022600
190710070227,TAG_DEPARTED_B,01022600
190710070227,TAG_ARRIVED_B,01022600
190710070228,SOLO_SUCCESS,01022600
190710070251,TAG_ARRIVED_A,01e01400
190710070252,STARTCOOP_SUCCESS,01022600_01e01400
190710070254,ENDCOOP_SUCCESS,01022600_01e01400
190710070254,TAG_DEPARTED_B,01022600
190710070255,TAG_ARRIVED_B,01022600
190710070256,STARTCOOP_SUCCESS,01e01400_01022600
190710070256,TAG_DEPARTED_A,01e01400
190710070256,TAG_ARRIVED_A,01e01400
190710070257,STARTCOOP_SUCCESS,01022600_01e01400
190710070258,TAG_DEPARTED_A,01e01400
190710070258,TAG_ARRIVED_A,01e01400
190710070259,STARTCOOP_SUCCESS,01022600_01e01400
190710070308,ENDCOOP_SUCCESS,01022600_01e01400
190710070308,TAG_DEPARTED_B,01022600
190710070316,TAG_ARRIVED_B,01022600
190710070317,STARTCOOP_SUCCESS,01e01400_01022600
190710070319,TAG_DEPARTED_A,01e01400
190710070319,TAG_ARRIVED_A,01e01400
190710070320,STARTCOOP_SUCCESS,01022600_01e01400
190710070320,ENDCOOP_SUCCESS,01022600_01e01400
190710070320,TAG_DEPARTED_B,01022600
190710070321,TAG_DEPARTED_A,01e01400
190710070322,TAG_ARRIVED_B,01022600
190710070322,SOLO_SUCCESS,01022600
190710070323,TAG_ARRIVED_A,01e01400
190710070324,STARTCOOP_SUCCESS,01022600_01e01400
190710070324,TAG_DEPARTED_A,01e01400
190710070324,TAG_ARRIVED_A,01e01400
190710070325,STARTCOOP_SUCCESS,01022600_01e01400
190710070325,ENDCOOP_SUCCESS,01022600_01e01400
190710070326,TAG_DEPARTED_B,01022600
190710070329,TAG_DEPARTED_A,01e01400
190710070330,TAG_ARRIVED_A,01e01400
190710070331,SOLO_SUCCESS,01e01400
190710070333,TAG_ARRIVED_B,01022600
190710070334,STARTCOOP_SUCCESS,01e01400_01022600
190710070338,ENDCOOP_SUCCESS,01022600_01e01400
190710070339,TAG_DEPARTED_B,01022600
190710070339,TAG_ARRIVED_B,01022600
190710070340,STARTCOOP_SUCCESS,01e01400_01022600
190710070340,TAG_DEPARTED_A,01e01400
190710070340,TAG_ARRIVED_A,01e01400
190710070341,STARTCOOP_SUCCESS,01022600_01e01400
190710070347,ENDCOOP_SUCCESS,01022600_01e01400
190710070347,TAG_DEPARTED_B,01022600
190710070349,TAG_ARRIVED_B,01022600
190710070350,STARTCOOP_SUCCESS,01e01400_01022600
190710070355,ENDCOOP_SUCCESS,01022600_01e01400
190710070355,TAG_DEPARTED_B,01022600
190710070357,TAG_ARRIVED_B,01022600
190710070358,STARTCOOP_SUCCESS,01e01400_01022600
190710070359,ENDCOOP_SUCCESS,01022600_01e01400
190710070359,TAG_DEPARTED_B,01022600
190710070415,TAG_ARRIVED_B,01022600
190710070416,STARTCOOP_SUCCESS,01e01400_01022600
190710070417,ENDCOOP_SUCCESS,01022600_01e01400
190710070417,TAG_DEPARTED_B,01022600
190710070417,TAG_ARRIVED_B,01022600
190710070418,STARTCOOP_SUCCESS,01e01400_01022600
190710070418,TAG_DEPARTED_A,01e01400
190710070419,TAG_ARRIVED_A,01e01400
190710070420,STARTCOOP_SUCCESS,01022600_01e01400
190710070421,ENDCOOP_SUCCESS,01022600_01e01400
190710070421,TAG_DEPARTED_B,01022600
190710070421,TAG_ARRIVED_B,01c4ca00
190710070422,STARTCOOP_SUCCESS,01e01400_01c4ca00
190710070423,TAG_DEPARTED_A,01e01400
190710070437,TAG_ARRIVED_A,01e01400
190710070438,STARTCOOP_SUCCESS,01c4ca00_01e01400
190710070439,TAG_DEPARTED_A,01e01400
190710070447,TAG_ARRIVED_A,01e01400
190710070448,STARTCOOP_SUCCESS,01c4ca00_01e01400
190710070456,TAG_DEPARTED_A,01e01400
190710070457,TAG_ARRIVED_B,01e01400
190710070458,SOLO_SUCCESS,01e01400
190710070502,TAG_DEPARTED_B,01e01400
190710070502,TAG_ARRIVED_A,01c4ca00
190710070503,SOLO_SUCCESS,01c4ca00
190710070504,TAG_ARRIVED_B,01e01400
190710070505,STARTCOOP_SUCCESS,01c4ca00_01e01400
190710070506,ENDCOOP_SUCCESS,01e01400_01c4ca00
190710070507,TAG_DEPARTED_B,01e01400
190710070515,TAG_DEPARTED_A,01c4ca00
190710070520,TAG_ARRIVED_A,01c4ca00
190710070520,SOLO_SUCCESS,01c4ca00
190710070544,TAG_ARRIVED_A,01036a00
190710070545,SOLO_SUCCESS,01036a00
190710070551,TAG_DEPARTED_A,01036a00
190710070551,TAG_ARRIVED_A,01036a00
190710070552,SOLO_SUCCESS,01036a00
190710070555,TAG_ARRIVED_B,01022600
190710070556,STARTCOOP_FAIL,01036a00_01022600
190710070558,TAG_DEPARTED_A,01036a00
190710070559,ENDCOOP_FAIL,01022600_
190710070559,TAG_DEPARTED_B,01022600
190710070611,TAG_ARRIVED_A,01036a00
190710070612,SOLO_FAIL,01036a00
190710070621,TAG_DEPARTED_A,01036a00
190710070629,TAG_ARRIVED_B,01c4ca00
190710070630,SOLO_FAIL,01c4ca00
190710070634,ENDCOOP_FAIL,01c4ca00_
190710070634,TAG_DEPARTED_B,01c4ca00
190710070635,TAG_ARRIVED_B,01c4ca00
190710070636,SOLO_FAIL,01c4ca00
190710070637,ENDCOOP_FAIL,01c4ca00_
190710070637,TAG_DEPARTED_B,01c4ca00
190710070639,TAG_ARRIVED_A,0101ef00
190710070640,SOLO_FAIL,0101ef00
190710070641,TAG_ARRIVED_B,01c4ca00
190710070642,STARTCOOP_SUCCESS,0101ef00_01c4ca00
190710070643,ENDCOOP_SUCCESS,01c4ca00_0101ef00
190710070644,TAG_DEPARTED_B,01c4ca00
190710070647,TAG_DEPARTED_A,0101ef00
190710070656,TAG_ARRIVED_B,01036a00
190710070657,SOLO_FAIL,01036a00
190710070749,TAG_ARRIVED_B,01c4ca00
190710070750,SOLO_FAIL,01c4ca00
190710070754,ENDCOOP_FAIL,01c4ca00_
190710070754,TAG_DEPARTED_B,01c4ca00
190710070756,LOCKOUT_ENDED,
190710070758,TAG_ARRIVED_B,01c4ca00
190710070759,SOLO_SUCCESS,01c4ca00
190710070801,TAG_DEPARTED_B,01c4ca00
190710070803,TAG_ARRIVED_B,01c4ca00
190710070804,SOLO_SUCCESS,01c4ca00
190710070805,TAG_DEPARTED_B,01c4ca00
190710070809,TAG_ARRIVED_B,01c4ca00
190710070810,SOLO_SUCCESS,01c4ca00
190710070812,TAG_DEPARTED_B,01c4ca00
190710070909,TAG_ARRIVED_B,01c4ca00
190710070910,SOLO_SUCCESS,01c4ca00
190710070911,TAG_DEPARTED_B,01c4ca00
190710070931,TAG_ARRIVED_B,01c4ca00
190710070932,SOLO_SUCCESS,01c4ca00
190710070935,TAG_DEPARTED_B,01c4ca00
190710071003,TAG_ARRIVED_B,01c4ca00
190710071004,SOLO_SUCCESS,01c4ca00
190710071005,TAG_DEPARTED_B,01c4ca00
190710071006,TAG_ARRIVED_B,01c4ca00
190710071007,SOLO_SUCCESS,01c4ca00
190710071010,TAG_DEPARTED_B,01c4ca00
190710071011,TAG_ARRIVED_B,01c4ca00
190710071012,SOLO_SUCCESS,01c4ca00
190710071014,TAG_DEPARTED_B,01c4ca00
190710071017,TAG_ARRIVED_B,01c4ca00
190710071018,SOLO_SUCCESS,01c4ca00
190710071019,TAG_DEPARTED_B,01c4ca00
190710071029,TAG_ARRIVED_B,01c4ca00
190710071030,SOLO_SUCCESS,01c4ca00
190710071036,TAG_DEPARTED_B,01c4ca00
190710071102,TAG_ARRIVED_B,01c4ca00
190710071103,SOLO_SUCCESS,01c4ca00
190710071105,TAG_DEPARTED_B,01c4ca00
190710071248,TAG_ARRIVED_B,01c4ca00
190710071249,SOLO_SUCCESS,01c4ca00
190710071304,TAG_DEPARTED_B,01c4ca00
190710071311,TAG_ARRIVED_B,01c4ca00
190710071312,SOLO_SUCCESS,01c4ca00
190710071313,TAG_DEPARTED_B,01c4ca00
190710071315,TAG_ARRIVED_B,01c4ca00
190710071316,SOLO_SUCCESS,01c4ca00
190710071321,TAG_DEPARTED_B,01c4ca00
190710071333,TAG_ARRIVED_B,01c4ca00
190710071334,SOLO_SUCCESS,01c4ca00
190710071350,TAG_DEPARTED_B,01c4ca00
190710071355,TAG_ARRIVED_B,01c4ca00
190710071356,SOLO_SUCCESS,01c4ca00
190710071357,TAG_DEPARTED_B,01c4ca00
190710071425,TAG_ARRIVED_B,01c4ca00
190710071426,SOLO_SUCCESS,01c4ca00
190710071428,TAG_DEPARTED_B,01c4ca00
190710071444,TAG_ARRIVED_A,01038800
190710071444,SOLO_SUCCESS,01038800
190710071535,TAG_DEPARTED_A,01038800
190710071646,TAG_ARRIVED_B,01038800
190710071646,SOLO_SUCCESS,01038800
190710071649,TAG_DEPARTED_B,01038800
190710071650,TAG_ARRIVED_B,01038800
190710071651,SOLO_SUCCESS,01038800
190710071653,TAG_DEPARTED_B,01038800
190710071706,TAG_ARRIVED_B,01027f00
190710071707,SOLO_SUCCESS,01027f00
190710071710,TAG_DEPARTED_B,01027f00
190710071723,TAG_ARRIVED_A,01031800
190710071723,SOLO_SUCCESS,01031800
190710071744,TAG_ARRIVED_B,01027f00
190710071745,STARTCOOP_SUCCESS,01031800_01027f00
190710071746,ENDCOOP_SUCCESS,01027f00_01031800
190710071746,TAG_DEPARTED_B,01027f00
190710071747,TAG_DEPARTED_A,01031800
190710071748,TAG_ARRIVED_A,01031800
190710071749,SOLO_SUCCESS,01031800
190710071752,TAG_ARRIVED_B,01027f00
190710071753,STARTCOOP_SUCCESS,01031800_01027f00
190710071755,TAG_DEPARTED_A,01031800
190710071755,ENDCOOP_SUCCESS,01027f00_
190710071755,TAG_DEPARTED_B,01027f00
190710071818,TAG_ARRIVED_B,01027f00
190710071818,SOLO_SUCCESS,01027f00
190710071825,TAG_DEPARTED_B,01027f00
190710071831,TAG_ARRIVED_B,01027f00
190710071831,SOLO_SUCCESS,01027f00
190710071835,TAG_DEPARTED_B,01027f00
190710071836,TAG_ARRIVED_B,01027f00
190710071837,SOLO_SUCCESS,01027f00
190710071851,TAG_DEPARTED_B,01027f00
190710071901,TAG_ARRIVED_B,01027f00
190710071901,SOLO_SUCCESS,01027f00
190710071903,TAG_DEPARTED_B,01027f00
190710071909,TAG_ARRIVED_B,01027f00
190710071910,SOLO_SUCCESS,01027f00
190710071911,TAG_DEPARTED_B,01027f00
190710073600,TAG_ARRIVED_A,013d7200
190710073601,SOLO_SUCCESS,013d7200
190710073604,TAG_DEPARTED_A,013d7200
190710073611,TAG_ARRIVED_A,013d7200
190710073612,SOLO_SUCCESS,013d7200
190710073613,TAG_DEPARTED_A,013d7200
190710073617,TAG_ARRIVED_A,013d7200
190710073617,SOLO_SUCCESS,013d7200
190710073619,TAG_DEPARTED_A,013d7200
190710073637,TAG_ARRIVED_A,013d7200
190710073637,SOLO_SUCCESS,013d7200
190710073639,TAG_DEPARTED_A,013d7200
190710073641,TAG_ARRIVED_A,013d7200
190710073642,SOLO_SUCCESS,013d7200
190710073645,TAG_DEPARTED_A,013d7200
190710073647,TAG_ARRIVED_A,013d7200
190710073647,SOLO_SUCCESS,013d7200
190710073649,TAG_DEPARTED_A,013d7200
190710073651,TAG_ARRIVED_A,013d7200
190710073651,SOLO_SUCCESS,013d7200
190710073653,TAG_DEPARTED_A,013d7200
190710073656,TAG_ARRIVED_A,013d7200
190710073656,SOLO_SUCCESS,013d7200
190710073658,TAG_DEPARTED_A,013d7200
190710073702,TAG_ARRIVED_A,013d7200
190710073703,SOLO_SUCCESS,013d7200
190710073705,TAG_DEPARTED_A,013d7200
190710073707,TAG_ARRIVED_A,013d7200
190710073707,SOLO_SUCCESS,013d7200
190710073709,TAG_DEPARTED_A,013d7200
190710073711,TAG_ARRIVED_A,013d7200
190710073711,SOLO_SUCCESS,013d7200
190710073715,TAG_DEPARTED_A,013d7200
190710073717,TAG_ARRIVED_A,013d7200
190710073717,SOLO_SUCCESS,013d7200
190710073719,TAG_DEPARTED_A,013d7200
190710073720,TAG_ARRIVED_A,013d7200
190710073720,SOLO_SUCCESS,013d7200
190710073722,TAG_DEPARTED_A,013d7200
190710073727,TAG_ARRIVED_A,013d7200
190710073728,SOLO_SUCCESS,013d7200
190710073730,TAG_DEPARTED_A,013d7200
190710073734,TAG_ARRIVED_A,013d7200
190710073734,SOLO_SUCCESS,013d7200
190710073737,TAG_DEPARTED_A,013d7200
190710073815,TAG_ARRIVED_A,013d7200
190710073816,SOLO_SUCCESS,013d7200
190710073819,TAG_DEPARTED_A,013d7200
190710074036,TAG_ARRIVED_A,01e01400
190710074037,SOLO_SUCCESS,01e01400
190710074038,TAG_DEPARTED_A,01e01400
190710074048,TAG_ARRIVED_A,01e01400
190710074049,SOLO_SUCCESS,01e01400
190710074057,TAG_DEPARTED_A,01e01400
190710074059,TAG_ARRIVED_B,01e01400
190710074100,SOLO_SUCCESS,01e01400
190710074125,TAG_DEPARTED_B,01e01400
190710074140,TAG_ARRIVED_A,01da4f00
190710074140,SOLO_SUCCESS,01da4f00
190710074142,TAG_DEPARTED_A,01da4f00
190710074302,TAG_ARRIVED_B,0101b400
190710074303,SOLO_SUCCESS,0101b400
190710074342,TAG_DEPARTED_B,0101b400
190710074402,TAG_ARRIVED_B,0101b400
190710074402,SOLO_SUCCESS,0101b400
190710074404,TAG_DEPARTED_B,0101b400
190710074405,TAG_ARRIVED_B,0101b400
190710074406,SOLO_SUCCESS,0101b400
190710074409,TAG_DEPARTED_B,0101b400
190710074409,TAG_ARRIVED_B,0101b400
190710074410,SOLO_SUCCESS,0101b400
190710074517,TAG_DEPARTED_B,0101b400
190710074518,TAG_ARRIVED_B,0101b400
190710074518,SOLO_SUCCESS,0101b400
190710074520,TAG_DEPARTED_B,0101b400
190710074557,TAG_ARRIVED_B,019f7200
190710074557,SOLO_SUCCESS,019f7200
190710074622,TAG_DEPARTED_B,019f7200
190710074633,TAG_ARRIVED_B,01037b00
190710074634,SOLO_SUCCESS,01037b00
190710074715,TAG_DEPARTED_B,01037b00
190710074716,TAG_ARRIVED_B,01037b00
190710074717,SOLO_SUCCESS,01037b00
190710074757,TAG_DEPARTED_B,01037b00
190710074800,TAG_ARRIVED_B,01037b00
190710074801,SOLO_SUCCESS,01037b00
190710074813,TAG_DEPARTED_B,01037b00
190710074818,TAG_ARRIVED_B,01037b00
190710074819,SOLO_SUCCESS,01037b00
190710074826,TAG_DEPARTED_B,01037b00
190710074829,TAG_ARRIVED_A,01018f00
190710074829,SOLO_SUCCESS,01018f00
190710074835,TAG_DEPARTED_A,01018f00
190710074835,TAG_ARRIVED_A,01018f00
190710074836,SOLO_SUCCESS,01018f00
190710074838,TAG_DEPARTED_A,01018f00
190710074838,TAG_ARRIVED_A,01018f00
190710074839,SOLO_SUCCESS,01018f00
190710074842,TAG_DEPARTED_A,01018f00
190710074843,TAG_ARRIVED_A,01018f00
190710074843,SOLO_SUCCESS,01018f00
190710074847,TAG_DEPARTED_A,01018f00
190710074848,TAG_ARRIVED_B,019f7200
190710074848,SOLO_SUCCESS,019f7200
190710074853,TAG_ARRIVED_A,01018f00
190710074854,STARTCOOP_SUCCESS,019f7200_01018f00
190710074857,TAG_DEPARTED_A,01018f00
190710074901,TAG_ARRIVED_A,01018f00
190710074901,STARTCOOP_SUCCESS,019f7200_01018f00
190710074903,TAG_DEPARTED_A,01018f00
190710074904,TAG_ARRIVED_A,01018f00
190710074904,STARTCOOP_SUCCESS,019f7200_01018f00
190710074906,TAG_DEPARTED_A,01018f00
190710074908,TAG_ARRIVED_A,01018f00
190710074909,STARTCOOP_SUCCESS,019f7200_01018f00
190710074911,TAG_DEPARTED_A,01018f00
190710074940,TAG_ARRIVED_B,01018f00
190710074940,SOLO_SUCCESS,01018f00
190710074944,TAG_DEPARTED_B,01018f00
190710074946,TAG_ARRIVED_B,019f7200
190710074947,SOLO_SUCCESS,019f7200
190710074955,TAG_ARRIVED_B,01018f00
190710074955,SOLO_SUCCESS,01018f00
190710075002,TAG_DEPARTED_B,01018f00
190710075003,TAG_ARRIVED_B,01018f00
190710075003,SOLO_SUCCESS,01018f00
190710075003,TAG_ARRIVED_A,01026800
190710075004,STARTCOOP_SUCCESS,01018f00_01026800
190710075005,TAG_DEPARTED_A,01026800
190710075006,ENDCOOP_SUCCESS,01018f00_
190710075006,TAG_DEPARTED_B,01018f00
190710075007,TAG_ARRIVED_A,01026800
190710075007,SOLO_SUCCESS,01026800
190710075011,TAG_DEPARTED_A,01026800
190710075013,TAG_ARRIVED_B,01018f00
190710075013,SOLO_SUCCESS,01018f00
190710075019,TAG_ARRIVED_B,01026800
190710075019,SOLO_SUCCESS,01026800
190710075021,TAG_DEPARTED_B,01026800
190710075023,TAG_ARRIVED_A,01026800
190710075024,SOLO_SUCCESS,01026800
190710075025,TAG_DEPARTED_A,01026800
190710075033,TAG_ARRIVED_A,01026800
190710075033,SOLO_SUCCESS,01026800
190710075034,TAG_ARRIVED_B,01018f00
190710075035,STARTCOOP_SUCCESS,01026800_01018f00
190710075036,ENDCOOP_SUCCESS,01018f00_01026800
190710075037,TAG_DEPARTED_B,01018f00
190710075041,TAG_DEPARTED_A,01026800
190710075041,TAG_ARRIVED_A,01026800
190710075041,SOLO_SUCCESS,01026800
190710075043,TAG_ARRIVED_B,01018f00
190710075044,STARTCOOP_SUCCESS,01026800_01018f00
190710075049,ENDCOOP_SUCCESS,01018f00_01026800
190710075050,TAG_DEPARTED_B,01018f00
190710075056,TAG_ARRIVED_B,0101fb00
190710075056,STARTCOOP_SUCCESS,01026800_0101fb00
190710075113,TAG_DEPARTED_A,01026800
190710075115,TAG_ARRIVED_A,01026800
190710075116,STARTCOOP_SUCCESS,0101fb00_01026800
190710075123,ENDCOOP_SUCCESS,0101fb00_01026800
190710075123,TAG_DEPARTED_B,0101fb00
190710075124,TAG_DEPARTED_A,01026800
190710075135,TAG_ARRIVED_B,0101fb00
190710075135,SOLO_SUCCESS,0101fb00
190710075137,TAG_DEPARTED_B,0101fb00
190710075137,TAG_ARRIVED_A,01026800
190710075137,SOLO_SUCCESS,01026800
190710075146,TAG_DEPARTED_A,01026800
190710075146,TAG_ARRIVED_A,01026800
190710075146,SOLO_SUCCESS,01026800
190710075149,TAG_DEPARTED_A,01026800
190710075150,TAG_ARRIVED_B,01026800
190710075150,SOLO_SUCCESS,01026800
190710075151,TAG_DEPARTED_B,01026800
190710075152,TAG_ARRIVED_A,01033300
190710075153,SOLO_SUCCESS,01033300
190710075153,TAG_ARRIVED_A,01026800
190710075153,SOLO_SUCCESS,01026800
190710075154,TAG_ARRIVED_B,0101fb00
190710075155,STARTCOOP_SUCCESS,01026800_0101fb00
190710075157,ENDCOOP_SUCCESS,0101fb00_01026800
190710075157,TAG_DEPARTED_B,0101fb00
190710075158,TAG_ARRIVED_B,0101fb00
190710075159,STARTCOOP_SUCCESS,01026800_0101fb00
190710075204,ENDCOOP_SUCCESS,0101fb00_01026800
190710075204,TAG_DEPARTED_B,0101fb00
190710075204,TAG_ARRIVED_B,0101fb00
190710075205,STARTCOOP_SUCCESS,01026800_0101fb00
190710075207,ENDCOOP_SUCCESS,0101fb00_01026800
190710075208,TAG_DEPARTED_B,0101fb00
190710075230,TAG_DEPARTED_A,01026800
190710075236,TAG_ARRIVED_A,01026800
190710075237,SOLO_SUCCESS,01026800
190710075243,TAG_DEPARTED_A,01026800
190710075244,TAG_ARRIVED_A,01026800
190710075244,SOLO_SUCCESS,01026800
190710075250,TAG_DEPARTED_A,01026800
190710075252,TAG_ARRIVED_A,01026800
190710075253,SOLO_SUCCESS,01026800
190710075317,TAG_DEPARTED_A,01026800
190710075318,TAG_ARRIVED_A,01026800
190710075318,SOLO_SUCCESS,01026800
190710075333,TAG_ARRIVED_B,0101fb00
190710075334,STARTCOOP_SUCCESS,01026800_0101fb00
190710075335,ENDCOOP_SUCCESS,0101fb00_01026800
190710075336,TAG_DEPARTED_B,0101fb00
190710075347,TAG_ARRIVED_B,0101fb00
190710075348,STARTCOOP_SUCCESS,01026800_0101fb00
190710075350,ENDCOOP_SUCCESS,0101fb00_01026800
190710075351,TAG_DEPARTED_B,0101fb00
190710075352,TAG_ARRIVED_B,0101fb00
190710075353,STARTCOOP_SUCCESS,01026800_0101fb00
190710075355,ENDCOOP_SUCCESS,0101fb00_01026800
190710075355,TAG_DEPARTED_B,0101fb00
190710075357,TAG_ARRIVED_B,0101fb00
190710075357,STARTCOOP_SUCCESS,01026800_0101fb00
190710075359,ENDCOOP_SUCCESS,0101fb00_01026800
190710075359,TAG_DEPARTED_B,0101fb00
190710075404,TAG_ARRIVED_B,016f8100
190710075405,TAG_MISSING_B,016f8100
190710075405,SOLO_SUCCESS,016f8100
190710075406,TAG_DEPARTED_B,016f8100
190710075407,TAG_ARRIVED_B,016f8100
190710075409,TAG_MISSING_B,016f8100
190710075409,SOLO_SUCCESS,016f8100
190710075409,TAG_DEPARTED_B,016f8100
190710075412,TAG_ARRIVED_B,01026800
190710075412,SOLO_SUCCESS,01026800
190710075412,TAG_DEPARTED_A,01026800
190710075414,TAG_DEPARTED_B,01026800
190710075415,TAG_ARRIVED_A,01026800
190710075416,SOLO_SUCCESS,01026800
190710075416,TAG_ARRIVED_B,0102ea00
190710075417,STARTCOOP_FAIL,01026800_0102ea00
190710075426,TAG_ARRIVED_B,0101fb00
190710075427,STARTCOOP_SUCCESS,01026800_0101fb00
190710075430,ENDCOOP_SUCCESS,0101fb00_01026800
190710075431,TAG_DEPARTED_B,0101fb00
190710075431,TAG_ARRIVED_B,0101fb00
190710075431,STARTCOOP_SUCCESS,01026800_0101fb00
190710075435,TAG_DEPARTED_A,01026800
190710075436,TAG_ARRIVED_A,01026800
190710075436,STARTCOOP_SUCCESS,0101fb00_01026800
190710075437,TAG_DEPARTED_A,01026800
190710075438,ENDCOOP_SUCCESS,0101fb00_
190710075439,TAG_DEPARTED_B,0101fb00
190710075458,TAG_ARRIVED_B,0101fb00
190710075458,SOLO_FAIL,0101fb00
190710075503,TAG_ARRIVED_A,01026800
190710075503,STARTCOOP_SUCCESS,0101fb00_01026800
190710075509,TAG_DEPARTED_A,01026800
190710075510,TAG_ARRIVED_A,01026800
190710075510,STARTCOOP_SUCCESS,0101fb00_01026800
190710075512,TAG_DEPARTED_A,01026800
190710075513,ENDCOOP_SUCCESS,0101fb00_
190710075513,TAG_DEPARTED_B,0101fb00
190710075514,TAG_ARRIVED_A,01026800
190710075514,SOLO_FAIL,01026800
190710075514,TAG_ARRIVED_B,0101fb00
190710075515,STARTCOOP_SUCCESS,01026800_0101fb00
190710075516,TAG_DEPARTED_A,01026800
190710075521,TAG_ARRIVED_A,01026800
190710075522,STARTCOOP_SUCCESS,0101fb00_01026800
190710075523,TAG_DEPARTED_A,01026800
190710075535,TAG_ARRIVED_A,01026800
190710075535,STARTCOOP_SUCCESS,0101fb00_01026800
190710075537,TAG_DEPARTED_A,01026800
190710075539,TAG_ARRIVED_A,01026800
190710075539,STARTCOOP_SUCCESS,0101fb00_01026800
190710075542,TAG_DEPARTED_A,01026800
190710075549,TAG_ARRIVED_A,01026800
190710075549,STARTCOOP_SUCCESS,0101fb00_01026800
190710075550,ENDCOOP_SUCCESS,0101fb00_01026800
190710075550,TAG_DEPARTED_B,0101fb00
190710075550,TAG_ARRIVED_B,0101fb00
190710075551,STARTCOOP_SUCCESS,01026800_0101fb00
190710075552,ENDCOOP_SUCCESS,0101fb00_01026800
190710075553,TAG_DEPARTED_B,0101fb00
190710075555,TAG_DEPARTED_A,01026800
190710075558,TAG_ARRIVED_A,01026800
190710075559,SOLO_FAIL,01026800
190710075606,TAG_ARRIVED_B,0101fb00
190710075606,STARTCOOP_SUCCESS,01026800_0101fb00
190710075606,TAG_DEPARTED_A,01026800
190710075608,TAG_ARRIVED_A,01026800
190710075608,STARTCOOP_SUCCESS,0101fb00_01026800
190710075610,TAG_DEPARTED_A,01026800
190710075610,TAG_ARRIVED_A,01026800
190710075611,STARTCOOP_SUCCESS,0101fb00_01026800
190710075614,ENDCOOP_SUCCESS,0101fb00_01026800
190710075614,TAG_DEPARTED_B,0101fb00
190710075620,TAG_DEPARTED_A,01026800
190710075623,TAG_ARRIVED_A,01026800
190710075623,SOLO_SUCCESS,01026800
190710075625,TAG_DEPARTED_A,01026800
190710075626,TAG_ARRIVED_A,01026800
190710075626,SOLO_SUCCESS,01026800
190710075635,TAG_DEPARTED_A,01026800
190710075643,TAG_ARRIVED_B,01026900
190710075644,SOLO_SUCCESS,01026900
190710075646,TAG_DEPARTED_B,01026900
190710075646,TAG_ARRIVED_B,01026900
190710075647,SOLO_SUCCESS,01026900
190710075648,TAG_DEPARTED_B,01026900
190710075655,TAG_ARRIVED_A,0102ea00
190710075655,SOLO_SUCCESS,0102ea00
190710075704,TAG_DEPARTED_A,0102ea00
190710075717,TAG_ARRIVED_A,0102ea00
190710075718,SOLO_SUCCESS,0102ea00
190710075719,TAG_DEPARTED_A,0102ea00
190710075725,TAG_ARRIVED_A,0102ea00
190710075725,SOLO_SUCCESS,0102ea00
190710075727,TAG_DEPARTED_A,0102ea00
190710075743,TAG_ARRIVED_A,01044c00
190710075744,SOLO_SUCCESS,01044c00
190710075816,TAG_DEPARTED_A,01044c00
190710075845,TAG_ARRIVED_A,01044c00
190710075846,SOLO_SUCCESS,01044c00
190710075900,TAG_ARRIVED_A,01bf9c00
190710075901,SOLO_SUCCESS,01bf9c00
190710075902,TAG_ARRIVED_A,01024700
190710075903,SOLO_SUCCESS,01024700
190710075909,TAG_DEPARTED_A,01024700
190710075910,TAG_ARRIVED_A,01d18f00
190710075911,SOLO_SUCCESS,01d18f00
190710075911,TAG_DEPARTED_A,01d18f00
190710075916,TAG_ARRIVED_A,01d18f00
190710075917,SOLO_SUCCESS,01d18f00
190710075921,TAG_DEPARTED_A,01d18f00
190710075923,TAG_ARRIVED_A,01d18f00
190710075924,SOLO_SUCCESS,01d18f00
190710075925,TAG_DEPARTED_A,01d18f00
190710075935,TAG_ARRIVED_A,01d18f00
190710075936,SOLO_SUCCESS,01d18f00
190710075937,TAG_DEPARTED_A,01d18f00
190710080018,TAG_ARRIVED_B,01024700
190710080018,SOLO_SUCCESS,01024700
190710080020,TAG_DEPARTED_B,01024700
190710080025,TAG_ARRIVED_A,01038800
190710080026,SOLO_SUCCESS,01038800
190710080035,TAG_ARRIVED_B,01024700
190710080035,STARTCOOP_FAIL,01038800_01024700
190710080037,ENDCOOP_FAIL,01024700_01038800
190710080037,TAG_DEPARTED_B,01024700
190710080041,TAG_ARRIVED_B,01024700
190710080042,STARTCOOP_FAIL,01038800_01024700
190710080044,TAG_DEPARTED_A,01038800
190710080045,TAG_ARRIVED_B,01038800
190710080046,SOLO_FAIL,01038800
190710080047,TAG_ARRIVED_A,01044c00
190710080048,STARTCOOP_SUCCESS,01038800_01044c00
190710080048,TAG_ARRIVED_A,01038800
190710080049,SOLO_FAIL,01038800
190710080049,ENDCOOP_FAIL,01038800_01038800
190710080049,TAG_DEPARTED_B,01038800
190710080050,TAG_ARRIVED_B,01044c00
190710080051,STARTCOOP_SUCCESS,01038800_01044c00
190710080056,ENDCOOP_SUCCESS,01044c00_01038800
190710080056,TAG_DEPARTED_B,01044c00
190710080058,TAG_ARRIVED_B,01044c00
190710080059,STARTCOOP_SUCCESS,01038800_01044c00
190710080100,ENDCOOP_SUCCESS,01044c00_01038800
190710080100,TAG_DEPARTED_B,01044c00
190710080101,TAG_ARRIVED_B,01044c00
190710080102,STARTCOOP_SUCCESS,01038800_01044c00
190710080103,ENDCOOP_SUCCESS,01044c00_01038800
190710080104,TAG_DEPARTED_B,01044c00
190710080104,TAG_ARRIVED_B,01044c00
190710080105,STARTCOOP_SUCCESS,01038800_01044c00
190710080106,TAG_DEPARTED_A,01038800
190710080106,ENDCOOP_SUCCESS,01044c00_
190710080106,TAG_DEPARTED_B,01044c00
190710080107,TAG_ARRIVED_B,01044c00
190710080108,SOLO_FAIL,01044c00
190710080108,ENDCOOP_FAIL,01044c00_
190710080108,TAG_DEPARTED_B,01044c00
190710080109,TAG_ARRIVED_B,01044c00
190710080110,SOLO_FAIL,01044c00
190710080110,TAG_ARRIVED_A,01038800
190710080111,STARTCOOP_SUCCESS,01044c00_01038800
190710080111,TAG_DEPARTED_A,01038800
190710080118,ENDCOOP_SUCCESS,01044c00_
190710080118,TAG_DEPARTED_B,01044c00
190710080119,TAG_ARRIVED_A,01038800
190710080120,SOLO_FAIL,01038800
190710080129,TAG_DEPARTED_A,01038800
190710080129,TAG_ARRIVED_A,01038800
190710080130,SOLO_FAIL,01038800
190710080154,TAG_DEPARTED_A,01038800
190710080212,TAG_ARRIVED_B,01022600
190710080213,SOLO_FAIL,01022600
190710080216,TAG_ARRIVED_A,0102ea00
190710080217,STARTCOOP_SUCCESS,01022600_0102ea00
190710080218,ENDCOOP_SUCCESS,01022600_0102ea00
190710080218,TAG_DEPARTED_B,01022600
190710080219,TAG_DEPARTED_A,0102ea00
190710080241,LOCKOUT_ENDED,
190710080456,TAG_ARRIVED_A,01027300
190710080457,SOLO_SUCCESS,01027300
190710080459,TAG_DEPARTED_A,01027300
190710080502,TAG_ARRIVED_A,01027300
190710080503,SOLO_SUCCESS,01027300
190710080504,TAG_DEPARTED_A,01027300
190710080508,TAG_ARRIVED_A,01027300
190710080509,SOLO_SUCCESS,01027300
190710080510,TAG_DEPARTED_A,01027300
190710080512,TAG_ARRIVED_A,01027300
190710080513,SOLO_SUCCESS,01027300
190710080525,TAG_DEPARTED_A,01027300
190710080628,TAG_ARRIVED_A,0102ea00
190710080629,SOLO_SUCCESS,0102ea00
190710080630,TAG_DEPARTED_A,0102ea00
190710080656,TAG_ARRIVED_B,01e01400
190710080657,SOLO_SUCCESS,01e01400
190710080659,TAG_DEPARTED_B,01e01400
190710080659,TAG_ARRIVED_B,01e01400
190710080700,SOLO_SUCCESS,01e01400
190710080702,TAG_ARRIVED_A,0102d400
190710080703,STARTCOOP_SUCCESS,01e01400_0102d400
190710080712,ENDCOOP_SUCCESS,01e01400_0102d400
190710080712,TAG_DEPARTED_B,01e01400
190710080713,TAG_DEPARTED_A,0102d400
190710080714,TAG_ARRIVED_A,0102d400
190710080715,SOLO_SUCCESS,0102d400
190710080717,TAG_DEPARTED_A,0102d400
190710080720,TAG_ARRIVED_A,0102d400
190710080721,SOLO_SUCCESS,0102d400
190710080724,TAG_DEPARTED_A,0102d400
190710080727,TAG_ARRIVED_A,0102d400
190710080728,SOLO_SUCCESS,0102d400
190710080801,TAG_DEPARTED_A,0102d400
190710080818,TAG_ARRIVED_B,01e01400
190710080819,SOLO_SUCCESS,01e01400
190710080826,TAG_DEPARTED_B,01e01400
190710080828,TAG_ARRIVED_B,01e01400
190710080829,SOLO_SUCCESS,01e01400
190710080830,TAG_DEPARTED_B,01e01400
190710080831,TAG_ARRIVED_A,0102d400
190710080832,SOLO_SUCCESS,0102d400
190710080836,TAG_DEPARTED_A,0102d400
190710080850,TAG_ARRIVED_A,0102d400
190710080851,SOLO_SUCCESS,0102d400
190710080854,TAG_DEPARTED_A,0102d400
190710080857,TAG_ARRIVED_A,0102d400
190710080858,SOLO_SUCCESS,0102d400
190710080858,TAG_ARRIVED_A,01e01400
190710080859,SOLO_SUCCESS,01e01400
190710080909,TAG_ARRIVED_B,01fe7600
190710080909,STARTCOOP_FAIL,01e01400_01fe7600
190710080911,ENDCOOP_FAIL,01fe7600_01e01400
190710080911,TAG_DEPARTED_B,01fe7600
190710080915,TAG_DEPARTED_A,01e01400
190710081100,TAG_ARRIVED_A,01031b00
190710081102,TAG_MISSING_A,01031b00
190710081102,SOLO_FAIL,01031b00
190710081105,TAG_DEPARTED_A,01031b00
190710081108,TAG_ARRIVED_A,01031b00
190710081109,TAG_MISSING_A,01031b00
190710081110,SOLO_SUCCESS,01031b00
190710081111,TAG_DEPARTED_A,01031b00
190710081111,TAG_ARRIVED_A,01031b00
190710081112,TAG_MISSING_A,01031b00
190710081113,SOLO_SUCCESS,01031b00
190710081144,TAG_DEPARTED_A,01031b00
190710081147,TAG_ARRIVED_A,01031b00
190710081149,TAG_MISSING_A,01031b00
190710081149,SOLO_SUCCESS,01031b00
190710081159,TAG_DEPARTED_A,01031b00
190710081203,TAG_ARRIVED_A,01031b00
190710081205,TAG_MISSING_A,01031b00
190710081205,SOLO_SUCCESS,01031b00
190710081336,TAG_DEPARTED_A,01031b00
190710081348,TAG_ARRIVED_A,01031b00
190710081350,TAG_MISSING_A,01031b00
190710081350,SOLO_SUCCESS,01031b00
190710081432,TAG_DEPARTED_A,01031b00
190710081433,TAG_ARRIVED_A,01031b00
190710081435,TAG_MISSING_A,01031b00
190710081435,SOLO_SUCCESS,01031b00
190710081456,TAG_DEPARTED_A,01031b00
190710081540,TAG_ARRIVED_A,01031800
190710081540,SOLO_SUCCESS,01031800
190710081544,TAG_DEPARTED_A,01031800
190710081552,TAG_ARRIVED_A,01031800
190710081552,SOLO_SUCCESS,01031800
190710081554,TAG_DEPARTED_A,01031800
190710081610,TAG_ARRIVED_A,01031800
190710081611,SOLO_SUCCESS,01031800
190710081613,TAG_ARRIVED_A,01027f00
190710081613,SOLO_SUCCESS,01027f00
190710081615,TAG_DEPARTED_A,01027f00
190710081616,TAG_ARRIVED_A,01027f00
190710081617,SOLO_SUCCESS,01027f00
190710081617,TAG_ARRIVED_B,01031800
190710081618,STARTCOOP_SUCCESS,01027f00_01031800
190710081618,TAG_DEPARTED_A,01027f00
190710081619,TAG_ARRIVED_A,01027f00
190710081620,STARTCOOP_SUCCESS,01031800_01027f00
190710081621,TAG_DEPARTED_A,01027f00
190710081622,ENDCOOP_SUCCESS,01031800_
190710081622,TAG_DEPARTED_B,01031800
190710081622,TAG_ARRIVED_A,01027f00
190710081623,SOLO_SUCCESS,01027f00
190710081624,TAG_DEPARTED_A,01027f00
190710081625,TAG_ARRIVED_A,01027f00
190710081626,SOLO_SUCCESS,01027f00
190710081626,TAG_ARRIVED_B,01031800
190710081626,STARTCOOP_SUCCESS,01027f00_01031800
190710081627,TAG_DEPARTED_A,01027f00
190710081629,ENDCOOP_SUCCESS,01031800_
190710081629,TAG_DEPARTED_B,01031800
190710081630,TAG_ARRIVED_A,01027f00
190710081630,SOLO_SUCCESS,01027f00
190710081633,TAG_ARRIVED_A,01036a00
190710081634,SOLO_SUCCESS,01036a00
190710081659,TAG_DEPARTED_A,01036a00
190710081706,TAG_ARRIVED_B,01037b00
190710081707,SOLO_SUCCESS,01037b00
190710081710,TAG_DEPARTED_B,01037b00
190710081711,TAG_ARRIVED_A,0101b400
190710081712,SOLO_SUCCESS,0101b400
190710081712,TAG_ARRIVED_B,01037b00
190710081713,STARTCOOP_SUCCESS,0101b400_01037b00
190710081713,ENDCOOP_SUCCESS,01037b00_0101b400
190710081713,TAG_DEPARTED_B,01037b00
190710081731,TAG_ARRIVED_A,01fe7600
190710081732,SOLO_SUCCESS,01fe7600
190710081735,TAG_DEPARTED_A,01fe7600
190710081742,TAG_ARRIVED_A,01037b00
190710081743,SOLO_SUCCESS,01037b00
190710081743,TAG_ARRIVED_B,01037b00
190710081744,SOLO_SUCCESS,01037b00
190710081745,TAG_DEPARTED_A,01037b00
190710081748,TAG_DEPARTED_B,01037b00
190710081750,TAG_ARRIVED_A,01036a00
190710081750,SOLO_SUCCESS,01036a00
190710081758,TAG_DEPARTED_A,01036a00
190710081805,TAG_ARRIVED_A,01036a00
190710081806,SOLO_SUCCESS,01036a00
190710081810,TAG_ARRIVED_A,01029a00
190710081811,SOLO_SUCCESS,01029a00
190710081828,TAG_ARRIVED_A,01036a00
190710081828,SOLO_SUCCESS,01036a00
190710081836,TAG_DEPARTED_A,01036a00
190710081843,TAG_ARRIVED_A,01036a00
190710081843,SOLO_SUCCESS,01036a00
190710081845,TAG_ARRIVED_B,01037b00
190710081847,STARTCOOP_FAIL,01036a00_01037b00
190710081853,TAG_DEPARTED_A,01036a00
190710081853,ENDCOOP_FAIL,01037b00_
190710081853,TAG_DEPARTED_B,01037b00
190710081854,TAG_ARRIVED_A,01036a00
190710081854,SOLO_FAIL,01036a00
190710081854,TAG_ARRIVED_B,01037b00
190710081856,STARTCOOP_FAIL,01036a00_01037b00
190710081856,TAG_DEPARTED_A,01036a00
190710081857,TAG_ARRIVED_A,01036a00
190710081857,STARTCOOP_FAIL,01037b00_01036a00
190710081902,TAG_ARRIVED_B,01036a00
190710081902,SOLO_FAIL,01036a00
190710081902,TAG_DEPARTED_A,01036a00
190710081906,ENDCOOP_FAIL,01036a00_
190710081906,TAG_DEPARTED_B,01036a00
190710081907,TAG_ARRIVED_A,01029a00
190710081908,SOLO_FAIL,01029a00
190710081908,TAG_ARRIVED_B,01036a00
190710081908,STARTCOOP_FAIL,01029a00_01036a00
190710081909,TAG_DEPARTED_A,01029a00
190710081909,TAG_ARRIVED_A,137b0200
190710081911,TAG_MISSING_A,137b0200
190710081911,SOLO_FAIL,137b0200
190710081911,TAG_ARRIVED_A,136a0100
190710081913,TAG_MISSING_A,136a0100
190710081913,SOLO_FAIL,136a0100
190710081913,TAG_DEPARTED_B,01036a00
190710081913,TAG_DEPARTED_A,136a0100
190710081914,TAG_ARRIVED_B,01036a00
190710081914,SOLO_FAIL,01036a00
190710081915,TAG_ARRIVED_A,01037b00
190710081916,STARTCOOP_FAIL,01036a00_01037b00
190710081917,ENDCOOP_FAIL,01036a00_01037b00
190710081917,TAG_DEPARTED_B,01036a00
190710081917,TAG_ARRIVED_B,01037b00
190710081918,SOLO_FAIL,01037b00
190710081919,TAG_DEPARTED_A,01037b00
190710081947,ENDCOOP_FAIL,01037b00_
190710081947,TAG_DEPARTED_B,01037b00
190710082020,TAG_ARRIVED_A,01029a00
190710082021,SOLO_FAIL,01029a00
190710082034,TAG_ARRIVED_B,0101fb00
190710082035,STARTCOOP_FAIL,01029a00_0101fb00
190710082036,ENDCOOP_FAIL,0101fb00_01029a00
190710082036,TAG_DEPARTED_B,0101fb00
190710082040,TAG_DEPARTED_A,01029a00
190710082042,TAG_ARRIVED_A,01029a00
190710082043,SOLO_FAIL,01029a00
190710082044,TAG_DEPARTED_A,01029a00
190710082052,TAG_ARRIVED_A,01029a00
190710082053,SOLO_FAIL,01029a00
190710082059,TAG_DEPARTED_A,01029a00
190710082102,TAG_ARRIVED_B,0101fb00
190710082102,SOLO_FAIL,0101fb00
190710082103,TAG_ARRIVED_A,01029a00
190710082104,STARTCOOP_FAIL,0101fb00_01029a00
190710082106,ENDCOOP_FAIL,0101fb00_01029a00
190710082107,TAG_DEPARTED_B,0101fb00
190710082107,TAG_ARRIVED_B,0101fb00
190710082108,STARTCOOP_FAIL,01029a00_0101fb00
190710082108,TAG_DEPARTED_A,01029a00
190710082108,TAG_ARRIVED_A,01029a00
190710082109,STARTCOOP_FAIL,0101fb00_01029a00
190710082110,TAG_DEPARTED_A,01029a00
190710082110,TAG_ARRIVED_A,01029a00
190710082111,STARTCOOP_FAIL,0101fb00_01029a00
190710082112,TAG_DEPARTED_A,01029a00
190710082113,TAG_ARRIVED_A,01029a00
190710082114,STARTCOOP_FAIL,0101fb00_01029a00
190710082114,TAG_DEPARTED_A,01029a00
190710082117,TAG_ARRIVED_A,01029a00
190710082118,STARTCOOP_FAIL,0101fb00_01029a00
190710082131,TAG_DEPARTED_A,01029a00
190710082132,TAG_ARRIVED_A,01029a00
190710082133,STARTCOOP_FAIL,0101fb00_01029a00
190710082134,TAG_DEPARTED_A,01029a00
190710082134,TAG_ARRIVED_A,01029a00
190710082135,STARTCOOP_FAIL,0101fb00_01029a00
190710082135,ENDCOOP_FAIL,0101fb00_01029a00
190710082136,TAG_DEPARTED_B,0101fb00
190710082225,TAG_ARRIVED_B,01029a00
190710082226,SOLO_FAIL,01029a00
190710082226,TAG_DEPARTED_A,01029a00
190710082234,ENDCOOP_FAIL,01029a00_
190710082235,TAG_DEPARTED_B,01029a00
190710082235,TAG_ARRIVED_B,01029a00
190710082236,SOLO_FAIL,01029a00
190710082242,ENDCOOP_FAIL,01029a00_
190710082243,TAG_DEPARTED_B,01029a00
190710082243,TAG_ARRIVED_A,01029a00
190710082244,SOLO_FAIL,01029a00
190710082322,TAG_ARRIVED_B,01bc6d00
190710082323,STARTCOOP_SUCCESS,01029a00_01bc6d00
190710082326,ENDCOOP_SUCCESS,01bc6d00_01029a00
190710082327,TAG_DEPARTED_B,01bc6d00
190710082343,TAG_DEPARTED_A,01029a00
190710082349,TAG_ARRIVED_A,01029a00
190710082350,SOLO_SUCCESS,01029a00
190710082358,TAG_DEPARTED_A,01029a00
190710082400,TAG_ARRIVED_A,01029a00
190710082401,SOLO_SUCCESS,01029a00
190710082405,TAG_DEPARTED_A,01029a00
190710082406,TAG_ARRIVED_A,01029a00
190710082407,SOLO_SUCCESS,01029a00
190710082410,TAG_DEPARTED_A,01029a00
190710082415,TAG_ARRIVED_A,01029a00
190710082416,SOLO_SUCCESS,01029a00
190710082418,TAG_DEPARTED_A,01029a00
190710082431,TAG_ARRIVED_A,01029a00
190710082432,SOLO_SUCCESS,01029a00
190710082441,TAG_DEPARTED_A,01029a00
190710082442,TAG_ARRIVED_A,01029a00
190710082443,SOLO_SUCCESS,01029a00
190710082448,TAG_DEPARTED_A,01029a00
190710082517,TAG_ARRIVED_A,01029a00
190710082518,SOLO_SUCCESS,01029a00
190710082528,TAG_DEPARTED_A,01029a00
190710082531,TAG_ARRIVED_A,01029a00
190710082532,SOLO_SUCCESS,01029a00
190710082537,TAG_DEPARTED_A,01029a00
190710082537,TAG_ARRIVED_A,01029a00
190710082538,SOLO_SUCCESS,01029a00
190710082540,TAG_DEPARTED_A,01029a00
190710082546,TAG_ARRIVED_A,01029a00
190710082547,SOLO_SUCCESS,01029a00
190710082606,TAG_DEPARTED_A,01029a00
190710082606,TAG_ARRIVED_A,01bc6d00
190710082607,SOLO_SUCCESS,01bc6d00
190710082608,TAG_DEPARTED_A,01bc6d00
190710082610,TAG_ARRIVED_A,0104dd00
190710082611,SOLO_SUCCESS,0104dd00
190710082627,TAG_ARRIVED_A,01029a00
190710082628,SOLO_SUCCESS,01029a00
190710082631,TAG_ARRIVED_B,0104dd00
190710082632,STARTCOOP_SUCCESS,01029a00_0104dd00
190710082637,ENDCOOP_SUCCESS,0104dd00_01029a00
190710082637,TAG_DEPARTED_B,0104dd00
190710082642,TAG_ARRIVED_B,0104dd00
190710082643,STARTCOOP_SUCCESS,01029a00_0104dd00
190710082643,TAG_DEPARTED_A,01029a00
190710082644,TAG_ARRIVED_A,01029a00
190710082645,STARTCOOP_SUCCESS,0104dd00_01029a00
190710082645,ENDCOOP_SUCCESS,0104dd00_01029a00
190710082645,TAG_DEPARTED_B,0104dd00
190710082646,TAG_DEPARTED_A,01029a00
190710082646,TAG_ARRIVED_A,01029a00
190710082647,SOLO_SUCCESS,01029a00
190710082648,TAG_ARRIVED_B,0104dd00
190710082649,STARTCOOP_SUCCESS,01029a00_0104dd00
190710082655,ENDCOOP_SUCCESS,0104dd00_01029a00
190710082655,TAG_DEPARTED_B,0104dd00
190710082656,TAG_DEPARTED_A,01029a00
190710082659,TAG_ARRIVED_A,01029a00
190710082700,SOLO_SUCCESS,01029a00
190710082704,TAG_ARRIVED_B,0101fb00
190710082704,STARTCOOP_FAIL,01029a00_0101fb00
190710082705,TAG_DEPARTED_A,01029a00
190710082711,TAG_ARRIVED_A,01029a00
190710082712,STARTCOOP_FAIL,0101fb00_01029a00
190710082715,TAG_DEPARTED_A,01029a00
190710082720,TAG_ARRIVED_A,01029a00
190710082721,STARTCOOP_FAIL,0101fb00_01029a00
190710082721,ENDCOOP_FAIL,0101fb00_01029a00
190710082721,TAG_DEPARTED_B,0101fb00
190710082723,TAG_DEPARTED_A,01029a00
190710082724,TAG_ARRIVED_A,01029a00
190710082725,SOLO_FAIL,01029a00
190710082728,TAG_DEPARTED_A,01029a00
190710082731,TAG_ARRIVED_B,0101fb00
190710082732,SOLO_FAIL,0101fb00
190710082732,TAG_ARRIVED_A,01029a00
190710082733,STARTCOOP_FAIL,0101fb00_01029a00
190710082734,ENDCOOP_FAIL,0101fb00_01029a00
190710082734,TAG_DEPARTED_B,0101fb00
190710082741,TAG_ARRIVED_B,0101fb00
190710082742,STARTCOOP_FAIL,01029a00_0101fb00
190710082743,ENDCOOP_FAIL,0101fb00_01029a00
190710082744,TAG_DEPARTED_B,0101fb00
190710082744,TAG_ARRIVED_B,0101fb00
190710082744,STARTCOOP_FAIL,01029a00_0101fb00
190710082745,TAG_DEPARTED_A,01029a00
190710082745,ENDCOOP_FAIL,0101fb00_
190710082746,TAG_DEPARTED_B,0101fb00
190710082748,TAG_ARRIVED_A,01029a00
190710082749,SOLO_FAIL,01029a00
190710082750,TAG_ARRIVED_B,01029a00
190710082750,SOLO_FAIL,01029a00
190710082751,TAG_DEPARTED_A,01029a00
190710082755,ENDCOOP_FAIL,01029a00_
190710082756,TAG_DEPARTED_B,01029a00
190710082756,TAG_ARRIVED_A,01029a00
190710082757,SOLO_FAIL,01029a00
190710082759,TAG_DEPARTED_A,01029a00
190710082801,TAG_ARRIVED_B,019a9000
190710082802,SOLO_FAIL,019a9000
190710082803,ENDCOOP_FAIL,019a9000_
190710082804,TAG_DEPARTED_B,019a9000
190710082804,TAG_ARRIVED_A,01029a00
190710082805,SOLO_FAIL,01029a00
190710082809,TAG_DEPARTED_A,01029a00
190710082811,TAG_ARRIVED_A,01029a00
190710082812,SOLO_FAIL,01029a00
190710082819,TAG_ARRIVED_B,019a9000
190710082820,STARTCOOP_FAIL,01029a00_019a9000
190710082821,ENDCOOP_FAIL,019a9000_01029a00
190710082821,TAG_DEPARTED_B,019a9000
190710082831,TAG_ARRIVED_B,019a9000
190710082831,STARTCOOP_FAIL,01029a00_019a9000
190710082835,ENDCOOP_FAIL,019a9000_01029a00
190710082835,TAG_DEPARTED_B,019a9000
190710082835,TAG_ARRIVED_B,019a9000
190710082836,STARTCOOP_FAIL,01029a00_019a9000
190710082836,TAG_DEPARTED_A,01029a00
190710082837,TAG_ARRIVED_A,01029a00
190710082838,STARTCOOP_FAIL,019a9000_01029a00
190710082839,TAG_DEPARTED_A,01029a00
190710082839,TAG_ARRIVED_A,01029a00
190710082840,STARTCOOP_FAIL,019a9000_01029a00
190710082841,TAG_DEPARTED_A,01029a00
190710082841,TAG_ARRIVED_A,01029a00
190710082842,STARTCOOP_FAIL,019a9000_01029a00
190710082843,ENDCOOP_FAIL,019a9000_01029a00
190710082843,TAG_DEPARTED_B,019a9000
190710082843,TAG_ARRIVED_B,019a9000
190710082844,STARTCOOP_FAIL,01029a00_019a9000
190710082844,TAG_DEPARTED_A,01029a00
190710082844,TAG_ARRIVED_A,01029a00
190710082845,STARTCOOP_FAIL,019a9000_01029a00
190710082849,ENDCOOP_FAIL,019a9000_01029a00
190710082849,TAG_DEPARTED_B,019a9000
190710082851,TAG_ARRIVED_B,019a9000
190710082851,STARTCOOP_FAIL,01029a00_019a9000
190710082853,ENDCOOP_FAIL,019a9000_01029a00
190710082853,TAG_DEPARTED_B,019a9000
190710082855,TAG_ARRIVED_B,019a9000
190710082855,STARTCOOP_FAIL,01029a00_019a9000
190710082916,TAG_DEPARTED_A,01029a00
190710082916,TAG_ARRIVED_A,01029a00
190710082917,STARTCOOP_FAIL,019a9000_01029a00
190710082918,TAG_DEPARTED_A,01029a00
190710082918,TAG_ARRIVED_A,01029a00
190710082919,STARTCOOP_FAIL,019a9000_01029a00
190710082920,TAG_DEPARTED_A,01029a00
190710082920,TAG_ARRIVED_A,01029a00
190710082921,STARTCOOP_FAIL,019a9000_01029a00
190710082921,ENDCOOP_FAIL,019a9000_01029a00
190710082922,TAG_DEPARTED_B,019a9000
190710082922,TAG_ARRIVED_B,019a9000
190710082923,STARTCOOP_FAIL,01029a00_019a9000
190710082923,TAG_DEPARTED_A,01029a00
190710082923,TAG_ARRIVED_A,01029a00
190710082924,STARTCOOP_FAIL,019a9000_01029a00
190710082930,TAG_DEPARTED_A,01029a00
190710082932,ENDCOOP_FAIL,019a9000_
190710082932,TAG_DEPARTED_B,019a9000
190710082932,TAG_ARRIVED_B,019a9000
190710082933,SOLO_FAIL,019a9000
190710082937,ENDCOOP_FAIL,019a9000_
190710082937,TAG_DEPARTED_B,019a9000
190710082937,TAG_ARRIVED_A,01029a00
190710082938,SOLO_FAIL,01029a00
190710082939,TAG_ARRIVED_B,019a9000
190710082940,STARTCOOP_FAIL,01029a00_019a9000
190710082943,ENDCOOP_FAIL,019a9000_01029a00
190710082943,TAG_DEPARTED_B,019a9000
190710082943,TAG_ARRIVED_B,019a9000
190710082944,STARTCOOP_FAIL,01029a00_019a9000
190710082944,TAG_DEPARTED_A,01029a00
190710082945,TAG_ARRIVED_A,01029a00
190710082946,STARTCOOP_FAIL,019a9000_01029a00
190710082946,TAG_DEPARTED_A,01029a00
190710082947,TAG_ARRIVED_A,01029a00
190710082948,STARTCOOP_FAIL,019a9000_01029a00
190710082948,ENDCOOP_FAIL,019a9000_01029a00
190710082948,TAG_DEPARTED_B,019a9000
190710082949,TAG_ARRIVED_B,019a9000
190710082949,STARTCOOP_FAIL,01029a00_019a9000
190710082955,ENDCOOP_FAIL,019a9000_01029a00
190710082955,TAG_DEPARTED_B,019a9000
190710083006,TAG_ARRIVED_B,01022600
190710083007,STARTCOOP_SUCCESS,01029a00_01022600
190710083009,ENDCOOP_SUCCESS,01022600_01029a00
190710083009,TAG_DEPARTED_B,01022600
190710083021,TAG_ARRIVED_B,01022600
190710083022,STARTCOOP_SUCCESS,01029a00_01022600
190710083023,ENDCOOP_SUCCESS,01022600_01029a00
190710083023,TAG_DEPARTED_B,01022600
190710083023,TAG_ARRIVED_B,01022600
190710083024,STARTCOOP_SUCCESS,01029a00_01022600
190710083024,TAG_DEPARTED_A,01029a00
190710083025,TAG_ARRIVED_A,01029a00
190710083026,STARTCOOP_SUCCESS,01022600_01029a00
190710083026,ENDCOOP_SUCCESS,01022600_01029a00
190710083027,TAG_DEPARTED_B,01022600
190710083042,TAG_ARRIVED_B,01018f00
190710083042,STARTCOOP_FAIL,01029a00_01018f00
190710083044,ENDCOOP_FAIL,01018f00_01029a00
190710083044,TAG_DEPARTED_B,01018f00
190710083045,TAG_ARRIVED_B,01018f00
190710083046,STARTCOOP_FAIL,01029a00_01018f00
190710083050,ENDCOOP_FAIL,01018f00_01029a00
190710083050,TAG_DEPARTED_B,01018f00
190710083051,TAG_ARRIVED_B,01018f00
190710083051,STARTCOOP_FAIL,01029a00_01018f00
190710083058,ENDCOOP_FAIL,01018f00_01029a00
190710083058,TAG_DEPARTED_B,01018f00
190710083058,TAG_ARRIVED_B,01018f00
190710083059,STARTCOOP_FAIL,01029a00_01018f00
190710083059,TAG_DEPARTED_A,01029a00
190710083100,TAG_ARRIVED_A,01029a00
190710083101,STARTCOOP_FAIL,01018f00_01029a00
190710083103,ENDCOOP_FAIL,01018f00_01029a00
190710083103,TAG_DEPARTED_B,01018f00
190710083104,TAG_ARRIVED_B,01018f00
190710083104,STARTCOOP_FAIL,01029a00_01018f00
190710083105,TAG_DEPARTED_A,01029a00
190710083106,TAG_ARRIVED_A,01029a00
190710083107,STARTCOOP_FAIL,01018f00_01029a00
190710083110,TAG_DEPARTED_A,01029a00
190710083133,TAG_ARRIVED_A,01029a00
190710083134,STARTCOOP_FAIL,01018f00_01029a00
190710083135,TAG_DEPARTED_A,01029a00
190710083139,ENDCOOP_FAIL,01018f00_
190710083139,TAG_DEPARTED_B,01018f00
190710083142,TAG_ARRIVED_A,01029a00
190710083143,SOLO_FAIL,01029a00
190710083149,TAG_ARRIVED_B,01022600
190710083149,STARTCOOP_SUCCESS,01029a00_01022600
190710083156,ENDCOOP_SUCCESS,01022600_01029a00
190710083156,TAG_DEPARTED_B,01022600
190710083201,TAG_ARRIVED_B,01022600
190710083202,STARTCOOP_SUCCESS,01029a00_01022600
190710083207,ENDCOOP_SUCCESS,01022600_01029a00
190710083207,TAG_DEPARTED_B,01022600
190710083208,TAG_DEPARTED_A,01029a00
190710083210,TAG_ARRIVED_A,01029a00
190710083211,SOLO_FAIL,01029a00
190710083214,TAG_ARRIVED_B,0104dd00
190710083215,STARTCOOP_SUCCESS,01029a00_0104dd00
190710083216,TAG_DEPARTED_A,01029a00
190710083220,TAG_ARRIVED_A,01029a00
190710083221,STARTCOOP_SUCCESS,0104dd00_01029a00
190710083222,ENDCOOP_SUCCESS,0104dd00_01029a00
190710083223,TAG_DEPARTED_B,0104dd00
190710083227,TAG_ARRIVED_B,0104dd00
190710083228,STARTCOOP_SUCCESS,01029a00_0104dd00
190710083245,ENDCOOP_SUCCESS,0104dd00_01029a00
190710083245,TAG_DEPARTED_B,0104dd00
190710083246,TAG_ARRIVED_B,0104dd00
190710083247,STARTCOOP_SUCCESS,01029a00_0104dd00
190710083247,ENDCOOP_SUCCESS,0104dd00_01029a00
190710083248,TAG_DEPARTED_B,0104dd00
190710083303,TAG_ARRIVED_B,0104dd00
190710083304,STARTCOOP_SUCCESS,01029a00_0104dd00
190710083310,ENDCOOP_SUCCESS,0104dd00_01029a00
190710083310,TAG_DEPARTED_B,0104dd00
190710083311,TAG_ARRIVED_B,0104dd00
190710083312,STARTCOOP_SUCCESS,01029a00_0104dd00
190710083312,TAG_DEPARTED_A,01029a00
190710083312,TAG_ARRIVED_A,01029a00
190710083313,STARTCOOP_SUCCESS,0104dd00_01029a00
190710083314,TAG_DEPARTED_A,01029a00
190710083314,TAG_ARRIVED_A,01029a00
190710083315,STARTCOOP_SUCCESS,0104dd00_01029a00
190710083316,ENDCOOP_SUCCESS,0104dd00_01029a00
190710083316,TAG_DEPARTED_B,0104dd00
190710083316,TAG_ARRIVED_B,0104dd00
190710083317,STARTCOOP_SUCCESS,01029a00_0104dd00
190710083318,TAG_DEPARTED_A,01029a00
190710083318,TAG_ARRIVED_A,01029a00
190710083319,STARTCOOP_SUCCESS,0104dd00_01029a00
190710083319,ENDCOOP_SUCCESS,0104dd00_01029a00
190710083319,TAG_DEPARTED_B,0104dd00
190710083320,TAG_ARRIVED_B,0104dd00
190710083321,STARTCOOP_SUCCESS,01029a00_0104dd00
190710083321,TAG_DEPARTED_A,01029a00
190710083321,TAG_ARRIVED_A,01029a00
190710083322,STARTCOOP_SUCCESS,0104dd00_01029a00
190710083323,ENDCOOP_SUCCESS,0104dd00_01029a00
190710083323,TAG_DEPARTED_B,0104dd00
190710083323,TAG_ARRIVED_B,0104dd00
190710083324,STARTCOOP_SUCCESS,01029a00_0104dd00
190710083325,ENDCOOP_SUCCESS,0104dd00_01029a00
190710083325,TAG_DEPARTED_B,0104dd00
190710083325,TAG_ARRIVED_B,0104dd00
190710083326,STARTCOOP_SUCCESS,01029a00_0104dd00
190710083327,TAG_DEPARTED_A,01029a00
190710083327,TAG_ARRIVED_A,01029a00
190710083328,STARTCOOP_SUCCESS,0104dd00_01029a00
190710083329,TAG_DEPARTED_A,01029a00
190710083329,TAG_ARRIVED_A,01029a00
190710083330,STARTCOOP_SUCCESS,0104dd00_01029a00
190710083331,ENDCOOP_SUCCESS,0104dd00_01029a00
190710083331,TAG_DEPARTED_B,0104dd00
190710083333,TAG_ARRIVED_B,0104dd00
190710083334,STARTCOOP_SUCCESS,01029a00_0104dd00
190710083335,ENDCOOP_SUCCESS,0104dd00_01029a00
190710083335,TAG_DEPARTED_B,0104dd00
190710083336,TAG_ARRIVED_B,0104dd00
190710083337,STARTCOOP_SUCCESS,01029a00_0104dd00
190710083341,ENDCOOP_SUCCESS,0104dd00_01029a00
190710083341,TAG_DEPARTED_B,0104dd00
190710083345,TAG_ARRIVED_B,0104dd00
190710083346,STARTCOOP_SUCCESS,01029a00_0104dd00
190710083348,ENDCOOP_SUCCESS,0104dd00_01029a00
190710083348,TAG_DEPARTED_B,0104dd00
190710083350,TAG_ARRIVED_B,0104dd00
190710083351,STARTCOOP_SUCCESS,01029a00_0104dd00
190710083351,TAG_DEPARTED_A,01029a00
190710083351,TAG_ARRIVED_A,01029a00
190710083352,STARTCOOP_SUCCESS,0104dd00_01029a00
190710083353,ENDCOOP_SUCCESS,0104dd00_01029a00
190710083353,TAG_DEPARTED_B,0104dd00
190710083505,TAG_ARRIVED_B,0104dd00
190710083506,STARTCOOP_SUCCESS,01029a00_0104dd00
190710083512,TAG_ARRIVED_A,01024700
190710083513,STARTCOOP_FAIL,0104dd00_01024700
190710083518,TAG_ARRIVED_B,01024700
190710083519,SOLO_FAIL,01024700
190710083519,TAG_DEPARTED_A,01024700
190710083520,ENDCOOP_FAIL,01024700_
190710083520,TAG_DEPARTED_B,01024700
190710083521,TAG_ARRIVED_A,01bf9c00
190710083522,SOLO_FAIL,01bf9c00
190710083523,TAG_DEPARTED_A,01bf9c00
190710083524,TAG_ARRIVED_A,01024700
190710083524,SOLO_FAIL,01024700
190710083525,TAG_ARRIVED_B,01029a00
190710083526,STARTCOOP_FAIL,01024700_01029a00
190710083526,TAG_DEPARTED_A,01024700
190710083527,TAG_ARRIVED_A,01024700
190710083527,STARTCOOP_FAIL,01029a00_01024700
190710083532,TAG_ARRIVED_B,01024700
190710083533,SOLO_FAIL,01024700
190710083533,TAG_DEPARTED_A,01024700
190710083534,TAG_ARRIVED_A,01bf9c00
190710083535,STARTCOOP_FAIL,01024700_01bf9c00
190710083536,TAG_DEPARTED_A,01bf9c00
190710083536,TAG_ARRIVED_A,01bf9c00
190710083538,STARTCOOP_FAIL,01024700_01bf9c00
190710083538,TAG_DEPARTED_A,01bf9c00
190710083539,TAG_ARRIVED_A,01bf9c00
190710083540,STARTCOOP_FAIL,01024700_01bf9c00
190710083540,ENDCOOP_FAIL,01024700_01bf9c00
190710083540,TAG_DEPARTED_B,01024700
190710083544,TAG_ARRIVED_B,01024700
190710083544,STARTCOOP_FAIL,01bf9c00_01024700
190710083556,ENDCOOP_FAIL,01024700_01bf9c00
190710083556,TAG_DEPARTED_B,01024700
190710083558,TAG_ARRIVED_B,01024700
190710083558,STARTCOOP_FAIL,01bf9c00_01024700
190710083600,ENDCOOP_FAIL,01024700_01bf9c00
190710083600,TAG_DEPARTED_B,01024700
190710083601,TAG_ARRIVED_B,01024700
190710083601,STARTCOOP_FAIL,01bf9c00_01024700
190710083606,ENDCOOP_FAIL,01024700_01bf9c00
190710083607,TAG_DEPARTED_B,01024700
190710083607,TAG_ARRIVED_B,01024700
190710083608,STARTCOOP_FAIL,01bf9c00_01024700
190710083608,TAG_DEPARTED_A,01bf9c00
190710083608,TAG_ARRIVED_A,01bf9c00
190710083610,STARTCOOP_FAIL,01024700_01bf9c00
190710083610,TAG_DEPARTED_A,01bf9c00
190710083611,TAG_ARRIVED_A,01bf9c00
190710083612,STARTCOOP_FAIL,01024700_01bf9c00
190710083612,TAG_DEPARTED_A,01bf9c00
190710083613,TAG_ARRIVED_A,01bf9c00
190710083614,STARTCOOP_FAIL,01024700_01bf9c00
190710083614,ENDCOOP_FAIL,01024700_01bf9c00
190710083615,TAG_DEPARTED_B,01024700
190710083615,TAG_ARRIVED_B,01024700
190710083615,STARTCOOP_FAIL,01bf9c00_01024700
190710083618,ENDCOOP_FAIL,01024700_01bf9c00
190710083619,TAG_DEPARTED_B,01024700
190710083619,TAG_ARRIVED_B,01024700
190710083620,STARTCOOP_FAIL,01bf9c00_01024700
190710083623,ENDCOOP_FAIL,01024700_01bf9c00
190710083623,TAG_DEPARTED_B,01024700
190710083631,TAG_ARRIVED_B,01024700
190710083632,STARTCOOP_FAIL,01bf9c00_01024700
190710083633,ENDCOOP_FAIL,01024700_01bf9c00
190710083633,TAG_DEPARTED_B,01024700
190710083634,TAG_ARRIVED_B,01024700
190710083635,STARTCOOP_FAIL,01bf9c00_01024700
190710083636,ENDCOOP_FAIL,01024700_01bf9c00
190710083637,TAG_DEPARTED_B,01024700
190710083638,TAG_ARRIVED_B,01024700
190710083638,STARTCOOP_FAIL,01bf9c00_01024700
190710083643,ENDCOOP_FAIL,01024700_01bf9c00
190710083643,TAG_DEPARTED_B,01024700
190710083643,TAG_ARRIVED_B,01024700
190710083644,STARTCOOP_FAIL,01bf9c00_01024700
190710083644,TAG_DEPARTED_A,01bf9c00
190710083645,TAG_ARRIVED_A,01bf9c00
190710083646,STARTCOOP_FAIL,01024700_01bf9c00
190710083646,TAG_DEPARTED_A,01bf9c00
190710083647,TAG_ARRIVED_A,01bf9c00
190710083648,STARTCOOP_FAIL,01024700_01bf9c00
190710083648,ENDCOOP_FAIL,01024700_01bf9c00
190710083649,TAG_DEPARTED_B,01024700
190710083652,TAG_ARRIVED_A,01024700
190710083652,SOLO_FAIL,01024700
190710083652,TAG_ARRIVED_B,01bf9c00
190710083654,STARTCOOP_FAIL,01024700_01bf9c00
190710083654,TAG_DEPARTED_A,01024700
190710083657,ENDCOOP_FAIL,01bf9c00_
190710083658,TAG_DEPARTED_B,01bf9c00
190710083702,TAG_ARRIVED_A,01e01400
190710083703,SOLO_FAIL,01e01400
190710083704,TAG_DEPARTED_A,01e01400
190710083711,TAG_ARRIVED_B,01e01400
190710083712,SOLO_FAIL,01e01400
190710083714,TAG_ARRIVED_A,0104dd00
190710083715,STARTCOOP_SUCCESS,01e01400_0104dd00
190710083716,ENDCOOP_SUCCESS,01e01400_0104dd00
190710083716,TAG_DEPARTED_B,01e01400
190710083725,TAG_ARRIVED_B,01e01400
190710083726,STARTCOOP_SUCCESS,0104dd00_01e01400
190710083727,ENDCOOP_SUCCESS,01e01400_0104dd00
190710083727,TAG_DEPARTED_B,01e01400
190710083733,TAG_ARRIVED_B,01e01400
190710083734,STARTCOOP_SUCCESS,0104dd00_01e01400
190710083738,ENDCOOP_SUCCESS,01e01400_0104dd00
190710083738,TAG_DEPARTED_B,01e01400
190710083739,TAG_ARRIVED_B,01e01400
190710083740,STARTCOOP_SUCCESS,0104dd00_01e01400
190710083741,ENDCOOP_SUCCESS,01e01400_0104dd00
190710083741,TAG_DEPARTED_B,01e01400
190710083757,TAG_ARRIVED_B,01e01400
190710083758,STARTCOOP_SUCCESS,0104dd00_01e01400
190710083759,ENDCOOP_SUCCESS,01e01400_0104dd00
190710083759,TAG_DEPARTED_B,01e01400
190710083759,TAG_ARRIVED_B,01e01400
190710083800,STARTCOOP_SUCCESS,0104dd00_01e01400
190710083800,TAG_DEPARTED_A,0104dd00
190710083801,TAG_ARRIVED_A,0104dd00
190710083802,STARTCOOP_SUCCESS,01e01400_0104dd00
190710083812,TAG_DEPARTED_A,0104dd00
190710083821,TAG_ARRIVED_A,0104dd00
190710083822,STARTCOOP_SUCCESS,01e01400_0104dd00
190710083826,TAG_DEPARTED_A,0104dd00
190710083830,ENDCOOP_SUCCESS,01e01400_
190710083830,TAG_DEPARTED_B,01e01400
190710083831,TAG_ARRIVED_B,01e01400
190710083832,SOLO_FAIL,01e01400
190710083833,ENDCOOP_FAIL,01e01400_
190710083833,TAG_DEPARTED_B,01e01400
190710083834,TAG_ARRIVED_A,0104dd00
190710083835,SOLO_FAIL,0104dd00
190710083838,TAG_ARRIVED_B,01e01400
190710083839,STARTCOOP_SUCCESS,0104dd00_01e01400
190710083840,ENDCOOP_SUCCESS,01e01400_0104dd00
190710083840,TAG_DEPARTED_B,01e01400
190710083843,TAG_DEPARTED_A,0104dd00
190710083854,TAG_ARRIVED_A,01045100
190710083854,SOLO_SUCCESS,01045100
190710083856,TAG_ARRIVED_B,01e01400
190710083857,STARTCOOP_FAIL,01045100_01e01400
190710083858,TAG_DEPARTED_A,01045100
190710083901,TAG_ARRIVED_A,01045100
190710083901,STARTCOOP_FAIL,01e01400_01045100
190710083905,TAG_DEPARTED_A,01045100
190710083907,TAG_ARRIVED_A,01031800
190710083907,STARTCOOP_FAIL,01e01400_01031800
190710083909,ENDCOOP_FAIL,01e01400_01031800
190710083909,TAG_DEPARTED_B,01e01400
190710083920,TAG_ARRIVED_B,01e01400
190710083921,STARTCOOP_FAIL,01031800_01e01400
190710083922,ENDCOOP_FAIL,01e01400_01031800
190710083922,TAG_DEPARTED_B,01e01400
190710083922,TAG_ARRIVED_B,01e01400
190710083923,STARTCOOP_FAIL,01031800_01e01400
190710083924,TAG_DEPARTED_A,01031800
190710083925,TAG_ARRIVED_A,01045100
190710083926,STARTCOOP_FAIL,01e01400_01045100
190710083927,ENDCOOP_FAIL,01e01400_01045100
190710083927,TAG_DEPARTED_B,01e01400
190710083931,TAG_DEPARTED_A,01045100
190710083933,TAG_ARRIVED_B,01e01400
190710083934,SOLO_FAIL,01e01400
190710083935,ENDCOOP_FAIL,01e01400_
190710083935,TAG_DEPARTED_B,01e01400
190710083938,TAG_ARRIVED_A,01022600
190710083939,SOLO_FAIL,01022600
190710083940,TAG_ARRIVED_B,01e01400
190710083941,STARTCOOP_SUCCESS,01022600_01e01400
190710083944,TAG_DEPARTED_A,01022600
190710083944,ENDCOOP_SUCCESS,01e01400_
190710083945,TAG_DEPARTED_B,01e01400
190710083945,TAG_ARRIVED_A,01022600
190710083946,SOLO_FAIL,01022600
190710083947,TAG_DEPARTED_A,01022600
190710083952,TAG_ARRIVED_A,01045100
190710083953,SOLO_FAIL,01045100
190710083954,TAG_ARRIVED_B,01e01400
190710083955,STARTCOOP_FAIL,01045100_01e01400
190710083956,ENDCOOP_FAIL,01e01400_01045100
190710083956,TAG_DEPARTED_B,01e01400
190710083957,TAG_ARRIVED_B,01e01400
190710083958,STARTCOOP_FAIL,01045100_01e01400
190710083959,ENDCOOP_FAIL,01e01400_01045100
190710083959,TAG_DEPARTED_B,01e01400
190710083959,TAG_DEPARTED_A,01045100
190710084006,TAG_ARRIVED_A,10140200
190710084008,TAG_MISSING_A,10140200
190710084008,SOLO_FAIL,10140200
190710084008,TAG_ARRIVED_A,13510200
190710084010,TAG_MISSING_A,13510200
190710084010,SOLO_FAIL,13510200
190710084010,TAG_DEPARTED_A,13510200
190710084011,TAG_ARRIVED_B,01045100
190710084012,SOLO_FAIL,01045100
190710084012,TAG_ARRIVED_A,019f7200
190710084012,SOLO_FAIL,019f7200
190710084013,TAG_DEPARTED_B,01045100
190710084013,TAG_DEPARTED_A,019f7200
190710084013,TAG_ARRIVED_B,01e01400
190710084014,SOLO_FAIL,01e01400
190710084015,TAG_ARRIVED_A,019f7200
190710084016,STARTCOOP_FAIL,01e01400_019f7200
190710084017,TAG_DEPARTED_A,019f7200
190710084020,ENDCOOP_FAIL,01e01400_
190710084020,TAG_DEPARTED_B,01e01400
190710084030,TAG_ARRIVED_A,019f7200
190710084030,SOLO_FAIL,019f7200
190710084032,TAG_DEPARTED_A,019f7200
190710084035,TAG_ARRIVED_A,019f7200
190710084035,SOLO_FAIL,019f7200
190710084037,TAG_ARRIVED_B,0104dd00
190710084038,STARTCOOP_FAIL,019f7200_0104dd00
190710084039,TAG_DEPARTED_A,019f7200
190710084040,TAG_ARRIVED_A,019f7200
190710084041,STARTCOOP_FAIL,0104dd00_019f7200
190710084042,TAG_DEPARTED_A,019f7200
190710084104,ENDCOOP_FAIL,0104dd00_
190710084104,TAG_DEPARTED_B,0104dd00
190710084107,TAG_ARRIVED_B,01022600
190710084108,SOLO_FAIL,01022600
190710084110,TAG_ARRIVED_A,0104dd00
190710084111,STARTCOOP_SUCCESS,01022600_0104dd00
190710084112,ENDCOOP_SUCCESS,01022600_0104dd00
190710084113,TAG_DEPARTED_B,01022600
190710084121,TAG_ARRIVED_B,01022600
190710084122,STARTCOOP_SUCCESS,0104dd00_01022600
190710084123,ENDCOOP_SUCCESS,01022600_0104dd00
190710084123,TAG_DEPARTED_B,01022600
190710084138,TAG_ARRIVED_B,01022600
190710084139,STARTCOOP_SUCCESS,0104dd00_01022600
190710084145,TAG_DEPARTED_A,0104dd00
190710084147,ENDCOOP_SUCCESS,01022600_
190710084147,TAG_DEPARTED_B,01022600
190710084148,TAG_ARRIVED_B,01022600
190710084149,SOLO_FAIL,01022600
190710084150,ENDCOOP_FAIL,01022600_
190710084150,TAG_DEPARTED_B,01022600
190710084150,TAG_ARRIVED_A,0104dd00
190710084151,SOLO_FAIL,0104dd00
190710084151,TAG_ARRIVED_B,01022600
190710084152,STARTCOOP_SUCCESS,0104dd00_01022600
190710084153,TAG_DEPARTED_A,0104dd00
190710084153,TAG_ARRIVED_A,0104dd00
190710084154,STARTCOOP_SUCCESS,01022600_0104dd00
190710084155,TAG_DEPARTED_A,0104dd00
190710084155,TAG_ARRIVED_A,0104dd00
190710084156,STARTCOOP_SUCCESS,01022600_0104dd00
190710084157,TAG_DEPARTED_A,0104dd00
190710084202,TAG_ARRIVED_A,0104dd00
190710084203,STARTCOOP_SUCCESS,01022600_0104dd00
190710084205,ENDCOOP_SUCCESS,01022600_0104dd00
190710084205,TAG_DEPARTED_B,01022600
190710084219,TAG_ARRIVED_B,01022600
190710084220,STARTCOOP_SUCCESS,0104dd00_01022600
190710084224,ENDCOOP_SUCCESS,01022600_0104dd00
190710084224,TAG_DEPARTED_B,01022600
190710084241,LOCKOUT_ENDED,
190710084243,TAG_ARRIVED_B,01022600
190710084244,STARTCOOP_SUCCESS,0104dd00_01022600
190710084244,TAG_DEPARTED_A,0104dd00
190710084252,ENDCOOP_SUCCESS,01022600_
190710084252,TAG_DEPARTED_B,01022600
190710084303,TAG_ARRIVED_B,01022600
190710084304,SOLO_SUCCESS,01022600
190710084305,TAG_DEPARTED_B,01022600
190710084446,TAG_ARRIVED_A,013d7200
190710084447,SOLO_SUCCESS,013d7200
190710084448,TAG_DEPARTED_A,013d7200
190710084449,TAG_ARRIVED_A,013d7200
190710084449,SOLO_SUCCESS,013d7200
190710084454,TAG_DEPARTED_A,013d7200
190710084456,TAG_ARRIVED_A,013d7200
190710084456,SOLO_SUCCESS,013d7200
190710084458,TAG_DEPARTED_A,013d7200
190710084500,TAG_ARRIVED_A,013d7200
190710084500,SOLO_SUCCESS,013d7200
190710084502,TAG_DEPARTED_A,013d7200
190710084508,TAG_ARRIVED_A,013d7200
190710084508,SOLO_SUCCESS,013d7200
190710084510,TAG_DEPARTED_A,013d7200
190710084511,TAG_ARRIVED_A,013d7200
190710084511,SOLO_SUCCESS,013d7200
190710084513,TAG_DEPARTED_A,013d7200
190710084520,TAG_ARRIVED_A,01029a00
190710084521,SOLO_SUCCESS,01029a00
190710084600,TAG_DEPARTED_A,01029a00
190710084602,TAG_ARRIVED_A,01029a00
190710084603,SOLO_SUCCESS,01029a00
190710084611,TAG_DEPARTED_A,01029a00
190710084611,TAG_ARRIVED_A,01029a00
190710084612,SOLO_SUCCESS,01029a00
190710084613,TAG_DEPARTED_A,01029a00
190710084619,TAG_ARRIVED_A,01029a00
190710084620,SOLO_SUCCESS,01029a00
190710084659,TAG_DEPARTED_A,01029a00
190710084716,TAG_ARRIVED_A,01029a00
190710084717,SOLO_SUCCESS,01029a00
190710084726,TAG_DEPARTED_A,01029a00
190710084728,TAG_ARRIVED_A,01029a00
190710084729,SOLO_SUCCESS,01029a00
190710084747,TAG_DEPARTED_A,01029a00
190710084754,TAG_ARRIVED_A,01045100
190710084755,SOLO_SUCCESS,01045100
190710084757,TAG_ARRIVED_A,01029a00
190710084758,SOLO_SUCCESS,01029a00
190710084803,TAG_DEPARTED_A,01029a00
190710084805,TAG_ARRIVED_A,01029a00
190710084806,SOLO_SUCCESS,01029a00
190710084835,TAG_DEPARTED_A,01029a00
190710084836,TAG_ARRIVED_A,01029a00
190710084837,SOLO_SUCCESS,01029a00
190710084843,TAG_DEPARTED_A,01029a00
190710084845,TAG_ARRIVED_A,01029a00
190710084846,SOLO_SUCCESS,01029a00
190710084857,TAG_DEPARTED_A,01029a00
190710084906,TAG_ARRIVED_A,01045100
190710084907,SOLO_SUCCESS,01045100
190710084908,TAG_DEPARTED_A,01045100
190710084909,TAG_ARRIVED_A,01045100
190710084909,SOLO_SUCCESS,01045100
190710084912,TAG_DEPARTED_A,01045100
190710084912,TAG_ARRIVED_A,01045100
190710084913,SOLO_SUCCESS,01045100
190710084920,TAG_DEPARTED_A,01045100
190710084920,TAG_ARRIVED_A,01045100
190710084921,SOLO_SUCCESS,01045100
190710084922,TAG_DEPARTED_A,01045100
190710084938,TAG_ARRIVED_A,01045100
190710084939,SOLO_SUCCESS,01045100
190710084945,TAG_DEPARTED_A,01045100
190710085013,TAG_ARRIVED_A,01031800
190710085013,SOLO_SUCCESS,01031800
190710085019,TAG_DEPARTED_A,01031800
190710085023,TAG_ARRIVED_A,01031800
190710085023,SOLO_SUCCESS,01031800
190710085033,TAG_DEPARTED_A,01031800
190710085051,TAG_ARRIVED_A,01031800
190710085052,SOLO_SUCCESS,01031800
190710085054,TAG_DEPARTED_A,01031800
190710085055,TAG_ARRIVED_A,01031800
190710085055,SOLO_SUCCESS,01031800
190710085057,TAG_DEPARTED_A,01031800
190710085059,TAG_ARRIVED_A,01031800
190710085100,SOLO_SUCCESS,01031800
190710085103,TAG_DEPARTED_A,01031800
190710085105,TAG_ARRIVED_A,01031800
190710085106,SOLO_SUCCESS,01031800
190710085107,TAG_DEPARTED_A,01031800
190710085111,TAG_ARRIVED_A,01031800
190710085112,SOLO_SUCCESS,01031800
190710085113,TAG_DEPARTED_A,01031800
190710085114,TAG_ARRIVED_A,01031800
190710085114,SOLO_SUCCESS,01031800
190710085119,TAG_DEPARTED_A,01031800
190710085120,TAG_ARRIVED_A,01031800
190710085121,SOLO_SUCCESS,01031800
190710085137,TAG_DEPARTED_A,01031800
190710085913,TAG_ARRIVED_B,01e01400
190710085914,SOLO_SUCCESS,01e01400
190710085939,TAG_DEPARTED_B,01e01400
190710085942,TAG_ARRIVED_B,01e01400
190710085943,SOLO_SUCCESS,01e01400
190710085946,TAG_DEPARTED_B,01e01400
190710085952,TAG_ARRIVED_B,01e01400
190710085953,SOLO_SUCCESS,01e01400
190710085955,TAG_DEPARTED_B,01e01400
190710090003,TAG_ARRIVED_B,01e01400
190710090004,SOLO_SUCCESS,01e01400
190710090010,TAG_DEPARTED_B,01e01400
190710091942,TAG_ARRIVED_A,01031b00
190710091943,TAG_MISSING_A,01031b00
190710091943,SOLO_SUCCESS,01031b00
190710092006,TAG_DEPARTED_A,01031b00
190710092009,TAG_ARRIVED_A,01031b00
190710092010,TAG_MISSING_A,01031b00
190710092011,SOLO_SUCCESS,01031b00
190710092112,TAG_DEPARTED_A,01031b00
190710092113,TAG_ARRIVED_A,01031b00
190710092114,TAG_MISSING_A,01031b00
190710092115,SOLO_SUCCESS,01031b00
190710092119,TAG_DEPARTED_A,01031b00
190710092123,TAG_ARRIVED_A,01031b00
190710092124,TAG_MISSING_A,01031b00
190710092125,SOLO_SUCCESS,01031b00
190710092331,TAG_DEPARTED_A,01031b00
190710092332,TAG_ARRIVED_A,01031b00
190710092333,TAG_MISSING_A,01031b00
190710092333,SOLO_SUCCESS,01031b00
190710092334,TAG_DEPARTED_A,01031b00
190710092335,TAG_ARRIVED_A,01031b00
190710092336,TAG_MISSING_A,01031b00
190710092336,SOLO_SUCCESS,01031b00
190710092344,TAG_ARRIVED_A,01036a00
190710092345,SOLO_SUCCESS,01036a00
190710092402,TAG_DEPARTED_A,01036a00
190710092403,TAG_ARRIVED_A,01036a00
190710092404,SOLO_SUCCESS,01036a00
190710092412,TAG_ARRIVED_B,01037b00
190710092414,STARTCOOP_FAIL,01036a00_01037b00
190710092414,ENDCOOP_FAIL,01037b00_01036a00
190710092415,TAG_DEPARTED_B,01037b00
190710092415,TAG_ARRIVED_B,01037b00
190710092416,STARTCOOP_FAIL,01036a00_01037b00
190710092420,TAG_DEPARTED_A,01036a00
190710092442,ENDCOOP_FAIL,01037b00_
190710092442,TAG_DEPARTED_B,01037b00
190710092444,TAG_ARRIVED_B,01037b00
190710092445,SOLO_FAIL,01037b00
190710092456,ENDCOOP_FAIL,01037b00_
190710092456,TAG_DEPARTED_B,01037b00
190710092500,TAG_ARRIVED_B,01036a00
190710092501,SOLO_FAIL,01036a00
190710092503,ENDCOOP_FAIL,01036a00_
190710092504,TAG_DEPARTED_B,01036a00
190710092504,TAG_ARRIVED_A,01036a00
190710092505,SOLO_FAIL,01036a00
190710092507,TAG_DEPARTED_A,01036a00
190710092555,TAG_ARRIVED_B,0102d900
190710092556,SOLO_FAIL,0102d900
190710092558,ENDCOOP_FAIL,0102d900_
190710092558,TAG_DEPARTED_B,0102d900
190710092605,TAG_ARRIVED_A,0102d900
190710092606,SOLO_FAIL,0102d900
190710092612,TAG_DEPARTED_A,0102d900
190710092616,LOCKOUT_ENDED,
190710092620,TAG_ARRIVED_A,0102d900
190710092621,SOLO_SUCCESS,0102d900
190710092629,TAG_DEPARTED_A,0102d900
190710092629,TAG_ARRIVED_A,0102d900
190710092630,SOLO_SUCCESS,0102d900
190710092631,TAG_ARRIVED_B,01e01400
190710092632,STARTCOOP_SUCCESS,0102d900_01e01400
190710092636,ENDCOOP_SUCCESS,01e01400_0102d900
190710092636,TAG_DEPARTED_B,01e01400
190710092637,TAG_ARRIVED_B,01e01400
190710092638,STARTCOOP_SUCCESS,0102d900_01e01400
190710092638,ENDCOOP_SUCCESS,01e01400_0102d900
190710092638,TAG_DEPARTED_B,01e01400
190710092641,TAG_ARRIVED_B,01e01400
190710092642,STARTCOOP_SUCCESS,0102d900_01e01400
190710092644,ENDCOOP_SUCCESS,01e01400_0102d900
190710092645,TAG_DEPARTED_B,01e01400
190710092647,TAG_ARRIVED_B,01e01400
190710092648,STARTCOOP_SUCCESS,0102d900_01e01400
190710092649,ENDCOOP_SUCCESS,01e01400_0102d900
190710092649,TAG_DEPARTED_B,01e01400
190710092650,TAG_ARRIVED_B,01e01400
190710092651,STARTCOOP_SUCCESS,0102d900_01e01400
190710092703,TAG_DEPARTED_A,0102d900
190710092703,TAG_ARRIVED_A,0102d900
190710092704,STARTCOOP_SUCCESS,01e01400_0102d900
190710092705,TAG_DEPARTED_A,0102d900
190710092705,TAG_ARRIVED_A,0102d900
190710092706,STARTCOOP_SUCCESS,01e01400_0102d900
190710092707,ENDCOOP_SUCCESS,01e01400_0102d900
190710092707,TAG_DEPARTED_B,01e01400
190710092716,TAG_ARRIVED_B,0104d700
190710092717,STARTCOOP_FAIL,0102d900_0104d700
190710092718,ENDCOOP_FAIL,0104d700_0102d900
190710092718,TAG_DEPARTED_B,0104d700
190710092719,TAG_ARRIVED_B,0104d700
190710092719,STARTCOOP_FAIL,0102d900_0104d700
190710092720,TAG_ARRIVED_B,01e01400
190710092721,STARTCOOP_SUCCESS,0102d900_01e01400
190710092722,ENDCOOP_SUCCESS,01e01400_0102d900
190710092722,TAG_DEPARTED_B,01e01400
190710092732,TAG_ARRIVED_B,01e01400
190710092734,STARTCOOP_SUCCESS,0102d900_01e01400
190710092734,ENDCOOP_SUCCESS,01e01400_0102d900
190710092735,TAG_DEPARTED_B,01e01400
190710092744,TAG_DEPARTED_A,0102d900
190710092745,TAG_ARRIVED_A,0102d900
190710092746,SOLO_FAIL,0102d900
190710092801,TAG_ARRIVED_B,0102d900
190710092802,SOLO_FAIL,0102d900
190710092803,TAG_DEPARTED_A,0102d900
190710092805,ENDCOOP_FAIL,0102d900_
190710092805,TAG_DEPARTED_B,0102d900
190710092805,TAG_ARRIVED_A,0102d900
190710092806,SOLO_FAIL,0102d900
190710092810,TAG_ARRIVED_B,01e01400
190710092811,STARTCOOP_SUCCESS,0102d900_01e01400
190710092812,ENDCOOP_SUCCESS,01e01400_0102d900
190710092812,TAG_DEPARTED_B,01e01400
190710092835,TAG_ARRIVED_A,01038800
190710092836,SOLO_FAIL,01038800
190710092839,TAG_DEPARTED_A,01038800
190710092850,TAG_ARRIVED_B,01e01400
190710092851,SOLO_FAIL,01e01400
190710092853,ENDCOOP_FAIL,01e01400_
190710092853,TAG_DEPARTED_B,01e01400
190710092919,LOCKOUT_ENDED,
190710093019,TAG_ARRIVED_A,01038800
190710093020,SOLO_SUCCESS,01038800
190710093037,TAG_DEPARTED_A,01038800
190710093039,TAG_ARRIVED_A,01038800
190710093040,SOLO_SUCCESS,01038800
190710093146,TAG_DEPARTED_A,01038800
190710093147,TAG_ARRIVED_A,01038800
190710093148,SOLO_SUCCESS,01038800
190710093150,TAG_ARRIVED_A,01026c00
190710093151,SOLO_SUCCESS,01026c00
190710093152,TAG_DEPARTED_A,01026c00
190710093158,TAG_ARRIVED_A,01026c00
190710093159,SOLO_SUCCESS,01026c00
190710093223,TAG_DEPARTED_A,01026c00
190710093228,TAG_ARRIVED_A,01026c00
190710093229,SOLO_SUCCESS,01026c00
190710093305,TAG_DEPARTED_A,01026c00
190710093310,TAG_ARRIVED_A,01026c00
190710093311,SOLO_SUCCESS,01026c00
190710093340,TAG_DEPARTED_A,01026c00
190710093646,TAG_ARRIVED_B,01c4ca00
190710093647,SOLO_SUCCESS,01c4ca00
190710093702,TAG_DEPARTED_B,01c4ca00
190710093704,TAG_ARRIVED_B,01c4ca00
190710093705,SOLO_SUCCESS,01c4ca00
190710093706,TAG_DEPARTED_B,01c4ca00
190710093732,TAG_ARRIVED_B,01c4ca00
190710093733,SOLO_SUCCESS,01c4ca00
190710093735,TAG_DEPARTED_B,01c4ca00
190710093746,TAG_ARRIVED_B,01c4ca00
190710093747,SOLO_SUCCESS,01c4ca00
190710093748,TAG_DEPARTED_B,01c4ca00
190710093752,TAG_ARRIVED_B,01c4ca00
190710093753,SOLO_SUCCESS,01c4ca00
190710093805,TAG_DEPARTED_B,01c4ca00
190710093811,TAG_ARRIVED_B,01c4ca00
190710093812,SOLO_SUCCESS,01c4ca00
190710093820,TAG_DEPARTED_B,01c4ca00
190710093822,TAG_ARRIVED_B,01c4ca00
190710093823,SOLO_SUCCESS,01c4ca00
190710093831,TAG_DEPARTED_B,01c4ca00
190710093848,TAG_ARRIVED_B,01c4ca00
190710093849,SOLO_SUCCESS,01c4ca00
190710093850,TAG_ARRIVED_A,01036a00
190710093851,STARTCOOP_FAIL,01c4ca00_01036a00
190710093854,ENDCOOP_FAIL,01c4ca00_01036a00
190710093854,TAG_DEPARTED_B,01c4ca00
190710093856,TAG_ARRIVED_B,01c4ca00
190710093857,STARTCOOP_FAIL,01036a00_01c4ca00
190710093858,ENDCOOP_FAIL,01c4ca00_01036a00
190710093859,TAG_DEPARTED_B,01c4ca00
190710093859,TAG_ARRIVED_B,01c4ca00
190710093900,STARTCOOP_FAIL,01036a00_01c4ca00
190710093901,ENDCOOP_FAIL,01c4ca00_01036a00
190710093901,TAG_DEPARTED_B,01c4ca00
190710093902,TAG_ARRIVED_B,01c4ca00
190710093903,STARTCOOP_FAIL,01036a00_01c4ca00
190710093904,ENDCOOP_FAIL,01c4ca00_01036a00
190710093904,TAG_DEPARTED_B,01c4ca00
190710093905,TAG_ARRIVED_B,01c4ca00
190710093906,STARTCOOP_FAIL,01036a00_01c4ca00
190710093910,ENDCOOP_FAIL,01c4ca00_01036a00
190710093910,TAG_DEPARTED_B,01c4ca00
190710093911,TAG_ARRIVED_B,01c4ca00
190710093912,STARTCOOP_FAIL,01036a00_01c4ca00
190710093912,ENDCOOP_FAIL,01c4ca00_01036a00
190710093912,TAG_DEPARTED_B,01c4ca00
190710093913,TAG_ARRIVED_B,01c4ca00
190710093914,STARTCOOP_FAIL,01036a00_01c4ca00
190710093914,ENDCOOP_FAIL,01c4ca00_01036a00
190710093915,TAG_DEPARTED_B,01c4ca00
190710093915,TAG_ARRIVED_B,01c4ca00
190710093916,STARTCOOP_FAIL,01036a00_01c4ca00
190710093916,TAG_DEPARTED_A,01036a00
190710093917,TAG_ARRIVED_A,01036a00
190710093917,STARTCOOP_FAIL,01c4ca00_01036a00
190710093918,ENDCOOP_FAIL,01c4ca00_01036a00
190710093918,TAG_DEPARTED_B,01c4ca00
190710093922,TAG_ARRIVED_B,01c4ca00
190710093923,STARTCOOP_FAIL,01036a00_01c4ca00
190710093930,TAG_DEPARTED_A,01036a00
190710093931,TAG_ARRIVED_A,01036a00
190710093931,STARTCOOP_FAIL,01c4ca00_01036a00
190710093941,ENDCOOP_FAIL,01c4ca00_01036a00
190710093942,TAG_DEPARTED_B,01c4ca00
190710093951,TAG_DEPARTED_A,01036a00
190710093952,TAG_ARRIVED_B,01c4ca00
190710093953,SOLO_FAIL,01c4ca00
190710093957,ENDCOOP_FAIL,01c4ca00_
190710093957,TAG_DEPARTED_B,01c4ca00
190710093958,TAG_ARRIVED_B,01c4ca00
190710093958,SOLO_FAIL,01c4ca00
190710093959,TAG_ARRIVED_A,01c4ca00
190710094000,SOLO_FAIL,01c4ca00
190710094000,ENDCOOP_FAIL,01c4ca00_01c4ca00
190710094000,TAG_DEPARTED_B,01c4ca00
190710094002,TAG_DEPARTED_A,01c4ca00
190710094003,TAG_ARRIVED_A,01c4ca00
190710094004,SOLO_FAIL,01c4ca00
190710094131,LOCKOUT_ENDED,
190710094134,TAG_DEPARTED_A,01c4ca00
190710094142,TAG_ARRIVED_A,01c4ca00
190710094143,SOLO_SUCCESS,01c4ca00
190710094144,TAG_DEPARTED_A,01c4ca00
190710094155,TAG_ARRIVED_A,01c4ca00
190710094156,SOLO_SUCCESS,01c4ca00
190710094158,TAG_DEPARTED_A,01c4ca00
190710094159,TAG_ARRIVED_B,01c4ca00
190710094200,SOLO_SUCCESS,01c4ca00
190710094205,TAG_DEPARTED_B,01c4ca00
190710094221,TAG_ARRIVED_B,01c4ca00
190710094222,SOLO_SUCCESS,01c4ca00
190710094224,TAG_ARRIVED_A,01c4ca00
190710094225,SOLO_SUCCESS,01c4ca00
190710094225,TAG_DEPARTED_B,01c4ca00
190710094242,TAG_DEPARTED_A,01c4ca00
190710094335,TAG_ARRIVED_A,01bf9c00
190710094336,SOLO_SUCCESS,01bf9c00
190710094344,TAG_DEPARTED_A,01bf9c00
190710094350,TAG_ARRIVED_A,01bf9c00
190710094352,SOLO_SUCCESS,01bf9c00
190710094355,TAG_DEPARTED_A,01bf9c00
190710094401,TAG_ARRIVED_A,01bf9c00
190710094402,SOLO_SUCCESS,01bf9c00
190710094409,TAG_ARRIVED_B,0102d400
190710094410,STARTCOOP_SUCCESS,01bf9c00_0102d400
190710094411,ENDCOOP_SUCCESS,0102d400_01bf9c00
190710094411,TAG_DEPARTED_B,0102d400
190710094411,TAG_ARRIVED_B,0102d400
190710094413,STARTCOOP_SUCCESS,01bf9c00_0102d400
190710094413,TAG_DEPARTED_A,01bf9c00
190710094413,TAG_ARRIVED_A,01bf9c00
190710094414,STARTCOOP_SUCCESS,0102d400_01bf9c00
190710094415,ENDCOOP_SUCCESS,0102d400_01bf9c00
190710094415,TAG_DEPARTED_B,0102d400
190710094418,TAG_ARRIVED_B,0102d400
190710094419,STARTCOOP_SUCCESS,01bf9c00_0102d400
190710094420,ENDCOOP_SUCCESS,0102d400_01bf9c00
190710094421,TAG_DEPARTED_B,0102d400
190710094424,TAG_ARRIVED_B,0102d400
190710094425,STARTCOOP_SUCCESS,01bf9c00_0102d400
190710094432,TAG_DEPARTED_A,01bf9c00
190710094445,TAG_ARRIVED_A,01bf9c00
190710094446,STARTCOOP_SUCCESS,0102d400_01bf9c00
190710094447,TAG_DEPARTED_A,01bf9c00
190710094447,TAG_ARRIVED_A,01bf9c00
190710094449,STARTCOOP_SUCCESS,0102d400_01bf9c00
190710094449,TAG_DEPARTED_A,01bf9c00
190710094450,TAG_ARRIVED_A,01bf9c00
190710094451,SOLO_SUCCESS,01bf9c00
190710094451,TAG_DEPARTED_B,0102d400
190710094451,TAG_DEPARTED_A,01bf9c00
190710094452,TAG_ARRIVED_B,d4130e00
190710094453,TAG_MISSING_B,d4130e00
190710094454,SOLO_SUCCESS,d4130e00
190710094454,TAG_ARRIVED_B,0102d400
190710094455,SOLO_SUCCESS,0102d400
190710094455,TAG_ARRIVED_A,01bf9c00
190710094456,SOLO_SUCCESS,01bf9c00
190710094457,TAG_DEPARTED_B,0102d400
190710094457,TAG_ARRIVED_B,0102d400
190710094458,STARTCOOP_SUCCESS,01bf9c00_0102d400
190710094459,ENDCOOP_SUCCESS,0102d400_01bf9c00
190710094459,TAG_DEPARTED_B,0102d400
190710094510,TAG_ARRIVED_B,0102d400
190710094511,STARTCOOP_SUCCESS,01bf9c00_0102d400
190710094521,TAG_DEPARTED_A,01bf9c00
190710094528,TAG_ARRIVED_A,01bf9c00
190710094529,STARTCOOP_SUCCESS,0102d400_01bf9c00
190710094530,TAG_DEPARTED_A,01bf9c00
190710094530,TAG_ARRIVED_A,01bf9c00
190710094532,STARTCOOP_SUCCESS,0102d400_01bf9c00
190710094532,TAG_DEPARTED_A,01bf9c00
190710094533,TAG_ARRIVED_A,01bf9c00
190710094534,STARTCOOP_SUCCESS,0102d400_01bf9c00
190710094534,TAG_DEPARTED_A,01bf9c00
190710094535,TAG_ARRIVED_A,01bf9c00
190710094536,STARTCOOP_SUCCESS,0102d400_01bf9c00
190710094536,TAG_DEPARTED_A,01bf9c00
190710094537,TAG_ARRIVED_A,01bf9c00
190710094538,STARTCOOP_SUCCESS,0102d400_01bf9c00
190710094539,TAG_DEPARTED_A,01bf9c00
190710094539,TAG_ARRIVED_A,01bf9c00
190710094540,STARTCOOP_SUCCESS,0102d400_01bf9c00
190710094541,TAG_DEPARTED_A,01bf9c00
190710094541,ENDCOOP_SUCCESS,0102d400_
190710094541,TAG_DEPARTED_B,0102d400
190710094542,TAG_ARRIVED_B,0102d400
190710094543,SOLO_SUCCESS,0102d400
190710094546,TAG_ARRIVED_A,01bf9c00
190710094547,STARTCOOP_SUCCESS,0102d400_01bf9c00
190710094548,TAG_DEPARTED_A,01bf9c00
190710094548,TAG_ARRIVED_A,01bf9c00
190710094550,STARTCOOP_SUCCESS,0102d400_01bf9c00
190710094550,TAG_DEPARTED_A,01bf9c00
190710094550,TAG_ARRIVED_A,01bf9c00
190710094552,STARTCOOP_SUCCESS,0102d400_01bf9c00
190710094552,TAG_DEPARTED_A,01bf9c00
190710094552,TAG_ARRIVED_A,01bf9c00
190710094554,STARTCOOP_SUCCESS,0102d400_01bf9c00
190710094554,TAG_DEPARTED_A,01bf9c00
190710094555,TAG_ARRIVED_A,01bf9c00
190710094556,STARTCOOP_SUCCESS,0102d400_01bf9c00
190710094556,TAG_DEPARTED_A,01bf9c00
190710094557,TAG_ARRIVED_A,01bf9c00
190710094558,STARTCOOP_SUCCESS,0102d400_01bf9c00
190710094559,TAG_DEPARTED_A,01bf9c00
190710094559,TAG_ARRIVED_A,01bf9c00
190710094600,STARTCOOP_SUCCESS,0102d400_01bf9c00
190710094601,ENDCOOP_SUCCESS,0102d400_01bf9c00
190710094601,TAG_DEPARTED_B,0102d400
190710094620,TAG_ARRIVED_B,01037b00
190710094621,STARTCOOP_SUCCESS,01bf9c00_01037b00
190710094621,ENDCOOP_SUCCESS,01037b00_01bf9c00
190710094622,TAG_DEPARTED_B,01037b00
190710094622,TAG_ARRIVED_B,01037b00
190710094623,STARTCOOP_SUCCESS,01bf9c00_01037b00
190710094624,ENDCOOP_SUCCESS,01037b00_01bf9c00
190710094624,TAG_DEPARTED_B,01037b00
190710094624,TAG_ARRIVED_B,01037b00
190710094625,STARTCOOP_SUCCESS,01bf9c00_01037b00
190710094626,ENDCOOP_SUCCESS,01037b00_01bf9c00
190710094626,TAG_DEPARTED_B,01037b00
190710094651,TAG_ARRIVED_B,01e01400
190710094652,STARTCOOP_SUCCESS,01bf9c00_01e01400
190710094653,ENDCOOP_SUCCESS,01e01400_01bf9c00
190710094653,TAG_DEPARTED_B,01e01400
190710094655,TAG_ARRIVED_A,01037b00
190710094656,SOLO_SUCCESS,01037b00
190710094712,TAG_DEPARTED_A,01037b00
190710094730,TAG_ARRIVED_B,01e01400
190710094731,SOLO_SUCCESS,01e01400
190710094743,TAG_DEPARTED_B,01e01400
190710094757,TAG_ARRIVED_A,01e01400
190710094758,SOLO_SUCCESS,01e01400
190710094802,TAG_DEPARTED_A,01e01400
190710094823,TAG_ARRIVED_B,01e01400
190710094824,SOLO_SUCCESS,01e01400
190710094827,TAG_DEPARTED_B,01e01400
190710094842,TAG_ARRIVED_B,01037b00
190710094843,SOLO_SUCCESS,01037b00
190710094855,TAG_DEPARTED_B,01037b00
190710094914,TAG_ARRIVED_B,0101b400
190710094915,SOLO_SUCCESS,0101b400
190710094917,TAG_ARRIVED_A,01037b00
190710094918,STARTCOOP_SUCCESS,0101b400_01037b00
190710094920,ENDCOOP_SUCCESS,0101b400_01037b00
190710094921,TAG_DEPARTED_B,0101b400
190710094921,TAG_DEPARTED_A,01037b00
190710094927,TAG_ARRIVED_B,0102d900
190710094928,SOLO_SUCCESS,0102d900
190710094939,TAG_ARRIVED_B,01e01400
190710094940,SOLO_SUCCESS,01e01400
190710094955,TAG_DEPARTED_B,01e01400
190710094957,TAG_ARRIVED_B,01e01400
190710094958,SOLO_SUCCESS,01e01400
190710095021,TAG_DEPARTED_B,01e01400
190710095022,TAG_ARRIVED_B,01e01400
190710095023,SOLO_SUCCESS,01e01400
190710095024,TAG_DEPARTED_B,01e01400
190710095028,TAG_ARRIVED_B,01e01400
190710095029,SOLO_SUCCESS,01e01400
190710095030,TAG_DEPARTED_B,01e01400
190710095032,TAG_ARRIVED_A,01e01400
190710095033,SOLO_SUCCESS,01e01400
190710095055,TAG_DEPARTED_A,01e01400
190710095057,TAG_ARRIVED_A,01e01400
190710095058,SOLO_SUCCESS,01e01400
190710095102,TAG_DEPARTED_A,01e01400
190710095103,TAG_ARRIVED_A,01e01400
190710095104,SOLO_SUCCESS,01e01400
190710095107,TAG_ARRIVED_B,0102d900
190710095108,STARTCOOP_SUCCESS,01e01400_0102d900
190710095109,TAG_DEPARTED_A,01e01400
190710095128,TAG_ARRIVED_A,01e01400
190710095129,STARTCOOP_SUCCESS,0102d900_01e01400
190710095130,ENDCOOP_SUCCESS,0102d900_01e01400
190710095130,TAG_DEPARTED_B,0102d900
190710095132,TAG_DEPARTED_A,01e01400
190710095149,TAG_ARRIVED_B,0102d900
190710095150,SOLO_SUCCESS,0102d900
190710095152,TAG_DEPARTED_B,0102d900
190710095153,TAG_ARRIVED_A,0102d900
190710095154,SOLO_SUCCESS,0102d900
190710095200,TAG_DEPARTED_A,0102d900
190710095202,TAG_ARRIVED_A,0102d900
190710095203,SOLO_SUCCESS,0102d900
190710095218,TAG_ARRIVED_B,0102d900
190710095219,SOLO_SUCCESS,0102d900
190710095219,TAG_DEPARTED_A,0102d900
190710095228,TAG_DEPARTED_B,0102d900
190710095230,TAG_ARRIVED_B,0102d900
190710095231,SOLO_SUCCESS,0102d900
190710095232,TAG_DEPARTED_B,0102d900
190710095234,TAG_ARRIVED_B,0102d900
190710095235,SOLO_SUCCESS,0102d900
190710095237,TAG_DEPARTED_B,0102d900
190710095239,TAG_ARRIVED_A,01e01400
190710095240,SOLO_SUCCESS,01e01400
190710095240,TAG_ARRIVED_B,0102d900
190710095241,STARTCOOP_SUCCESS,01e01400_0102d900
190710095242,ENDCOOP_SUCCESS,0102d900_01e01400
190710095242,TAG_DEPARTED_B,0102d900
190710095242,TAG_DEPARTED_A,01e01400
190710095243,TAG_ARRIVED_A,01e01400
190710095244,SOLO_SUCCESS,01e01400
190710095245,TAG_ARRIVED_B,0102d900
190710095246,STARTCOOP_SUCCESS,01e01400_0102d900
190710095247,ENDCOOP_SUCCESS,0102d900_01e01400
190710095247,TAG_DEPARTED_B,0102d900
190710095253,TAG_ARRIVED_B,0102d900
190710095254,STARTCOOP_SUCCESS,01e01400_0102d900
190710095255,ENDCOOP_SUCCESS,0102d900_01e01400
190710095255,TAG_DEPARTED_B,0102d900
190710095311,TAG_ARRIVED_B,0102d900
190710095312,STARTCOOP_SUCCESS,01e01400_0102d900
190710095315,ENDCOOP_SUCCESS,0102d900_01e01400
190710095315,TAG_DEPARTED_B,0102d900
190710095324,TAG_ARRIVED_B,0102d900
190710095325,STARTCOOP_SUCCESS,01e01400_0102d900
190710095346,ENDCOOP_SUCCESS,0102d900_01e01400
190710095346,TAG_DEPARTED_B,0102d900
190710095348,TAG_DEPARTED_A,01e01400
190710095348,TAG_ARRIVED_B,0102d900
190710095349,SOLO_SUCCESS,0102d900
190710095350,TAG_DEPARTED_B,0102d900
190710095353,TAG_ARRIVED_B,01e01400
190710095354,SOLO_SUCCESS,01e01400
190710095355,TAG_ARRIVED_A,01e01400
190710095356,SOLO_SUCCESS,01e01400
190710095356,TAG_DEPARTED_B,01e01400
190710095358,TAG_DEPARTED_A,01e01400
190710095402,TAG_ARRIVED_A,01e01400
190710095403,SOLO_SUCCESS,01e01400
190710095406,TAG_DEPARTED_A,01e01400
190710095408,TAG_ARRIVED_A,01e01400
190710095409,SOLO_SUCCESS,01e01400
190710095415,TAG_DEPARTED_A,01e01400
190710095415,TAG_ARRIVED_B,01e01400
190710095416,SOLO_SUCCESS,01e01400
190710095417,TAG_DEPARTED_B,01e01400
190710095425,TAG_ARRIVED_B,01e01400
190710095426,SOLO_SUCCESS,01e01400
190710095431,TAG_DEPARTED_B,01e01400
190710095452,TAG_ARRIVED_B,0102d900
190710095453,SOLO_SUCCESS,0102d900
190710095454,TAG_DEPARTED_B,0102d900
190710095455,TAG_ARRIVED_B,0102d900
190710095456,SOLO_SUCCESS,0102d900
190710095505,TAG_DEPARTED_B,0102d900
190710095511,TAG_ARRIVED_B,0102d900
190710095512,SOLO_SUCCESS,0102d900
190710095519,TAG_DEPARTED_B,0102d900
190710095519,TAG_ARRIVED_A,0102d900
190710095520,SOLO_SUCCESS,0102d900
190710095538,TAG_DEPARTED_A,0102d900