190628065800,START_EXPERIMENT,
190628070148,TAG_ARRIVED_B,1041100
190628070149,SOLO_SUCCESS,1041100
190628070151,TAG_DEPARTED_B,1041100
190628070156,TAG_ARRIVED_A,01fc3500
190628070158,SOLO_SUCCESS,01fc3500
190628070158,TAG_ARRIVED_A,1041100
190628070159,SOLO_SUCCESS,1041100
190628070200,TAG_DEPARTED_A,1041100
190628070201,TAG_ARRIVED_A,1041100
190628070202,SOLO_SUCCESS,1041100
190628070208,TAG_DEPARTED_A,1041100
190628070212,TAG_ARRIVED_B,1041100
190628070213,SOLO_SUCCESS,1041100
190628070213,TAG_ARRIVED_A,0101c200
190628070214,STARTCOOP_SUCCESS,01041100_0101c200
190628070215,TAG_DEPARTED_A,0101c200
190628070216,ENDCOOP_SUCCESS,01041100_
190628070216,TAG_DEPARTED_B,1041100
190628070218,TAG_ARRIVED_A,0101c200
190628070218,SOLO_SUCCESS,0101c200
190628070220,TAG_DEPARTED_A,0101c200
190628070220,TAG_ARRIVED_B,01026c00
190628070221,SOLO_SUCCESS,01026c00
190628070222,TAG_ARRIVED_A,0101c200
190628070223,STARTCOOP_SUCCESS,01026c00_0101c200
190628070224,TAG_DEPARTED_A,0101c200
190628070226,ENDCOOP_SUCCESS,01026c00_
190628070226,TAG_DEPARTED_B,01026c00
190628070230,TAG_ARRIVED_B,01026c00
190628070231,SOLO_SUCCESS,01026c00
190628070232,TAG_DEPARTED_B,01026c00
190628070243,TAG_ARRIVED_A,01fc3500
190628070244,SOLO_SUCCESS,01fc3500
190628070246,TAG_DEPARTED_A,01fc3500
190628070247,TAG_ARRIVED_A,01fc3500
190628070248,SOLO_SUCCESS,01fc3500
190628070249,TAG_DEPARTED_A,01fc3500
190628080119,TAG_ARRIVED_B,018ef600
190628080120,SOLO_SUCCESS,018ef600
190628080130,TAG_DEPARTED_B,018ef600
190628081035,TAG_ARRIVED_A,01d18f00
190628081036,SOLO_SUCCESS,01d18f00
190628081039,TAG_DEPARTED_A,01d18f00
190628081039,TAG_ARRIVED_A,01d18f00
190628081040,SOLO_SUCCESS,01d18f00
190628081042,TAG_DEPARTED_A,01d18f00
190628081112,TAG_ARRIVED_A,1048700
190628081113,SOLO_SUCCESS,1048700
190628081117,TAG_DEPARTED_A,1048700
190628081117,TAG_ARRIVED_A,1048700
190628081118,SOLO_SUCCESS,1048700
190628081122,TAG_DEPARTED_A,1048700
190628081124,TAG_ARRIVED_A,1048700
190628081125,SOLO_SUCCESS,1048700
190628081135,TAG_ARRIVED_B,1048700
190628081136,SOLO_SUCCESS,1048700
190628081136,TAG_DEPARTED_A,1048700
190628081137,TAG_DEPARTED_B,1048700
190628081142,TAG_ARRIVED_A,1048700
190628081143,SOLO_SUCCESS,1048700
190628081145,TAG_DEPARTED_A,1048700
190628081145,TAG_ARRIVED_B,01c4ca00
190628081146,SOLO_SUCCESS,01c4ca00
190628081147,TAG_DEPARTED_B,01c4ca00
190628081147,TAG_ARRIVED_A,1048700
190628081148,SOLO_SUCCESS,1048700
190628081148,TAG_ARRIVED_B,01c4ca00
190628081149,STARTCOOP_SUCCESS,01048700_01c4ca00
190628081150,ENDCOOP_SUCCESS,01c4ca00_01048700
190628081150,TAG_DEPARTED_B,01c4ca00
190628081203,TAG_ARRIVED_A,01c4ca00
190628081203,SOLO_SUCCESS,01c4ca00
190628081232,TAG_DEPARTED_A,01c4ca00
190628081238,TAG_ARRIVED_B,01c4ca00
190628081238,SOLO_SUCCESS,01c4ca00
190628081241,TAG_DEPARTED_B,01c4ca00
190628081250,TAG_ARRIVED_A,01c4ca00
190628081250,SOLO_SUCCESS,01c4ca00
190628081252,TAG_DEPARTED_A,01c4ca00
190628081252,TAG_ARRIVED_A,01c4ca00
190628081253,SOLO_SUCCESS,01c4ca00
190628081258,TAG_DEPARTED_A,01c4ca00
190628081301,TAG_ARRIVED_A,01c4ca00
190628081302,SOLO_SUCCESS,01c4ca00
190628081304,TAG_ARRIVED_B,01c4ca00
190628081305,SOLO_SUCCESS,01c4ca00
190628081305,TAG_DEPARTED_A,01c4ca00
190628081306,TAG_DEPARTED_B,01c4ca00
190628081306,TAG_ARRIVED_A,01c4ca00
190628081307,SOLO_SUCCESS,01c4ca00
190628081309,TAG_DEPARTED_A,01c4ca00
190628081312,TAG_ARRIVED_A,018feb00
190628081313,SOLO_SUCCESS,018feb00
190628081314,TAG_DEPARTED_A,018feb00
190628081319,TAG_ARRIVED_A,01c4ca00
190628081320,SOLO_SUCCESS,01c4ca00
190628081321,TAG_DEPARTED_A,01c4ca00
190628081322,TAG_ARRIVED_A,01c4ca00
190628081323,SOLO_SUCCESS,01c4ca00
190628081324,TAG_DEPARTED_A,01c4ca00
190628081349,TAG_ARRIVED_A,01c4ca00
190628081350,SOLO_SUCCESS,01c4ca00
190628081352,TAG_DEPARTED_A,01c4ca00
190628081352,TAG_ARRIVED_B,01c4ca00
190628081353,SOLO_SUCCESS,01c4ca00
190628081354,TAG_DEPARTED_B,01c4ca00
190628081354,TAG_ARRIVED_A,01bf9c00
190628081355,SOLO_SUCCESS,01bf9c00
190628081400,TAG_ARRIVED_B,01c4ca00
190628081400,STARTCOOP_SUCCESS,01bf9c00_01c4ca00
190628081401,TAG_DEPARTED_A,01bf9c00
190628081404,ENDCOOP_SUCCESS,01c4ca00_
190628081404,TAG_DEPARTED_B,01c4ca00
190628081427,TAG_ARRIVED_A,01e01400
190628081428,SOLO_SUCCESS,01e01400
190628081429,TAG_ARRIVED_B,01c4ca00
190628081430,STARTCOOP_SUCCESS,01e01400_01c4ca00
190628081430,TAG_DEPARTED_A,01e01400
190628081432,ENDCOOP_SUCCESS,01c4ca00_
190628081432,TAG_DEPARTED_B,01c4ca00
190628081432,TAG_ARRIVED_A,01e01400
190628081433,SOLO_SUCCESS,01e01400
190628081434,TAG_DEPARTED_A,01e01400
190628081434,TAG_ARRIVED_B,01c4ca00
190628081435,SOLO_SUCCESS,01c4ca00
190628081437,TAG_DEPARTED_B,01c4ca00
190628081439,TAG_ARRIVED_B,01c4ca00
190628081440,SOLO_SUCCESS,01c4ca00
190628081440,TAG_ARRIVED_A,01e01400
190628081441,STARTCOOP_SUCCESS,01c4ca00_01e01400
190628081441,ENDCOOP_SUCCESS,01c4ca00_01e01400
190628081441,TAG_DEPARTED_B,01c4ca00
190628081442,TAG_ARRIVED_B,01c4ca00
190628081442,STARTCOOP_SUCCESS,01e01400_01c4ca00
190628081444,ENDCOOP_SUCCESS,01c4ca00_01e01400
190628081444,TAG_DEPARTED_B,01c4ca00
190628081446,TAG_DEPARTED_A,01e01400
190628081447,TAG_ARRIVED_A,01e01400
190628081448,SOLO_SUCCESS,01e01400
190628081453,TAG_DEPARTED_A,01e01400
190628081454,TAG_ARRIVED_A,01e01400
190628081455,SOLO_SUCCESS,01e01400
190628081456,TAG_DEPARTED_A,01e01400
190628081459,TAG_ARRIVED_A,01e01400
190628081500,SOLO_SUCCESS,01e01400
190628081502,TAG_DEPARTED_A,01e01400
190628081504,TAG_ARRIVED_A,01e01400
190628081505,SOLO_SUCCESS,01e01400
190628081509,TAG_DEPARTED_A,01e01400
190628081509,TAG_ARRIVED_A,01e01400
190628081510,SOLO_SUCCESS,01e01400
190628081511,TAG_DEPARTED_A,01e01400
190628081512,TAG_ARRIVED_B,01e01400
190628081513,SOLO_SUCCESS,01e01400
190628081514,TAG_DEPARTED_B,01e01400
190628081517,TAG_ARRIVED_B,1048700
190628081518,SOLO_SUCCESS,1048700
190628081520,TAG_DEPARTED_B,1048700
190628081550,TAG_ARRIVED_B,01c4ca00
190628081551,SOLO_SUCCESS,01c4ca00
190628081556,TAG_DEPARTED_B,01c4ca00
190628081615,TAG_ARRIVED_B,01c4ca00
190628081616,SOLO_SUCCESS,01c4ca00
190628081617,TAG_DEPARTED_B,01c4ca00
190628081627,TAG_ARRIVED_A,01c4ca00
190628081628,SOLO_SUCCESS,01c4ca00
190628081629,TAG_ARRIVED_B,018ef600
190628081629,STARTCOOP_SUCCESS,01c4ca00_018ef600
190628081630,TAG_DEPARTED_A,01c4ca00
190628081631,ENDCOOP_SUCCESS,018ef600_
190628081631,TAG_DEPARTED_B,018ef600
190628081631,TAG_ARRIVED_A,01c4ca00
190628081632,SOLO_SUCCESS,01c4ca00
190628081637,TAG_ARRIVED_B,018ef600
190628081638,STARTCOOP_SUCCESS,01c4ca00_018ef600
190628081641,TAG_DEPARTED_A,01c4ca00
190628081645,TAG_ARRIVED_A,01c4ca00
190628081646,STARTCOOP_SUCCESS,018ef600_01c4ca00
190628081650,ENDCOOP_SUCCESS,018ef600_01c4ca00
190628081650,TAG_DEPARTED_B,018ef600
190628081711,TAG_DEPARTED_A,01c4ca00
190628081725,TAG_ARRIVED_B,018ef600
190628081726,SOLO_SUCCESS,018ef600
190628081730,TAG_DEPARTED_B,018ef600
190628081730,TAG_ARRIVED_B,018ef600
190628081731,SOLO_SUCCESS,018ef600
190628081732,TAG_ARRIVED_A,01c4ca00
190628081733,STARTCOOP_SUCCESS,018ef600_01c4ca00
190628081736,ENDCOOP_SUCCESS,018ef600_01c4ca00
190628081736,TAG_DEPARTED_B,018ef600
190628081741,TAG_ARRIVED_B,018ef600
190628081742,STARTCOOP_SUCCESS,01c4ca00_018ef600
190628081743,ENDCOOP_SUCCESS,018ef600_01c4ca00
190628081743,TAG_DEPARTED_B,018ef600
190628081744,TAG_ARRIVED_B,018ef600
190628081745,STARTCOOP_SUCCESS,01c4ca00_018ef600
190628081745,TAG_DEPARTED_A,01c4ca00
190628081748,TAG_ARRIVED_A,01c4ca00
190628081749,STARTCOOP_SUCCESS,018ef600_01c4ca00
190628081750,ENDCOOP_SUCCESS,018ef600_01c4ca00
190628081750,TAG_DEPARTED_B,018ef600
190628081750,TAG_DEPARTED_A,01c4ca00
190628081751,TAG_ARRIVED_B,018ef600
190628081752,SOLO_SUCCESS,018ef600
190628081755,TAG_DEPARTED_B,018ef600
190628081849,TAG_ARRIVED_B,018ef600
190628081850,SOLO_SUCCESS,018ef600
190628081853,TAG_ARRIVED_A,01c4ca00
190628081854,STARTCOOP_SUCCESS,018ef600_01c4ca00
190628081855,TAG_DEPARTED_A,01c4ca00
190628081856,TAG_ARRIVED_A,01c4ca00
190628081856,STARTCOOP_SUCCESS,018ef600_01c4ca00
190628081857,TAG_DEPARTED_A,01c4ca00
190628081858,TAG_ARRIVED_A,01c4ca00
190628081859,STARTCOOP_SUCCESS,018ef600_01c4ca00
190628081904,TAG_DEPARTED_A,01c4ca00
190628081911,ENDCOOP_SUCCESS,018ef600_
190628081911,TAG_DEPARTED_B,018ef600
190628081913,TAG_ARRIVED_B,018ef600
190628081914,SOLO_SUCCESS,018ef600
190628081915,TAG_DEPARTED_B,018ef600
190628081920,TAG_ARRIVED_B,018ef600
190628081921,SOLO_SUCCESS,018ef600
190628081923,TAG_DEPARTED_B,018ef600
190628081924,TAG_ARRIVED_B,018ef600
190628081925,SOLO_SUCCESS,018ef600
190628081926,TAG_DEPARTED_B,018ef600
190628081928,TAG_ARRIVED_B,018ef600
190628081929,SOLO_SUCCESS,018ef600
190628081939,TAG_DEPARTED_B,018ef600
190628081946,TAG_ARRIVED_B,01c4ca00
190628081947,SOLO_SUCCESS,01c4ca00
190628081948,TAG_DEPARTED_B,01c4ca00
190628081953,TAG_ARRIVED_B,01c4ca00
190628081954,SOLO_SUCCESS,01c4ca00
190628081957,TAG_ARRIVED_B,018ef600
190628081958,SOLO_SUCCESS,018ef600
190628082004,TAG_DEPARTED_B,018ef600
190628082005,TAG_ARRIVED_A,018ef600
190628082005,SOLO_SUCCESS,018ef600
190628082007,TAG_DEPARTED_A,018ef600
190628082011,TAG_ARRIVED_B,018ef600
190628082012,SOLO_SUCCESS,018ef600
190628082014,TAG_DEPARTED_B,018ef600
190628082014,TAG_ARRIVED_A,018ef600
190628082015,SOLO_SUCCESS,018ef600
190628082018,TAG_DEPARTED_A,018ef600
190628082021,TAG_ARRIVED_B,018ef600
190628082022,SOLO_SUCCESS,018ef600
190628082023,TAG_ARRIVED_A,018ef600
190628082024,SOLO_SUCCESS,018ef600
190628082024,TAG_DEPARTED_B,018ef600
190628082025,TAG_DEPARTED_A,018ef600
190628082025,TAG_ARRIVED_A,018ef600
190628082026,SOLO_SUCCESS,018ef600
190628082029,TAG_ARRIVED_B,018ef600
190628082029,SOLO_SUCCESS,018ef600
190628082030,TAG_DEPARTED_A,018ef600
190628082033,TAG_DEPARTED_B,018ef600
190628082051,TAG_ARRIVED_B,01c4ca00
190628082052,SOLO_SUCCESS,01c4ca00
190628082055,TAG_DEPARTED_B,01c4ca00
190628082103,TAG_ARRIVED_A,01c4ca00
190628082104,SOLO_SUCCESS,01c4ca00
190628082112,TAG_DEPARTED_A,01c4ca00
190628082113,TAG_ARRIVED_A,01c4ca00
190628082114,SOLO_SUCCESS,01c4ca00
190628082125,TAG_DEPARTED_A,01c4ca00
190628082126,TAG_ARRIVED_A,01c4ca00
190628082127,SOLO_SUCCESS,01c4ca00
190628082130,TAG_DEPARTED_A,01c4ca00
190628082139,TAG_ARRIVED_A,01c4ca00
190628082139,SOLO_SUCCESS,01c4ca00
190628082142,TAG_ARRIVED_B,01c4ca00
190628082143,SOLO_SUCCESS,01c4ca00
190628082143,TAG_DEPARTED_A,01c4ca00
190628082144,TAG_DEPARTED_B,01c4ca00
190628082147,TAG_ARRIVED_B,01c4ca00
190628082147,SOLO_SUCCESS,01c4ca00
190628082149,TAG_DEPARTED_B,01c4ca00
190628082940,TAG_ARRIVED_B,01e01400
190628082940,SOLO_SUCCESS,01e01400
190628082942,TAG_DEPARTED_B,01e01400
190628091038,TAG_ARRIVED_B,01cbb800
190628091039,SOLO_SUCCESS,01cbb800
190628091041,TAG_DEPARTED_B,01cbb800
190628091042,TAG_ARRIVED_B,01cbb800
190628091042,SOLO_SUCCESS,01cbb800
190628091047,TAG_DEPARTED_B,01cbb800
190628091047,TAG_ARRIVED_B,01cbb800
190628091048,SOLO_SUCCESS,01cbb800
190628091053,TAG_DEPARTED_B,01cbb800
190628091322,TAG_ARRIVED_A,0101c200
190628091323,SOLO_SUCCESS,0101c200
190628091328,TAG_DEPARTED_A,0101c200
190628091332,TAG_ARRIVED_A,0101c200
190628091332,SOLO_SUCCESS,0101c200
190628091334,TAG_DEPARTED_A,0101c200
190628091335,TAG_ARRIVED_B,1041100
190628091336,SOLO_SUCCESS,1041100
190628091337,TAG_ARRIVED_A,0101c200
190628091337,STARTCOOP_SUCCESS,01041100_0101c200
190628091339,TAG_DEPARTED_A,0101c200
190628091341,ENDCOOP_SUCCESS,01041100_
190628091341,TAG_DEPARTED_B,1041100
190628091342,TAG_ARRIVED_A,0101c200
190628091342,SOLO_SUCCESS,0101c200
190628091343,TAG_ARRIVED_B,1041100
190628091344,STARTCOOP_SUCCESS,0101c200_01041100
190628091347,ENDCOOP_SUCCESS,01041100_0101c200
190628091347,TAG_DEPARTED_B,1041100
190628091351,TAG_DEPARTED_A,0101c200
190628091358,TAG_ARRIVED_B,1041100
190628091359,SOLO_SUCCESS,1041100
190628091401,TAG_DEPARTED_B,1041100
190628091401,TAG_ARRIVED_B,1041100
190628091402,SOLO_SUCCESS,1041100
190628091403,TAG_DEPARTED_B,1041100
190628091417,TAG_ARRIVED_B,1041100
190628091418,SOLO_SUCCESS,1041100
190628091421,TAG_DEPARTED_B,1041100
190628091424,TAG_ARRIVED_B,1041100
190628091425,SOLO_SUCCESS,1041100
190628091425,TAG_ARRIVED_A,0101c200
190628091426,STARTCOOP_SUCCESS,01041100_0101c200
190628091427,ENDCOOP_SUCCESS,01041100_0101c200
190628091427,TAG_DEPARTED_B,1041100
190628091429,TAG_DEPARTED_A,0101c200
190628091433,TAG_ARRIVED_A,0101c200
190628091433,SOLO_SUCCESS,0101c200
190628091438,TAG_DEPARTED_A,0101c200
190628091438,TAG_ARRIVED_B,1041100
190628091439,SOLO_SUCCESS,1041100
190628091442,TAG_DEPARTED_B,1041100
190628091449,TAG_ARRIVED_A,0101c200
190628091450,SOLO_SUCCESS,0101c200
190628091451,TAG_ARRIVED_B,1041100
190628091452,STARTCOOP_SUCCESS,0101c200_01041100
190628091453,ENDCOOP_SUCCESS,01041100_0101c200
190628091454,TAG_DEPARTED_B,1041100
190628091454,TAG_DEPARTED_A,0101c200
190628095223,TAG_ARRIVED_A,01e01400
190628095224,SOLO_SUCCESS,01e01400
190628095227,TAG_DEPARTED_A,01e01400
190628095233,TAG_ARRIVED_A,01e01400
190628095234,SOLO_SUCCESS,01e01400
190628095236,TAG_DEPARTED_A,01e01400
190628095236,TAG_ARRIVED_A,01e01400
190628095237,SOLO_SUCCESS,01e01400
190628095244,TAG_DEPARTED_A,01e01400
190628100834,TAG_ARRIVED_B,01c4ca00
190628100835,SOLO_SUCCESS,01c4ca00
190628100838,TAG_DEPARTED_B,01c4ca00
190628100839,TAG_ARRIVED_B,01c4ca00
190628100839,SOLO_SUCCESS,01c4ca00
190628100847,TAG_DEPARTED_B,01c4ca00
190628100848,TAG_ARRIVED_B,01e01400
190628100849,SOLO_SUCCESS,01e01400
190628100850,TAG_DEPARTED_B,01e01400
190628100851,TAG_ARRIVED_B,01e01400
190628100852,SOLO_SUCCESS,01e01400
190628100853,TAG_DEPARTED_B,01e01400
190628100855,TAG_ARRIVED_B,01c4ca00
190628100856,SOLO_SUCCESS,01c4ca00
190628100857,TAG_DEPARTED_B,01c4ca00
190628100908,TAG_ARRIVED_B,01c4ca00
190628100909,SOLO_SUCCESS,01c4ca00
190628100911,TAG_DEPARTED_B,01c4ca00
190628100940,TAG_ARRIVED_B,01c4ca00
190628100940,SOLO_SUCCESS,01c4ca00
190628100942,TAG_DEPARTED_B,01c4ca00
190628100946,TAG_ARRIVED_B,01c4ca00
190628100947,SOLO_SUCCESS,01c4ca00
190628100950,TAG_DEPARTED_B,01c4ca00
190628100953,TAG_ARRIVED_B,01c4ca00
190628100954,SOLO_SUCCESS,01c4ca00
190628100959,TAG_DEPARTED_B,01c4ca00
190628101001,TAG_ARRIVED_B,01c4ca00
190628101001,SOLO_SUCCESS,01c4ca00
190628101005,TAG_DEPARTED_B,01c4ca00
190628101012,TAG_ARRIVED_B,01c4ca00
190628101013,SOLO_SUCCESS,01c4ca00
190628101014,TAG_DEPARTED_B,01c4ca00
190628101020,TAG_ARRIVED_B,01c4ca00
190628101020,SOLO_SUCCESS,01c4ca00
190628101022,TAG_DEPARTED_B,01c4ca00
190628101023,TAG_ARRIVED_B,01c4ca00
190628101023,SOLO_SUCCESS,01c4ca00
190628101026,TAG_DEPARTED_B,01c4ca00
190628101028,TAG_ARRIVED_B,01c4ca00
190628101029,SOLO_SUCCESS,01c4ca00
190628101032,TAG_DEPARTED_B,01c4ca00
190628101122,TAG_ARRIVED_B,01c4ca00
190628101123,SOLO_SUCCESS,01c4ca00
190628101125,TAG_DEPARTED_B,01c4ca00
190628101134,TAG_ARRIVED_B,01c4ca00
190628101135,SOLO_SUCCESS,01c4ca00
190628101158,TAG_DEPARTED_B,01c4ca00
190628101201,TAG_ARRIVED_B,01c4ca00
190628101202,SOLO_SUCCESS,01c4ca00
190628101216,TAG_ARRIVED_A,01e01400
190628101217,STARTCOOP_SUCCESS,01c4ca00_01e01400
190628101218,TAG_DEPARTED_A,01e01400
190628101218,ENDCOOP_SUCCESS,01c4ca00_
190628101219,TAG_DEPARTED_B,01c4ca00
190628101219,TAG_ARRIVED_A,01e01400
190628101220,SOLO_SUCCESS,01e01400
190628101221,TAG_ARRIVED_B,01c4ca00
190628101222,STARTCOOP_SUCCESS,01e01400_01c4ca00
190628101225,TAG_DEPARTED_A,01e01400
190628101228,TAG_ARRIVED_A,01e01400
190628101229,STARTCOOP_SUCCESS,01c4ca00_01e01400
190628101230,TAG_DEPARTED_A,01e01400
190628101236,ENDCOOP_SUCCESS,01c4ca00_
190628101236,TAG_DEPARTED_B,01c4ca00
190628101238,TAG_ARRIVED_B,01c4ca00
190628101239,SOLO_SUCCESS,01c4ca00
190628101243,TAG_ARRIVED_A,01e01400
190628101244,STARTCOOP_SUCCESS,01c4ca00_01e01400
190628101244,ENDCOOP_SUCCESS,01c4ca00_01e01400
190628101244,TAG_DEPARTED_B,01c4ca00
190628101245,TAG_DEPARTED_A,01e01400
190628101303,TAG_ARRIVED_A,01e01400
190628101304,SOLO_SUCCESS,01e01400
190628101305,TAG_DEPARTED_A,01e01400
190628101311,TAG_ARRIVED_A,01e01400
190628101312,SOLO_SUCCESS,01e01400
190628101316,TAG_DEPARTED_A,01e01400
190628101328,TAG_ARRIVED_B,01c4ca00
190628101329,SOLO_SUCCESS,01c4ca00
190628101330,TAG_DEPARTED_B,01c4ca00
190628101331,TAG_ARRIVED_B,01c4ca00
190628101332,SOLO_SUCCESS,01c4ca00
190628101339,TAG_DEPARTED_B,01c4ca00
190628101340,TAG_ARRIVED_B,01c4ca00
190628101341,SOLO_SUCCESS,01c4ca00
190628101350,TAG_DEPARTED_B,01c4ca00
190628101352,TAG_ARRIVED_B,01e01400
190628101352,SOLO_SUCCESS,01e01400
190628101353,TAG_ARRIVED_A,01e01400
190628101354,SOLO_SUCCESS,01e01400
190628101354,TAG_DEPARTED_B,01e01400
190628101356,TAG_DEPARTED_A,01e01400
190628101358,TAG_ARRIVED_A,01e01400
190628101359,SOLO_SUCCESS,01e01400
190628101402,TAG_DEPARTED_A,01e01400
190628101404,TAG_ARRIVED_A,01e01400
190628101405,SOLO_SUCCESS,01e01400
190628101407,TAG_DEPARTED_A,01e01400
190628101424,TAG_ARRIVED_A,01e01400
190628101425,SOLO_SUCCESS,01e01400
190628101427,TAG_DEPARTED_A,01e01400
190628101440,TAG_ARRIVED_A,01c4ca00
190628101441,SOLO_SUCCESS,01c4ca00
190628101445,TAG_DEPARTED_A,01c4ca00
190628101447,TAG_ARRIVED_A,01c4ca00
190628101447,SOLO_SUCCESS,01c4ca00
190628101449,TAG_DEPARTED_A,01c4ca00
190628101451,TAG_ARRIVED_A,01c4ca00
190628101452,SOLO_SUCCESS,01c4ca00
190628101459,TAG_DEPARTED_A,01c4ca00
190628101501,TAG_ARRIVED_A,01c4ca00
190628101502,SOLO_SUCCESS,01c4ca00
190628101504,TAG_ARRIVED_B,01c4ca00
190628101505,SOLO_SUCCESS,01c4ca00
190628101505,TAG_DEPARTED_A,01c4ca00
190628101508,TAG_ARRIVED_A,01c4ca00
190628101509,SOLO_SUCCESS,01c4ca00
190628101509,TAG_DEPARTED_B,01c4ca00
190628101513,TAG_DEPARTED_A,01c4ca00
190628101513,TAG_ARRIVED_B,01c4ca00
190628101514,SOLO_SUCCESS,01c4ca00
190628101517,TAG_DEPARTED_B,01c4ca00
190628101520,TAG_ARRIVED_B,01c4ca00
190628101521,SOLO_SUCCESS,01c4ca00
190628101523,TAG_DEPARTED_B,01c4ca00
190628101529,TAG_ARRIVED_B,01c4ca00
190628101530,SOLO_SUCCESS,01c4ca00
190628101530,TAG_ARRIVED_A,01c4ca00
190628101531,SOLO_SUCCESS,01c4ca00
190628101532,TAG_DEPARTED_B,01c4ca00
190628101536,TAG_ARRIVED_B,01c4ca00
190628101537,SOLO_SUCCESS,01c4ca00
190628101538,TAG_DEPARTED_A,01c4ca00
190628101538,TAG_DEPARTED_B,01c4ca00
190628101539,TAG_ARRIVED_B,01c4ca00
190628101540,SOLO_SUCCESS,01c4ca00
190628101540,TAG_ARRIVED_A,01c4ca00
190628101541,SOLO_SUCCESS,01c4ca00
190628101541,TAG_DEPARTED_B,01c4ca00
190628101542,TAG_DEPARTED_A,01c4ca00
190628101543,TAG_ARRIVED_B,01c4ca00
190628101543,SOLO_SUCCESS,01c4ca00
190628101546,TAG_DEPARTED_B,01c4ca00
190628101546,TAG_ARRIVED_A,1050400
190628101547,SOLO_FAIL,1050400
190628101548,TAG_DEPARTED_A,1050400
190628101553,TAG_ARRIVED_A,1050400
190628101553,SOLO_FAIL,1050400
190628101555,TAG_DEPARTED_A,1050400
190628101555,TAG_ARRIVED_B,01c4ca00
190628101556,SOLO_FAIL,01c4ca00
190628101557,TAG_ARRIVED_A,1050400
190628101557,STARTCOOP_FAIL,01c4ca00_01050400
190628101606,TAG_DEPARTED_A,1050400
190628101609,TAG_ARRIVED_A,1050400
190628101609,STARTCOOP_FAIL,01c4ca00_01050400
190628101611,ENDCOOP_FAIL,01c4ca00_01050400
190628101611,TAG_DEPARTED_B,01c4ca00
190628101617,TAG_DEPARTED_A,1050400
190628101618,TAG_ARRIVED_A,1050400
190628101619,SOLO_FAIL,1050400
190628101620,TAG_DEPARTED_A,1050400
190628101621,TAG_ARRIVED_A,1050400
190628101621,SOLO_FAIL,1050400
190628101639,TAG_DEPARTED_A,1050400
190628101644,TAG_ARRIVED_A,1050400
190628101645,SOLO_FAIL,1050400
190628101645,TAG_ARRIVED_B,01c4ca00
190628101646,STARTCOOP_FAIL,01050400_01c4ca00
190628101651,TAG_DEPARTED_A,1050400
190628101708,TAG_ARRIVED_A,1050400
190628101708,STARTCOOP_FAIL,01c4ca00_01050400
190628101711,TAG_DEPARTED_A,1050400
190628101759,TAG_ARRIVED_B,01c38c00
190628101800,TAG_MISSING_B,01c38c00
190628101801,SOLO_FAIL,01c38c00
190628101802,ENDCOOP_FAIL,01c38c00_
190628101802,TAG_DEPARTED_B,01c38c00
190628101811,TAG_ARRIVED_A,0102f000
190628101812,SOLO_FAIL,0102f000
190628101813,TAG_DEPARTED_A,0102f000
190628101908,LOCKOUT_ENDED,
