,ID,RFID,SEX,Pair,Site,Category
1,J2403,01101722BC,F,7,STITHIANS,1
2,J2965,01101711A6,M,7,STITHIANS,1
3,J250,0110174A5C,F,9,STITHIANS,1
4,J290,0110171677,M,9,STITHIANS,1
5,J1319,011016DC9B,F,14,STITHIANS,1
6,J416,0110173108,M,14,STITHIANS,1
7,J1323,010C111B7A,F,18,STITHIANS,1
8,J1340,011016FAF6,M,18,STITHIANS,1
9,J505,011016DF64,F,21,STITHIANS,1
10,J1480,011016B47D,M,21,STITHIANS,1
11,J1046,01101705AC,F,30,STITHIANS,1
12,J1529,0700ED9918,M,30,STITHIANS,1
13,J2409,0110173D73,F,19,STITHIANS,1
14,J2402,011016E014,M,19,STITHIANS,1
15,J2375,010C118978,F,42,PENCOOSE,1
16,J837,0110174DC2,M,42,PENCOOSE,1
17,J692,0700EDA828,F,56,PENCOOSE,1
18,J899,0110174FBB,M,56,PENCOOSE,1
19,J995,0700EE1AAE,F,65,PENCOOSE,1
20,J1376,0110171952,M,65,PENCOOSE,1
21,J1001,0110172CE1,F,68,PENCOOSE,1
22,J1394,0110173549,M,68,PENCOOSE,1
23,J2400,0110173809,F,71,PENCOOSE,1
24,J2359,011016FC0F,M,71,PENCOOSE,1
25,J1328,010C10FB80,F,1,STITHIANS,2
26,J1334,010C112D8C,M,1,STITHIANS,2
27,J1366,010C115B1A,F,2,STITHIANS,2
28,J1890,011016C36B,M,2,STITHIANS,2
29,J896,0110172A91,F,3,STITHIANS,2
30,J2391,0110171900,M,3,STITHIANS,2
31,J892,011017423A,F,4,STITHIANS,2
32,UNMK,,M,4,STITHIANS,2
33,J1315,01101724DB,F,5,STITHIANS,2
34,J515,01103F8D65,M,5,STITHIANS,2
35,UNMK,,F,6,STITHIANS,2
36,J1492,011016B471,M,6,STITHIANS,2
37,J1349,011016FDFB,F,8,STITHIANS,2
38,J1896,011017400D,M,8,STITHIANS,2
39,J407,010C11552B,F,10,STITHIANS,2
40,J1359,010C11A87D,M,10,STITHIANS,2
41,J510,0110173D72,F,11,STITHIANS,2
42,J516,,M,11,STITHIANS,2
43,J2980,011016CF45,F,12,STITHIANS,2
44,J2943,01101704F8,M,12,STITHIANS,2
45,J1891,0110170C9F,F,13,STITHIANS,2
46,J1365,0110172F8B,M,13,STITHIANS,2
47,J792,0110172958,F,15,STITHIANS,2
48,J1895,0110171CDF,M,15,STITHIANS,2
49,J2383,0110171C3B,F,16,STITHIANS,2
50,J1521,0110173FBD,M,16,STITHIANS,2
51,J1903,0110173CFE,F,17,STITHIANS,2
52,J469,0110173B9B,M,17,STITHIANS,2
53,J1915,01103F8DAB,F,20,STITHIANS,2
54,J1507,011016DA82,M,20,STITHIANS,2
55,J1318,011016FBB0,F,22,STITHIANS,2
56,J494,0110173BDC,M,22,STITHIANS,2
57,J1893,01103F8B8A,F,23,STITHIANS,2
58,J972,011016C2E3,M,23,STITHIANS,2
59,J2952,01101716A9,F,24,STITHIANS,2
60,J2941,01101746C4,M,24,STITHIANS,2
61,J295,0110171A6D,F,25,STITHIANS,2
62,J446,,M,25,STITHIANS,2
63,J16,01103F727C,F,26,STITHIANS,2
64,J361,01101704AF,M,26,STITHIANS,2
65,J2460,011016E2D8,F,28,STITHIANS,2
66,J625,0110172C35,M,28,STITHIANS,2
67,J2392,0110171099,F,29,STITHIANS,2
68,J1926,0110170C9D,M,29,STITHIANS,2
69,J721,0110172B35,F,31,STITHIANS,2
70,J1368,010C10C985,M,31,STITHIANS,2
71,J1317,01101729E4,F,32,STITHIANS,2
72,J1602,01101704F9,M,32,STITHIANS,2
73,J793,0110172B8A,F,33,STITHIANS,2
74,J1352,0110171192,M,33,STITHIANS,2
75,J39,0110174C1A,F,34,PENCOOSE,2
76,J267,,M,34,PENCOOSE,2
77,J1154,010C1133E0,F,35,PENCOOSE,2
78,J2395,0110173C8E,M,35,PENCOOSE,2
79,J2951,0110171256,F,36,PENCOOSE,2
80,J2966,011017173D,M,36,PENCOOSE,2
81,J41,0110170E43,F,37,PENCOOSE,2
82,J323,0700ED8C67,M,37,PENCOOSE,2
83,J615,010C10FC63,F,38,PENCOOSE,2
84,J618,,M,38,PENCOOSE,2
85,J637,01101718CB,F,39,PENCOOSE,2
86,J1900,011017151E,M,39,PENCOOSE,2
87,J42,011016FD17,F,40,PENCOOSE,2
88,J1351,,M,40,PENCOOSE,2
89,J2390,011016D940,F,41,PENCOOSE,2
90,J62,0110173EE2,M,41,PENCOOSE,2
91,J243,01103F6CD0,F,43,PENCOOSE,2
92,J145,011017298F,M,43,PENCOOSE,2
93,J164,011017063E,F,44,PENCOOSE,2
94,J831,0110170F9D,M,44,PENCOOSE,2
95,J572,010C1145EF,F,45,PENCOOSE,2
96,J257,0110170DED,M,45,PENCOOSE,2
97,J990,011017378A,F,46,PENCOOSE,2
98,J909,0110174D76,M,46,PENCOOSE,2
99,J1455,0110174A8F,F,47,PENCOOSE,2
100,J1980,011017079E,M,47,PENCOOSE,2
101,J1337,010C10B348,F,48,PENCOOSE,2
102,J1259,0110173869,M,48,PENCOOSE,2
103,UNMK,,F,49,PENCOOSE,2
104,J265,010C11C061,M,49,PENCOOSE,2
105,J1783,01103F76C4,F,50,PENCOOSE,2
106,J2981,0110174210,M,50,PENCOOSE,2
107,J1375,0110171A0A,F,51,PENCOOSE,2
108,J1898,01101739D4,M,51,PENCOOSE,2
109,J796,011017208B,F,52,PENCOOSE,2
110,J1346,0110173CC7,M,52,PENCOOSE,2
111,J218,011016D7A3,F,53,PENCOOSE,2
112,J289,0110172E84,M,53,PENCOOSE,2
113,J912,0110171842,F,54,PENCOOSE,2
114,J1360,01101722BF,M,54,PENCOOSE,2
115,J1343,,F,55,PENCOOSE,2
116,J430,010C1192E3,M,55,PENCOOSE,2
117,J2394,01101744A1,F,57,PENCOOSE,2
118,J219,0110174F24,M,57,PENCOOSE,2
119,J1979,0110174004,F,58,PENCOOSE,2
120,J1131B,011016ECE3,M,58,PENCOOSE,2
121,J2377,0110170541,F,59,PENCOOSE,2
122,J1463,010C11735F,M,59,PENCOOSE,2
123,J1916,0700EDC3DE,F,60,PENCOOSE,2
124,J1093,0110174A58,M,60,PENCOOSE,2
125,UNMK,,F,61,PENCOOSE,2
126,UNMK,,M,61,PENCOOSE,2
127,J908,011017172E,F,62,PENCOOSE,2
128,J587,0110173219,M,62,PENCOOSE,2
129,J2415,01101730BD,F,63,PENCOOSE,2
130,J1428,0110174894,M,63,PENCOOSE,2
131,J1355,0110173920,F,64,PENCOOSE,2
132,J933,0110174403,M,64,PENCOOSE,2
133,J56,01103F662E,F,66,PENCOOSE,2
134,J1345,,M,66,PENCOOSE,2
135,J1398,011016FAA4,F,67,PENCOOSE,2
136,J1962,011017041C,M,67,PENCOOSE,2
137,J877,0110171892,F,69,PENCOOSE,2
138,J1889,01101704BE,M,69,PENCOOSE,2
139,J1768,01101729D9,F,70,PENCOOSE,2
140,J833,01101736A9,M,70,PENCOOSE,2
141,J1959,011016FAA1,F,72,PENCOOSE,2
142,J992,0110172709,M,72,PENCOOSE,2
143,J595,011016EFBD,M,73,PENCOOSE,3
144,J1964,0110174001,F,73,PENCOOSE,3
145,J634,0110174899,M,74,STITHIANS,3
146,J886,0110172BBE,F,74,STITHIANS,3
147,UNMK,,F,79,STITHIANS,3
148,J314,0110174A17,M,79,STITHIANS,3
149,J23,01101730BB,F,82,STITHIANS,3
150,J22,01103F6CED,M,82,STITHIANS,3
151,J460,01101739D8,M,84,STITHIANS,3
152,J834,0110172558,F,84,STITHIANS,3
153,J1469,010C10BD41,F,85,PENCOOSE,3
154,J1388,0110171C9B,M,85,PENCOOSE,3
155,J838,,M,87,PENCOOSE,3
156,UNMK,,F,87,PENCOOSE,3
157,J1908,0110170EA4,F,89,PENCOOSE,3
158,J1458,01101744A9,M,89,PENCOOSE,3
159,J2396,011016DF7C,M,91,PENCOOSE,3
160,UNMK,,F,91,PENCOOSE,3
161,J1973,0110171A79,F,92,PENCOOSE,3
162,UNMK,,M,92,PENCOOSE,3
163,J1222,01101704BC,F,93,PENCOOSE,3
164,J1155,01101742D2,M,93,PENCOOSE,3
165,J251,,F,94,PENCOOSE,3
166,UNMK,,M,94,PENCOOSE,3
167,J1666,0110173B23,F,95,PENCOOSE,3
168,J1726,011017210A,M,95,PENCOOSE,3
169,J1311,010C110319,F,96,PENCOOSE,3
170,J258,010C112145,M,96,PENCOOSE,3
171,J1626,01101726B0,F,97,STITHIANS,3
172,J1356,010C10EFE8,M,97,STITHIANS,3
173,J1056,011017506D,F,98,STITHIANS,3
174,J2942,01101725D9,M,98,STITHIANS,3
175,J805,010C10B0C7,F,100,PENCOOSE,3
176,J1954,01101744AE,M,100,PENCOOSE,3
177,J751,011016D406,M,101,STITHIANS,3
178,J1917,0110174222,F,101,STITHIANS,3
179,J305,010C10BA79,M,102,STITHIANS,3
180,J419,0110173F5F,F,102,STITHIANS,3
181,J1065,0110171BDF,M,103,PENCOOSE,3
182,J1419,010C115615,F,103,PENCOOSE,3
183,J2434,01103F7297,,104,PENCOOSE,3
184,UNMK,,,104,PENCOOSE,3
185,J2621,0110170C51,F,105,PENCOOSE,3
186,J2782,0110174EEA,M,105,PENCOOSE,3
187,J448,0700EDA0B7,,106,STITHIANS,3
188,UNMK,,,106,STITHIANS,3
189,J2623,01103F7E1F,,107,STITHIANS,3
190,J3063,0110173972,,107,STITHIANS,3
191,J2801,011016BBE5,M,NA,STITHIANS,4
192,J884,011016BC6D,F,NA,STITHIANS,4
193,J1034,011016C003,M,NA,STITHIANS,4
194,J3036,011016E2FC,,NA,STITHIANS,4
195,J2627,011016FAEE,,NA,PENCOOSE,4
196,J2538,011016FCAC,,NA,STITHIANS,4
197,J2740,011016FE76,F,NA,STITHIANS,4
198,J2839,0110171B85,F,NA,STITHIANS,4
199,J2573,01101726F3,F,NA,PENCOOSE,4
200,J1029,01101727B3,M,NA,STITHIANS,4
201,J2866,01101733D1,,NA,STITHIANS,4
202,J1490,0110174D33,M,NA,STITHIANS,4
203,J2130,01103F6537,M,NA,STITHIANS,4
204,J3095,01103F7052,,NA,STITHIANS,4
205,J3084,01103F725F,,NA,STITHIANS,4
206,J2804,01103F754E,,NA,STITHIANS,4
207,J3070,01103F769B,,NA,STITHIANS,4
208,J2960,01103F7E98,,NA,STITHIANS,4
209,J1327,01103F8F10,M,NA,STITHIANS,4
210,J2331,0110171544,M,NA,PENCOOSE,4
211,J2948,0110170649,,NA,STITHIANS,4
212,J2651,0110171249,M,NA,STITHIANS,4
213,J1600,0110171819,F,NA,STITHIANS,4
214,J2727,0110173E12,F,NA,STITHIANS,4
J01,J01,,F,,,5
J02,J02,011017419D,M,,,5
J03,J03,01103F6A73,M,,,5
J04,J04,011017079D,M,,,5
J05,J05,,M,,,5
J06,J06,011016AF89,M,,,5
J07,J07,010C11B3C1,F,,,5
J08,J08,0110171DAE,M,,,5
J09,J09,010C10D72A,F,,,5
J10,J10,010C11BA7A,M,,,5
J100,J100,,,,,5
J1000,J1000,,,,,5
J1002,J1002,010C109B7E,M,,,5
J1003,J1003,0110174D17,M,,,5
J1004,J1004,010C1194D1,M,,,5
J1005,J1005,010C10BB23,F,,,5
J1006,J1006,010C115B1F,M,,,5
J1007,J1007,010C115896,M,,,5
J1008,J1008,010C10BEA8,F,,,5
J1009,J1009,010C11C106,M,,,5
J101,J101,,,,,5
J1010,J1010,010C119709,M,,,5
J1011,J1011,,,,,5
J1012,J1012,,,,,5
J1013,J1013,,,,,5
J1014,J1014,010C112068,F,,,5
J1015,J1015,,,,,5
J1016,J1016,,,,,5
J1017,J1017,010C10B497,F,,,5
J1018,J1018,010C114385,F,,,5
J1019,J1019,,,,,5
J102,J102,,,,,5
J1020,J1020,010C10DC9B,M,,,5
J1021,J1021,010C115FE8,M,,,5
J1022,J1022,,,,,5
J1023,J1023,,,,,5
J1024,J1024,010C10E7A9,M,,,5
J1025,J1025,010C112064,F,,,5
J1026,J1026,,,,,5
J1027,J1027,,,,,5
J1028,J1028,010C11008F,F,,,5
J103,J103,010C119710,M,,,5
J1030,J1030,010C112D90,F,,,5
J1031,J1031,01103F6D77,F,,,5
J1032,J1032,010C112A39,M,,,5
J1033,J1033,010C110A70,M,,,5
J1035,J1035,010C10AF86,M,,,5
J1036,J1036,010C109CDC,F,,,5
J1037,J1037,,,,,5
J1038,J1038,,,,,5
J1039,J1039,010C110F4A,M,,,5
J104,J104,010C117101,M,,,5
J1040,J1040,010C11B513,M,,,5
J1041,J1041,,,,,5
J1042,J1042,010C113676,M,,,5
J1043,J1043,,,,,5
J1044,J1044,010C1194F5,M,,,5
J1045,J1045,010C118981,M,,,5
J1047,J1047,010C116E96,F,,,5
J1048,J1048,010C11BF84,M,,,5
J1049,J1049,010C118DE0,F,,,5
J105,J105,,,,,5
J1050,J1050,010C11A262,M,,,5
J1051,J1051,010C11068B,F,,,5
J1052,J1052,010C110B56,M,,,5
J1053,J1053,010C119A81,F,,,5
J1054,J1054,,,,,5
J1055,J1055,,,,,5
J1057,J1057,010C118C6C,M,,,5
J1058,J1058,,,,,5
J1059,J1059,,,,,5
J106,J106,010C11AD0C,M,,,5
J1060,J1060,,M,,,5
J1061,J1061,010C10D7FB,M,,,5
J1062,J1062,010C10B2AC,F,,,5
J1063,J1063,,,,,5
J1064,J1064,,,,,5
J1066,J1066,010C1169C0,F,,,5
J1067,J1067,,,,,5
J1068,J1068,,,,,5
J1069,J1069,010C113003,M,,,5
J107,J107,,,,,5
J1070,J1070,,,,,5
J1071,J1071,,,,,5
J1072,J1072,010C10E2DB,F,,,5
J1073,J1073,,,,,5
J1074,J1074,010C11809B,F,,,5
J1075,J1075,010C115FFA,F,,,5
J1076,J1076,010C117CCF,F,,,5
J1077,J1077,010C1128A8,F,,,5
J1078,J1078,010C10A47E,M,,,5
J1079,J1079,010C10B53B,F,,,5
J108,J108,,,,,5
J1080,J1080,010C1170FC,F,,,5
J1081,J1081,010C10C981,F,,,5
J1082,J1082,,,,,5
J1083,J1083,,,,,5
J1084,J1084,,,,,5
J1085,J1085,010C10FC69,M,,,5
J1086,J1086,,,,,5
J1087,J1087,,,,,5
J1088,J1088,,,,,5
J1089,J1089,010C115108,F,,,5
J109,J109,010C10FE09,F,,,5
J1090,J1090,010C110313,F,,,5
J1091,J1091,,,,,5
J1092,J1092,010C11B8F2,M,,,5
J1094,J1094,,,,,5
J1095,J1095,,,,,5
J1096,J1096,011017275A,M,,,5
J1097,J1097,011016D081,F,,,5
J1098,J1098,010C11A446,F,,,5
J1099,J1099,,,,,5
J11,J11,,M,,,5
J110,J110,010C116180,M,,,5
J1100,J1100,010C115610,F,,,5
J1101,J1101,010C11AF2F,F,,,5
J1102,J1102,01103F8EF6,M,,,5
J1103,J1103,,,,,5
J1104,J1104,010C11B24A,F,,,5
J1105,J1105,010C110686,M,,,5
J1106,J1106,010C11A46B,F,,,5
J1107,J1107,,,,,5
J1108,J1108,,,,,5
J1109,J1109,,,,,5
J111,J111,,,,,5
J1110,J1110,010C119004,F,,,5
J1111,J1111,010C117A73,F,,,5
J1112,J1112,,,,,5
J1113,J1113,010C11C052,F,,,5
J1114,J1114,,,,,5
J1115,J1115,010C1108E9,F,,,5
J1116,J1116,010C11A4DP,F,,,5
J1117,J1117,010C11BE95,F,,,5
J1118,J1118,,,,,5
J1119,J1119,010C10A623,F,,,5
J112,J112,,,,,5
J1120,J1120,010C112062,F,,,5
J1121,J1121,010C119B21,F,,,5
J1123,J1123,,,,,5
J1124,J1124,010C11A61C,F,,,5
J1125,J1125,,,,,5
J1126,J1126,,,,,5
J1127,J1127,,,,,5
J1128,J1128,,,,,5
J1129,J1129,010C1146D8,F,,,5
J113,J113,,,,,5
J1130,J1130,,,,,5
J1131A,J1131A,010C11852D,M,,,5
J1132,J1132,011016D96C,M,,,5
J1133,J1133,,,,,5
J1134,J1134,,,,,5
J1135,J1135,,,,,5
J1136,J1136,,,,,5
J1137,J1137,,,,,5
J1138,J1138,,,,,5
J1139,J1139,,,,,5
J114,J114,,,,,5
J1140,J1140,010C11AA44,M,,,5
J1141,J1141,010C10E3B0,M,,,5
J1142,J1142,010C11B4DB,F,,,5
J1143,J1143,,,,,5
J1144,J1144,010C1157B6,M,,,5
J1145,J1145,,,,,5
J1146,J1146,010C10C3A3,M,,,5
J1147,J1147,,,,,5
J1148,J1148,010C1127BE,M,,,5
J1149,J1149,010C114D92,F,,,5
J115,J115,010C1183B0,F,,,5
J1150,J1150,,,,,5
J1151,J1151,,,,,5
J1152,J1152,0110173DC4,M,,,5
J1153,J1153,010C11BCB8,F,,,5
J1156,J1156,,,,,5
J1157,J1157,010C10DBD6,F,,,5
J1158,J1158,01101726AC,F,,,5
J1159,J1159,010C115FEB,M,,,5
J116,J116,,,,,5
J1160,J1160,010C117EF0,F,,,5
J1161,J1161,,,,,5
J1162,J1162,010C100042,M?,,,5
J1163,J1163,010C114E7F,F?,,,5
J1164,J1164,,,,,5
J1165,J1165,010C114360,M?,,,5
J1166,J1166,,,,,5
J1167,J1167,,,,,5
J1168,J1168,,,,,5
J1169,J1169,,,,,5
J117,J117,,,,,5
J1170,J1170,010C11A644,F,,,5
J1171,J1171,011016CC36,M,,,5
J1172,J1172,,,,,5
J1173,J1173,010C10CEC1,F,,,5
J1174,J1174,,,,,5
J1175,J1175,,,,,5
J1176,J1176,,,,,5
J1177,J1177,010C10BB28,M,,,5
J1178,J1178,,,,,5
J1179,J1179,,,,,5
J118,J118,,,,,5
J1180,J1180,,,,,5
J1181,J1181,,,,,5
J1182,J1182,010C118980,F,,,5
J1183,J1183,010C11435A,M,,,5
J1184,J1184,,,,,5
J1185,J1185,,,,,5
J1186,J1186,010C11A106,M,,,5
J1187,J1187,,,,,5
J1188,J1188,,,,,5
J1189,J1189,010C10DA53,M,,,5
J119,J119,,,,,5
J1190,J1190,,,,,5
J1191,J1191,,,,,5
J1192,J1192,,,,,5
J1193,J1193,010C10C980,F,,,5
J1194,J1194,,,,,5
J1195,J1195,,,,,5
J1197,J1197,,,,,5
J1198,J1198,,,,,5
J1199,J1199,,,,,5
J12,J12,010C10B34B,F,,,5
J120,J120,,,,,5
J1200,J1200,,,,,5
J121,J121,,,,,5
J1211,J1211,,,,,5
J1212,J1212,,,,,5
J1213,J1213,,,,,5
J1214,J1214,,,,,5
J1215,J1215,010C116E93,F,,,5
J1216,J1216,,,,,5
J1217,J1217,,,,,5
J1218,J1218,,,,,5
J1219,J1219,,,,,5
J122,J122,,,,,5
J1220,J1220,010C10C3A2,M,,,5
J1221,J1221,,,,,5
J1223,J1223,,,,,5
J1224,J1224,010C10EFE7,M,,,5
J1225,J1225,,,,,5
J1226,J1226,,,,,5
J1227,J1227,,,,,5
J1228,J1228,,,,,5
J1229,J1229,010C111ED1,M,,,5
J123,J123,010C10F67D,F,,,5
J1230,J1230,,,,,5
J1231,J1231,,,,,5
J1232,J1232,010C10E147,F,,,5
J1234,J1234,010C115899,F,,,5
J1235,J1235,,,,,5
J1236,J1236,,,,,5
J1237,J1237,010C118DDE,M,,,5
J1238,J1238,,,,,5
J1239,J1239,,,,,5
J124,J124,,,,,5
J1240,J1240,,,,,5
J1241,J1241,,,,,5
J1242,J1242,,,,,5
J1243,J1243,,,,,5
J1244,J1244,010C119CA9,,,,5
J1245,J1245,010C1103E5,F,,,5
J1246,J1246,,,,,5
J1247,J1247,,,,,5
J1248,J1248,010C10EFE4,F,,,5
J1249,J1249,,,,,5
J125,J125,010C11728E,M,,,5
J1250,J1250,,,,,5
J1251,J1251,,,,,5
J1252,J1252,,,,,5
J1253,J1253,,,,,5
J1254,J1254,,,,,5
J1255,J1255,,,,,5
J1256,J1256,010C10EFE6,M,,,5
J1257,J1257,,,,,5
J1258,J1258,,,,,5
J126,J126,010C109CDD,F,,,5
J1260,J1260,010C119C84,M,,,5
J1261,J1261,110174896,F,,,5
J1262,J1262,,,,,5
J1263,J1263,,,,,5
J1264,J1264,010C10A69C,F,,,5
J1265,J1265,,,,,5
J1266,J1266,0700EE0FEA,F,,,5
J1266-B,J1266-B,,,,,5
J1267,J1267,010C11031A,M,,,5
J1268,J1268,010C1120CC,M,,,5
J1269,J1269,,,,,5
J127,J127,,,,,5
J1270,J1270,,,,,5
J1271,J1271,,,,,5
J1272,J1272,,,,,5
J1273,J1273,,,,,5
J1274,J1274,,,,,5
J1275,J1275,,,,,5
J1276,J1276,,,,,5
J1277,J1277,,,,,5
J1278,J1278,,,,,5
J1279,J1279,010C10B498,F,,,5
J128,J128,,,,,5
J1280,J1280,,,,,5
J1281,J1281,,,,,5
J1282,J1282,,,,,5
J1283A,J1283A,011016D2IE,F,,,5
J1283B,J1283B,,,,,5
J1284,J1284,,,,,5
J1285,J1285,,,,,5
J1286,J1286,,,,,5
J1287,J1287,,,,,5
J1288,J1288,,,,,5
J1289,J1289,,,,,5
J129,J129,010C1141B2,F,,,5
J1290,J1290,,,,,5
J1291,J1291,010C10D985,M,,,5
J1292,J1292,010C11150A,M,,,5
J1293,J1293,,,,,5
J1294,J1294,,,,,5
J1295,J1295,,,,,5
J1296,J1296,,,,,5
J1297,J1297,,,,,5
J1298,J1298,010C118C66,F,,,5
J1299,J1299,,,,,5
J13,J13,010C10DCA1,F,,,5
J130,J130,010C109932,M,,,5
J1300,J1300,010C11774D,M,,,5
J1301,J1301,010C1127C0,F,,,5
J1302,J1302,,,,,5
J1303,J1303,010C10C804,F,,,5
J1304,J1304,,,,,5
J1305,J1305,,,,,5
J1306,J1306,,,,,5
J1307,J1307,,,,,5
J1308,J1308,,,,,5
J1309,J1309,,,,,5
J131,J131,010C10D106,M,,,5
J1310A,J1310A,,,,,5
J1310B,J1310B,,,,,5
J1312,J1312,010C11129C,F,,,5
J1313,J1313,010C110F45,F,,,5
J1314,J1314,010C117E53,F,,,5
J1316,J1316,010C1108EC,F,,,5
J132,J132,,,,,5
J1320,J1320,010C11B047,F,,,5
J1321,J1321,010C11A625,F,,,5
J1322,J1322,010C10C7D4,M,,,5
J1324,J1324,0110172B4A,M,,,5
J1325,J1325,010C10FE0A,F,,,5
J1326,J1326,010C1103FE,M,,,5
J1329,J1329,011017079F,M,,,5
J133,J133,,,,,5
J1330,J1330,010C10E11E,F,,,5
J1331,J1331,011017145C,F,,,5
J1332,J1332,010C11C10A,F,,,5
J1333,J1333,010C109EAD,M,,,5
J1335,J1335,010C11BA72,F,,,5
J1336,J1336,010C10FEEC,F,,,5
J1338,J1338,010C118E98,M,,,5
J1339,J1339,0110173930,M,,,5
J134,J134,,,,,5
J1341,J1341,010C11BBA6,M,,,5
J1342,J1342,0700ED93B1,F,,,5
J1344,J1344,010C112D8C,M,,,5
J1347,J1347,010C11142F,M,,,5
J1348,J1348,010C11496B,M,,,5
J135,J135,010C115616,F,,,5
J1350,J1350,010C11C05E,F,,,5
J1353,J1353,010C111ED7,M,,,5
J1354,J1354,010C10CBBA,M,,,5
J1357,J1357,010C114E81,M,,,5
J1358,J1358,010C109A2B,F,,,5
J136,J136,,,,,5
J1361,J1361,010C11AB71,F,,,5
J1362,J1362,010C11AD10,M,,,5
J1363,J1363,011016E3AF,M,,,5
J1364,J1364,010C10C51D,M,,,5
J1367,J1367,010C10C344,,,,5
J1369,J1369,011016C72C,F,,,5
J137,J137,,,,,5
J1370,J1370,010C111DF0,F,,,5
J1371,J1371,010C10A354,M,,,5
J1372,J1372,010C10A2E0,F,,,5
J1373,J1373,010C11150B,F,,,5
J1374,J1374,010C10E3A9,M,,,5
J1377,J1377,010C1105A0,F,,,5
J1378,J1378,010C10E53C,M,,,5
J1379,J1379,010C10C39F,M,,,5
J138,J138,,,,,5
J1380,J1380,010C10A4D0,,,,5
J1381,J1381,0110172BA7,F,,,5
J1382,J1382,010C115A3A,F,,,5
J1383,J1383,010C114BF0,F,,,5
J1384,J1384,010C10AB86,F,,,5
J1385,J1385,010C11262F,M,,,5
J1386,J1386,010C116C26,M,,,5
J1387,J1387,010C10A4F0,M,,,5
J1389,J1389,010C113263,F,,,5
J139,J139,,,,,5
J1390,J1390,010C1112A0,F,,,5
J1391,J1391,010C10C518,F,,,5
J1392,J1392,011016BA1D,F,,,5
J1393,J1393,010C10C3A4,M,,,5
J1395,J1395,010C11BC87,M,,,5
J1396,J1396,010C113F1F,F,,,5
J1397,J1397,010C1185E7,F,,,5
J1399,J1399,010C11B533,M,,,5
J14,J14,0110172AF6,F,,,5
J140,J140,,,,,5
J1400,J1400,010C112CA5,M,,,5
J1401,J1401,010C11068D,F,,,5
J1402,J1402,010C11501F,F,,,5
J1403,J1403,010C10FB7C,M,,,5
J1404,J1404,010C11A263,F,,,5
J1405,J1405,010C10E616,M,,,5
J1406,J1406,010C118E93,F,,,5
J1407,J1407,010C10E61F,F,,,5
J1408,J1408,010C10AF6F,F,,,5
J1409,J1409,010C10CEC4,M,,,5
J1410,J1410,010C1163FA,,,,5
J1411,J1411,010C11B646,M,,,5
J1412,J1412,010C11120C,M,,,5
J1413,J1413,010C11666B,M,,,5
J1414,J1414,0110170011,M,,,5
J1415,J1415,01101742E5,M,,,5
J1416,J1416,010C10DC00,M,,,5
J1417,J1417,010C11B69B,F,,,5
J1418,J1418,010C10B129,F,,,5
J1420,J1420,010C11BA75,M,,,5
J1421,J1421,010C10A176,M,,,5
J1422,J1422,010C10ABD7,F,,,5
J1423,J1423,010C11B3C5,M,,,5
J1424,J1424,010C10DE12,F,,,5
J1425,J1425,010C118E94,F,,,5
J1426,J1426,010C11B53A,F,,,5
J1427,J1427,010C11AA43,F,,,5
J1429,J1429,010C109A73,,,,5
J143,J143,,,,,5
J1430,J1430,010C10AF1D,M,,,5
J1431,J1431,010C119B1F,F,,,5
J1432,J1432,010C1169B9,M,,,5
J1433,J1433,010C117A71,M,,,5
J1434,J1434,010C1192DA,M,,,5
J1435,J1435,0110172830,M,,,5
J1436,J1436,010C11674E,M,,,5
J1437,J1437,010C115F1C,F,,,5
J1438,J1438,010C1127C7,F,,,5
J1439,J1439,010C113C90,M,,,5
J144,J144,0110172F3D,M,,,5
J1440,J1440,010C11B93C,F,,,5
J1441,J1441,010C112F19,M,,,5
J1442,J1442,010C10DEDD,M,,,5
J1443,J1443,010C10F403,M,,,5
J1444,J1444,010C10C3A0,M,,,5
J1445,J1445,010C10FE04,M,,,5
J1446,J1446,010C10E617,M,,,5
J1447,J1447,010C111B7F,M,,,5
J1448,J1448,010C1128A3,F,,,5
J1449,J1449,010C10AA11,F,,,5
J1450,J1450,010C114D9A,F,,,5
J1451,J1451,010C10DBDF,F,,,5
J1452,J1452,010C111697,F,,,5
J1453,J1453,010C117024,M,,,5
J1454,J1454,01103F6EC1,M,,,5
J1456,J1456,010C10C17D,F,,,5
J1457,J1457,010C11BC88,F,,,5
J146,J146,,F,,,5
J1460,J1460,010C11922E,M,,,5
J1461,J1461,011017348F,M,,,5
J1462,J1462,010C11A6B4,M,,,5
J1464,J1464,010C116E99,M,,,5
J1465,J1465,010C11080E,F,,,5
J1466,J1466,010C11BD9E,F,,,5
J1467,J1467,010C11BA34,M,,,5
J1468A,J1468A,01101721B5,M,,,5
J1468B,J1468B,010C10B919,F,,,5
J147,J147,010C11AA42,M,,,5
J1470,J1470,010C10B677,M,,,5
J1471,J1471,010C119663,F,,,5
J1472,J1472,010C11A9C6,M,,,5
J1473,J1473,010C1163F9,F,,,5
J1474,J1474,010C10DEE2,F,,,5
J1475,J1475,010C119C86,F,,,5
J1476,J1476,010C10E7B2,F,,,5
J1477,J1477,010C113190,F,,,5
J1478,J1478,010C11AF25,F,,,5
J1479,J1479,010C11BEB4,F,,,5
J148,J148,010C10E7B1,F,,,5
J1481,J1481,010C11BD98,F,,,5
J1482,J1482,010C1103FC,M,,,5
J1483,J1483,010C115B19,M,,,5
J1484,J1484,010C115FEC,F,,,5
J1485,J1485,010C111DEE,M,,,5
J1486,J1486,01103F9066,M,,,5
J1487,J1487,010C10A7D7,M,,,5
J1488,J1488,010C115CBF,M,,,5
J1489,J1489,010C112A33,M,,,5
J149,J149,0110171141,F,,,5
J1491,J1491,010C11B7EC,,,,5
J1493,J1493,010C11501B,M,,,5
J1494,J1494,010C1170FA,M,,,5
J1495,J1495,010C11B242,F,,,5
J1496,J1496,010C117C02,M,,,5
J1497,J1497,010C1163F7,F,,,5
J1498,J1498,010C11B8F4,M,,,5
J1499,J1499,010C10D10C,F,,,5
J15,J15,,M,,,5
J150,J150,,F,,,5
J1500,J1500,010C1192E1,M,,,5
J1501,J1501,010C110F49,M,,,5
J1502,J1502,010C10DCA0,F,,,5
J1503,J1503,010C10BA77,F,,,5
J1504,J1504,010C115613,M,,,5
J1505,J1505,010C10E61C,F,,,5
J1506,J1506,010C110CDF,F,,,5
J1508,J1508,010C118768,M,,,5
J1509,J1509,010C1119EE,F,,,5
J151,J151,,F,,,5
J1510,J1510,010C1145EA,M,,,5
J1511,J1511,01101704BB,F,,,5
J1512,J1512,010C10B53E,M,,,5
J1513,J1513,010C111ED5,F,,,5
J1514,J1514,010C11589D,F,,,5
J1515,J1515,010C1141B8,F,,,5
J1516,J1516,010C10B70E,F,,,5
J1517,J1517,010C10C2EA,F,,,5
J1518,J1518,010C110CE2,M,,,5
J1519,J1519,010C110B51,F,,,5
J152,J152,010C10F3FD,F,,,5
J1520,J1520,010C1140C8,F,,,5
J1522,J1522,010C11214D,M,,,5
J1523,J1523,010C1183A5,F,,,5
J1524,J1524,010C10BB20,F,,,5
J1525,J1525,010C11B939,F,,,5
J1526,J1526,010C1163F5,F,,,5
J1527,J1527,010C10E547,,,,5
J1528,J1528,010C10D7FC,M,,,5
J153,J153,0110175075,M,,,5
J1530,J1530,010C11815E,F,,,5
J1531,J1531,010C10B86C,M,,,5
J1532,J1532,0110172A89,M,,,5
J1533,J1533,010C10EA20,F,,,5
J1534,J1534,010C111ED2,M,,,5
J1535,J1535,010C112CA4,M,,,5
J1536,J1536,010C11538A,F,,,5
J1537,J1537,010C119665,F,,,5
J1538,J1538,010C1127C5,F,,,5
J1539,J1539,010C11617E,M,,,5
J154,J154,,,,,5
J1540,J1540,010C1169C2,F,,,5
J1541,J1541,011017203F,M,,,5
J1542,J1542,0110170E96,M,,,5
J1543,J1543,01101742D0,M,,,5
J1544,J1544,01101739D3,M,,,5
J1545,J1545,01101729A0,M,,,5
J1546,J1546,,,,,5
J1547,J1547,0110170DF1,F,,,5
J1548,J1548,0110171D58,F,,,5
J1549,J1549,01101730AD,M,,,5
J155,J155,,,,,5
J1550,J1550,0110170702,M,,,5
J1551,J1551,0110171EC3,M,,,5
J1552,J1552,01101739C4,F,,,5
J1553,J1553,011017276F,F,,,5
J1554,J1554,0110172E86,M,,,5
J1555,J1555,011017195F,M,,,5
J1556,J1556,0110173B29,F,,,5
J1557,J1557,,,,,5
J1558,J1558,011016E2A5,F,,,5
J1559,J1559,,,,,5
J156,J156,,,,,5
J1560,J1560,011017115D,F,,,5
J1561,J1561,0110170205,F,,,5
J1562,J1562,01101707AF,M,,,5
J1563,J1563,0110170B59,F,,,5
J1564,J1564,0110173F27,M,,,5
J1565,J1565,0110173BDF,F,,,5
J1566,J1566,0110170542,F,,,5
J1567,J1567,011016B836,M,,,5
J1568,J1568,0110172040,M,,,5
J1569,J1569,0110172337,M,,,5
J157,J157,,,,,5
J1570,J1570,0110170716,F,,,5
J1571,J1571,0110172DC9,F,,,5
J1572,J1572,,,,,5
J1573,J1573,,,,,5
J1574,J1574,0110174B1B,M,,,5
J1575,J1575,0110170291,M,,,5
J1576,J1576,,,,,5
J1577,J1577,0110170AAD,M,,,5
J1578,J1578,0110171E66,F,,,5
J1579,J1579,01101720FA,F,,,5
J158,J158,010C11A06E,M,,,5
J1580,J1580,,,,,5
J1581,J1581,0110174B0E,M,,,5
J1582,J1582,011017018C,F,,,5
J1583,J1583,01101716D8,M,,,5
J1584,J1584,,,,,5
J1585,J1585,011017028E,F,,,5
J1586,J1586,0110173705,F,,,5
J1587,J1587,01101741A7,F,,,5
J1588,J1588,011016B1B8,F,,,5
J1589,J1589,011016EC3F,M,,,5
J159,J159,,,,,5
J1590,J1590,011016ED80,,,,5
J1591,J1591,,,,,5
J1592,J1592,0110173B2E,M,,,5
J1593,J1593,011016DBC2,M,,,5
J1594,J1594,011016CAA4,M,,,5
J1595,J1595,01101740FA,M,,,5
J1596,J1596,,,,,5
J1597,J1597,0110170B52,M,,,5
J1598,J1598,011016BE50,F,,,5
J1599,J1599,,,,,5
J160,J160,,,,,5
J1601,J1601,0110170109,F,,,5
J1603,J1603,0110174057,F,,,5
J1604,J1604,011017162C,M,,,5
J1605,J1605,0110171004,F,,,5
J1606,J1606,,,,,5
J1607,J1607,,,,,5
J1608,J1608,0110174B09,M,,,5
J1609,J1609,011017424E,M,,,5
J161,J161,010C1194F6,M,,,5
J1610,J1610,,,,,5
J1611,J1611,,,,,5
J1612,J1612,,,,,5
J1613,J1613,,,,,5
J1614,J1614,,,,,5
J1615,J1615,011017158A,F,,,5
J1616,J1616,011016C38C,M,,,5
J1617,J1617,,,,,5
J1618,J1618,0110170543,F,,,5
J1619,J1619,0110170550,M,,,5
J162,J162,,,,,5
J1620,J1620,0110172BB6,F,,,5
J1621,J1621,,,,,5
J1622,J1622,0110170970,F,,,5
J1623,J1623,0110173AF7,F,,,5
J1624,J1624,0110174B19,M,,,5
J1625,J1625,011017338E,F,,,5
J1627,J1627,0110170F96,M,,,5
J1628,J1628,011017185B,M,,,5
J1629,J1629,,,,,5
J163,J163,,,,,5
J1630,J1630,01101707F0,M,,,5
J1631,J1631,0110171848,M,,,5
J1632,J1632,011017391A,F,,,5
J1633,J1633,0110170D42,M,,,5
J1634,J1634,,,,,5
J1635,J1635,,,,,5
J1636,J1636,011016AD6D,F,,,5
J1637,J1637,,,,,5
J1638,J1638,0110171629,M,,,5
J1639,J1639,,,,,5
J1640,J1640,,,,,5
J1641,J1641,,,,,5
J1642,J1642,,,,,5
J1643,J1643,,,,,5
J1644,J1644,,,,,5
J1645,J1645,0110170AB4,M,,,5
J1646,J1646,,,,,5
J1647,J1647,0110170175,F,,,5
J1648,J1648,,,,,5
J1649,J1649,,,,,5
J165,J165,010C10BA76,F,,,5
J1650,J1650,0110171636,M,,,5
J1651,J1651,0110174783,M,,,5
J1652,J1652,0110174244,M,,,5
J1653,J1653,,,,,5
J1654,J1654,01101712A6,M,,,5
J1655,J1655,,,,,5
J1656,J1656,01101723C6,M,,,5
J1657,J1657,0110173C73,F,,,5
J1658,J1658,011017017E,F,,,5
J1659,J1659,011017404A,M,,,5
J166,J166,,,,,5
J1660,J1660,0110170843,F,,,5
J1661,J1661,011017157F,M,,,5
J1662,J1662,01101717A2,F,,,5
J1663,J1663,,,,,5
J1664,J1664,011017344E,F,,,5
J1665,J1665,01101705E5,M,,,5
J1667,J1667,,,,,5
J1668,J1668,01101721B2,M,,,5
J1669,J1669,,,,,5
J167,J167,,,,,5
J1670,J1670,0110170FEA,M,,,5
J1671,J1671,,,,,5
J1672,J1672,0110171C8A,F,,,5
J1673,J1673,,,,,5
J1674,J1674,0110170185,F,,,5
J1675,J1675,0110171902,,,,5
J1676,J1676,0110170017,F,,,5
J1678,J1678,0110170927,M,,,5
J1679,J1679,,,,,5
J168,J168,,,,,5
J1680,J1680,01101732D1,M,,,5
J1681,J1681,,,,,5
J1682,J1682,,,,,5
J1683,J1683,0110170311,M,,,5
J1684,J1684,,,,,5
J1685,J1685,,,,,5
J1686,J1686,,,,,5
J1687,J1687,,,,,5
J1688,J1688,01101745D4,M,,,5
J1689,J1689,,,,,5
J169,J169,,,,,5
J1690,J1690,0110170B6B,M,,,5
J1691,J1691,011016FD57,M,,,5
J1692,J1692,0110174A11,M,,,5
J1693,J1693,,,,,5
J1694,J1694,0110171B18,M,,,5
J1695,J1695,0110170B51,M,,,5
J1696,J1696,,,,,5
J1697,J1697,,,,,5
J1698,J1698,0110172105,M,,,5
J1699,J1699,,,,,5
J17,J17,0110174108,F,,,5
J170,J170,,,,,5
J1700,J1700,,,,,5
J1701,J1701,0110170314,F,,,5
J1702,J1702,,,,,5
J1703,J1703,01101712A4,F,,,5
J1704,J1704,,,,,5
J1705,J1705,0110170973,F,,,5
J1706,J1706,,,,,5
J1707,J1707,0110173F28,M,,,5
J1708,J1708,01101745C4,F,,,5
J171,J171,,,,,5
J1710,J1710,011017030F,M,,,5
J1711,J1711,01101708D6,M,,,5
J1712,J1712,01101730C1,M,,,5
J1713,J1713,0110171F7E,M,,,5
J1714,J1714,,,,,5
J1715,J1715,0110174B86,F,,,5
J1716,J1716,,,,,5
J1717,J1717,,,,,5
J1718,J1718,,,,,5
J1719,J1719,01101746E5,F,,,5
J172,J172,,,,,5
J1720,J1720,0110172F36,F,,,5
J1721,J1721,,,,,5
J1722,J1722,0110170C9B,F,,,5
J1723,J1723,0110170845,M,,,5
J1724,J1724,0110170A04,M,,,5
J1725,J1725,,,,,5
J1727,J1727,,,,,5
J1728,J1728,0110173918,F,,,5
J1729,J1729,0110174658,M,,,5
J173,J173,,,,,5
J1730,J1730,0110170015,M,,,5
J1731,J1731,,,,,5
J1732,J1732,,,,,5
J1733,J1733,,,,,5
J1734,J1734,,,,,5
J1735,J1735,011017449A,F,,,5
J1736,J1736,,,,,5
J1737,J1737,,,,,5
J1738,J1738,010799F81C,F,,,5
J1739,J1739,011017297F,M,,,5
J174,J174,,,,,5
J1740A,J1740A,,,,,5
J1740B,J1740B,,,,,5
J1741,J1741,0110173006,F,,,5
J1742,J1742,,,,,5
J1743,J1743,,,,,5
J1744,J1744,,,,,5
J1745,J1745,011017339B,F,,,5
J1746,J1746,,,,,5
J1747,J1747,0110173220,F,,,5
J1748,J1748,,,,,5
J1749,J1749,,,,,5
J175,J175,,,,,5
J1750,J1750,,,,,5
J1751,J1751,0110170C03,F,,,5
J1752,J1752,01103F62A7,F,,,5
J1753,J1753,,,,,5
J1754,J1754,011017488C,F,,,5
J1755,J1755,,,,,5
J1756,J1756,,,,,5
J1757,J1757,,,,,5
J1758,J1758,0110172765,M,,,5
J1759,J1759,,M,,,5
J176,J176,,,,,5
J1760,J1760,0110171620,M,,,5
J1761,J1761,,,,,5
J1762,J1762,,,,,5
J1763,J1763,011016DB03,M,,,5
J1764,J1764,0110170E98,M,,,5
J1765,J1765,0110170CAC,M,,,5
J1766,J1766,,,,,5
J1767,J1767,0110174B10,F,,,5
J1769,J1769,0110171B26,M,,,5
J177,J177,,,,,5
J1770,J1770,0110173B31,F,,,5
J1771,J1771,,,,,5
J1772,J1772,,,,,5
J1773,J1773,0110174A0E,F,,,5
J1774,J1774,,,,,5
J1775,J1775,,,,,5
J1776,J1776,,,,,5
J1778,J1778,,,,,5
J1779,J1779,,,,,5
J178,J178,,,,,5
J1780,J1780,0110172323,M,,,5
J1781,J1781,0110171145,F,,,5
J1782,J1782,,,,,5
J1784,J1784,01101701F2,F,,,5
J1785,J1785,01101720FF,F,,,5
J1786,J1786,011017098B,M,,,5
J1787A,J1787A,,,,,5
J1787B,J1787B,,,,,5
J1788,J1788,011017136F,M,,,5
J1789,J1789,011017210C,F,,,5
J179,J179,,,,,5
J1790,J1790,,,,,5
J1791,J1791,0110172D0F,F,,,5
J1792,J1792,,,,,5
J1793,J1793,,,,,5
J1794,J1794,0110170188,F,,,5
J1795,J1795,,,,,5
J1796,J1796,01101711F4,M,,,5
J1797,J1797,,,,,5
J1798,J1798,,,,,5
J1799,J1799,011016A627,M,,,5
J18,J18,,M,,,5
J180,J180,,,,,5
J1800,J1800,,,,,5
J1801,J1801,0110170C9E,M,,,5
J1802,J1802,,,,,5
J1803,J1803,,,,,5
J1804,J1804,011017172D,F,,,5
J1805,J1805,,,,,5
J1806,J1806,,,,,5
J1807,J1807,0110172989,M,,,5
J1808,J1808,,,,,5
J1809,J1809,,,,,5
J181,J181,,,,,5
J1810,J1810,,,,,5
J1811,J1811,,,,,5
J1812,J1812,0110173C6E,F,,,5
J1813,J1813,,,,,5
J1814,J1814,0110174659,F,,,5
J1815,J1815,,,,,5
J1816,J1816,,,,,5
J1817,J1817,,,,,5
J1818,J1818,,,,,5
J1819,J1819,,,,,5
J182,J182,,,,,5
J1820,J1820,,,,,5
J1821,J1821,,,,,5
J1822,J1822,,,,,5
J1823,J1823,,,,,5
J1824,J1824,,,,,5
J1825,J1825,,,,,5
J1826,J1826,,,,,5
J1827,J1827,,,,,5
J1828,J1828,,,,,5
J1829,J1829,,,,,5
J183,J183,,,,,5
J1830,J1830,,,,,5
J1831,J1831,,,,,5
J1832,J1832,,,,,5
J1833,J1833,,,,,5
J1834,J1834,,,,,5
J1835,J1835,,,,,5
J1836,J1836,0110171421,M,,,5
J1837,J1837,,,,,5
J1838,J1838,,,,,5
J1839,J1839,0110172338,,,,5
J184,J184,,,,,5
J1840,J1840,,,,,5
J1841,J1841,,,,,5
J1842,J1842,,,,,5
J1843,J1843,,,,,5
J1844,J1844,,,,,5
J1845,J1845,,,,,5
J1846,J1846,,,,,5
J1847,J1847,011017437B,F,,,5
J1848,J1848,,,,,5
J1849,J1849,,,,,5
J185,J185,,,,,5
J1850,J1850,01101746FC,F,,,5
J1851,J1851,0110173C74,F,,,5
J1852,J1852,0110170836,F,,,5
J1853,J1853,,,,,5
J1854,J1854,,,,,5
J1855,J1855,,,,,5
J1856,J1856,,,,,5
J1857,J1857,,,,,5
J1858,J1858,,,,,5
J1859,J1859,,,,,5
J186,J186,010C110B4C,M,,,5
J1860A,J1860A,,,,,5
J1860B,J1860B,,,,,5
J1860C,J1860C,,,,,5
J1861,J1861,,,,,5
J1864,J1864,,,,,5
J1865,J1865,0110173452,M,,,5
J1866,J1866,,,,,5
J1867,J1867,,,,,5
J1868,J1868,,,,,5
J1869,J1869,011017109E,M,,,5
J187,J187,,,,,5
J1870,J1870,0110171F7F,F,,,5
J1871,J1871,0110173F13,F,,,5
J1872,J1872,0110173BDB,M,,,5
J1873,J1873,0110173273,F,,,5
J1874,J1874,0110174990,F,,,5
J1875,J1875,01101745CA,F,,,5
J1876,J1876,0110171ED3,F,,,5
J1877,J1877,,,,,5
J1878,J1878,01101708E2,F,,,5
J1879,J1879,01101700FA,M,,,5
J188,J188,,,,,5
J1880,J1880,,M,,,5
J1881,J1881,011017226B,F,,,5
J1882,J1882,0110170F5B,F,,,5
J1883,J1883,,F,,,5
J1884,J1884,,M,,,5
J1885,J1885,,F,,,5
J1886,J1886,01101746DC,M,,,5
J1887,J1887,0110172767,M,,,5
J1888,J1888,0110171F96,M,,,5
J189,J189,,,,,5
J1892,J1892,0110171856,M,,,5
J1894,J1894,01103F8A8D,F,,,5
J1897,J1897,01101723C7,F,,,5
J1899,J1899,0110170B60,F,,,5
J19,J19,,F,,,5
J190,J190,,,,,5
J1901,J1901,0110172FEC,M,,,5
J1902,J1902,01101730AF,F,,,5
J1904,J1904,0110173E81,M,,,5
J1905,J1905,110170705,F,,,5
J1906,J1906,0110172BAD,F,,,5
J1907,J1907,0110171BEC,M,,,5
J1909,J1909,0110173B24,F,,,5
J191,J191,,,,,5
J1910,J1910,01101716E7,F,,,5
J1911,J1911,011016FD44,M,,,5
J1912,J1912,0110170BE6,M,,,5
J1913,J1913,0110170B57,F,,,5
J1914,J1914,0110173385,M,,,5
J1918,J1918,011016DADF,,,,5
J1919,J1919,011016D8B6,,,,5
J192,J192,,,,,5
J1920,J1920,011017042E,,,,5
J1921,J1921,01103F7837,M,,,5
J1922,J1922,0110171355,M,,,5
J1923,J1923,011017066D,M,,,5
J1924,J1924,011017322D,F,,,5
J1925,J1925,01101704B5,F,,,5
J1927,J1927,01101725FF,F,,,5
J1928,J1928,01101705E4,F,,,5
J1929,J1929,011017452F,M,,,5
J193,J193,,,,,5
J1930,J1930,01101732CF,M,,,5
J1931,J1931,01101726AB,M,,,5
J1932,J1932,01101708E7,M,,,5
J1933,J1933,011017392C,M,,,5
J1934,J1934,0110170ACA,M,,,5
J1935,J1935,0110172273,F,,,5
J1936,J1936,0110171A74,M,,,5
J1937,J1937,0110172329,M,,,5
J1938,J1938,011017488A,F,,,5
J1939,J1939,0110171EB2,F,,,5
J194,J194,,M,,,5
J1940,J1940,011017277E,F,,,5
J1941,J1941,0110170DF3,,,,5
J1942,J1942,01101705CF,M,,,5
J1943,J1943,0110174920,M,,,5
J1944,J1944,01101714D3,M,,,5
J1945,J1945,011016DD2D,F,,,5
J1946,J1946,0110171358,M,,,5
J1947,J1947,01101735AA,F,,,5
J1948,J1948,011016AE25,M,,,5
J1949,J1949,011016B1B9,F,,,5
J195,J195,010C1190BD,M,,,5
J1950,J1950,01101746FD,M,,,5
J1951,J1951,0110171C9F,M,,,5
J1952,J1952,011017489E,M,,,5
J1953,J1953,0110170B5A,M,,,5
J1955,J1955,0110173505,M,,,5
J1956,J1956,01101718FD,F,,,5
J1957,J1957,011016DEC1,M,,,5
J1958,J1958,011017203C,F,,,5
J196,J196,,M,,,5
J1960,J1960,0110172279,M,,,5
J1961,J1961,0110170F43,M,,,5
J1963,J1963,0110173FC4,M,,,5
J1965,J1965,011016BFE3,M,,,5
J1966,J1966,0110174054,M,,,5
J1967,J1967,0110174249,F,,,5
J1968,J1968,0110177548,M,,,5
J1969,J1969,0110172A42,F,,,5
J197,J197,,M,,,5
J1970,J1970,0110172271,M,,,5
J1971,J1971,0110172DD4,,,,5
J1972,J1972,0110174060,,,,5
J1974,J1974,01101723D9,F,,,5
J1975,J1975,011017249D,M,,,5
J1976,J1976,0110170177,M,,,5
J1977,J1977,01101726B3,F,,,5
J1978,J1978,01101701F3,F,,,5
J198,J198,0110174A96,M,,,5
J1981,J1981,01101719C5,M,,,5
J1982,J1982,01101705D5,M,,,5
J1983,J1983,011016D359,M,,,5
J1984,J1984,0110172035,M,,,5
J1985,J1985,0110172D12,F,,,5
J1986,J1986,01101720FB,,,,5
J1987,J1987,01103F8F80,F,,,5
J1988,J1988,1.1E+76,F,,,5
J1989,J1989,011016D042,M,,,5
J199,J199,010C118BB2,M,,,5
J1990,J1990,0110173B22,M,,,5
J1991,J1991,0110170B61,F,,,5
J1992,J1992,0110171D56,M,,,5
J1993,J1993,011016DF76,M,,,5
J1994,J1994,0110172F2D,M,,,5
J1995,J1995,110174235,M,,,5
J1996,J1996,011017041B,F,,,5
J1997,J1997,0110173BD9,M,,,5
J1998,J1998,110174761,F,,,5
J1999,J1999,011017343F,F,,,5
J20,J20,,M,,,5
J200,J200,010C109D27,M,,,5
J2000,J2000,011016E606,,,,5
J2001,J2001,0110172AF1,,,,5
J2002,J2002,110173441,,,,5
J2003,J2003,110174372,,,,5
J2004,J2004,110173880,,,,5
J2005,J2005,011016FF85,M,,,5
J2006,J2006,011016FEEB,F,,,5
J2007,J2007,,,,,5
J2008,J2008,011017226C,M,,,5
J2009,J2009,011017423D,M,,,5
J201,J201,,M,,,5
J2010,J2010,110170393,F,,,5
J2011,J2011,011017410D,M,,,5
J2012,J2012,01103F55F8,M,,,5
J2013,J2013,110170834,F,,,5
J2013B,J2013B,,,,,5
J2014,J2014,011017466B,M,,,5
J2014B,J2014B,,,,,5
J2015,J2015,110174066,F,,,5
J2016,J2016,,,,,5
J2017,J2017,01101704B4,F,,,5
J2018,J2018,0110171C94,,,,5
J2019,J2019,011016B974,M,,,5
J202,J202,010C10BA75,M,,,5
J2020,J2020,,,,,5
J2021,J2021,0110171B2B,F,,,5
J2022,J2022,,M,,,5
J2023,J2023,,,,,5
J2024,J2024,,,,,5
J2025,J2025,1.1E+13,M,,,5
J2026,J2026,0110174AA4,M,,,5
J2027,J2027,011017449D,F,,,5
J2028,J2028,011017343B,M,,,5
J2029,J2029,,,,,5
J203,J203,010C11A7F7,M,,,5
J2030,J2030,01101741A0,F,,,5
J2031,J2031,,,,,5
J2032,J2032,,,,,5
J2033,J2033,,,,,5
J2034,J2034,011016D8C0,F,,,5
J2035,J2035,011016E6AD,F,,,5
J2036,J2036,,,,,5
J2037,J2037,011016BCDA,F,,,5
J2038,J2038,,,,,5
J2039,J2039,01103F8F46,M,,,5
J204,J204,,F,,,5
J2040,J2040,110172050,M,,,5
J2041,J2041,011016D521,F,,,5
J2042,J2042,,,,,5
J2043,J2043,01101723EE,M,,,5
J2044,J2044,,,,,5
J2045,J2045,110173654,F,,,5
J2046,J2046,110170713,F,,,5
J2047,J2047,0110170CAD,M,,,5
J2048,J2048,0110170A11,M,,,5
J2049,J2049,011016DE7B,F,,,5
J205,J205,,M,,,5
J2050,J2050,110173163,F,,,5
J2051,J2051,011017067C,F,,,5
J2052,J2052,110174781,M,,,5
J2053,J2053,0110170FFB,F,,,5
J2054,J2054,,,,,5
J2055,J2055,,,,,5
J2056,J2056,01101737C0,F,,,5
J2057,J2057,01101716F0,F,,,5
J2058,J2058,,,,,5
J2059,J2059,01101704B6,F,,,5
J206,J206,,,,,5
J2060,J2060,0110172BB5,M,,,5
J2061,J2061,,,,,5
J2062,J2062,,,,,5
J2063,J2063,110173715,F,,,5
J2064,J2064,01101734FD,M,,,5
J2065,J2065,011017419A,F,,,5
J2066,J2066,,,,,5
J2067,J2067,011017437C,F,,,5
J2068,J2068,0110174B0F,F,,,5
J2069,J2069,01101721BE,M,,,5
J207,J207,,,,,5
J2070,J2070,,,,,5
J2071,J2071,011016C121,F,,,5
J2072,J2072,01103F7532,M,,,5
J2073,J2073,11000000,M,,,5
J2074,J2074,,,,,5
J2075,J2075,,,,,5
J2076,J2076,01101728DF,F,,,5
J2077,J2077,0110172BA6,M,,,5
J2078,J2078,,,,,5
J2079,J2079,110171796,M,,,5
J208,J208,,,,,5
J2080,J2080,,,,,5
J2081,J2081,0110170DF8,F,,,5
J2082,J2082,,,,,5
J2083,J2083,011017292C,F,,,5
J2084,J2084,0110172F92,F,,,5
J2085,J2085,,,,,5
J2086,J2086,0110173C82,M,,,5
J2087,J2087,,,,,5
J2088,J2088,,,,,5
J2089,J2089,,,,,5
J209,J209,,,,,5
J2090,J2090,011016D56A,F,,,5
J2091,J2091,01101737CD,F,,,5
J2092,J2092,110172829,M,,,5
J2093,J2093,,,,,5
J2094,J2094,,,,,5
J2095,J2095,0110174B85,F,,,5
J2096,J2096,01101701F8,M,,,5
J2097,J2097,0110170DEE,M,,,5
J2098,J2098,0110170F49,M,,,5
J2099,J2099,,,,,5
J21,J21,,M,,,5
J210,J210,,,,,5
J2100,J2100,011016FFF4,F,,,5
J2101,J2101,011017185D,F,,,5
J2102,J2102,,,,,5
J2103,J2103,,,,,5
J2104,J2104,,,,,5
J2105,J2105,110171957,F,,,5
J2106,J2106,,,,,5
J2107,J2107,01101737C8,F,,,5
J2108,J2108,,,,,5
J2109,J2109,,,,,5
J211,J211,,,,,5
J2110,J2110,01103F3A41,F,,,5
J2111,J2111,,,,,5
J2112,J2112,011017115E,F,,,5
J2113,J2113,1.1E+12,F,,,5
J2114,J2114,0110172AFA,F,,,5
J2115,J2115,0110170C48,,,,5
J2116,J2116,,,,,5
J2117,J2117,110170433,F,,,5
J2118,J2118,,,,,5
J2119,J2119,01101712F5,M,,,5
J212,J212,01101726C3,F,,,5
J2120,J2120,01101737C7,F,,,5
J2121,J2121,,,,,5
J2122,J2122,,,,,5
J2123,J2123,01101742D5,F,,,5
J2124,J2124,0110170DF2,F,,,5
J2125,J2125,110171586,M,,,5
J2126,J2126,01103F7363,M,,,5
J2127,J2127,,,,,5
J2128,J2128,01101719A2,F,,,5
J2129,J2129,,,,,5
J213,J213,,,,,5
J2131,J2131,110172764,F,,,5
J2132,J2132,,,,,5
J2133,J2133,,,,,5
J2134,J2134,110173218,F,,,5
J2135,J2135,,,,,5
J2136,J2136,,,,,5
J2137,J2137,01101708D2,M,,,5
J2138,J2138,,,,,5
J2139,J2139,110170971,M,,,5
J214,J214,,,,,5
J2140,J2140,,,,,5
J2141,J2141,01103F5882,M,,,5
J2142,J2142,,,,,5
J2143,J2143,,,,,5
J2144,J2144,01101744A2,M,,,5
J2145,J2145,,,,,5
J2146,J2146,,,,,5
J2147,J2147,110171845,M,,,5
J2148,J2148,,,,,5
J2149,J2149,01101745D0,M,,,5
J215,J215,,,,,5
J2150,J2150,110174886,F,,,5
J2151,J2151,1.1E+304,M,,,5
J2152,J2152,,,,,5
J2153,J2153,,,,,5
J2154,J2154,0110170F0F,F,,,5
J2155,J2155,,,,,5
J2156,J2156,,,,,5
J2157,J2157,01101735B5,F,,,5
J2158,J2158,011016F679,F,,,5
J2159,J2159,,,,,5
J216,J216,,,,,5
J2160,J2160,,,,,5
J2161,J2161,,,,,5
J2162,J2162,,,,,5
J2163,J2163,0110173D2E,M,,,5
J2164,J2164,,,,,5
J2165,J2165,,,,,5
J2166,J2166,01101710B1,F,,,5
J2167,J2167,011017193F,F,,,5
J2168,J2168,110173710,M,,,5
J2169,J2169,,,,,5
J217,J217,,,,,5
J2170,J2170,110171411,F,,,5
J2171,J2171,,,,,5
J2172,J2172,,,,,5
J2173,J2173,,,,,5
J2174,J2174,0110172FF4,F,,,5
J2174B,J2174B,,,,,5
J2174C,J2174C,,,,,5
J2175,J2175,,,,,5
J2176,J2176,,,,,5
J2177,J2177,,,,,5
J2178,J2178,,,,,5
J2179,J2179,110172039,M,,,5
J2180,J2180,,,,,5
J2181,J2181,0110173C7A,F,,,5
J2182,J2182,,,,,5
J2183,J2183,,,,,5
J2184,J2184,011017066B,M,,,5
J2185,J2185,1.1E+84,M,,,5
J2186,J2186,,,,,5
J2187,J2187,,,,,5
J2188,J2188,,,,,5
J2189,J2189,011017441B,F,,,5
J2190,J2190,110174655,M,,,5
J2191,J2191,01101732D4,,,,5
J2192,J2192,,,,,5
J2193,J2193,0110173A8D,F,,,5
J2194,J2194,011016CB49,M,,,5
J2195,J2195,01101705DB,F,,,5
J2196,J2196,011017038E,F,,,5
J2197,J2197,011016C2F0,M,,,5
J2198,J2198,0110171B39,M,,,5
J2199,J2199,0110170C07,F,,,5
J220,J220,,,,,5
J2200,J2200,,,,,5
J2201,J2201,011017078D,M,,,5
J2202,J2202,,,,,5
J2203,J2203,,,,,5
J2204,J2204,01101734F6,F,,,5
J2205,J2205,,,,,5
J2206A,J2206A,,,,,5
J2206B,J2206B,,,,,5
J2207,J2207,,,,,5
J2208,J2208,01101704AA,M,,,5
J2209,J2209,,,,,5
J221,J221,,F,,,5
J2210,J2210,01101705D1,F,,,5
J2211,J2211,,,,,5
J2212,J2212,,,,,5
J2213,J2213,0110174B8B,F,,,5
J2214,J2214,,,,,5
J2215,J2215,01101725F7,F,,,5
J2216,J2216,,,,,5
J2217,J2217,011016F272,F,,,5
J2218,J2218,,,,,5
J2219,J2219,1.1E+94,M,,,5
J222,J222,010C10D72D,F,,,5
J2220,J2220,,,,,5
J2221,J2221,010799F935,F,,,5
J2222,J2222,,,,,5
J2223,J2223,0110171D4F,F,,,5
J2224,J2224,,,,,5
J2225,J2225,,,,,5
J2226,J2226,,,,,5
J2227,J2227,,,,,5
J2228,J2228,01103F8000,M,,,5
J2229,J2229,,,,,5
J223,J223,0110174B8F,F,,,5
J2230,J2230,01101742D9,F,,,5
J2231,J2231,,,,,5
J2232,J2232,,,,,5
J2233,J2233,,,,,5
J2234,J2234,,,,,5
J2235,J2235,,,,,5
J2236,J2236,01101741AC,M,,,5
J2237,J2237,,,,,5
J2238,J2238,,,,,5
J2239,J2239,011017441C,F,,,5
J224,J224,010C11AF27,F,,,5
J2240,J2240,,,,,5
J2241,J2241,01101732D2,F,,,5
J2242,J2242,,,,,5
J2243,J2243,,,,,5
J2244,J2244,,,,,5
J2245,J2245,,,,,5
J2246,J2246,,,,,5
J2247,J2247,,,,,5
J2248,J2248,,,,,5
J2249,J2249,,,,,5
J225,J225,011017406F,M,,,5
J2250,J2250,,,,,5
J2251,J2251,,,,,5
J2252,J2252,,,,,5
J2253,J2253,,,,,5
J2254,J2254,,,,,5
J2255,J2255,0110170D5B,M,,,5
J2256,J2256,011016B2EF,M,,,5
J2257,J2257,,,,,5
J2258,J2258,0110173B1E,M,,,5
J2259,J2259,,,,,5
J226,J226,010C10F4E0,M,,,5
J2260,J2260,011016FE36,M,,,5
J2261,J2261,,,,,5
J2262,J2262,011016E943,F,,,5
J2263,J2263,011017225A,M,,,5
J2264,J2264,,,,,5
J2265,J2265,,,,,5
J2266,J2266,,,,,5
J2267,J2267,110170079,M,,,5
J2268,J2268,,,,,5
J2269,J2269,,,,,5
J227,J227,0110174B07,M,,,5
J2270,J2270,,,,,5
J2271,J2271,,,,,5
J2272,J2272,,,,,5
J2273,J2273,,,,,5
J2274,J2274,,,,,5
J2275,J2275,,,,,5
J2276,J2276,,,,,5
J2277,J2277,,,,,5
J2278,J2278,,,,,5
J2279,J2279,,,,,5
J228,J228,,M,,,5
J2280,J2280,0110172F43,M,,,5
J2281,J2281,,,,,5
J2282,J2282,,,,,5
J2283,J2283,,,,,5
J2284,J2284,,,,,5
J2285,J2285,,,,,5
J2286,J2286,011017365B,F,,,5
J2287,J2287,,,,,5
J2288,J2288,,,,,5
J2289,J2289,,,,,5
J229,J229,011017167E,M,,,5
J2290,J2290,,,,,5
J2291,J2291,,,,,5
J2292,J2292,,,,,5
J2293,J2293,,,,,5
J2294,J2294,,,,,5
J2295,J2295,,,,,5
J2296,J2296,0110170EA8,,,,5
J2297,J2297,,,,,5
J2298,J2298,0110170B54,M,,,5
J2299,J2299,,,,,5
J230,J230,110171572,M,,,5
J2300,J2300,,,,,5
J2301,J2301,,,,,5
J2302,J2302,,,,,5
J2303,J2303,,,,,5
J2304,J2304,,,,,5
J2305,J2305,,,,,5
J2306,J2306,,,,,5
J2307,J2307,,,,,5
J2308,J2308,,,,,5
J2309,J2309,0110172A47,M,,,5
J231,J231,010C113BA2,M,,,5
J2310,J2310,,,,,5
J2311,J2311,,,,,5
J2312,J2312,,,,,5
J2313,J2313,,,,,5
J2314,J2314,,,,,5
J2315,J2315,,,,,5
J2316,J2316,,,,,5
J2317,J2317,110174917,F,,,5
J2318,J2318,,,,,5
J2319,J2319,,,,,5
J232,J232,,M,,,5
J2320,J2320,,,,,5
J2321,J2321,,,,,5
J2322,J2322,011016ED7B,M,,,5
J2323,J2323,,,,,5
J2324,J2324,0110170DDB,F,,,5
J2325,J2325,,,,,5
J2326,J2326,,,,,5
J2327,J2327,,,,,5
J2328,J2328,,,,,5
J2329,J2329,,,,,5
J233,J233,,M,,,5
J2330,J2330,01101745CC,F,,,5
J2332,J2332,,,,,5
J2333,J2333,,,,,5
J2334,J2334,,,,,5
J2335,J2335,,,,,5
J2336,J2336,,,,,5
J2337,J2337,,,,,5
J2338,J2338,,,,,5
J2339,J2339,,,,,5
J234,J234,,M,,,5
J2340,J2340,,,,,5
J2341,J2341,,,,,5
J2342,J2342,,,,,5
J2343,J2343,,,,,5
J2344,J2344,,,,,5
J2345,J2345,110174802,F,,,5
J2346,J2346,,,,,5
J2347,J2347,01101721B8,M,,,5
J2348,J2348,,,,,5
J2349,J2349,,,,,5
J235,J235,,M,,,5
J2350,J2350,,,,,5
J2351,J2351,,,,,5
J2352,J2352,,,,,5
J2353,J2353,011017042F,F,,,5
J2354,J2354,,,,,5
J2355,J2355,,,,,5
J2356,J2356,,,,,5
J2357,J2357,011016FC0F,M,,,5
J2358,J2358,,,,,5
J236,J236,,M,,,5
J2360,J2360,,,,,5
J2361,J2361,,,,,5
J2362,J2362,,,,,5
J2363,J2363,,,,,5
J2364,J2364,011016F898,F,,,5
J2365,J2365,,,,,5
J2367,J2367,011017007D,M,,,5
J2368,J2368,,,,,5
J2369,J2369,,,,,5
J237,J237,,M,,,5
J2370,J2370,,,,,5
J2371,J2371,110170985,F,,,5
J2372,J2372,,F,,,5
J2373,J2373,010C11A074,F,,,5
J2374,J2374,0110171F82,F,,,5
J2376,J2376,01101707A1,F,,,5
J2378,J2378,0110174A26,M,,,5
J2379,J2379,01101710B0,F,,,5
J238,J238,,M,,,5
J2380,J2380,0110170D44,F,,,5
J2381,J2381,110171583,M,,,5
J2382,J2382,0110172CA6,M,,,5
J2383B,J2383B,011017476F,F,,,5
J2384,J2384,011017030B,F,,,5
J2385A,J2385A,01101724A1,M,,,5
J2385B,J2385B,,M,,,5
J2386,J2386,01101746F6,F,,,5
J2387,J2387,01101735A1,M,,,5
J2388,J2388,,F,,,5
J2389,J2389,,F,,,5
J239,J239,010C10E540,M,,,5
J2393,J2393,011017054C,F,,,5
J2397,J2397,011017366A,F,,,5
J2398,J2398,01101711FA,F,,,5
J2399,J2399,011017498E,M,,,5
J24,J24,010C10CDF9,F,,,5
J240,J240,010C11A87C,M,,,5
J2401,J2401,110174056,M,,,5
J2404,J2404,0110174A1F,F,,,5
J2405,J2405,01101732DE,M,,,5
J2406,J2406,011017249C,M,,,5
J2407,J2407,0110172F42,M,,,5
J2408,J2408,01101733DA,M,,,5
J241,J241,110174778,F,,,5
J2410,J2410,011017031A,F,,,5
J2411,J2411,0110174B88,F,,,5
J2412,J2412,0110170A18,,,,5
J2413,J2413,011017358F,,,,5
J2414,J2414,011017310B,,,,5
J2416,J2416,0110172B3C,F,,,5
J2417,J2417,011017028B,,,,5
J2418,J2418,0110171A60,,,,5
J2419,J2419,01103F856F,,,,5
J242,J242,,F,,,5
J2420,J2420,0110171B3B,,,,5
J2421,J2421,110173398,,,,5
J2422,J2422,110171003,,,,5
J2423,J2423,110173166,,,,5
J2424,J2424,01101737C1,,,,5
J2425,J2425,011016DD74,,,,5
J2426,J2426,011017163A,,,,5
J2427,J2427,110174785,,,,5
J2428,J2428,01101711FE,,,,5
J2429,J2429,110171206,,,,5
J2430,J2430,011017140D,,,,5
J2431,J2431,0110172B02,,,,5
J2432,J2432,0110171D55,,,,5
J2433,J2433,0110172DDC,,,,5
J2435,J2435,0110173C8A,,,,5
J2436,J2436,011017424A,,,,5
J2437,J2437,011017371C,,,,5
J2438,J2438,110171790,,,,5
J2439,J2439,110171909,,,,5
J244,J244,,F,,,5
J2440,J2440,0110170D45,F,,,5
J2441,J2441,110173179,F,,,5
J2442,J2442,01101708EB,F,,,5
J2443,J2443,01101720F9,F,,,5
J2444,J2444,01103F808A,,,,5
J2445,J2445,110174530,,,,5
J2446,J2446,110174919,,,,5
J2447,J2447,0700EDBA37,,,,5
J2448,J2448,0110173A20,,,,5
J2449,J2449,0110172BAB,,,,5
J245,J245,,F,,,5
J2450,J2450,011016FCB9,,,,5
J2451,J2451,110172832,,,,5
J2452,J2452,0110172DC0,,,,5
J2453,J2453,1.1E+97,,,,5
J2454,J2454,01101710A8,,,,5
J2455,J2455,011016E8AB,,,,5
J2456,J2456,01101740FF,,,,5
J2457,J2457,011017136A,,,,5
J2458,J2458,011016CD89,F,,,5
J2459,J2459,0110171A7F,,,,5
J246,J246,,F,,,5
J2461,J2461,1.1E+14,,,,5
J2462,J2462,0110173BC0,,,,5
J2463,J2463,01101741A4,,,,5
J2464,J2464,0110170CB0,,,,5
J2465,J2465,0110173FB5,,,,5
J2466,J2466,110170975,,,,5
J2467,J2467,01101708DA,,,,5
J2468,J2468,01101725F8,,,,5
J2469,J2469,01101719C2,,,,5
J247,J247,,F,,,5
J2470,J2470,011017097F,,,,5
J2471,J2471,110174109,,,,5
J2472,J2472,011016D1BA,,,,5
J2473,J2473,011016C2AF,,,,5
J2474,J2474,011017028A,,,,5
J2475,J2475,011016AAB9,,,,5
J2476,J2476,110171097,,,,5
J2477,J2477,011016FF86,,,,5
J2478,J2478,,,,,5
J2479,J2479,011016D81E,,,,5
J248,J248,,F,,,5
J2480,J2480,110172042,,,,5
J2481,J2481,01103F5C17,F,,,5
J2482,J2482,01101730AA,,,,5
J2483,J2483,0110177A83,,,,5
J2484,J2484,110174412,F,,,5
J2485,J2485,110174533,F,,,5
J2486,J2486,01103F65A4,M,,,5
J2487,J2487,110174782,,,,5
J2488,J2488,0110170F59,,,,5
J2489,J2489,01101710AD,,,,5
J249,J249,,F,,,5
J2490,J2490,1.1E+90,,,,5
J2491,J2491,01101710AC,,,,5
J2492,J2492,011017227D,,,,5
J2493,J2493,01101739C7,,,,5
J2494,J2494,0110172AF8,F,,,5
J2495,J2495,110171853,,,,5
J2496,J2496,110173449,,,,5
J2497,J2497,011017114B,F,,,5
J2498,J2498,01101734F1,,,,5
J2499,J2499,011017406D,,,,5
J25,J25,010C10A355,M,,,5
J2500,J2500,0110173F20,,,,5
J2501,J2501,0110174A13,,,,5
J2502,J2502,0110171CAB,F,,,5
J2503,J2503,110170285,,,,5
J2504,J2504,011017298A,,,,5
J2505,J2505,01101708DC,,,,5
J2506,J2506,01101747FB,,,,5
J2507,J2507,011016FF96,,,,5
J2508,J2508,110174387,,,,5
J2509,J2509,0110173E6C,,,,5
J2510,J2510,0110170AB3,,,,5
J2511,J2511,011017406E,,,,5
J2512,J2512,0110172E8F,,,,5
J2513,J2513,0110171C99,,,,5
J2514,J2514,01101742DF,,,,5
J2515,J2515,011016AEFF,,,,5
J2516,J2516,110170309,,,,5
J2517,J2517,110174525,,,,5
J2518,J2518,110172491,,,,5
J2519,J2519,110000000,,,,5
J252,J252,,F,,,5
J2520,J2520,0110173D2B,,,,5
J2521,J2521,0110170A15,,,,5
J2522,J2522,110173504,F,,,5
J2523,J2523,011017255A,,,,5
J2524,J2524,011016CBAE,,,,5
J2525,J2525,110174242,F,,,5
J2526,J2526,0110172F4B,F,,,5
J2527,J2527,01101732D5,F,,,5
J2528,J2528,011016EFC7,,,,5
J2529,J2529,01101740F7,,,,5
J253,J253,,F,,,5
J2530,J2530,011017386F,,,,5
J2531,J2531,011017406B,,,,5
J2532,J2532,01101719CA,,,,5
J2533,J2533,0110171A70,,,,5
J2534,J2534,0110171D4C,,,,5
J2535,J2535,110174416,,,,5
J2536,J2536,0110171ECA,,,,5
J2537,J2537,01101706FE,,,,5
J2539,J2539,011016BA29,,,,5
J254,J254,010C10FE01,F,,,5
J2540,J2540,01101711F7,,,,5
J2541,J2541,110174809,,,,5
J2542,J2542,01103F7293,F,,,5
J2543,J2543,011017276B,,,,5
J2544,J2544,01103F749B,M,,,5
J2545,J2545,110174007,,,,5
J2546,J2546,0110171D62,,,,5
J2547,J2547,0110173E5E,,,,5
J2548,J2548,011017440A,,,,5
J2549,J2549,0110173BE1,,,,5
J255,J255,010C11B7A4,F,,,5
J2550,J2550,01101734DF,,,,5
J2551,J2551,110174065,,,,5
J2552,J2552,01101737B7,,,,5
J2553,J2553,0110170F45,,,,5
J2554,J2554,0110170BFD,,,,5
J2555,J2555,0110174A8E,F,,,5
J2556,J2556,110170007,,,,5
J2557,J2557,1.1E+12,,,,5
J2558,J2558,110171898,,,,5
J2559,J2559,110170014,,,,5
J256,J256,010C11C053,M,,,5
J2560,J2560,01101707A0,,,,5
J2561,J2561,0110173EBD,,,,5
J2562,J2562,01101734F0,F,,,5
J2563,J2563,011017460C,,,,5
J2564,J2564,011017027A,,,,5
J2565,J2565,0110171ED8,,,,5
J2566,J2566,0110173F18,,,,5
J2567,J2567,110173657,,,,5
J2568,J2568,0110170B5F,,,,5
J2569,J2569,0110172F47,,,,5
J2570,J2570,0110171A6A,,,,5
J2571,J2571,011017185A,,,,5
J2572,J2572,01103F7E9D,,,,5
J2574,J2574,011017375A,F,,,5
J2575,J2575,110000000,F,,,5
J2576,J2576,0110174BFE,M,,,5
J2577,J2577,,,,,5
J2578,J2578,011016E391,M,,,5
J2579,J2579,0110174FC2,,,,5
J2580,J2580,011017353A,M,,,5
J2581,J2581,01103F39F3,F,,,5
J2582,J2582,,,,,5
J2583,J2583,01101725CF,,,,5
J2584,J2584,1.1E+27,,,,5
J2585,J2585,01101703DF,,,,5
J2586,J2586,,,,,5
J2587,J2587,011016FD46,,,,5
J2588,J2588,,,,,5
J2589,J2589,011016FF31,,,,5
J259,J259,010C113768,F,,,5
J2591,J2591,1.1E+24,,,,5
J2592A,J2592A,0110170B07,,,,5
J2592B,J2592B,011016CCFE,,,,5
J2593,J2593,0110173D6C,M,,,5
J2594,J2594,,,,,5
J2595,J2595,110172088,,,,5
J2596,J2596,011016FE0A,,,,5
J2597,J2597,01101725A3,,,,5
J2598,J2598,,,,,5
J2599,J2599,0110173B69,,,,5
J26,J26,010C11AF26,F,,,5
J260,J260,010C10ED70,M,,,5
J2600,J2600,,,,,5
J2601,J2601,110171512,,,,5
J2602,J2602,011016FFDB,M,,,5
J2603,J2603,0110174C32,,,,5
J2604,J2604,110173045,M,,,5
J2605,J2605,,,,,5
J2606,J2606,,,,,5
J2607,J2607,,,,,5
J2608,J2608,011017400F,F,,,5
J2609,J2609,110171457,F,,,5
J261,J261,010C1128A4,M,,,5
J2610,J2610,,,,,5
J2611,J2611,,,,,5
J2612,J2612,0700EDA529,F,,,5
J2613,J2613,01103F8C5C,,,,5
J2614,J2614,0110173ADO,,,,5
J2615,J2615,,,,,5
J2616,J2616,011017FCA,,,,5
J2617,J2617,1.1E+25,,,,5
J2618,J2618,,,,,5
J2619,J2619,0110174BC7,,,,5
J262,J262,011016EE89,F,,,5
J2620,J2620,,,,,5
J2622,J2622,011017092B,,,,5
J2624,J2624,011016FA50,,,,5
J2625,J2625,,,,,5
J2626,J2626,011016FF55,,,,5
J2628,J2628,,,,,5
J2629,J2629,,,,,5
J263,J263,010C114960,M,,,5
J2630,J2630,,,,,5
J2631,J2631,01101701DB,,,,5
J2632,J2632,0110174F6F,F,,,5
J2633,J2633,011017220B,,,,5
J2634,J2634,0110171F0D,,,,5
J2635,J2635,0110173ACD,,,,5
J2636,J2636,011016FFD5,,,,5
J2637,J2637,,,,,5
J2638,J2638,110170616,,,,5
J2639,J2639,,,,,5
J264,J264,010C1108EA,F,,,5
J2640,J2640,011017292B,M,,,5
J2641,J2641,0110170AFA,F,,,5
J2642,J2642,,,,,5
J2643,J2643,,,,,5
J2644,J2644,110170809,,,,5
J2645,J2645,011016DF68,,,,5
J2646,J2646,011016FC77,,,,5
J2647,J2647,,,,,5
J2648,J2648,0700EDAEE6,,,,5
J2649,J2649,,,,,5
J2650,J2650,110172099,,,,5
J2652A,J2652A,0700EDBD93,,,,5
J2652B,J2652B,01103F5D28,,,,5
J2653,J2653,0110172CA0,,,,5
J2654,J2654,,,,,5
J2655,J2655,,,,,5
J2656,J2656,,,,,5
J2657,J2657,,,,,5
J2658,J2658,,,,,5
J2659,J2659,0110172CA5,,,,5
J266,J266,110171005,M,,,5
J2660,J2660,,,,,5
J2661,J2661,0110173AD1,,,,5
J2662,J2662,110170752,,,,5
J2663,J2663,011016FF69,,,,5
J2664,J2664,01103F62A2,,,,5
J2665,J2665,,M,,,5
J2666,J2666,011016BEB5,,,,5
J2667,J2667,01103F5B63,F,,,5
J2668,J2668,011016C0C8,,,,5
J2669,J2669,0110173B79,,,,5
J2670,J2670,,,,,5
J2671,J2671,,,,,5
J2672,J2672,0110171CF6,F,,,5
J2673,J2673,,,,,5
J2674,J2674,0110174EB5,,,,5
J2675,J2675,,,,,5
J2676,J2676,,,,,5
J2677,J2677,011017353D,,,,5
J2678,J2678,,,,,5
J2679,J2679,,,,,5
J268,J268,010C10FC64,F,,,5
J2680,J2680,011017259E,,,,5
J2681,J2681,,,,,5
J2682,J2682,,,,,5
J2683,J2683,,,,,5
J2684,J2684,,,,,5
J2685,J2685,1.1E+31,,,,5
J2686,J2686,,,,,5
J2687,J2687,,F,,,5
J2688,J2688,110171726,,,,5
J2689,J2689,,,,,5
J269,J269,010C1179AC,M,,,5
J2690,J2690,,,,,5
J2691,J2691,011016DCCA,,,,5
J2692,J2692,,,,,5
J2693,J2693,01101736A2,,,,5
J2694,J2694,,,,,5
J2695,J2695,,,,,5
J2696,J2696,,,,,5
J2697,J2697,,,,,5
J2698,J2698,,,,,5
J2699,J2699,0110173EIA,,,,5
J27,J27,010C1122D5,F,,,5
J270,J270,0110171BE6,M,,,5
J2700,J2700,110171301,M,,,5
J2701,J2701,110173334,F,,,5
J2702,J2702,,,,,5
J2703,J2703,,,,,5
J2704,J2704,110171047,,,,5
J2705,J2705,,,,,5
J2706,J2706,0700EDC663,,,,5
J2707,J2707,,,,,5
J2708,J2708,011013F656F,F,,,5
J2709,J2709,,,,,5
J271,J271,010C10D28E,M,,,5
J2710,J2710,110172596,F,,,5
J2711,J2711,011016FC32,,,,5
J2712,J2712,,,,,5
J2713,J2713,011016FBA0,,,,5
J2714,J2714,,,,,5
J2715,J2715,011016C18F,F,,,5
J2716,J2716,01101746A0,,,,5
J2717,J2717,,,,,5
J2718,J2718,01103F82ED,,,,5
J2719,J2719,110172652,F,,,5
J272,J272,010C116183,M,,,5
J2720,J2720,0110173F5D,,,,5
J2721,J2721,,,,,5
J2722,J2722,,,,,5
J2723,J2723,,,,,5
J2724,J2724,,,,,5
J2725,J2725,,,,,5
J2726,J2726,,,,,5
J2728,J2728,011016D4E0,,,,5
J2729,J2729,,,,,5
J273,J273,011016E4BE,M,,,5
J2730,J2730,01101713AE,,,,5
J2731,J2731,,,,,5
J2732,J2732,011016FDBD,,,,5
J2733,J2733,,,,,5
J2734,J2734,,,,,5
J2735,J2735,011017465A5,,,,5
J2736,J2736,01103F8FDA,F,,,5
J2737,J2737,011016FAEB,,,,5
J2738,J2738,,,,,5
J2739,J2739,110174280,,,,5
J274,J274,010C117C01,M,,,5
J2741,J2741,,,,,5
J2742,J2742,,,,,5
J2743,J2743,0110174FC5,,,,5
J2744,J2744,,,,,5
J2745,J2745,,,,,5
J2746,J2746,,F,,,5
J2747,J2747,01103F693D,,,,5
J2748,J2748,,,,,5
J2749,J2749,,,,,5
J275,J275,010C11B048,F,,,5
J2750,J2750,,,,,5
J2751,J2751,110171253,F,,,5
J2752,J2752,01103F901F,,,,5
J2753,J2753,011016FD6E,M,,,5
J2754,J2754,,,,,5
J2755,J2755,,,,,5
J2756,J2756,,,,,5
J2757,J2757,,,,,5
J2758,J2758,1.1E+62,,,,5
J2759,J2759,0110173CEF,F,,,5
J276,J276,011017380B,M,,,5
J2760,J2760,,,,,5
J2761,J2761,,,,,5
J2762,J2762,01101715D3,,,,5
J2763,J2763,0700EDBDD5,,,,5
J2764,J2764,0110171F10,,,,5
J2765,J2765,,,,,5
J2766,J2766,,,,,5
J2767,J2767,,,,,5
J2768,J2768,,,,,5
J2769,J2769,,,,,5
J277,J277,01101742D4,M,,,5
J2770,J2770,0110173EC5,,,,5
J2771,J2771,01101744EF,,,,5
J2772,J2772,,,,,5
J2773,J2773,,,,,5
J2774,J2774,,,,,5
J2775,J2775,,,,,5
J2776,J2776,01103F6ECE,,,,5
J2777,J2777,,,,,5
J2778,J2778,011016FD71,,,,5
J2779,J2779,,,,,5
J278,J278,010C10F265,F,,,5
J2780,J2780,1100000,,,,5
J2781,J2781,011017460E,,,,5
J2783,J2783,0110173A22,M,,,5
J2784,J2784,011017327B,M,,,5
J2785,J2785,011017264C,M,,,5
J2786,J2786,110172375,,,,5
J2787,J2787,01101750BA,M,,,5
J2788,J2788,,,,,5
J2789,J2789,01101712EC,M,,,5
J279,J279,010C111429,M,,,5
J2790,J2790,0110174D86,M,,,5
J2791,J2791,,,,,5
J2792,J2792,0110173D7C,,,,5
J2793,J2793,,,,,5
J2794,J2794,,,,,5
J2795,J2795,,,,,5
J2796,J2796,11000000,,,,5
J2797,J2797,,,,,5
J2798,J2798,,,,,5
J2799,J2799,,,,,5
J28,J28,,,,,5
J280,J280,010C113001,F,,,5
J2800,J2800,0110173C1A,,,,5
J2802,J2802,,,,,5
J2803,J2803,11000000000,,,,5
J2805,J2805,,,,,5
J2806,J2806,,,,,5
J2807,J2807,,,,,5
J2808,J2808,,,,,5
J2809,J2809,0110170D94,,,,5
J281,J281,010C114357,M,,,5
J2810,J2810,0110170D9C,,,,5
J2811,J2811,,,,,5
J2812,J2812,,,,,5
J2813,J2813,110170625,,,,5
J2814,J2814,,,,,5
J2815,J2815,,,,,5
J2816,J2816,0110172ED2,,,,5
J2817,J2817,,,,,5
J2818,J2818,01101733D7,M,,,5
J2819,J2819,0110170AFF,,,,5
J282,J282,010C1194F3,M,,,5
J2820,J2820,011016F202,,,,5
J2821,J2821,,,,,5
J2822,J2822,,,,,5
J2823,J2823,,,,,5
J2824,J2824,,,,,5
J2825,J2825,,,,,5
J2826,J2826,110173107,,,,5
J2827,J2827,011016FAE3,,,,5
J2828,J2828,,,,,5
J2829,J2829,,,,,5
J283,J283,01101703DD,M,,,5
J2830,J2830,0110174DD7,,,,5
J2831,J2831,01103F7773,,,,5
J2832,J2832,,,,,5
J2833,J2833,,,,,5
J2834,J2834,,,,,5
J2835,J2835,110171509,,,,5
J2836,J2836,,,,,5
J2837,J2837,,,,,5
J2838,J2838,011016FE63,,,,5
J284,J284,010C1152AD,M,,,5
J2840,J2840,,,,,5
J2841,J2841,,,,,5
J2842,J2842,,,,,5
J2843,J2843,,,,,5
J2844,J2844,,,,,5
J2845,J2845,,,,,5
J2846,J2846,1100000,,,,5
J2847,J2847,,,,,5
J2848,J2848,110174151,,,,5
J2849,J2849,,,,,5
J285,J285,010C1105A8,M,,,5
J2850,J2850,,,,,5
J2851,J2851,,,,,5
J2852,J2852,,,,,5
J2853,J2853,,,,,5
J2854,J2854,,,,,5
J2855,J2855,,,,,5
J2856,J2856,,,,,5
J2857,J2857,,,,,5
J2858,J2858,,,,,5
J2859,J2859,,,,,5
J286,J286,010C110CE4,M,,,5
J2860,J2860,,,,,5
J2861,J2861,01103F39CF,,,,5
J2862,J2862,01103F8FA1,,,,5
J2864,J2864,,,,,5
J2865,J2865,,,,,5
J2867,J2867,01103F6CIF,M,,,5
J2868,J2868,,,,,5
J2869,J2869,,,,,5
J287,J287,010C111907,M,,,5
J2870,J2870,,,,,5
J2871,J2871,,,,,5
J2872,J2872,,,,,5
J2873,J2873,,,,,5
J2874,J2874,,,,,5
J2875,J2875,,,,,5
J2876,J2876,,,,,5
J2877,J2877,,,,,5
J2878,J2878,,,,,5
J2879,J2879,,,,,5
J288,J288,0110174A93,F,,,5
J2880,J2880,,,,,5
"J2880
J2880","J2880
J2880",,,,,5
J2881,J2881,,,,,5
J2882,J2882,,,,,5
J2883,J2883,,,,,5
J2884,J2884,,,,,5
J2885,J2885,,,,,5
J2886,J2886,,,,,5
J2887,J2887,011017214E,M,,,5
J2888,J2888,,,,,5
J2889,J2889,,,,,5
J2890,J2890,,,,,5
J2891,J2891,,,,,5
J2892,J2892,,,,,5
J2893,J2893,,,,,5
J2894,J2894,,,,,5
J2895,J2895,,,,,5
J2896,J2896,,,,,5
J2897,J2897,,,,,5
J2898,J2898,,,,,5
J2899,J2899,,,,,5
J29,J29,010C11944D,M,,,5
J2901,J2901,,,,,5
J2902,J2902,,,,,5
J2903,J2903,,,,,5
J2904,J2904,,,,,5
J2905,J2905,,,,,5
J2906,J2906,,,,,5
J2907,J2907,,,,,5
J2908,J2908,,,,,5
J2909,J2909,,,,,5
J291,J291,010C11B04D,F,,,5
J2910,J2910,,,,,5
J2911,J2911,,,,,5
J2912,J2912,,,,,5
J2913,J2913,,,,,5
J2914,J2914,,,,,5
J2915,J2915,,,,,5
J2916,J2916,,,,,5
J2917,J2917,,,,,5
J2918,J2918,,,,,5
J2919,J2919,0110172CA2,,,,5
J292,J292,010C11BD97,M,,,5
J2922,J2922,,,,,5
J2923,J2923,01101707EC,,,,5
J2924,J2924,110174953,,,,5
J2925,J2925,,,,,5
J2926,J2926,,,,,5
J2927,J2927,,,,,5
J2928,J2928,,,,,5
J2929,J2929,,,,,5
J293,J293,010C10CBBF,M,,,5
J2930,J2930,01101709BC,,,,5
J2933,J2933,,,,,5
J2934,J2934,,,,,5
J2935,J2935,011017495B,F,,,5
J2936,J2936,011016FB70,,,,5
J2937,J2937,110173137,,,,5
J2939,J2939,,,,,5
J294,J294,0110174B1E,F,,,5
J2940,J2940,01101741DC,F,,,5
J2944,J2944,0110174DF5,,,,5
J2945,J2945,UNM6.X31.13,,,,5
J2946,J2946,011016FC35,,,,5
J2947,J2947,0110174D34,,,,5
J2948B,J2948B,,,,,5
J2949,J2949,011016F273,F,,,5
J2950,J2950,110174623,F,,,5
J2953,J2953,1.1E+14,,,,5
J2954,J2954,011017139D,,,,5
J2955,J2955,110173544,,,,5
J2956,J2956,0110173EBC,,,,5
J2957,J2957,110172201,,,,5
J2958,J2958,011017304D,,,,5
J2959,J2959,01101716AC,,,,5
J296,J296,010C11A4D4,F,,,5
J2961,J2961,011016C014,,,,5
J2962,J2962,011016FF64,,,,5
J2963,J2963,01101722AF,,,,5
J2964,J2964,011016FC73,F,,,5
J2967,J2967,110172158,,,,5
J2968,J2968,110174583,,,,5
J2969,J2969,1.1E+15,,,,5
J297,J297,010C117BFC,M,,,5
J2970,J2970,0110170A83,,,,5
J2971,J2971,0110170A62,,,,5
J2972,J2972,0110172C06,,,,5
J2973,J2973,0110172ED9,,,,5
J2974,J2974,110170757,,,,5
J2975,J2975,,,,,5
J2976,J2976,011017173A,,,,5
J2977,J2977,1.1E+16,,,,5
J2978,J2978,110170754,M,,,5
J2979,J2979,01101715CF,F,,,5
J298,J298,011016AC9C,M,,,5
J2982,J2982,0110170B04,F,,,5
J2983,J2983,01101704F6,,,,5
J2984,J2984,0110173AC9,,,,5
J2985,J2985,01101710ED,,,,5
J2986,J2986,011016CE87,,,,5
J2987,J2987,0700ED9C96,,,,5
J2988,J2988,011016B9BF,,,,5
J2989,J2989,0700EDB358,,,,5
J299,J299,010C116265,M,,,5
J2990,J2990,011016FF62,,,,5
J2991,J2991,01103F7B56,,,,5
J2992,J2992,0700ED875D,F,,,5
J2993,J2993,01101729D7,,,,5
J2994,J2994,01103F55FF,F,,,5
J2995,J2995,0700EE30FD,F,,,5
J2996,J2996,01103F64B5,,,,5
J2997,J2997,01103F6712,,,,5
J2998,J2998,011016D6E4,,,,5
J2999,J2999,01103F6535,F,,,5
J30,J30,,M,,,5
J300,J300,0110173DDC,M,,,5
J3000,J3000,011016BB1C,,,,5
J3001,J3001,01103F7295,,,,5
J3002,J3002,011016C6A0,,,,5
J3003,J3003,011016C746,,,,5
J3004,J3004,01103F8FEC,,,,5
J3005,J3005,01103F857B,F,,,5
J3006,J3006,01103F8B27,,,,5
J3007,J3007,01103F89A1,,,,5
J3008,J3008,01103F6F89,,,,5
J3009,J3009,011016ADB5,,,,5
J301,J301,010C111C15,M,,,5
J3010,J3010,011016C015,,,,5
J3011,J3011,01103F8A9E,,,,5
J3012,J3012,01103F8FF3,,,,5
J3013,J3013,011016DCB3,,,,5
J3014,J3014,011016BF6B,,,,5
J3015,J3015,01103F6CA2,,,,5
J3016,J3016,01103F3AB2,,,,5
J3017,J3017,011016E44F,,,,5
J3018,J3018,01103F7F39,,,,5
J3019,J3019,01103F7338,,,,5
J302,J302,01101718FF,M,,,5
J3020,J3020,01103F799D,,,,5
J3021,J3021,011016DCC2,,,,5
J3022,J3022,011016D412,,,,5
J3023,J3023,01103F5BAD,,,,5
J3024,J3024,01103F8EB3,,,,5
J3025,J3025,011016C00D,,,,5
J3026,J3026,011016B463,F,,,5
J3027,J3027,011016CFCD,F,,,5
J3028,J3028,01103F4D19,,,,5
J3029,J3029,011016BEBB,,,,5
J303,J303,010C10CA3F,F,,,5
J3030,J3030,011016CAE0,,,,5
J3031,J3031,011016B86F,,,,5
J3032,J3032,01103F6543,,,,5
J3033,J3033,011016CBB7,,,,5
J3034,J3034,011016C95A,F,,,5
J3035,J3035,011016C4F9,,,,5
J3037,J3037,011016CB8B,,,,5
J3038,J3038,01103F4DC2,,,,5
J3039,J3039,01103F85DB,,,,5
J304,J304,010C111C5C,M,,,5
J3040,J3040,011016C183,,,,5
J3041,J3041,01103F6863,,,,5
J3042,J3042,011016B505,,,,5
J3043,J3043,1.1E+46,,,,5
J3044,J3044,011016B13E,F,,,5
J3045,J3045,01103F8617,,,,5
J3046,J3046,01103F3CD1,,,,5
J3047,J3047,01103F8F15,,,,5
J3048,J3048,01103F3949,,,,5
J3049,J3049,01103F65FF,,,,5
J3050,J3050,01103F5C6B,,,,5
J3051,J3051,01103F6F8E,,,,5
J3052,J3052,011016C8A4,,,,5
J3053,J3053,01103F5116,,,,5
J3054,J3054,011016CFF3,F,,,5
J3055,J3055,011016B850,,,,5
J3056,J3056,01103F8B04,F,,,5
J3057,J3057,011016DC96,,,,5
J3058,J3058,01103F5C68,,,,5
J3059,J3059,01103F857A,F,,,5
J306,J306,010C10B915,F,,,5
J3060,J3060,01103F471E,,,,5
J3061,J3061,01103F6620,,,,5
J3062,J3062,01103F398C,,,,5
J3064,J3064,011016DCD2,,,,5
J3065,J3065,01103F8A93,,,,5
J3066,J3066,01103F8FEB,,,,5
J3067,J3067,01103F8460,,,,5
J3068,J3068,01103F6650,,,,5
J3069,J3069,01103F8D99,,,,5
J307,J307,010C11510D,M,,,5
J3071,J3071,01103F7CA1,,,,5
J3072,J3072,011016CDA5,,,,5
J3073,J3073,011016BD28,,,,5
J3074,J3074,01103F731E,,,,5
J3075,J3075,011016B136,,,,5
J3076,J3076,011016DD65,,,,5
J3077,J3077,01103F6B4E,,,,5
J3078,J3078,01103F392E,,,,5
J3079,J3079,01103F7080,,,,5
J308,J308,010C11781F,M,,,5
J3080,J3080,011016B90A,,,,5
J3081,J3081,01103F55A6,,,,5
J3082,J3082,01103F5E9C,,,,5
J3083,J3083,01103F69F0,,,,5
J3085,J3085,01103F8B08,,,,5
J3086,J3086,011016BD44,,,,5
J3087,J3087,011016D935,,,,5
J3088,J3088,01103F8FE7,,,,5
J3089,J3089,01103F740E,,,,5
J309,J309,010C10F185,M,,,5
J3090,J3090,01103F8A24,,,,5
J3091,J3091,01103F893C,,,,5
J3092,J3092,01103F85F5,,,,5
J3093,J3093,01103F646C,,,,5
J3094,J3094,01103F3A8E,,,,5
J3096,J3096,01103F8F59,,,,5
J31,J31,,M,,,5
J310,J310,010C10F25F,M,,,5
J311,J311,010C10BEAD,M,,,5
J312,J312,010C113763,M,,,5
J313,J313,010C11A25A,M,,,5
J315,J315,010C119005,M,,,5
J316,J316,010C111ED3,M,,,5
J317,J317,010C115022,F,,,5
J318,J318,01101703EC,M,,,5
J319,J319,0110170F54,F,,,5
J32,J32,,M,,,5
J320,J320,010C11922B,M,,,5
J321,J321,010C11A070,M,,,5
J322,J322,010C11BA79,M,,,5
J324,J324,010C10B4A0,M,,,5
J325,J325,010C11C107,M,,,5
J326,J326,010C10BC8C,M,,,5
J327,J327,010C10B2AE,F,,,5
J328,J328,010C10EAFE,F,,,5
J329,J329,010C116DBF,M,,,5
J33,J33,01103F8936,F,,,5
J330,J330,010C11852B,M,,,5
J331,J331,010C110171,F,,,5
J332,J332,010C11B39B,M,,,5
J333,J333,010C11BF82,M,,,5
J334,J334,010C11B640,F,,,5
J335,J335,010C10DC9C,M,,,5
J336,J336,010C110DB7,F,,,5
J337,J337,010C11B1DD,F,,,5
J338,J338,01103F87C2,M,,,5
J339,J339,010C10D4DB,F,,,5
J34,J34,,F,,,5
J340,J340,011016E3FD,M,,,5
J341,J341,010C10DBD8,F,,,5
J342,J342,010C119D28,M,,,5
J343,J343,010C11666F,M,,,5
J344,J344,010C1139FD,F,,,5
J345,J345,010C1187F6,M,,,5
J3454,J3454,,,,,5
J346,J346,010C110DC0,F,,,5
J347,J347,010C10D988,F,,,5
J348,J348,010C11B364,F,,,5
J349,J349,010C115024,M,,,5
J35,J35,0110173DDE,F,,,5
J350,J350,010C10B8CD,M,,,5
J351,J351,010C112A31,F,,,5
J352,J352,010C10F67A,F,,,5
J353,J353,010C11B1D6,M,,,5
J354,J354,010C112CAD,F,,,5
J355,J355,010C11A87B,M,,,5
J356,J356,010C112FFE,M,,,5
J357,J357,01101734F5,M,,,5
J358,J358,0110172C30,M,,,5
J359,J359,010C11A880,F,,,5
J36,J36,110174871,F,,,5
J360,J360,010C112CAE,F,,,5
J362,J362,01103F82A1,M,,,5
J363,J363,010C11A445,F,,,5
J364,J364,010C11BDC1,M,,,5
J365,J365,010C10AD1B,M,,,5
J366,J366,010C10DEE5,M,,,5
J367,J367,010C118DDD,F,,,5
J368,J368,01103F3983,M,,,5
J369,J369,010C11BCB6,M,,,5
J37,J37,010C110A6D,M,,,5
J370,J370,110174664,M,,,5
J371,J371,011016DD1C,M,,,5
J372,J372,,,,,5
J373,J373,0110172D13,M,,,5
J374,J374,010C11897E,F,,,5
J375,J375,010C112146,F,,,5
J376,J376,010C1134CF,M,,,5
J377,J377,010C113F25,M,,,5
J378,J378,010C10CDFF,F,,,5
J379,J379,010C11BF7E,F,,,5
J38,J38,,M,,,5
J380,J380,010C10A151,M,,,5
J381,J381,010C110092,F,,,5
J382,J382,010C114B08,M,,,5
J383,J383,010C1123B7,F,,,5
J384,J384,010C10FE07,F,,,5
J385,J385,010C112D8B,M,,,5
J386,J386,010C10F3FA,F,,,5
J387,J387,010C10FEE7,M,,,5
J388,J388,010C109E97,M,,,5
J389,J389,0110171D64,M,,,5
J390,J390,010C11B79A,M,,,5
J391,J391,010C119F1A,M,,,5
J392,J392,010C113189,F,,,5
J393,J393,110174064,F,,,5
J394,J394,010C11852F,F,,,5
J395,J395,010C1141BB,F,,,5
J396,J396,010C113F24,,,,5
J397,J397,110174908,,,,5
J398,J398,010C11B8F0,F,,,5
J399,J399,010C11AA41,F,,,5
J40,J40,,F,,,5
J400,J400,010C10C749,,,,5
J401,J401,010C112A30,F,,,5
J402,J402,010C11A2F7,,,,5
J403,J403,010C114E7B,M,,,5
J404,J404,010C10EC93,F,,,5
J405,J405,010C116C27,F,,,5
J406,J406,010C11A61E,F,,,5
J408,J408,010C110F47,M,,,5
J409,J409,010C10B869,M,,,5
J410,J410,010C1141BA,F,,,5
J411,J411,010C110B4F,,,,5
J412,J412,010C10E3AB,F,,,5
J413,J413,010C111B82,F,,,5
J414,J414,010C10F4DB,M,,,5
J415,J415,010C110F4C,F,,,5
J417,J417,01101728CF,M,,,5
J418,J418,010C111DF2,F,,,5
J420,J420,010C10BD37,F,,,5
J421,J421,010C10D03E,,,,5
J422,J422,010C11BEBC,F,,,5
J423,J423,01103F84EF,,,,5
J424,J424,010C10BF53,,,,5
J425,J425,010C112FFF,,,,5
J426,J426,010C117750,,,,5
J427,J427,010C10D10A,,,,5
J428,J428,010C113BA3,F,,,5
J429,J429,010C10F681,M,,,5
J43,J43,0110171ED9,F,,,5
J431,J431,010C10D4DC,M,,,5
J432,J432,010C10A352,,,,5
J433,J433,010C10BEF1,,,,5
J434,J434,010C115F1B,,,,5
J435,J435,010C10EFE5,,,,5
J436,J436,010C119E79,,,,5
J437,J437,010C117CCA,F,,,5
J438,J438,010C11B4D4,,,,5
J439,J439,010C11AD0B,F,,,5
J44,J44,,,,,5
J440,J440,010C118815,,,,5
J441,J441,010C112635,,,,5
J442,J442,010C11C109,,,,5
J443,J443,010C10D986,M,,,5
J444,J444,010C118DDF,,,,5
J445,J445,010C11AF2E,M,,,5
J447,J447,010C11B052,,,,5
J449,J449,010C1192DB,,,,5
J45,J45,,,,,5
J450,J450,010C1140CB,M,,,5
J451,J451,010C1152AC,F,,,5
J452,J452,010C11318D,F,,,5
J453,J453,010C11C059,M,,,5
J454,J454,010C11289F,F,,,5
J455,J455,110171722,F,,,5
J456,J456,010C115A39,,,,5
J457,J457,010C115F1A,,,,5
J458,J458,010C11A7F6,,,,5
J459,J459,010C114D98,,,,5
J46,J46,,,,,5
J461,J461,010C10C984,F,,,5
J462,J462,010C10DE11,M,,,5
J463,J463,010C11A449,,,,5
J464,J464,010C1103FF,,,,5
J465,J465,010C10A47F,,,,5
J466,J466,010C10AB52,,,,5
J467,J467,010C10B714,,,,5
J468,J468,010C10E7AA,M,,,5
J47,J47,,,,,5
J470,J470,010C11AB6E,,,,5
J471,J471,010C11BDC8,,,,5
J472,J472,010C112147,M,,,5
J473,J473,010C10B0CF,M,,,5
J474,J474,010C1174F3,M,,,5
J475,J475,010C10B536,,,,5
J476,J476,010C10BC8A,,,,5
J477,J477,010C11B79B,F,,,5
J478,J478,010C11254C,M,,,5
J479,J479,010C10E61D,F,,,5
J48,J48,,,,,5
J480,J480,010C11B1DE,F,,,5
J481,J481,010C1111BA,M,,,5
J482,J482,010C11AF2B,F,,,5
J483,J483,0110172DDE,M,,,5
J484,J484,010C11A4BO,F,,,5
J485,J485,010C116748,F,,,5
J486,J486,010C115026,M,,,5
J487,J487,010C11900B,,,,5
J488,J488,010C11059E,F,,,5
J489,J489,010C10B0E9,,,,5
J49,J49,,,,,5
J490,J490,010C11538E,,,,5
J491,J491,010C11A441,M,,,5
J492,J492,010C11991B,,,,5
J493,J493,010C115CB9,,,,5
J495,J495,010C115106,M,,,5
J496,J496,010C11BB9F,,,,5
J497,J497,010C110DBF,,,,5
J498,J498,110173326,F,,,5
J499,J499,010C10D5A2,,,,5
J50,J50,010C115B1B,M,,,5
J500,J500,010C115FEA,,,,5
J501,J501,011016CE91,M,,,5
J502,J502,010C119A7D,,,,5
J503,J503,010C10C5D5,,,,5
J504,J504,010C118A38,,,,5
J506,J506,010C10EF05,,,,5
J507,J507,010C1146D1,,,,5
J508,J508,010C111C60,,,,5
J509,J509,010C11852C,,,,5
J51,J51,010C115CBE,M,,,5
J511,J511,01103F6632,M,,,5
J512,J512,011016D852,,,,5
J513,J513,0110172C04,M,,,5
J514,J514,010C10D109,M,,,5
J517,J517,010C112B15,,,,5
J518,J518,010C115A34,M,,,5
J519,J519,010C11BEB1,,,,5
J52,J52,,,,,5
J520,J520,010C1194FD,M,,,5
J521,J521,010C1194FE,F,,,5
J522,J522,110172840,M,,,5
J523,J523,010C11ABE6,,,,5
J524,J524,010C11AD8F,,,,5
J525,J525,010C1134CD,F,,,5
J526,J526,010C11367A,,,,5
J527,J527,010C109A2A,,,,5
J528,J528,010C11B8EB,F,,,5
J529,J529,010C10E2D3,,,,5
J53,J53,010C10F8F8,F,,,5
J530,J530,010C11BA78,,,,5
J531,J531,010C119446,,,,5
J532,J532,010C1185F0,,,,5
J533,J533,010C10C3A7,,,,5
J534,J534,010C11B0BE,,,,5
J535,J535,010C11A7F2,,,,5
J536,J536,010C10F267,,,,5
J537,J537,010C11BA35,,,,5
J538,J538,010C10B910,,,,5
J539,J539,010C109A72,,,,5
J54,J54,010C117291,F,,,5
J540,J540,010C11A9C3,F,,,5
J541,J541,010C11177F,F,,,5
J542,J542,010C11BE98,F,,,5
J543,J543,010C111695,,,,5
J544,J544,010C10BF58,,,,5
J545,J545,010C11AEB1,,,,5
J546,J546,010C10AF4D,,,,5
J547,J547,010C11008E,,,,5
J548,J548,010C11B362,F,,,5
J549,J549,010C117288,,,,5
J55,J55,,,,,5
J550,J550,1.1E+27,F,,,5
J551,J551,010C11169D,M,,,5
J552,J552,010C1179AB,,,,5
J553,J553,010C116751,,,,5
J554,J554,010C115B16,,,,5
J555,J555,010C1168DE,,,,5
J556,J556,010C114443,,,,5
J557,J557,010C11AD8C,,,,5
J558,J558,010C11A9BD,,,,5
J559,J559,010C11BC89,,,,5
J560,J560,010C118977,F,,,5
J561,J561,010C11B69F,,,,5
J562,J562,010C110CDC,M,,,5
J563,J563,110174498,M,,,5
J564,J564,010C11C04F,F,,,5
J565,J565,010C10A350,F,,,5
J566,J566,011017260D,M,,,5
J567,J567,010C116E98,,,,5
J568,J568,010C1170FF,F,,,5
J569,J569,010C10F3FC,,,,5
J57,J57,010C10F9E4,F,,,5
J570,J570,010C10A030,F,,,5
J571,J571,010C114877,,,,5
J573,J573,010C110F4B,,,,5
J574,J574,010C10F67C,,,,5
J575,J575,,F,,,5
J576,J576,010C11262B,F,,,5
J577,J577,1.1E+22,M,,,5
J578,J578,,,,,5
J579,J579,010C11C05F,M,,,5
J58,J58,,,,,5
J580,J580,010C110318,F,,,5
J581,J581,010C10E860,F,,,5
J582,J582,,,,,5
J583,J583,010C113187,M,,,5
J584,J584,010C115FED,F,,,5
J585,J585,010C11A9BE,F,,,5
J586,J586,,,,,5
J588,J588,010C11129F,M,,,5
J589,J589,010C10F683,F,,,5
J59,J59,,,,,5
J590,J590,010C11376A,F,,,5
J591,J591,010C119871,M,,,5
J592,J592,010C114B0C,F,,,5
J593,J593,010C113675,F,,,5
J594,J594,010C1179A5,F,,,5
J596,J596,,,,,5
J597,J597,,,,,5
J598,J598,010C10D982,F,,,5
J599,J599,010C10D7FF,F,,,5
J60,J60,010C119666,M,,,5
J600,J600,010C11059F,F,,,5
J601,J601,010C11944E,M,,,5
J602,J602,010C1192E2,F,,,5
J603,J603,010C11AA40,F,,,5
J604,J604,010C10DEE4,F,,,5
J605,J605,010C118165,M,,,5
J606,J606,010C11206A,F,,,5
J607,J607,010C10EFEC,F,,,5
J608,J608,010C10C982,F,,,5
J609,J609,,,,,5
J61,J61,,,,,5
J610,J610,010C11232C,F,,,5
J611,J611,010C118161,F,,,5
J612,J612,,,,,5
J613,J613,,,,,5
J614,J614,010C1190B8,F,,,5
J616,J616,010C11BA2D,F,,,5
J617,J617,,,,,5
J619,J619,,,,,5
J620,J620,010C10E88B,M,,,5
J621,J621,,,,,5
J622,J622,010C117F14,F,,,5
J623,J623,010C116DC3,F,,,5
J624,J624,,,,,5
J626,J626,010C115109,F,,,5
J627,J627,010C1152A4,F,,,5
J628,J628,,,,,5
J629,J629,,,,,5
J63,J63,010C11A9C0,M,,,5
J630,J630,,,,,5
J631,J631,010C113F20,M,,,5
J632,J632,010C109FC7,M,,,5
J633,J633,010C1183AA,M,,,5
J635,J635,,,,,5
J636,J636,010C10E561,M,,,5
J638,J638,01103F646F,F,,,5
J639,J639,,,,,5
J64,J64,,,,,5
J640,J640,010C110689,M,,,5
J641,J641,,,,,5
J642,J642,,,,,5
J643,J643,,,,,5
J644,J644,,,,,5
J645,J645,010C10EC94,M,,,5
J646,J646,,,,,5
J647,J647,,,,,5
J648,J648,,,,,5
J649,J649,,,,,5
J65,J65,010C11B8F3,M,,,5
J650,J650,,,,,5
J651,J651,010C10FE03,M,,,5
J652,J652,,,,,5
J653,J653,,,,,5
J654,J654,,,,,5
J655,J655,010C11666D,M,,,5
J656,J656,010C10F8FE,F,,,5
J657,J657,,,,,5
J658,J658,,,,,5
J659,J659,,,,,5
J66,J66,,,,,5
J660,J660,010C10DA59,M,,,5
J661,J661,,,,,5
J662,J662,,,,,5
J663,J663,010C117025,F,,,5
J664,J664,010C10CDFE,F,,,5
J665,J665,010C10D10B,F,,,5
J666,J666,010C10C74C,M,,,5
J667,J667,,,,,5
J668,J668,,,,,5
J669,J669,010C119A7A,M,,,5
J67,J67,,,,,5
J670,J670,010C110DBB,M,,,5
J671,J671,010C119917,F,,,5
J672,J672,010C117753,F,,,5
J673,J673,010C117C00,M,,,5
J674,J674,,,,,5
J675,J675,,,,,5
J676,J676,,,,,5
J677,J677,,,,,5
J678,J678,,,,,5
J679,J679,010C10AD21,M,,,5
J68,J68,,,,,5
J680,J680,,,,,5
J681,J681,,F,,,5
J682,J682,,,,,5
J683,J683,,,,,5
J684,J684,,,,,5
J685,J685,,,,,5
J686,J686,,,,,5
J687,J687,,,,,5
J688,J688,,,,,5
J689,J689,,,,,5
J69,J69,010C11BEB9,M,,,5
J690,J690,,,,,5
J691,J691,,,,,5
J693,J693,,,,,5
J694,J694,,,,,5
J695,J695,,,,,5
J696,J696,010C117103,M,,,5
J697,J697,010C10D7FD,M,,,5
J698,J698,,,,,5
J699,J699,010C109B7D,M,,,5
J70,J70,010C11B0BC,M,,,5
J700,J700,,,,,5
J701,J701,,,,,5
J702,J702,0110171ECB,M,,,5
J703,J703,,,,,5
J704,J704,,,,,5
J705,J705,,,,,5
J706,J706,,,,,5
J707,J707,,,,,5
J708,J708,,,,,5
J709,J709,,,,,5
J71,J71,,,,,5
J710,J710,010C10D4DE,F,,,5
J711,J711,01101712B8,F,,,5
J712,J712,010C11BB9C,F,,,5
J713,J713,,,,,5
J714,J714,,,,,5
J715,J715,,,,,5
J716,J716,010C112B17,F,,,5
J717,J717,,,,,5
J718,J718,,,,,5
J719,J719,110170147,M,,,5
J72,J72,010C110A72,F,,,5
J720,J720,,,,,5
J722,J722,010C11AA45,M,,,5
J723,J723,,,,,5
J724,J724,,,,,5
J725A,J725A,,,,,5
J726,J726,,,,,5
J727,J727,,,,,5
J728,J728,010C116670,M,,,5
J729,J729,010C10FC61,F,,,5
J73,J73,,,,,5
J730,J730,,,,,5
J731,J731,010C11BE92,F,,,5
J732,J732,,,,,5
J733,J733,,,,,5
J734,J734,,,,,5
J735,J735,,,,,5
J736,J736,,,,,5
J737,J737,,,,,5
J738,J738,,,,,5
J739,J739,,,,,5
J74,J74,,,,,5
J740,J740,010C10C805,M,,,5
J741,J741,,,,,5
J742,J742,,,,,5
J743,J743,,,,,5
J744,J744,,,,,5
J745,J745,010C118C69,F,,,5
J746,J746,,,,,5
J747,J747,,,,,5
J748,J748,010C10B34D,F,,,5
J749,J749,010C10FEE9,F,,,5
J75,J75,,,,,5
J750,J750,,,,,5
J752A,J752A,,,,,5
J752B,J752B,,,,,5
J753,J753,0110172B40,M,,,5
J754,J754,011017445A,F,,,5
J755,J755,,,,,5
J756,J756,010C10D731,F,,,5
J757A,J757A,,,,,5
J757B,J757B,,,,,5
J758A,J758A,,,,,5
J758B,J758B,,,,,5
J759,J759,,,,,5
J76,J76,,,,,5
J760A,J760A,,,,,5
J760B,J760B,,,,,5
J761A,J761A,,,,,5
J761B,J761B,,,,,5
J762A,J762A,,,,,5
J762B,J762B,,,,,5
J763,J763,,,,,5
J764,J764,,,,,5
J765,J765,,,,,5
J766,J766,010C10F188,M,,,5
J767,J767,010C117CCB,F,,,5
J768,J768,,,,,5
J769,J769,,,,,5
J77,J77,,,,,5
J770,J770,,,,,5
J771,J771,,,,,5
J773,J773,,,,,5
J774,J774,,,,,5
J775,J775,,,,,5
J776,J776,,,,,5
J777,J777,,,,,5
J778A,J778A,,,,,5
J778B,J778B,,,,,5
J779,J779,,,,,5
J78,J78,,F,,,5
J780,J780,,,,,5
J781,J781,,,,,5
J782,J782,,,,,5
J783,J783,,,,,5
J784,J784,,,,,5
J785,J785,,,,,5
J786,J786,,,,,5
J787A,J787A,,,,,5
J787B,J787B,,,,,5
J788,J788,,,,,5
J789,J789,,,,,5
J79,J79,,M,,,5
J790,J790,,,,,5
J791,J791,,,,,5
J794,J794,010C114B0A,F,,,5
J795,J795,010C10CA44,F,,,5
J797,J797,010C114964,F,,,5
J798,J798,010C119C7E,F,,,5
J799,J799,010C10B49B,F,,,5
J80,J80,,M,,,5
J800,J800,01101712AE,F,,,5
J801,J801,,F,,,5
J802,J802,010C11BCBE,F,,,5
J803,J803,110173550,F,,,5
J804,J804,010C115898,F,,,5
J806,J806,010C1192DE,F,,,5
J807,J807,010C110683,F,,,5
J808,J808,010C10BD3D,F,,,5
J809,J809,010C11BCB7,M,,,5
J81,J81,010C115391,M,,,5
J810,J810,010C113678,F,,,5
J811,J811,,F,,,5
J812,J812,010C1108E7,F,,,5
J813,J813,010C10BD3E,M,,,5
J814,J814,010C11BB68,M,,,5
J815,J815,010C10AB54,F,,,5
J816,J816,010C10D4D7,M,,,5
J817,J817,010C118A3C,M,,,5
J818,J818,1.1E+11,M,,,5
J819,J819,010C114D99,M,,,5
J82,J82,,,,,5
J820,J820,010C112F1D,F,,,5
J821,J821,010C11809A,M,,,5
J822,J822,010C111780,M,,,5
J823,J823,010C1157B7,M,,,5
J824,J824,010C11944F,M,,,5
J825,J825,010C10ED6D,M,,,5
J826,J826,010C11A87A,F,,,5
J827,J827,010C116182,M,,,5
J828,J828,010C11A4DC,M,,,5
J829,J829,010C1111BB,M,,,5
J83,J83,010C118760,M,,,5
J830,J830,010C10FB7D,M,,,5
J832,J832,010C111427,M,,,5
J835,J835,01101708B1,M,,,5
J836,J836,010C11B248,M,,,5
J839,J839,010C10A02F,F,,,5
J84,J84,010C119E7A,F,,,5
J840,J840,110170287,M,,,5
J841,J841,010C11BE9C,M,,,5
J842,J842,010C11ABE8,F,,,5
J843,J843,010C10B4A1,M,,,5
J844,J844,010C10D5A7,F,,,5
J845,J845,010C11C128,M,,,5
J846,J846,010C11AD0A,M,,,5
J847,J847,010C11B79C,M,,,5
J848,J848,010C114BF1,M,,,5
J849,J849,010C11C056,F,,,5
J85,J85,,,,,5
J850,J850,010C10B2B1,M,,,5
J851,J851,010C1098F3,M,,,5
J852,J852,010C11214B,M,,,5
J853,J853,010C118529,M,,,5
J854,J854,010C112F20,F,,,5
J855,J855,010C114966,M,,,5
J856,J856,010C118DE3,M,,,5
J857,J857,010C10B86E,M,,,5
J858,J858,010C10BC93,M,,,5
J859,J859,010C11922A,M,,,5
J86,J86,,,,,5
J860,J860,010C110315,M,,,5
J861,J861,110173767,M,,,5
J862,J862,010C10E3AE,M,,,5
J863,J863,010C1185F2,F,,,5
J864,J864,110173655,M,,,5
J865,J865,010C11A620,M,,,5
J866,J866,011016B02E,M,,,5
J867,J867,010C10E145,M,,,5
J868,J868,010C111296,M,,,5
J869,J869,01101735A3,M,,,5
J87,J87,010C10ED71,M,,,5
J870,J870,010C10B2AF,F,,,5
J871,J871,01103F6F81,M,,,5
J872,J872,010C11082B,M,,,5
J873,J873,010C110094,F,,,5
J874,J874,010C110B52,M,,,5
J875,J875,010C10AA0F,M,,,5
J876,J876,010C115532,M,,,5
J878,J878,010C1183A7,F,,,5
J879,J879,010C11781A,F,,,5
J88,J88,,,,,5
J880,J880,010C112CA6,M,,,5
J881,J881,010C112069,M,,,5
J882,J882,010C11B52F,F,,,5
J883,J883,010C1111B5,F,,,5
J885,J885,010C1163F4,,,,5
J887,J887,010C113C93,M,,,5
J888,J888,010C110811,F,,,5
J889,J889,010C10EA1B,F,,,5
J89,J89,,,,,5
J890,J890,010C10E2D6,M,,,5
J891,J891,010C114BF4,M,,,5
J893,J893,010C1105A9,,,,5
J894,J894,010C119B28,,,,5
J895,J895,010C11BE94,M,,,5
J897,J897,010C10EF0F,,,,5
J898,J898,010C115611,,,,5
J90,J90,,,,,5
J900,J900,010C1146D7,M,,,5
J901,J901,010C114D95,,,,5
J902,J902,010C10D4DF,,,,5
J903,J903,010C10B350,M,,,5
J904,J904,010C10F9DD,,,,5
J905,J905,010C113E30,F,,,5
J906,J906,010C10EC97,F,,,5
J907,J907,01101701FC,,,,5
J91,J91,010C10EA19,F,,,5
J910,J910,010C111B7C,,,,5
J911,J911,010C118E9B,F,,,5
J913,J913,01103F8E7D,,,,5
J914,J914,010C119444,,,,5
J915,J915,1.1E+99,F,,,5
J916,J916,010C117BFB,M,,,5
J917,J917,010C10B53C,F,,,5
J918,J918,010C11B4D9,,,,5
J919,J919,010C118E9A,,,,5
J92,J92,,,,,5
J920,J920,,,,,5
J921,J921,010C10DE0E,M,,,5
J922,J922,110172282,M,,,5
J923,J923,010C1111B7,F,,,5
J924,J924,010C117290,,,,5
J925,J925,010C116DBD,F,,,5
J926,J926,010C1122D6,,,,5
J927,J927,110171141,F,,,5
J928,J928,010C114880,F,,,5
J929,J929,010C1140C6,,,,5
J93,J93,010C11190A,F,,,5
J930,J930,010C11BE9B,F,,,5
J931,J931,010C113B9D,,,,5
J932,J932,010C115F17,,,,5
J934,J934,010C11A879,F,,,5
J935,J935,010C118E99,,,,5
J936,J936,010C10FC6A,,,,5
J937,J937,010C10E88D,,,,5
J938,J938,010C11774E,,,,5
J939,J939,010C118VA9,F,,,5
J94,J94,,,,,5
J940,J940,010C11B244,,,,5
J941,J941,010C117F1A,,,,5
J942,J942,010C118099,,,,5
J943,J943,01101740AE,F,,,5
J944,J944,010C10C2EF,,,,5
J945,J945,010C11781E,M,,,5
J946,J946,0110170C49,M,,,5
J947,J947,010C116B54,,,,5
J948,J948,010C116DC4,,,,5
J949,J949,010C119B20,,,,5
J95,J95,010C10C5D3,M,,,5
J950,J950,010C119C80,M,,,5
J951,J951,010C10E61E,F,,,5
J952,J952,010C117A74,,,,5
J953,J953,010C10D72F,,,,5
J954,J954,010C11A06D,,,,5
J955,J955,010C116E92,,,,5
J956,J956,0110171E0D,M,,,5
J957,J957,010C1194F8,F,,,5
J958,J958,010C112549,F,,,5
J959,J959,010C114BF2,,,,5
J96,J96,,,,,5
J960,J960,010C114BF7,,,,5
J961,J961,010C10E53D,F,,,5
J962,J962,010C1194F7,,,,5
J963,J963,010C119230,,,,5
J964,J964,010C11B93B,,,,5
J965,J965,010C113F21,,,,5
J966,J966,010C117E54,,,,5
J967,J967,010C10B53A,F,,,5
J968,J968,010C10C360,,,,5
J969,J969,010C1119EB,,,,5
J97,J97,,,,,5
J970,J970,010C11A884,F,,,5
J971,J971,010C11B63B,,,,5
J973,J973,010C11AD8D,,,,5
J974,J974,010C10BB29,M,,,5
J975,J975,010C10D5AA,F,,,5
J976,J976,010C110816,M,,,5
J977,J977,010C10BB1F,F,,,5
J978,J978,010C10C51C,M,,,5
J979,J979,010C10F8FF,F,,,5
J98,J98,,,,,5
J980,J980,010C119919,F,,,5
J981,J981,010C10A197,M,,,5
J982,J982,010C11A6B3,F,,,5
J983,J983,010C11BD93,M,,,5
J984,J984,,,,,5
J985,J985,010C114BF3,M,,,5
J986,J986,010C11435B,M,,,5
J987,J987,,,,,5
J988,J988,010C11BA2B,F,,,5
J989,J989,010C10C802,F,,,5
J99,J99,,,,,5
J991,J991,,,,,5
J993,J993,,,,,5
J994,J994,010C117102,M,,,5
J996,J996,010C119D23,F,,,5
J997,J997,,,,,5
J998,J998,110171571,M,,,5
J999,J999,,,,,5
JY27A,JY27A,,,,,5
JY27B,JY27B,,,,,5
JY27C,JY27C,,,,,5
JY27D,JY27D,,,,,5
Z06.15C5,Z06.15C5,,,,,5
